{"type": "FeatureCollection", "frame": "feet: x east of the NY Penn Station Master Plan's plans' west edge, y north of platform 5's centerline on the PCIP Phase 2 existing plan, with east and north along Manhattan's street grid", "features": [
{"type": "Feature", "properties": {"level": "platform", "type": "platform", "platform": "", "source": "Moynihan Station EA, Figure 3-4, February 2010, PDF page 2"}, "geometry": {"type": "Polygon", "coordinates": [[[-859.4, -70.6], [-859.4, -70.6], [-859.4, -70.6], [-859.4, -70.6], [-859.4, -70.6], [-858.6, -71.0], [-858.6, -71.0], [-858.6, -71.0], [-858.6, -71.0], [-858.6, -71.0], [-858.6, -71.1], [-858.5, -71.1], [-845.6, -73.1], [-845.6, -73.1], [-832.6, -75.1], [-832.6, -75.1], [-820.5, -76.8], [-820.5, -76.8], [-816.1, -77.3], [-816.1, -77.3], [-795.9, -79.9], [-795.9, -79.9], [-789.2, -80.8], [-772.5, -82.8], [-772.4, -82.8], [-750.3, -85.6], [-750.3, -85.6], [-745.1, -86.2], [-745.1, -86.2], [-745.1, -86.2], [-722.5, -88.9], [-722.5, -88.9], [-722.5, -88.9], [-704.8, -91.3], [-704.8, -91.3], [-701.5, -91.8], [-701.5, -91.8], [-701.5, -91.8], [-690.6, -93.4], [-690.5, -93.4], [-668.4, -96.9], [-666.0, -97.3], [-666.0, -97.3], [-666.0, -97.3], [-646.8, -100.5], [-646.8, -100.5], [-646.8, -100.5], [-643.3, -101.1], [-643.3, -101.1], [-625.8, -104.2], [-625.8, -104.2], [-608.3, -107.1], [-608.2, -107.1], [-606.4, -107.5], [-606.4, -107.5], [-606.4, -107.5], [-606.4, -107.5], [-587.3, -110.6], [-587.3, -110.6], [-587.3, -110.6], [-584.9, -111.0], [-584.9, -111.0], [-584.9, -111.0], [-569.3, -113.6], [-569.3, -113.7], [-569.2, -113.7], [-555.0, -116.0], [-555.0, -116.0], [-554.9, -116.0], [-545.9, -117.5], [-545.9, -117.5], [-545.8, -117.5], [-536.8, -119.0], [-536.8, -119.0], [-518.1, -122.2], [-518.1, -122.2], [-508.6, -123.7], [-508.6, -123.7], [-508.6, -123.7], [-508.6, -122.2], [-508.6, -122.2], [-508.6, -97.4], [-508.6, -97.3], [-508.6, -97.3], [-508.6, -97.2], [-508.6, -97.2], [-508.5, -97.1], [-508.5, -97.1], [-508.5, -97.0], [-508.4, -97.0], [-508.4, -97.0], [-508.4, -96.9], [-508.3, -96.9], [-508.3, -96.9], [-508.2, -96.8], [-508.2, -96.8], [-508.1, -96.8], [-508.0, -96.8], [-505.2, -96.8], [-505.2, -96.8], [-503.5, -96.8], [-503.5, -96.8], [-503.5, -96.8], [-476.4, -96.8], [-476.3, -96.8], [-476.3, -96.8], [-474.9, -96.8], [-474.9, -96.8], [-474.9, -96.8], [-471.3, -96.8], [-471.2, -96.8], [-471.1, -96.8], [-471.1, -96.8], [-471.0, -96.9], [-471.0, -96.9], [-470.9, -96.9], [-470.9, -97.0], [-470.9, -97.0], [-470.8, -97.0], [-470.8, -97.1], [-470.8, -97.1], [-470.7, -97.2], [-470.7, -97.2], [-470.7, -97.3], [-470.7, -97.3], [-470.7, -97.4], [-470.7, -101.2], [-470.7, -101.3], [-470.7, -101.3], [-460.1, -101.3], [-460.0, -101.3], [-408.3, -101.3], [-408.3, -101.3], [-407.1, -101.3], [-396.1, -101.3], [-396.1, -101.3], [-395.0, -101.3], [-388.9, -101.3], [-388.9, -101.3], [-388.9, -101.3], [-388.8, -101.3], [-386.0, -98.4], [-385.9, -98.4], [-386.0, -98.4], [-395.0, -97.2], [-395.0, -97.2], [-406.9, -95.7], [-406.9, -95.7], [-416.7, -94.5], [-416.7, -94.5], [-436.3, -92.3], [-436.3, -92.3], [-436.3, -92.3], [-437.5, -92.2], [-437.6, -92.2], [-454.0, -90.3], [-454.0, -90.3], [-454.0, -90.3], [-474.7, -88.0], [-474.7, -88.0], [-474.7, -88.0], [-474.7, -88.0], [-474.8, -87.9], [-481.1, -87.2], [-481.1, -87.2], [-481.2, -87.2], [-502.5, -84.8], [-502.5, -84.8], [-502.5, -84.8], [-502.5, -84.8], [-502.5, -84.8], [-502.5, -84.8], [-502.5, -84.8], [-504.9, -84.5], [-504.9, -84.5], [-505.0, -84.5], [-505.0, -84.5], [-517.4, -83.1], [-517.4, -83.1], [-536.1, -81.0], [-536.2, -81.0], [-545.2, -79.9], [-545.2, -79.9], [-554.3, -79.0], [-554.3, -79.0], [-568.6, -77.4], [-568.7, -77.4], [-568.7, -77.4], [-584.2, -75.7], [-584.2, -75.7], [-586.7, -75.5], [-586.7, -75.5], [-586.7, -75.5], [-586.7, -75.5], [-605.8, -73.6], [-605.8, -73.6], [-605.8, -73.6], [-607.7, -73.4], [-607.7, -73.4], [-625.2, -71.9], [-625.2, -71.9], [-642.7, -70.4], [-642.7, -70.4], [-646.3, -70.1], [-646.3, -70.1], [-665.4, -68.9], [-665.5, -68.9], [-665.5, -68.9], [-668.0, -68.8], [-668.0, -68.8], [-690.1, -67.4], [-690.1, -67.4], [-690.1, -67.4], [-701.0, -66.7], [-701.0, -66.7], [-701.1, -66.7], [-704.5, -66.6], [-704.5, -66.6], [-704.5, -66.6], [-722.1, -65.9], [-722.1, -65.9], [-722.1, -65.9], [-744.8, -65.1], [-744.8, -65.1], [-744.8, -65.1], [-749.9, -65.0], [-749.9, -65.0], [-772.1, -64.6], [-772.1, -64.6], [-789.0, -64.4], [-789.0, -64.4], [-795.5, -64.4], [-795.5, -64.4], [-815.9, -64.3], [-815.9, -64.3], [-815.9, -64.3], [-820.2, -64.3], [-820.2, -64.3], [-832.5, -64.5], [-832.5, -64.5], [-832.5, -64.5], [-845.5, -64.5], [-845.5, -64.5], [-858.4, -64.7], [-858.4, -64.7], [-859.3, -64.7], [-859.3, -64.7], [-859.3, -64.7], [-859.4, -70.6]]]}},
{"type": "Feature", "properties": {"level": "platform", "type": "platform", "platform": "10", "source": "Moynihan Station EA, Figure 3-4, February 2010, PDF page 2"}, "geometry": {"type": "Polygon", "coordinates": [[[-23.8, 213.0], [-23.8, 213.0], [-23.8, 212.9], [-23.8, 208.1], [-23.8, 208.1], [-23.8, 208.1], [-23.8, 208.1], [-23.8, 205.2], [-23.8, 205.2], [-23.8, 205.2], [-23.8, 203.7], [-23.8, 203.7], [-23.8, 203.6], [-23.8, 203.6], [-23.8, 203.6], [-23.8, 203.6], [-23.8, 203.6], [-23.8, 203.1], [-23.8, 203.1], [-23.8, 203.1], [-23.8, 202.9], [-23.8, 202.9], [-23.8, 202.9], [-23.8, 202.8], [-23.8, 202.8], [-23.8, 202.8], [123.9, 202.8], [123.9, 202.8], [123.9, 202.8], [123.9, 202.8], [124.0, 202.8], [124.0, 202.8], [124.1, 202.9], [124.1, 202.9], [124.2, 202.9], [125.6, 202.9], [125.6, 202.9], [125.6, 202.9], [125.6, 203.0], [125.6, 203.0], [125.6, 203.0], [125.6, 203.1], [125.6, 203.1], [125.6, 203.2], [125.6, 203.2], [125.6, 203.2], [125.6, 203.7], [125.6, 203.7], [125.6, 203.7], [125.6, 205.3], [125.6, 205.3], [125.6, 205.3], [125.6, 208.1], [125.6, 208.1], [125.6, 208.1], [125.6, 208.1], [125.6, 213.2], [125.6, 213.2], [125.6, 213.2], [125.6, 213.2], [125.6, 218.1], [125.6, 218.2], [125.6, 218.2], [125.6, 218.4], [125.6, 218.4], [125.6, 218.4], [125.6, 218.5], [125.6, 218.5], [125.6, 218.7], [125.6, 218.7], [125.6, 218.8], [125.6, 218.8], [125.6, 218.8], [125.6, 218.9], [125.6, 218.9], [125.6, 218.9], [125.6, 221.4], [125.6, 221.4], [125.6, 221.5], [125.6, 223.9], [125.6, 223.9], [125.6, 223.9], [125.6, 224.3], [125.6, 224.4], [125.6, 224.4], [125.6, 225.8], [125.6, 225.8], [125.6, 225.8], [125.6, 227.6], [125.6, 227.6], [125.6, 227.6], [125.6, 230.2], [125.6, 230.2], [125.6, 230.2], [125.6, 230.2], [125.6, 233.2], [125.6, 233.2], [125.6, 233.2], [125.6, 234.7], [125.6, 234.8], [125.6, 236.1], [125.6, 236.1], [125.6, 237.0], [125.6, 237.0], [125.6, 237.0], [125.6, 238.1], [125.6, 238.1], [125.6, 238.1], [125.6, 238.6], [125.6, 238.6], [125.6, 238.6], [125.6, 238.7], [125.6, 238.7], [125.6, 239.0], [125.6, 239.0], [125.6, 239.0], [125.4, 239.0], [125.4, 239.0], [65.1, 239.0], [65.1, 239.0], [40.6, 238.7], [40.6, 238.7], [40.5, 238.7], [40.5, 238.7], [40.5, 238.7], [22.9, 238.2], [22.9, 238.2], [22.9, 238.2], [3.2, 237.1], [3.2, 237.1], [3.1, 237.1], [-7.8, 236.3], [-7.8, 236.3], [-7.9, 236.3], [-7.9, 236.3], [-7.9, 236.3], [-7.9, 236.3], [-7.9, 236.3], [-23.8, 235.1], [-23.8, 235.1], [-23.8, 235.0], [-23.8, 234.8], [-23.8, 234.8], [-23.8, 234.7], [-23.8, 233.2], [-23.8, 233.2], [-23.8, 233.2], [-23.8, 233.1], [-23.8, 230.1], [-23.8, 230.1], [-23.8, 230.1], [-23.8, 227.5], [-23.8, 227.5], [-23.8, 227.5], [-23.8, 225.7], [-23.8, 225.7], [-23.8, 225.6], [-23.8, 224.4], [-23.8, 224.4], [-23.8, 224.3], [-23.8, 223.8], [-23.8, 223.7], [-23.8, 223.7], [-23.8, 221.2], [-23.8, 221.2], [-23.8, 221.2], [-23.8, 218.9], [-23.8, 218.9], [-23.8, 218.9], [-23.8, 218.8], [-23.8, 218.8], [-23.8, 218.8], [-23.8, 218.8], [-23.8, 218.8], [-23.8, 218.4], [-23.8, 218.4], [-23.8, 218.4], [-23.8, 218.0], [-23.8, 218.0], [-23.8, 218.0], [-23.8, 218.0], [-23.8, 213.0], [-23.8, 213.0]]]}},
{"type": "Feature", "properties": {"level": "platform", "type": "platform", "platform": "11", "source": "Moynihan Station EA, Figure 3-4, February 2010, PDF page 2"}, "geometry": {"type": "Polygon", "coordinates": [[[-17.0, 268.6], [-16.9, 268.6], [10.7, 268.0], [10.7, 268.0], [34.1, 267.7], [34.1, 267.7], [34.1, 267.7], [81.7, 267.7], [81.7, 267.7], [81.7, 267.7], [81.7, 267.7], [125.5, 267.6], [125.5, 267.6], [125.6, 267.6], [125.6, 267.6], [125.6, 267.6], [125.6, 267.6], [125.6, 267.6], [125.6, 267.7], [125.6, 268.7], [125.6, 268.7], [125.6, 268.9], [125.6, 269.5], [125.6, 269.5], [125.6, 269.7], [125.6, 270.1], [125.6, 270.1], [125.6, 270.6], [125.6, 272.1], [125.6, 272.1], [125.6, 272.1], [125.6, 272.8], [125.6, 274.7], [125.6, 274.7], [125.6, 274.8], [125.6, 274.8], [125.6, 275.5], [125.6, 275.5], [125.6, 276.2], [125.6, 280.4], [125.6, 280.4], [125.6, 281.3], [125.6, 281.3], [125.6, 282.5], [125.6, 282.6], [125.6, 282.6], [125.6, 282.7], [125.6, 283.7], [125.6, 283.7], [125.6, 283.7], [125.6, 283.7], [125.6, 283.7], [125.6, 283.7], [125.6, 283.8], [125.6, 283.8], [125.6, 284.7], [125.6, 284.7], [125.6, 284.8], [125.6, 285.4], [125.6, 285.4], [125.6, 285.4], [125.6, 285.4], [125.6, 285.4], [125.6, 285.4], [125.6, 285.4], [125.6, 285.5], [125.6, 285.5], [125.6, 286.4], [125.6, 286.5], [125.6, 286.5], [125.6, 286.5], [125.6, 286.5], [125.6, 286.5], [125.6, 286.5], [125.6, 286.5], [125.6, 286.6], [125.6, 287.4], [125.6, 287.4], [125.6, 287.4], [125.6, 287.4], [125.6, 288.0], [125.6, 288.0], [125.6, 288.0], [97.7, 288.0], [97.7, 288.0], [66.3, 287.8], [66.3, 287.8], [66.3, 287.8], [40.2, 287.2], [40.2, 287.2], [40.2, 287.2], [30.0, 286.7], [19.7, 286.2], [19.7, 286.2], [19.7, 286.2], [19.6, 286.2], [16.7, 286.0], [16.7, 286.0], [16.7, 286.0], [10.3, 285.5], [10.3, 285.5], [10.2, 285.5], [3.6, 285.1], [3.6, 285.1], [1.7, 284.9], [1.7, 284.9], [1.7, 284.9], [-5.6, 284.2], [-5.6, 284.2], [-5.7, 284.2], [-10.4, 283.8], [-10.5, 283.8], [-10.5, 283.8], [-10.7, 283.2], [-10.7, 283.1], [-11.2, 282.0], [-11.2, 282.0], [-11.2, 282.0], [-11.2, 282.0], [-11.2, 281.9], [-11.3, 281.8], [-11.8, 280.7], [-11.8, 280.7], [-12.4, 279.4], [-12.4, 279.4], [-12.4, 279.3], [-12.4, 279.3], [-12.4, 279.2], [-12.4, 279.2], [-12.8, 278.4], [-12.8, 278.4], [-12.8, 278.4], [-12.8, 278.4], [-13.0, 277.6], [-13.1, 277.6], [-13.1, 277.6], [-13.1, 277.6], [-13.7, 276.3], [-13.7, 276.3], [-13.7, 276.3], [-13.7, 276.2], [-13.7, 276.2], [-13.7, 276.1], [-14.2, 275.0], [-14.2, 275.0], [-14.2, 274.9], [-14.2, 274.9], [-14.3, 274.8], [-14.3, 274.8], [-14.3, 274.8], [-14.7, 274.0], [-14.7, 274.0], [-14.7, 274.0], [-14.7, 273.9], [-14.7, 273.9], [-14.7, 273.8], [-15.0, 273.0], [-15.0, 273.0], [-15.3, 272.3], [-15.3, 272.3], [-15.4, 272.3], [-15.7, 271.6], [-15.7, 271.6], [-15.7, 271.6], [-15.7, 271.6], [-15.7, 271.5], [-15.7, 271.4], [-15.9, 271.0], [-15.9, 271.0], [-16.0, 270.9], [-16.0, 270.9], [-16.0, 270.9], [-16.0, 270.8], [-16.0, 270.8], [-16.0, 270.8], [-16.0, 270.8], [-16.5, 269.7], [-16.5, 269.7], [-16.5, 269.7], [-16.5, 269.7], [-16.5, 269.7], [-16.5, 269.7], [-16.5, 269.6], [-16.5, 269.6], [-16.5, 269.5], [-16.5, 269.5], [-16.6, 269.4], [-16.9, 268.8], [-16.9, 268.8], [-16.9, 268.8], [-16.9, 268.7], [-16.9, 268.7], [-16.9, 268.7], [-16.9, 268.6], [-17.0, 268.6], [-17.0, 268.6]]]}},
{"type": "Feature", "properties": {"level": "platform", "type": "platform", "platform": "3", "source": "Moynihan Station EA, Figure 3-4, February 2010, PDF page 2"}, "geometry": {"type": "Polygon", "coordinates": [[[-23.8, -81.8], [-23.8, -81.8], [-23.8, -102.5], [-23.8, -102.5], [-23.8, -102.5], [-15.1, -102.5], [-15.1, -102.5], [35.7, -102.5], [70.9, -102.5], [70.9, -102.5], [70.9, -102.5], [106.1, -102.5], [106.1, -102.5], [125.6, -102.5], [125.6, -102.5], [125.6, -102.5], [125.5, -92.3], [125.5, -92.2], [125.5, -92.2], [125.5, -92.1], [125.5, -92.1], [125.6, -92.0], [125.6, -92.0], [125.6, -92.0], [125.6, -92.0], [125.6, -81.9], [125.6, -81.9], [125.6, -81.9], [125.4, -81.9], [125.4, -81.9], [105.8, -81.9], [105.8, -81.9], [70.7, -81.8], [70.7, -81.8], [70.7, -81.8], [-15.4, -81.8], [-15.4, -81.8], [-23.8, -81.8], [-23.8, -81.8]]]}},
{"type": "Feature", "properties": {"level": "platform", "type": "platform", "platform": "3", "source": "Moynihan Station EA, Figure 3-4, February 2010, PDF page 2"}, "geometry": {"type": "Polygon", "coordinates": [[[-189.2, -82.1], [-189.2, -82.2], [-189.0, -93.5], [-189.0, -93.5], [-189.0, -93.5], [-189.0, -93.5], [-180.4, -94.7], [-180.4, -94.7], [-180.4, -94.7], [-180.4, -94.7], [-180.4, -94.7], [-171.9, -95.7], [-171.8, -95.7], [-171.8, -95.7], [-171.8, -95.7], [-171.8, -95.7], [-151.3, -97.6], [-151.3, -97.6], [-147.8, -97.9], [-147.8, -97.9], [-145.2, -98.1], [-145.2, -98.1], [-115.8, -100.6], [-109.0, -100.9], [-86.4, -101.8], [-86.4, -101.8], [-75.6, -102.1], [-75.6, -102.1], [-75.5, -102.1], [-75.5, -102.1], [-66.1, -102.3], [-66.1, -102.3], [-66.1, -102.2], [-66.1, -98.8], [-66.1, -98.7], [-66.1, -98.7], [-72.0, -98.7], [-72.0, -98.7], [-72.1, -98.7], [-72.2, -98.7], [-72.2, -98.7], [-72.3, -98.7], [-72.3, -98.6], [-72.3, -98.6], [-72.4, -98.6], [-72.4, -98.5], [-72.5, -98.5], [-72.5, -98.4], [-72.5, -98.4], [-72.5, -98.3], [-72.5, -98.3], [-72.6, -98.2], [-72.6, -98.2], [-72.6, -91.1], [-72.6, -91.1], [-72.5, -91.0], [-72.5, -91.0], [-72.5, -90.9], [-72.5, -90.9], [-72.5, -90.8], [-72.4, -90.8], [-72.4, -90.7], [-72.3, -90.7], [-72.3, -90.6], [-72.3, -90.6], [-72.2, -90.6], [-72.2, -90.6], [-72.1, -90.6], [-72.0, -90.6], [-72.0, -90.6], [-66.3, -90.6], [-66.3, -90.6], [-66.1, -90.6], [-66.1, -90.6], [-66.1, -90.5], [-66.1, -90.3], [-66.1, -90.2], [-66.1, -81.8], [-66.1, -81.8], [-66.1, -81.8], [-66.1, -81.8], [-66.1, -81.8], [-109.3, -81.8], [-109.3, -81.8], [-116.1, -81.8], [-116.1, -81.8], [-145.4, -81.8], [-151.5, -81.8], [-151.6, -81.8], [-172.0, -82.0], [-172.0, -82.0], [-180.5, -82.1], [-180.5, -82.1], [-180.6, -82.1], [-189.2, -82.1], [-189.2, -82.1]]]}},
{"type": "Feature", "properties": {"level": "platform", "type": "platform", "platform": "4", "source": "Moynihan Station EA, Figure 3-4, February 2010, PDF page 2"}, "geometry": {"type": "Polygon", "coordinates": [[[-23.8, -56.2], [-23.8, -56.2], [-23.8, -56.2], [-13.1, -56.2], [-13.1, -56.2], [-13.1, -56.2], [-13.1, -54.9], [-13.1, -54.9], [-13.0, -54.8], [-13.0, -54.8], [-13.0, -54.7], [-13.0, -54.7], [-13.0, -54.6], [-12.9, -54.6], [-12.9, -54.5], [-12.9, -54.5], [-12.8, -54.5], [-12.8, -54.4], [-12.7, -54.4], [-12.7, -54.4], [-12.6, -54.4], [-12.5, -54.4], [-12.5, -54.4], [1.2, -54.4], [1.3, -54.4], [1.3, -54.4], [1.4, -54.4], [1.4, -54.4], [1.5, -54.4], [1.5, -54.5], [1.6, -54.5], [1.6, -54.5], [1.6, -54.6], [1.7, -54.6], [1.7, -54.7], [1.7, -54.7], [1.8, -54.8], [1.8, -54.8], [1.8, -54.9], [1.8, -54.9], [1.8, -56.2], [1.8, -56.2], [1.8, -56.2], [19.0, -56.3], [19.1, -56.3], [19.1, -56.3], [75.5, -56.3], [75.5, -56.3], [75.5, -56.3], [75.5, -56.3], [125.6, -56.4], [125.6, -56.4], [125.6, -56.3], [125.6, -37.9], [125.6, -37.9], [125.6, -35.7], [125.6, -35.7], [125.6, -35.7], [75.0, -35.6], [18.7, -35.7], [18.7, -35.7], [-23.8, -35.7], [-23.8, -35.7], [-23.8, -35.7], [-23.8, -51.9], [-23.8, -51.9], [-23.8, -51.9], [-23.8, -56.2], [-23.8, -56.2]]]}},
{"type": "Feature", "properties": {"level": "platform", "type": "platform", "platform": "4", "source": "Moynihan Station EA, Figure 3-4, February 2010, PDF page 2"}, "geometry": {"type": "Polygon", "coordinates": [[[-364.2, -46.4], [-364.2, -46.4], [-361.3, -46.6], [-361.3, -46.6], [-361.2, -46.6], [-361.2, -46.6], [-360.9, -46.6], [-360.8, -46.6], [-343.5, -47.7], [-343.5, -47.7], [-321.3, -48.8], [-321.3, -48.8], [-321.3, -48.8], [-310.6, -49.2], [-310.6, -49.2], [-310.5, -49.2], [-297.1, -49.7], [-297.1, -49.7], [-297.1, -49.7], [-297.1, -49.7], [-285.4, -50.2], [-277.3, -50.5], [-277.3, -50.5], [-277.3, -50.5], [-257.9, -51.2], [-257.9, -51.2], [-237.7, -52.1], [-237.7, -52.1], [-225.0, -52.5], [-225.0, -52.5], [-225.0, -52.5], [-196.1, -53.7], [-196.1, -53.7], [-181.5, -54.3], [-181.5, -54.3], [-177.3, -54.5], [-177.3, -54.5], [-153.0, -55.1], [-153.0, -55.1], [-128.2, -55.7], [-128.2, -55.7], [-106.8, -56.0], [-106.8, -56.0], [-105.2, -56.0], [-105.2, -56.0], [-90.2, -56.1], [-90.2, -56.1], [-90.2, -56.1], [-90.2, -56.1], [-90.2, -56.1], [-90.2, -56.1], [-81.0, -56.2], [-81.0, -56.2], [-81.0, -56.2], [-81.7, -49.7], [-81.7, -49.6], [-81.7, -49.5], [-81.7, -49.5], [-81.6, -49.4], [-81.6, -49.4], [-81.6, -49.3], [-81.6, -49.3], [-81.5, -49.2], [-81.5, -49.2], [-81.5, -49.1], [-81.4, -49.1], [-81.4, -49.1], [-81.3, -49.1], [-81.3, -49.0], [-81.2, -49.0], [-81.2, -49.0], [-81.1, -49.0], [-74.1, -49.0], [-74.1, -49.0], [-66.1, -49.0], [-66.1, -49.0], [-66.1, -49.0], [-66.1, -49.0], [-66.1, -35.6], [-66.1, -35.6], [-66.1, -35.6], [-74.4, -35.6], [-74.4, -35.6], [-90.6, -35.6], [-105.7, -35.6], [-105.7, -35.6], [-107.3, -35.6], [-107.3, -35.6], [-128.7, -35.6], [-153.5, -35.6], [-153.5, -35.6], [-177.6, -35.6], [-181.9, -35.6], [-181.9, -35.6], [-196.5, -35.7], [-196.5, -35.7], [-225.4, -35.9], [-225.4, -35.9], [-238.0, -35.9], [-238.0, -35.9], [-238.1, -35.9], [-258.2, -35.9], [-258.2, -35.9], [-277.6, -35.7], [-277.6, -35.7], [-277.6, -35.7], [-285.8, -35.6], [-297.4, -35.6], [-297.4, -35.6], [-297.4, -35.6], [-297.4, -35.6], [-297.4, -35.6], [-310.8, -35.6], [-310.8, -35.6], [-310.9, -35.6], [-333.4, -35.6], [-333.4, -35.6], [-333.4, -35.6], [-333.1, -42.0], [-333.1, -42.0], [-333.1, -42.8], [-333.1, -42.8], [-333.1, -42.9], [-333.1, -42.9], [-333.1, -43.0], [-333.1, -43.0], [-333.1, -43.1], [-333.2, -43.1], [-333.2, -43.2], [-333.2, -43.2], [-333.3, -43.2], [-333.3, -43.3], [-333.4, -43.3], [-333.4, -43.3], [-333.5, -43.3], [-333.5, -43.3], [-333.6, -43.4], [-333.6, -43.4], [-335.6, -43.4], [-335.6, -43.4], [-343.6, -43.4], [-355.7, -43.4], [-355.7, -43.4], [-360.9, -43.4], [-361.2, -43.4], [-361.2, -43.4], [-361.2, -43.4], [-361.2, -43.4], [-361.2, -43.4], [-361.2, -43.4], [-361.3, -43.4], [-361.3, -43.4], [-361.3, -43.4], [-361.3, -43.4], [-364.2, -46.4], [-364.2, -46.4]]]}},
{"type": "Feature", "properties": {"level": "platform", "type": "platform", "platform": "5", "source": "Moynihan Station EA, Figure 3-4, February 2010, PDF page 2"}, "geometry": {"type": "Polygon", "coordinates": [[[-23.8, 10.5], [-23.8, 10.5], [-23.8, -1.0], [-23.8, -1.1], [-23.8, -9.7], [-23.8, -9.7], [-23.8, -9.7], [-13.8, -9.8], [-13.8, -9.8], [-13.8, -9.8], [-13.7, -9.8], [32.6, -10.1], [32.6, -10.1], [46.1, -10.1], [46.1, -10.1], [70.8, -10.2], [70.8, -10.2], [99.4, -10.2], [99.4, -10.2], [125.6, -10.2], [125.6, -10.2], [125.6, -10.2], [125.6, 10.5], [125.6, 10.5], [125.6, 10.5], [70.6, 10.5], [70.6, 10.5], [46.0, 10.6], [46.0, 10.6], [32.5, 10.5], [32.4, 10.5], [-13.9, 10.4], [-13.9, 10.4], [-23.8, 10.5], [-23.8, 10.5]]]}},
{"type": "Feature", "properties": {"level": "platform", "type": "platform", "platform": "5", "source": "Moynihan Station EA, Figure 3-4, February 2010, PDF page 2"}, "geometry": {"type": "Polygon", "coordinates": [[[-364.9, 7.6], [-364.9, 7.6], [-364.9, 4.9], [-364.9, 4.9], [-364.9, 4.9], [-364.9, 4.8], [-364.9, 4.8], [-364.9, 4.8], [-364.4, 4.4], [-364.4, 4.4], [-361.5, 1.4], [-361.5, 1.4], [-361.5, 1.4], [-361.4, 1.4], [-361.3, 1.3], [-361.3, 1.3], [-361.3, 1.3], [-361.3, 1.3], [-361.3, 1.3], [-361.3, 1.3], [-351.8, 1.3], [-351.8, 1.3], [-347.3, 1.3], [-331.1, 1.3], [-331.1, 1.3], [-331.1, 1.3], [-331.1, 1.3], [-331.1, 1.3], [-330.2, 1.3], [-330.1, 1.3], [-330.1, 1.3], [-330.0, 1.3], [-330.0, 1.3], [-329.9, 1.2], [-329.9, 1.2], [-329.8, 1.2], [-329.8, 1.1], [-329.7, 1.1], [-329.7, 1.0], [-329.7, 1.0], [-329.6, 0.9], [-329.6, 0.9], [-329.6, 0.8], [-329.6, 0.8], [-329.6, 0.7], [-329.8, -6.3], [-329.8, -6.4], [-329.8, -6.4], [-329.8, -6.5], [-329.9, -6.5], [-329.9, -6.6], [-329.9, -6.6], [-329.9, -6.7], [-330.0, -6.7], [-330.0, -6.7], [-330.1, -6.8], [-330.1, -6.8], [-330.2, -6.8], [-330.2, -6.9], [-330.3, -6.9], [-330.3, -6.9], [-330.4, -6.9], [-344.8, -6.9], [-344.8, -6.9], [-344.8, -6.9], [-344.8, -6.9], [-361.3, -6.9], [-361.3, -6.9], [-361.3, -6.9], [-361.3, -6.9], [-361.3, -6.9], [-364.1, -9.4], [-364.1, -9.4], [-364.1, -9.4], [-364.3, -9.6], [-364.3, -9.6], [-364.9, -10.2], [-364.9, -10.2], [-364.9, -10.2], [-364.3, -10.2], [-364.3, -10.2], [-359.9, -10.2], [-359.9, -10.2], [-359.9, -10.2], [-359.9, -10.2], [-347.3, -10.2], [-347.3, -10.2], [-347.3, -10.2], [-346.7, -10.2], [-346.7, -10.2], [-346.7, -10.2], [-346.7, -10.2], [-336.6, -10.1], [-336.5, -10.1], [-328.1, -10.1], [-328.0, -10.1], [-328.0, -10.1], [-317.4, -10.0], [-317.3, -10.0], [-308.0, -10.1], [-308.0, -10.1], [-308.0, -10.1], [-298.5, -10.1], [-298.5, -10.1], [-292.1, -10.1], [-292.1, -10.1], [-292.1, -10.1], [-280.5, -10.1], [-260.3, -10.1], [-260.3, -10.1], [-260.3, -10.1], [-256.4, -10.1], [-246.3, -10.1], [-246.3, -10.1], [-241.3, -10.1], [-241.3, -10.1], [-231.2, -10.0], [-231.2, -10.0], [-231.1, -10.0], [-218.4, -10.0], [-218.4, -10.0], [-192.8, -10.0], [-192.8, -10.0], [-192.8, -10.0], [-175.6, -9.9], [-175.6, -9.9], [-155.2, -9.9], [-155.1, -9.9], [-153.6, -9.9], [-153.5, -9.9], [-153.5, -9.9], [-135.4, -9.9], [-135.3, -9.9], [-135.3, -9.9], [-96.8, -10.0], [-96.8, -10.0], [-96.8, -10.0], [-83.8, -10.0], [-83.7, -10.0], [-83.7, -10.0], [-66.1, -9.9], [-66.1, -9.9], [-66.1, -9.8], [-66.1, 10.4], [-66.1, 10.4], [-66.1, 10.5], [-66.1, 10.5], [-66.1, 10.5], [-83.9, 10.3], [-83.9, 10.3], [-96.9, 10.3], [-96.9, 10.3], [-97.0, 10.3], [-135.5, 10.0], [-135.5, 10.0], [-135.5, 10.0], [-153.7, 10.0], [-153.7, 10.0], [-155.4, 10.0], [-155.4, 10.0], [-175.8, 9.6], [-175.8, 9.6], [-192.9, 9.2], [-192.9, 9.2], [-218.5, 8.6], [-218.5, 8.6], [-218.5, 8.6], [-218.6, 8.6], [-231.3, 8.2], [-231.3, 8.2], [-231.3, 8.2], [-231.3, 8.2], [-241.5, 8.0], [-241.5, 8.0], [-246.4, 7.9], [-246.5, 7.9], [-246.5, 7.9], [-246.5, 7.9], [-256.5, 7.6], [-256.6, 7.6], [-260.4, 7.5], [-260.5, 7.5], [-280.6, 7.0], [-280.6, 7.0], [-283.5, 7.0], [-283.5, 7.0], [-292.3, 6.8], [-292.3, 6.8], [-292.3, 6.8], [-298.5, 6.9], [-298.5, 6.9], [-308.2, 7.0], [-308.2, 7.0], [-308.2, 7.0], [-317.5, 7.1], [-317.5, 7.1], [-328.2, 7.3], [-328.2, 7.3], [-328.2, 7.3], [-328.2, 7.3], [-336.7, 7.4], [-336.7, 7.4], [-336.7, 7.4], [-346.9, 7.6], [-346.9, 7.6], [-360.0, 7.6], [-360.0, 7.6], [-364.5, 7.6], [-364.9, 7.6], [-364.9, 7.6]]]}},
{"type": "Feature", "properties": {"level": "platform", "type": "platform", "platform": "5", "source": "Moynihan Station EA, Figure 3-4, February 2010, PDF page 2"}, "geometry": {"type": "Polygon", "coordinates": [[[-652.9, 13.9], [-652.9, 13.9], [-652.9, 13.9], [-652.9, 13.9], [-652.9, 13.9], [-650.0, 12.6], [-650.0, 12.6], [-650.0, 12.6], [-650.0, 12.5], [-650.0, 12.5], [-644.8, 11.6], [-644.8, 11.6], [-639.4, 10.5], [-639.4, 10.5], [-639.4, 10.5], [-637.8, 10.2], [-637.8, 10.2], [-637.8, 10.2], [-637.8, 10.2], [-629.8, 9.0], [-629.8, 9.0], [-622.3, 7.9], [-622.3, 7.9], [-622.3, 7.9], [-620.2, 7.6], [-620.1, 7.6], [-620.1, 7.6], [-620.1, 7.6], [-620.1, 7.6], [-618.1, 7.3], [-618.1, 7.3], [-618.1, 7.3], [-608.2, 6.0], [-608.1, 6.0], [-608.1, 6.0], [-608.0, 5.9], [-608.0, 5.9], [-608.0, 5.9], [-608.0, 5.9], [-608.0, 5.9], [-607.9, 5.9], [-607.9, 5.9], [-596.4, 4.5], [-596.4, 4.5], [-595.0, 4.4], [-594.9, 4.4], [-594.9, 4.4], [-581.6, 2.8], [-581.6, 2.8], [-581.5, 2.8], [-580.7, 2.6], [-580.7, 2.6], [-580.7, 2.6], [-580.7, 2.6], [-571.7, 1.6], [-571.7, 1.6], [-567.6, 1.2], [-567.6, 1.2], [-557.4, 0.0], [-557.4, 0.0], [-550.6, -0.8], [-550.6, -0.8], [-543.5, -1.5], [-543.5, -1.5], [-543.5, -1.5], [-539.1, -2.0], [-539.0, -2.0], [-532.0, -2.8], [-532.0, -2.8], [-531.9, -2.8], [-529.3, -3.0], [-529.3, -3.0], [-529.3, -3.1], [-518.6, -4.2], [-518.6, -4.2], [-518.6, -4.2], [-513.8, -4.7], [-513.8, -4.7], [-505.3, -5.6], [-505.3, -5.6], [-495.7, -6.4], [-495.7, -6.4], [-495.7, -6.4], [-486.0, -7.3], [-486.0, -7.3], [-486.0, -7.3], [-475.4, -7.9], [-475.4, -7.9], [-475.4, -7.9], [-473.4, -8.1], [-473.4, -8.1], [-466.1, -8.5], [-466.1, -8.5], [-457.8, -8.9], [-457.8, -8.9], [-457.7, -8.9], [-441.9, -9.5], [-441.9, -9.5], [-441.3, -9.5], [-441.3, -9.5], [-427.2, -9.8], [-427.2, -9.8], [-427.2, -9.8], [-424.7, -9.8], [-424.7, -9.8], [-416.7, -9.9], [-416.7, -9.9], [-404.5, -10.0], [-404.4, -10.0], [-395.9, -10.1], [-395.9, -10.1], [-389.6, -10.1], [-389.5, -10.1], [-385.3, -10.1], [-385.3, -10.1], [-385.3, -10.1], [-385.3, -6.7], [-385.3, -6.6], [-385.3, -6.6], [-385.3, 7.6], [-385.3, 7.6], [-385.3, 7.6], [-389.7, 7.6], [-389.7, 7.6], [-396.0, 7.6], [-396.0, 7.6], [-404.6, 7.5], [-404.6, 7.5], [-404.6, 7.5], [-416.8, 7.5], [-416.8, 7.5], [-424.9, 7.4], [-424.9, 7.4], [-424.9, 7.4], [-427.3, 7.4], [-427.3, 7.4], [-441.5, 7.4], [-441.5, 7.4], [-441.5, 7.4], [-442.1, 7.4], [-442.1, 7.4], [-457.9, 7.3], [-457.9, 7.3], [-457.9, 7.3], [-466.2, 7.3], [-466.2, 7.3], [-473.5, 7.2], [-473.5, 7.2], [-473.5, 7.2], [-475.5, 7.2], [-475.5, 7.2], [-486.1, 7.4], [-495.8, 7.6], [-495.8, 7.6], [-505.5, 7.9], [-505.5, 7.9], [-514.0, 8.2], [-514.0, 8.2], [-518.7, 8.4], [-518.7, 8.4], [-518.7, 8.4], [-529.4, 8.9], [-529.4, 8.9], [-529.4, 8.9], [-532.0, 9.0], [-532.0, 9.0], [-539.2, 9.4], [-539.2, 9.4], [-543.5, 9.7], [-543.6, 9.7], [-543.6, 9.7], [-543.6, 9.7], [-550.7, 10.1], [-550.7, 10.1], [-557.5, 10.6], [-557.5, 10.6], [-567.6, 11.3], [-567.6, 11.3], [-571.8, 11.7], [-571.8, 11.7], [-580.8, 12.5], [-580.8, 12.5], [-581.6, 12.6], [-581.6, 12.6], [-581.6, 12.6], [-595.0, 13.9], [-595.0, 13.9], [-595.0, 13.9], [-595.0, 13.9], [-595.0, 13.9], [-596.5, 14.1], [-596.5, 14.1], [-608.0, 15.3], [-608.0, 15.3], [-608.0, 15.3], [-608.2, 15.3], [-608.2, 15.3], [-618.2, 16.3], [-618.2, 16.3], [-620.2, 16.5], [-620.2, 16.5], [-622.4, 16.8], [-622.4, 16.8], [-622.4, 16.8], [-629.9, 17.5], [-629.9, 17.5], [-629.9, 17.5], [-637.8, 18.2], [-637.9, 18.2], [-637.9, 18.2], [-637.9, 18.2], [-639.4, 18.3], [-639.5, 18.3], [-639.5, 18.3], [-644.9, 18.7], [-644.9, 18.7], [-644.9, 18.7], [-650.0, 18.9], [-650.0, 18.9], [-650.0, 18.9], [-650.0, 18.9], [-650.2, 18.9], [-650.2, 18.9], [-650.2, 18.9], [-650.2, 18.5], [-650.2, 18.5], [-650.2, 15.9], [-650.2, 15.8], [-650.3, 15.8], [-650.3, 15.7], [-650.3, 15.7], [-650.3, 15.6], [-650.3, 15.6], [-650.4, 15.5], [-650.4, 15.5], [-650.5, 15.4], [-650.5, 15.4], [-650.5, 15.4], [-650.6, 15.4], [-650.7, 15.3], [-650.7, 15.3], [-650.8, 15.3], [-650.8, 15.3], [-652.2, 15.3], [-652.2, 15.3], [-652.9, 15.3], [-652.9, 15.3], [-652.9, 15.3], [-652.9, 13.9]]]}},
{"type": "Feature", "properties": {"level": "platform", "type": "platform", "platform": "6", "source": "Moynihan Station EA, Figure 3-4, February 2010, PDF page 2"}, "geometry": {"type": "Polygon", "coordinates": [[[-23.8, 36.2], [-23.8, 36.2], [-23.8, 36.2], [-23.8, 36.2], [-13.1, 36.2], [-13.1, 36.2], [-13.1, 36.2], [-13.1, 37.4], [-13.1, 37.4], [-13.0, 37.5], [-13.0, 37.5], [-13.0, 37.6], [-13.0, 37.6], [-13.0, 37.7], [-12.9, 37.7], [-12.9, 37.8], [-12.9, 37.8], [-12.8, 37.9], [-12.8, 37.9], [-12.7, 37.9], [-12.7, 37.9], [-12.6, 37.9], [-12.5, 37.9], [-12.5, 37.9], [1.2, 37.9], [1.3, 37.9], [1.3, 37.9], [1.4, 37.9], [1.4, 37.9], [1.5, 37.9], [1.5, 37.9], [1.6, 37.8], [1.6, 37.8], [1.6, 37.7], [1.7, 37.7], [1.7, 37.6], [1.7, 37.6], [1.8, 37.5], [1.8, 37.5], [1.8, 37.4], [1.8, 37.4], [1.8, 36.2], [1.8, 36.2], [1.8, 36.2], [22.9, 36.2], [22.9, 36.2], [22.9, 36.2], [24.8, 36.2], [24.8, 36.2], [50.0, 36.2], [70.0, 36.2], [70.0, 36.2], [70.0, 36.2], [70.0, 36.2], [70.1, 36.2], [70.1, 36.2], [70.2, 36.2], [70.2, 36.2], [70.4, 36.2], [70.4, 36.2], [70.4, 36.2], [70.4, 36.2], [70.5, 36.2], [70.5, 36.2], [112.1, 36.2], [112.1, 36.2], [112.1, 36.2], [125.6, 36.2], [125.6, 36.2], [125.6, 36.2], [125.6, 36.2], [125.6, 41.5], [125.6, 41.5], [125.6, 43.4], [125.6, 43.9], [125.6, 43.9], [125.6, 43.9], [125.6, 51.6], [125.6, 51.6], [125.6, 51.6], [125.6, 51.8], [125.6, 53.5], [125.6, 53.5], [125.6, 53.5], [84.1, 53.5], [84.1, 53.5], [34.8, 53.6], [34.7, 53.6], [34.7, 53.6], [34.7, 53.6], [34.7, 53.6], [23.2, 53.6], [23.2, 53.6], [23.2, 53.6], [-3.2, 53.5], [-3.2, 53.5], [-3.2, 53.5], [-16.2, 53.5], [-16.2, 53.5], [-16.2, 53.5], [-23.8, 53.6], [-23.8, 53.6], [-23.8, 53.5], [-23.8, 50.6], [-23.8, 50.6], [-23.8, 50.6], [-23.8, 48.4], [-23.8, 48.4], [-23.8, 45.5], [-23.8, 44.5], [-23.8, 44.5], [-23.8, 43.5], [-23.8, 40.9], [-23.8, 40.8], [-23.8, 40.8], [-23.8, 40.8], [-23.8, 40.8], [-23.8, 38.9], [-23.8, 36.2], [-23.8, 36.2]]]}},
{"type": "Feature", "properties": {"level": "platform", "type": "platform", "platform": "6", "source": "Moynihan Station EA, Figure 3-4, February 2010, PDF page 2"}, "geometry": {"type": "Polygon", "coordinates": [[[-364.9, 53.2], [-364.9, 53.2], [-364.9, 53.2], [-364.9, 53.2], [-364.9, 53.2], [-364.9, 53.2], [-364.9, 53.2], [-364.2, 52.4], [-364.2, 52.4], [-364.2, 52.4], [-364.2, 52.4], [-364.2, 52.3], [-364.2, 52.3], [-362.4, 50.7], [-362.4, 50.6], [-362.3, 50.5], [-362.2, 50.5], [-362.2, 50.5], [-361.6, 49.8], [-361.6, 49.8], [-361.6, 49.8], [-361.6, 49.8], [-361.3, 49.6], [-361.3, 49.6], [-361.3, 49.6], [-359.0, 49.6], [-358.9, 49.6], [-358.9, 49.6], [-351.7, 49.6], [-351.7, 49.6], [-351.7, 49.6], [-351.7, 49.6], [-351.7, 49.6], [-335.1, 49.6], [-330.2, 49.6], [-330.1, 49.6], [-330.0, 49.6], [-330.0, 49.6], [-329.9, 49.5], [-329.9, 49.5], [-329.8, 49.5], [-329.8, 49.4], [-329.8, 49.4], [-329.7, 49.4], [-329.7, 49.3], [-329.7, 49.3], [-329.6, 49.2], [-329.6, 49.2], [-329.6, 49.1], [-329.6, 49.1], [-329.6, 49.0], [-329.6, 48.6], [-329.6, 48.6], [-329.6, 48.6], [-329.6, 47.1], [-329.6, 47.1], [-329.6, 46.7], [-329.6, 46.2], [-329.6, 46.2], [-329.6, 46.2], [-329.6, 44.4], [-329.6, 44.4], [-329.6, 43.3], [-329.6, 42.2], [-329.6, 42.2], [-329.6, 42.1], [-329.6, 42.0], [-329.6, 41.9], [-329.6, 41.9], [-329.6, 41.8], [-329.6, 41.7], [-329.7, 41.7], [-329.7, 41.6], [-329.7, 41.6], [-329.8, 41.6], [-329.8, 41.5], [-329.8, 41.5], [-329.9, 41.5], [-329.9, 41.4], [-330.0, 41.4], [-330.0, 41.4], [-330.1, 41.4], [-330.2, 41.4], [-359.0, 41.4], [-359.0, 41.4], [-359.0, 41.4], [-359.1, 41.4], [-359.2, 41.4], [-359.2, 41.4], [-359.3, 41.4], [-359.6, 41.4], [-359.7, 41.4], [-361.3, 41.4], [-361.3, 41.4], [-361.3, 41.4], [-361.3, 41.4], [-361.9, 40.9], [-361.9, 40.9], [-361.9, 40.9], [-361.9, 40.9], [-361.9, 40.8], [-362.1, 40.6], [-362.2, 40.6], [-362.2, 40.5], [-362.9, 39.9], [-362.9, 39.9], [-362.9, 39.9], [-363.2, 39.6], [-363.2, 39.6], [-363.9, 38.9], [-363.9, 38.9], [-363.9, 38.9], [-364.1, 38.7], [-364.1, 38.7], [-364.1, 38.7], [-364.3, 38.5], [-364.3, 38.5], [-364.3, 38.4], [-364.4, 38.4], [-364.4, 38.4], [-364.5, 38.3], [-364.5, 38.3], [-364.5, 38.3], [-364.9, 37.8], [-364.9, 37.8], [-364.9, 37.8], [-364.9, 37.8], [-364.9, 37.8], [-364.9, 37.2], [-364.9, 37.2], [-364.9, 37.1], [-364.9, 37.1], [-364.9, 36.4], [-364.9, 36.4], [-364.9, 36.4], [-357.7, 36.4], [-357.7, 36.4], [-350.9, 36.4], [-350.9, 36.4], [-345.3, 36.4], [-345.3, 36.4], [-340.8, 36.4], [-340.8, 36.4], [-340.7, 36.4], [-340.7, 36.4], [-320.0, 36.4], [-320.0, 36.4], [-308.6, 36.4], [-282.6, 36.4], [-273.3, 36.4], [-273.3, 36.4], [-273.3, 36.4], [-267.7, 36.4], [-267.6, 36.4], [-267.6, 36.4], [-202.0, 36.4], [-202.0, 36.4], [-189.3, 36.3], [-189.3, 36.3], [-174.7, 36.3], [-138.6, 36.3], [-138.6, 36.3], [-138.6, 36.3], [-121.1, 36.3], [-121.1, 36.3], [-121.1, 36.3], [-121.0, 36.3], [-121.0, 36.3], [-121.0, 36.3], [-121.0, 36.3], [-92.6, 36.3], [-92.6, 36.3], [-86.1, 36.3], [-86.1, 36.3], [-78.6, 36.3], [-78.6, 36.3], [-66.1, 36.3], [-66.1, 36.3], [-66.1, 36.3], [-66.1, 36.3], [-66.1, 36.9], [-66.1, 36.9], [-66.1, 36.9], [-66.1, 37.0], [-66.1, 37.0], [-66.1, 38.1], [-66.1, 38.1], [-66.1, 40.0], [-66.1, 40.9], [-66.1, 40.9], [-66.1, 42.8], [-66.1, 43.7], [-66.1, 43.7], [-66.1, 43.7], [-66.1, 45.0], [-66.1, 45.1], [-66.1, 45.1], [-66.1, 46.7], [-66.1, 46.7], [-66.1, 46.7], [-66.1, 49.6], [-66.1, 49.7], [-66.1, 49.7], [-66.1, 49.7], [-66.1, 53.5], [-66.1, 53.6], [-66.1, 53.6], [-105.7, 53.6], [-105.7, 53.6], [-105.7, 53.6], [-105.7, 53.6], [-105.8, 53.6], [-105.8, 53.6], [-105.9, 53.6], [-106.1, 53.6], [-106.2, 53.6], [-106.2, 53.6], [-106.2, 53.6], [-125.8, 53.6], [-125.8, 53.6], [-125.8, 53.6], [-150.2, 53.5], [-150.3, 53.5], [-150.3, 53.5], [-150.3, 53.5], [-152.2, 53.5], [-152.2, 53.5], [-175.0, 53.5], [-175.0, 53.5], [-199.6, 53.3], [-199.6, 53.3], [-199.7, 53.3], [-199.7, 53.3], [-200.9, 53.3], [-200.9, 53.3], [-220.2, 53.1], [-220.2, 53.1], [-220.2, 53.1], [-229.9, 53.1], [-229.9, 53.1], [-229.9, 53.1], [-262.9, 53.1], [-262.9, 53.1], [-291.6, 53.2], [-291.7, 53.2], [-291.7, 53.2], [-291.8, 53.2], [-291.8, 53.2], [-291.8, 53.2], [-291.8, 53.2], [-309.4, 53.2], [-309.4, 53.2], [-309.4, 53.2], [-325.9, 53.2], [-339.5, 53.2], [-339.5, 53.2], [-346.0, 53.2], [-346.0, 53.2], [-360.2, 53.2], [-364.9, 53.2], [-364.9, 53.2], [-364.9, 53.2]]]}},
{"type": "Feature", "properties": {"level": "platform", "type": "platform", "platform": "6", "source": "Moynihan Station EA, Figure 3-4, February 2010, PDF page 2"}, "geometry": {"type": "Polygon", "coordinates": [[[-627.7, 47.6], [-627.7, 47.6], [-627.7, 47.6], [-627.7, 47.0], [-627.7, 45.7], [-627.7, 45.7], [-627.7, 45.7], [-627.7, 45.7], [-627.6, 44.7], [-627.6, 44.7], [-627.6, 42.3], [-627.6, 42.3], [-627.6, 42.3], [-607.7, 40.3], [-607.7, 40.3], [-607.7, 40.3], [-592.4, 39.2], [-592.4, 39.2], [-586.1, 38.6], [-586.1, 38.6], [-586.1, 38.6], [-586.1, 38.6], [-586.1, 38.6], [-574.0, 38.0], [-573.9, 37.9], [-573.9, 37.9], [-573.9, 37.9], [-573.9, 37.9], [-559.8, 37.4], [-559.8, 37.4], [-550.8, 37.1], [-550.8, 37.1], [-550.8, 37.1], [-539.0, 37.0], [-539.0, 37.0], [-525.3, 36.9], [-525.3, 36.9], [-519.9, 36.9], [-519.9, 36.9], [-519.9, 36.9], [-512.7, 37.0], [-512.7, 37.0], [-504.7, 37.1], [-504.6, 37.1], [-504.6, 37.1], [-500.8, 37.2], [-500.7, 37.2], [-500.7, 37.2], [-496.3, 37.2], [-496.3, 37.2], [-485.3, 37.2], [-485.3, 37.2], [-485.3, 37.2], [-478.7, 37.0], [-478.6, 37.0], [-478.6, 37.0], [-458.9, 36.5], [-458.9, 36.5], [-458.9, 36.5], [-458.9, 36.5], [-447.3, 36.4], [-447.3, 36.4], [-447.3, 36.4], [-436.9, 36.4], [-436.9, 36.4], [-436.9, 36.4], [-419.6, 36.4], [-419.6, 36.4], [-419.6, 36.4], [-415.2, 36.4], [-415.2, 36.4], [-405.0, 36.4], [-405.0, 36.4], [-385.4, 36.4], [-385.3, 36.4], [-385.3, 36.4], [-385.3, 36.4], [-385.3, 36.4], [-385.3, 36.8], [-385.3, 36.8], [-385.3, 37.8], [-385.3, 37.9], [-385.3, 37.9], [-385.3, 39.1], [-385.3, 39.2], [-385.3, 39.3], [-385.3, 39.8], [-385.3, 39.9], [-385.3, 39.9], [-385.3, 39.9], [-385.3, 40.5], [-385.3, 40.5], [-385.3, 40.5], [-385.3, 42.2], [-385.3, 42.2], [-385.3, 42.8], [-385.3, 44.1], [-385.3, 44.1], [-385.3, 44.1], [-385.3, 44.7], [-385.3, 44.7], [-385.3, 44.7], [-385.3, 46.0], [-385.3, 46.0], [-385.3, 46.0], [-385.3, 47.9], [-385.3, 47.9], [-385.3, 47.9], [-385.3, 48.6], [-385.3, 48.6], [-385.3, 48.6], [-385.3, 50.7], [-385.3, 50.7], [-385.3, 51.1], [-385.3, 52.1], [-385.3, 52.1], [-385.3, 52.1], [-385.3, 52.1], [-385.3, 52.2], [-385.3, 52.2], [-385.3, 53.2], [-385.3, 53.2], [-385.3, 53.2], [-388.7, 53.2], [-388.7, 53.2], [-395.9, 53.2], [-395.9, 53.2], [-406.7, 53.2], [-406.7, 53.2], [-406.7, 53.2], [-430.7, 53.2], [-430.7, 53.2], [-430.7, 53.2], [-438.6, 53.3], [-438.6, 53.3], [-444.8, 53.4], [-444.8, 53.4], [-444.8, 53.4], [-453.2, 53.2], [-453.2, 53.2], [-463.8, 53.0], [-463.8, 53.0], [-472.7, 52.8], [-472.7, 52.8], [-472.7, 52.8], [-474.3, 52.8], [-474.3, 52.8], [-474.4, 52.8], [-483.9, 52.6], [-483.9, 52.6], [-493.4, 52.5], [-493.4, 52.5], [-493.4, 52.5], [-503.9, 52.5], [-504.0, 52.5], [-510.1, 52.7], [-510.1, 52.7], [-510.1, 52.7], [-517.8, 52.9], [-517.8, 52.9], [-517.8, 52.9], [-517.8, 52.9], [-517.8, 52.9], [-517.8, 52.9], [-525.6, 53.0], [-525.6, 53.0], [-525.6, 53.0], [-539.0, 52.9], [-539.0, 52.9], [-548.1, 52.9], [-548.1, 52.9], [-551.0, 52.8], [-551.0, 52.8], [-551.0, 52.8], [-566.0, 52.3], [-566.0, 52.3], [-566.0, 52.3], [-566.1, 52.3], [-566.1, 52.3], [-573.1, 52.0], [-573.1, 52.0], [-576.0, 51.9], [-576.0, 51.9], [-586.8, 51.3], [-586.8, 51.3], [-586.9, 51.3], [-593.0, 50.9], [-593.0, 50.9], [-593.0, 50.9], [-599.7, 50.4], [-608.1, 49.8], [-608.1, 49.8], [-608.1, 49.8], [-610.4, 49.6], [-610.4, 49.6], [-610.4, 49.6], [-615.7, 49.0], [-615.7, 49.0], [-615.7, 49.0], [-617.7, 48.8], [-617.7, 48.8], [-617.8, 48.8], [-619.9, 48.5], [-619.9, 48.5], [-619.9, 48.5], [-619.9, 48.5], [-624.2, 48.0], [-624.2, 48.0], [-624.3, 48.0], [-627.7, 47.6], [-627.7, 47.6]]]}},
{"type": "Feature", "properties": {"level": "platform", "type": "platform", "platform": "7", "source": "Moynihan Station EA, Figure 3-4, February 2010, PDF page 2"}, "geometry": {"type": "Polygon", "coordinates": [[[-23.8, 79.3], [-23.8, 79.2], [-23.8, 79.2], [-23.8, 79.0], [-23.8, 79.0], [-23.8, 79.0], [24.1, 78.9], [24.1, 78.9], [39.2, 78.9], [39.2, 78.9], [96.3, 79.0], [96.3, 79.0], [96.3, 79.0], [96.3, 79.0], [96.3, 79.0], [119.7, 79.0], [119.7, 79.0], [119.7, 79.0], [125.6, 78.9], [125.6, 78.9], [125.6, 79.0], [125.6, 79.3], [125.6, 79.3], [125.6, 80.4], [125.6, 80.4], [125.6, 80.5], [125.6, 83.8], [125.6, 83.8], [125.6, 83.9], [125.6, 83.9], [125.6, 85.7], [125.6, 85.8], [125.6, 86.7], [125.6, 86.7], [125.6, 86.9], [125.6, 88.7], [125.6, 88.7], [125.6, 88.8], [125.6, 89.0], [125.6, 89.0], [125.6, 89.0], [125.6, 89.0], [125.6, 89.0], [125.6, 89.0], [125.6, 89.0], [125.6, 97.4], [125.6, 97.4], [125.6, 97.6], [125.6, 99.4], [125.6, 99.5], [125.6, 99.7], [125.6, 99.7], [108.0, 99.7], [108.0, 99.7], [85.8, 99.6], [85.7, 99.6], [85.7, 99.6], [85.7, 99.6], [52.8, 99.6], [52.8, 99.6], [48.1, 99.5], [48.1, 99.5], [30.6, 99.4], [30.6, 99.4], [30.6, 99.4], [24.9, 99.4], [24.9, 99.4], [7.8, 99.3], [7.8, 99.3], [4.5, 99.3], [4.5, 99.3], [-15.0, 99.1], [-15.0, 99.1], [-23.8, 99.1], [-23.8, 99.1], [-23.8, 99.1], [-23.8, 98.7], [-23.8, 98.7], [-23.8, 97.9], [-23.8, 97.9], [-23.8, 97.9], [-23.8, 97.9], [-23.8, 97.8], [-23.8, 97.8], [-23.8, 97.2], [-23.8, 97.2], [-23.8, 97.1], [-23.8, 96.9], [-23.8, 96.9], [-23.8, 96.8], [-23.8, 96.8], [-23.8, 96.8], [-23.8, 96.8], [-23.8, 96.2], [-23.8, 96.2], [-23.8, 96.0], [-23.8, 95.9], [-23.8, 95.9], [-23.8, 94.7], [-23.8, 93.6], [-23.8, 93.6], [-23.8, 93.2], [-23.8, 91.0], [-23.8, 91.0], [-23.8, 91.0], [-23.8, 91.0], [-23.8, 89.2], [-23.8, 89.2], [-23.8, 89.2], [-23.8, 89.2], [-23.8, 87.6], [-23.8, 87.6], [-23.8, 87.6], [-23.8, 87.6], [-23.8, 85.5], [-23.8, 85.5], [-23.8, 85.5], [-23.8, 85.5], [-23.8, 84.5], [-23.8, 84.5], [-23.8, 84.0], [-23.8, 83.5], [-23.8, 83.5], [-23.8, 83.5], [-23.8, 83.5], [-23.8, 83.4], [-23.8, 83.4], [-23.8, 83.4], [-23.8, 81.6], [-23.8, 81.6], [-23.8, 81.6], [-23.8, 81.6], [-23.8, 81.6], [-23.8, 81.5], [-23.8, 81.3], [-23.8, 81.2], [-23.8, 81.2], [-23.8, 81.2], [-23.8, 81.2], [-23.8, 81.1], [-23.8, 81.1], [-23.8, 81.1], [-23.8, 79.3], [-23.8, 79.3], [-23.8, 79.3], [-23.8, 79.3], [-23.8, 79.3]]]}},
{"type": "Feature", "properties": {"level": "platform", "type": "platform", "platform": "7", "source": "Moynihan Station EA, Figure 3-4, February 2010, PDF page 2"}, "geometry": {"type": "Polygon", "coordinates": [[[-364.9, 87.4], [-364.9, 87.4], [-364.9, 87.4], [-364.9, 87.4], [-364.9, 87.4], [-364.9, 87.4], [-364.9, 87.2], [-364.9, 87.2], [-364.9, 87.0], [-364.9, 85.2], [-364.9, 85.2], [-364.9, 85.1], [-364.9, 84.9], [-364.9, 84.8], [-364.9, 84.8], [-364.9, 84.7], [-364.9, 84.6], [-364.9, 84.6], [-364.9, 83.8], [-364.9, 82.8], [-364.9, 82.8], [-364.9, 82.6], [-364.9, 82.6], [-364.9, 82.6], [-364.9, 82.6], [-364.9, 82.5], [-364.9, 82.5], [-364.9, 82.0], [-364.9, 82.0], [-364.9, 82.0], [-343.7, 82.0], [-343.7, 82.0], [-343.6, 82.0], [-343.6, 82.0], [-343.6, 82.0], [-322.7, 82.4], [-322.7, 82.4], [-322.7, 82.4], [-322.7, 82.4], [-314.9, 82.5], [-314.9, 82.5], [-314.9, 82.5], [-314.9, 82.5], [-293.8, 82.8], [-293.7, 82.8], [-293.7, 82.8], [-293.7, 82.8], [-290.8, 82.7], [-290.7, 82.7], [-290.7, 82.7], [-290.7, 82.7], [-268.2, 82.2], [-268.2, 82.2], [-254.0, 81.9], [-254.0, 81.9], [-254.0, 81.9], [-239.7, 81.5], [-239.7, 81.5], [-239.7, 81.5], [-239.7, 81.5], [-211.1, 80.8], [-211.1, 80.8], [-211.1, 80.8], [-211.0, 80.8], [-188.0, 80.2], [-188.0, 80.2], [-188.0, 80.2], [-188.0, 80.2], [-187.9, 80.2], [-160.9, 79.7], [-160.9, 79.7], [-160.9, 79.7], [-151.7, 79.6], [-151.7, 79.6], [-130.2, 79.4], [-130.2, 79.4], [-130.2, 79.4], [-117.8, 79.3], [-117.8, 79.3], [-117.8, 79.3], [-76.8, 79.0], [-76.8, 79.0], [-66.1, 79.0], [-66.1, 79.0], [-66.1, 79.0], [-66.1, 79.3], [-66.1, 79.3], [-66.1, 79.6], [-66.1, 81.6], [-66.1, 81.6], [-66.1, 81.6], [-66.1, 81.7], [-66.1, 82.5], [-66.1, 82.5], [-66.1, 82.6], [-66.1, 83.6], [-66.1, 83.6], [-66.1, 83.8], [-66.1, 84.3], [-66.1, 84.3], [-66.1, 84.4], [-66.1, 87.4], [-66.1, 87.4], [-66.1, 87.9], [-66.1, 90.6], [-66.1, 90.6], [-66.1, 91.1], [-66.1, 93.7], [-66.1, 93.7], [-66.1, 93.8], [-66.1, 93.8], [-66.1, 93.8], [-66.1, 93.8], [-66.1, 93.8], [-66.1, 94.7], [-66.1, 94.7], [-66.1, 94.8], [-66.1, 94.8], [-66.1, 94.8], [-66.1, 94.8], [-66.1, 95.2], [-66.1, 95.2], [-66.1, 95.7], [-66.1, 95.7], [-66.1, 95.7], [-66.1, 95.9], [-66.1, 95.9], [-66.1, 96.6], [-66.1, 96.6], [-66.1, 96.7], [-66.1, 96.7], [-66.1, 97.5], [-66.1, 97.5], [-66.1, 97.6], [-66.1, 98.4], [-66.1, 98.5], [-66.1, 98.5], [-66.1, 98.5], [-66.1, 98.5], [-66.1, 98.5], [-66.1, 99.4], [-66.1, 99.4], [-66.1, 99.4], [-66.1, 99.4], [-66.3, 99.4], [-66.4, 99.4], [-66.4, 99.4], [-66.5, 99.5], [-66.6, 99.5], [-66.6, 99.5], [-66.7, 99.5], [-66.7, 99.5], [-66.7, 99.5], [-66.7, 99.5], [-66.7, 99.5], [-71.6, 99.5], [-71.6, 99.5], [-74.3, 99.5], [-93.9, 99.5], [-93.9, 99.5], [-109.2, 99.5], [-109.2, 99.5], [-116.5, 99.5], [-116.5, 99.5], [-129.4, 99.5], [-129.5, 99.5], [-143.5, 99.4], [-143.5, 99.4], [-143.5, 99.4], [-145.1, 99.5], [-145.1, 99.5], [-146.0, 99.5], [-146.1, 99.5], [-146.1, 99.5], [-146.2, 99.5], [-146.2, 99.5], [-146.3, 99.5], [-146.3, 99.5], [-146.3, 99.5], [-148.6, 99.5], [-148.7, 99.5], [-148.9, 99.5], [-148.9, 99.5], [-149.0, 99.5], [-149.0, 99.5], [-149.0, 99.5], [-149.0, 99.5], [-149.0, 99.5], [-149.0, 99.5], [-149.0, 99.5], [-191.1, 99.6], [-191.1, 99.6], [-191.1, 99.6], [-191.2, 99.6], [-191.3, 99.6], [-191.3, 99.6], [-191.4, 99.6], [-191.4, 99.6], [-191.4, 99.6], [-191.4, 99.6], [-191.4, 99.6], [-191.4, 99.6], [-204.8, 99.6], [-204.8, 99.6], [-233.5, 99.7], [-233.5, 99.7], [-233.5, 99.7], [-238.7, 99.7], [-238.7, 99.7], [-240.3, 99.7], [-240.3, 99.7], [-260.8, 99.8], [-260.8, 99.8], [-260.8, 99.8], [-281.6, 99.8], [-281.6, 99.8], [-289.4, 99.8], [-289.4, 99.8], [-293.3, 99.8], [-338.1, 99.8], [-338.2, 99.8], [-339.0, 99.7], [-339.0, 99.7], [-339.1, 99.7], [-339.2, 99.7], [-339.2, 99.7], [-339.2, 99.8], [-339.2, 99.8], [-339.2, 99.8], [-339.2, 99.8], [-339.2, 99.8], [-339.2, 99.8], [-339.2, 99.8], [-339.2, 99.8], [-352.8, 99.8], [-352.8, 99.8], [-352.9, 99.8], [-352.9, 99.7], [-353.9, 99.7], [-354.0, 99.7], [-354.0, 99.7], [-354.1, 99.7], [-354.2, 99.7], [-354.2, 99.8], [-354.2, 99.8], [-354.2, 99.8], [-361.9, 99.8], [-361.9, 99.8], [-361.9, 99.7], [-361.6, 99.4], [-361.5, 99.4], [-361.5, 99.4], [-361.5, 99.3], [-361.5, 99.3], [-361.3, 99.1], [-361.3, 99.1], [-361.3, 99.1], [-361.3, 99.1], [-361.3, 99.1], [-361.3, 99.1], [-361.3, 99.1], [-361.3, 99.1], [-351.5, 99.1], [-351.5, 99.1], [-349.9, 99.2], [-349.9, 99.2], [-349.8, 99.2], [-349.8, 99.2], [-349.7, 99.2], [-349.7, 99.2], [-349.6, 99.1], [-349.6, 99.1], [-349.6, 99.1], [-330.8, 99.1], [-330.8, 99.1], [-330.2, 99.2], [-330.1, 99.2], [-330.1, 99.2], [-330.0, 99.2], [-330.0, 99.1], [-329.9, 99.1], [-329.9, 99.1], [-329.8, 99.0], [-329.8, 99.0], [-329.7, 99.0], [-329.7, 98.9], [-329.7, 98.9], [-329.6, 98.8], [-329.6, 98.8], [-329.6, 98.7], [-329.6, 98.7], [-329.6, 98.6], [-329.6, 98.2], [-329.6, 98.2], [-329.6, 98.1], [-329.6, 98.1], [-329.6, 98.1], [-329.6, 98.1], [-329.6, 97.8], [-329.6, 97.8], [-329.6, 97.5], [-329.6, 97.5], [-329.6, 97.4], [-329.6, 97.4], [-329.6, 97.4], [-329.6, 95.3], [-329.6, 95.3], [-329.6, 95.3], [-329.6, 95.3], [-329.6, 95.3], [-329.6, 95.2], [-329.6, 95.0], [-329.6, 95.0], [-329.6, 95.0], [-329.6, 95.0], [-329.6, 95.0], [-329.6, 94.9], [-329.6, 94.9], [-329.6, 93.0], [-329.6, 93.0], [-329.6, 92.8], [-329.6, 91.6], [-329.6, 91.5], [-329.6, 91.5], [-329.6, 91.4], [-329.6, 91.4], [-329.7, 91.3], [-329.7, 91.3], [-329.7, 91.2], [-329.8, 91.2], [-329.8, 91.2], [-329.8, 91.1], [-329.9, 91.1], [-329.9, 91.1], [-330.0, 91.1], [-330.0, 91.0], [-330.1, 91.0], [-330.2, 91.0], [-361.3, 91.0], [-361.3, 91.0], [-361.3, 91.0], [-362.5, 89.9], [-362.5, 89.9], [-363.4, 89.0], [-363.4, 89.0], [-363.4, 89.0], [-363.4, 88.9], [-363.5, 88.9], [-363.5, 88.9], [-363.5, 88.9], [-363.5, 88.8], [-363.6, 88.8], [-363.6, 88.8], [-363.7, 88.7], [-363.7, 88.7], [-363.7, 88.7], [-363.7, 88.7], [-363.8, 88.6], [-363.8, 88.6], [-363.8, 88.5], [-364.0, 88.4], [-364.0, 88.3], [-364.4, 88.0], [-364.5, 88.0], [-364.5, 88.0], [-364.6, 87.8], [-364.6, 87.7], [-364.7, 87.7], [-364.9, 87.4]]]}},
{"type": "Feature", "properties": {"level": "platform", "type": "platform", "platform": "7", "source": "Moynihan Station EA, Figure 3-4, February 2010, PDF page 2"}, "geometry": {"type": "Polygon", "coordinates": [[[-652.8, 76.9], [-652.8, 76.9], [-652.6, 76.9], [-652.5, 76.9], [-652.5, 76.9], [-652.5, 76.9], [-652.5, 76.9], [-652.5, 76.9], [-652.4, 76.9], [-650.8, 76.9], [-650.8, 76.9], [-650.7, 76.9], [-650.7, 76.9], [-650.6, 76.8], [-650.5, 76.8], [-650.5, 76.8], [-650.5, 76.8], [-650.4, 76.7], [-650.4, 76.7], [-650.3, 76.6], [-650.3, 76.6], [-650.3, 76.5], [-650.3, 76.5], [-650.3, 76.4], [-650.2, 76.4], [-650.2, 76.3], [-650.2, 74.9], [-650.2, 74.9], [-650.2, 74.8], [-650.2, 74.8], [-650.2, 74.8], [-650.2, 74.8], [-650.2, 74.8], [-650.2, 74.7], [-650.2, 74.7], [-650.2, 74.7], [-650.2, 74.7], [-650.2, 74.7], [-650.2, 74.6], [-650.2, 74.6], [-650.2, 74.5], [-650.2, 74.5], [-650.2, 74.5], [-650.2, 74.5], [-650.2, 74.5], [-650.2, 73.9], [-650.2, 73.9], [-650.2, 73.3], [-650.2, 73.3], [-650.2, 72.9], [-650.2, 72.9], [-650.2, 72.2], [-650.2, 72.2], [-650.2, 72.2], [-650.2, 72.1], [-650.2, 72.1], [-650.2, 72.1], [-650.2, 71.7], [-650.2, 71.7], [-650.2, 71.6], [-650.2, 71.6], [-650.2, 71.6], [-650.2, 71.6], [-650.2, 71.2], [-650.2, 71.2], [-650.2, 71.1], [-650.2, 71.1], [-650.2, 71.0], [-650.2, 71.0], [-650.2, 71.0], [-650.2, 71.0], [-650.2, 70.9], [-650.2, 70.8], [-650.2, 70.8], [-638.5, 71.4], [-638.4, 71.4], [-638.4, 71.4], [-638.4, 71.4], [-631.1, 72.0], [-631.0, 72.0], [-631.0, 72.0], [-628.5, 72.3], [-628.5, 72.3], [-628.5, 72.3], [-620.7, 73.1], [-620.7, 73.1], [-620.6, 73.1], [-620.6, 73.1], [-620.6, 73.1], [-611.5, 74.1], [-611.5, 74.1], [-611.5, 74.1], [-611.4, 74.1], [-611.4, 74.1], [-597.8, 75.5], [-597.8, 75.5], [-591.2, 76.2], [-591.2, 76.2], [-591.2, 76.2], [-591.2, 76.2], [-591.2, 76.2], [-578.1, 77.4], [-578.1, 77.4], [-578.0, 77.4], [-554.7, 79.3], [-554.7, 79.3], [-554.7, 79.3], [-551.7, 79.5], [-551.7, 79.5], [-551.7, 79.5], [-551.6, 79.5], [-551.6, 79.5], [-551.5, 79.5], [-551.5, 79.6], [-551.4, 79.6], [-545.3, 79.9], [-545.3, 79.9], [-545.2, 79.9], [-532.6, 80.6], [-532.5, 80.6], [-532.5, 80.6], [-532.5, 80.7], [-532.4, 80.7], [-532.4, 80.7], [-532.3, 80.7], [-519.1, 81.3], [-519.0, 81.3], [-519.0, 81.3], [-518.9, 81.3], [-518.9, 81.3], [-518.9, 81.3], [-508.0, 81.7], [-508.0, 81.7], [-506.6, 81.8], [-506.6, 81.8], [-506.5, 81.8], [-506.5, 81.8], [-506.4, 81.7], [-506.4, 81.7], [-506.3, 81.7], [-506.3, 81.7], [-506.3, 81.7], [-503.9, 81.8], [-503.9, 81.8], [-503.9, 81.8], [-503.8, 81.8], [-485.1, 82.0], [-485.1, 82.0], [-485.1, 82.0], [-485.1, 82.0], [-485.1, 82.0], [-467.8, 82.2], [-467.8, 82.2], [-467.8, 82.2], [-467.7, 82.2], [-458.0, 82.4], [-458.0, 82.4], [-458.0, 82.4], [-445.5, 82.2], [-445.5, 82.2], [-445.4, 82.2], [-445.4, 82.2], [-445.4, 82.2], [-436.5, 82.2], [-436.5, 82.2], [-436.5, 82.2], [-428.8, 82.1], [-428.8, 82.1], [-428.8, 82.1], [-420.9, 82.1], [-420.9, 82.1], [-420.9, 82.1], [-420.9, 82.1], [-420.0, 82.1], [-419.9, 82.1], [-419.9, 82.1], [-419.8, 82.1], [-419.8, 82.1], [-419.8, 82.1], [-419.8, 82.1], [-419.8, 82.1], [-400.1, 82.0], [-400.0, 82.0], [-400.0, 82.0], [-400.0, 82.0], [-385.3, 82.0], [-385.3, 82.0], [-385.3, 82.0], [-385.3, 82.7], [-385.3, 82.7], [-385.3, 82.8], [-385.3, 82.8], [-385.3, 83.8], [-385.3, 83.8], [-385.3, 83.8], [-385.3, 83.9], [-385.3, 84.1], [-385.3, 84.1], [-385.3, 84.2], [-385.3, 84.6], [-385.3, 84.6], [-385.3, 84.6], [-385.3, 84.6], [-385.3, 84.7], [-385.3, 84.7], [-385.3, 85.1], [-385.3, 85.1], [-385.3, 85.2], [-385.3, 86.2], [-385.3, 86.2], [-385.3, 86.2], [-385.3, 86.2], [-385.3, 86.7], [-385.3, 86.8], [-385.3, 86.9], [-385.3, 87.4], [-385.3, 87.4], [-385.3, 87.6], [-385.3, 87.6], [-385.3, 87.6], [-385.3, 87.7], [-385.3, 87.7], [-385.3, 87.7], [-385.3, 87.7], [-385.3, 87.8], [-385.3, 87.8], [-385.3, 87.8], [-385.3, 87.9], [-385.3, 87.9], [-385.3, 87.9], [-385.3, 87.9], [-385.3, 90.0], [-385.3, 90.0], [-385.3, 90.1], [-385.3, 90.1], [-385.3, 90.1], [-385.3, 90.3], [-385.3, 90.4], [-385.3, 90.4], [-385.3, 91.3], [-385.3, 91.3], [-385.3, 91.4], [-385.3, 91.4], [-385.3, 92.3], [-385.3, 92.3], [-385.3, 92.5], [-385.3, 92.5], [-385.3, 92.5], [-385.3, 92.5], [-385.3, 92.6], [-385.3, 92.6], [-385.3, 92.9], [-385.3, 92.9], [-385.3, 93.6], [-385.3, 94.8], [-385.3, 94.8], [-385.3, 95.1], [-385.3, 95.1], [-385.3, 95.1], [-385.3, 95.1], [-385.3, 95.2], [-385.3, 95.2], [-385.3, 95.2], [-385.3, 95.6], [-385.3, 95.6], [-385.3, 96.5], [-385.3, 96.7], [-385.3, 96.7], [-385.3, 97.4], [-385.3, 97.4], [-385.3, 97.4], [-385.3, 97.5], [-385.3, 98.1], [-385.3, 98.2], [-385.3, 98.2], [-385.3, 98.2], [-385.3, 98.3], [-385.3, 98.3], [-385.3, 98.8], [-385.3, 98.9], [-385.3, 98.9], [-385.3, 99.8], [-385.3, 99.8], [-385.3, 99.8], [-385.3, 99.8], [-385.3, 99.8], [-387.0, 99.8], [-387.0, 99.8], [-414.4, 99.5], [-414.4, 99.5], [-414.4, 99.5], [-414.4, 99.5], [-414.4, 99.5], [-426.5, 99.4], [-426.5, 99.4], [-426.5, 99.4], [-426.5, 99.4], [-432.3, 99.2], [-432.3, 99.2], [-432.7, 99.2], [-432.7, 99.2], [-432.8, 99.2], [-432.8, 99.2], [-432.8, 99.2], [-432.8, 99.2], [-432.8, 99.2], [-432.8, 99.2], [-432.8, 99.2], [-451.6, 98.6], [-451.6, 98.6], [-451.6, 98.6], [-451.6, 98.6], [-458.0, 98.5], [-458.0, 98.5], [-478.1, 97.3], [-478.1, 97.3], [-478.1, 97.3], [-490.2, 96.4], [-490.2, 96.4], [-491.7, 96.3], [-491.7, 96.3], [-495.6, 95.9], [-495.6, 95.9], [-495.6, 95.9], [-508.0, 94.9], [-508.0, 94.9], [-508.0, 94.9], [-526.6, 93.0], [-526.6, 93.0], [-530.5, 92.6], [-530.5, 92.6], [-530.5, 92.6], [-530.5, 92.6], [-546.7, 90.9], [-546.7, 90.9], [-546.7, 90.9], [-546.7, 90.9], [-556.3, 89.8], [-556.3, 89.8], [-556.3, 89.8], [-556.3, 89.8], [-556.3, 89.8], [-556.3, 89.8], [-556.3, 89.8], [-556.4, 89.7], [-556.4, 89.7], [-556.5, 89.7], [-556.5, 89.7], [-556.6, 89.7], [-557.4, 89.7], [-557.4, 89.7], [-557.4, 89.7], [-568.3, 88.5], [-568.3, 88.5], [-568.3, 88.5], [-568.3, 88.5], [-568.3, 88.5], [-568.4, 88.5], [-568.4, 88.5], [-568.5, 88.4], [-568.5, 88.4], [-568.6, 88.4], [-568.6, 88.4], [-568.7, 88.4], [-569.2, 88.4], [-569.2, 88.4], [-569.2, 88.4], [-584.8, 86.7], [-584.8, 86.7], [-584.8, 86.7], [-601.8, 84.6], [-601.8, 84.6], [-601.8, 84.6], [-604.3, 84.3], [-604.3, 84.3], [-604.3, 84.3], [-604.3, 84.3], [-604.3, 84.3], [-604.3, 84.3], [-604.3, 84.3], [-604.3, 84.3], [-609.5, 83.7], [-609.5, 83.7], [-609.5, 83.7], [-609.5, 83.7], [-616.2, 82.7], [-616.2, 82.7], [-616.2, 82.7], [-620.7, 82.1], [-620.7, 82.1], [-620.7, 82.1], [-632.0, 80.5], [-632.0, 80.5], [-632.0, 80.5], [-632.8, 80.3], [-632.8, 80.3], [-635.5, 79.9], [-635.5, 79.9], [-647.8, 77.9], [-647.8, 77.9], [-647.8, 77.9], [-652.8, 76.9], [-652.8, 76.9]]]}},
{"type": "Feature", "properties": {"level": "platform", "type": "platform", "platform": "8", "source": "Moynihan Station EA, Figure 3-4, February 2010, PDF page 2"}, "geometry": {"type": "Polygon", "coordinates": [[[-23.8, 141.4], [-23.8, 141.4], [-23.8, 140.5], [-23.8, 140.4], [-23.8, 140.4], [-23.8, 139.9], [-23.8, 139.1], [-23.8, 139.1], [-23.8, 138.8], [-23.8, 138.5], [-23.8, 138.5], [-23.8, 137.6], [-23.8, 135.6], [-23.8, 135.6], [-23.8, 135.6], [-23.8, 134.6], [-23.8, 134.6], [-23.8, 133.6], [-23.8, 132.0], [-23.8, 132.0], [-23.8, 131.0], [-23.8, 127.8], [-23.8, 127.8], [-23.8, 127.8], [-23.8, 127.7], [-23.8, 125.9], [-23.8, 125.9], [-23.8, 125.8], [-23.8, 125.5], [-23.8, 125.5], [-23.8, 125.2], [-23.8, 125.1], [-23.8, 125.1], [-14.2, 125.1], [-14.2, 125.1], [-14.2, 125.1], [-14.2, 125.2], [-14.1, 125.2], [-14.0, 125.2], [-14.0, 125.2], [-13.1, 125.1], [-13.1, 125.1], [-13.1, 125.2], [-13.1, 125.4], [-13.1, 125.4], [-13.1, 125.4], [-13.1, 125.4], [-13.1, 125.5], [-13.1, 126.6], [-13.1, 126.6], [-13.0, 126.7], [-13.0, 126.7], [-13.0, 126.8], [-13.0, 126.8], [-13.0, 126.9], [-12.9, 126.9], [-12.9, 127.0], [-12.9, 127.0], [-12.8, 127.0], [-12.8, 127.1], [-12.7, 127.1], [-12.7, 127.1], [-12.6, 127.1], [-12.5, 127.1], [-12.5, 127.1], [-7.1, 127.1], [-7.1, 127.1], [-4.7, 127.1], [-4.6, 127.1], [1.2, 127.1], [1.3, 127.1], [1.3, 127.1], [1.4, 127.1], [1.4, 127.1], [1.5, 127.1], [1.5, 127.0], [1.6, 127.0], [1.6, 127.0], [1.6, 126.9], [1.7, 126.9], [1.7, 126.8], [1.7, 126.8], [1.8, 126.7], [1.8, 126.7], [1.8, 126.6], [1.8, 126.6], [1.8, 125.2], [1.8, 125.1], [1.8, 125.1], [48.6, 125.1], [48.6, 125.1], [48.6, 125.1], [66.5, 125.1], [66.5, 125.1], [66.5, 125.1], [66.5, 125.1], [66.6, 125.1], [111.6, 125.1], [111.7, 125.1], [111.7, 125.1], [111.7, 125.1], [111.7, 125.1], [111.7, 125.1], [111.7, 125.1], [111.7, 125.1], [125.6, 125.1], [125.6, 125.1], [125.6, 125.1], [125.6, 125.2], [125.6, 125.7], [125.6, 125.7], [125.6, 125.8], [125.6, 130.3], [125.6, 130.3], [125.6, 130.3], [125.6, 130.4], [125.6, 130.5], [125.6, 130.5], [125.6, 131.0], [125.6, 132.1], [125.6, 132.1], [125.6, 132.2], [125.6, 132.4], [125.6, 132.4], [125.6, 132.9], [125.6, 133.6], [125.6, 133.6], [125.6, 133.8], [125.6, 135.2], [125.6, 135.2], [125.6, 135.9], [125.6, 136.4], [125.6, 136.4], [125.6, 136.5], [125.6, 136.5], [125.6, 138.4], [125.6, 138.5], [125.6, 138.5], [125.6, 138.5], [125.6, 139.7], [125.6, 139.7], [125.6, 140.0], [125.6, 140.1], [125.6, 140.1], [125.6, 140.2], [125.6, 141.0], [125.6, 141.1], [125.6, 142.7], [125.6, 142.7], [125.6, 143.3], [125.6, 143.3], [125.6, 143.3], [125.6, 143.4], [125.6, 144.1], [125.6, 144.1], [125.6, 144.1], [125.6, 144.1], [125.6, 144.2], [125.6, 144.2], [125.6, 145.6], [125.6, 145.6], [125.6, 145.7], [125.6, 145.7], [125.6, 145.9], [125.6, 145.9], [125.6, 145.9], [109.5, 145.9], [109.5, 145.9], [78.2, 145.9], [78.2, 145.9], [56.0, 145.9], [55.9, 145.9], [55.9, 145.9], [55.9, 145.9], [55.9, 145.9], [55.9, 145.9], [55.9, 145.9], [35.7, 145.8], [35.7, 145.8], [27.5, 145.9], [27.5, 145.9], [27.5, 145.9], [27.5, 145.9], [-2.4, 145.9], [-2.4, 145.9], [-23.8, 145.9], [-23.8, 145.9], [-23.8, 145.9], [-23.8, 145.0], [-23.8, 144.9], [-23.8, 144.9], [-23.8, 144.9], [-23.8, 143.7], [-23.8, 143.7], [-23.8, 143.7], [-23.8, 143.6], [-23.8, 141.4]]]}},
{"type": "Feature", "properties": {"level": "platform", "type": "platform", "platform": "8", "source": "Moynihan Station EA, Figure 3-4, February 2010, PDF page 2"}, "geometry": {"type": "Polygon", "coordinates": [[[-363.5, 125.3], [-363.5, 125.3], [-346.3, 125.2], [-346.3, 125.2], [-269.4, 125.2], [-269.4, 125.2], [-237.0, 125.5], [-237.0, 125.5], [-237.0, 125.5], [-237.0, 125.5], [-237.0, 125.5], [-236.9, 125.5], [-236.9, 125.5], [-236.9, 125.5], [-229.4, 125.6], [-229.4, 125.6], [-217.1, 125.7], [-217.1, 125.7], [-217.1, 125.7], [-217.1, 125.7], [-217.1, 125.7], [-217.0, 125.7], [-217.0, 125.7], [-217.0, 125.7], [-216.7, 125.7], [-216.7, 125.7], [-211.6, 125.7], [-211.6, 125.7], [-187.2, 125.2], [-187.2, 125.2], [-187.2, 125.2], [-187.2, 125.2], [-165.6, 125.2], [-165.6, 125.2], [-137.7, 125.2], [-137.7, 125.2], [-137.6, 125.2], [-137.6, 125.2], [-137.6, 125.2], [-137.6, 125.2], [-91.5, 125.1], [-91.5, 125.1], [-91.5, 125.1], [-91.4, 125.1], [-91.4, 125.1], [-66.1, 125.1], [-66.1, 125.1], [-66.1, 125.1], [-66.1, 125.2], [-66.1, 127.0], [-66.1, 127.0], [-66.1, 127.1], [-66.1, 127.1], [-66.1, 127.1], [-66.1, 131.8], [-66.1, 131.8], [-66.1, 131.8], [-66.1, 131.8], [-66.1, 133.7], [-66.1, 133.7], [-66.1, 133.7], [-66.1, 133.7], [-66.1, 136.2], [-66.1, 136.2], [-66.1, 137.0], [-66.1, 137.1], [-66.1, 137.1], [-66.1, 137.1], [-66.1, 137.2], [-66.1, 138.3], [-66.1, 138.3], [-66.1, 138.8], [-66.1, 140.0], [-66.1, 140.0], [-66.1, 140.0], [-66.1, 140.4], [-66.1, 140.6], [-66.1, 140.7], [-66.1, 140.7], [-66.1, 140.7], [-66.1, 140.7], [-66.1, 140.7], [-66.1, 141.3], [-66.1, 141.3], [-66.1, 141.3], [-66.4, 141.3], [-66.4, 141.3], [-79.8, 141.3], [-79.8, 141.3], [-79.8, 141.3], [-79.8, 141.3], [-79.9, 141.3], [-79.9, 141.2], [-80.0, 141.2], [-80.0, 141.2], [-80.1, 141.2], [-80.1, 141.2], [-80.2, 141.2], [-81.2, 141.2], [-81.2, 141.2], [-81.3, 141.2], [-81.3, 141.2], [-81.4, 141.3], [-81.4, 141.3], [-81.5, 141.3], [-81.5, 141.4], [-81.6, 141.4], [-81.6, 141.4], [-81.6, 141.5], [-81.7, 141.5], [-81.7, 141.6], [-81.7, 141.6], [-81.7, 141.7], [-81.7, 141.7], [-81.7, 141.8], [-81.7, 141.8], [-81.7, 141.8], [-81.7, 141.8], [-81.7, 141.8], [-81.7, 141.8], [-81.7, 141.9], [-81.7, 141.9], [-81.7, 142.4], [-81.7, 142.4], [-81.7, 142.4], [-81.7, 142.4], [-81.7, 142.5], [-81.7, 142.5], [-81.6, 143.5], [-81.6, 143.5], [-81.6, 143.5], [-81.6, 143.5], [-81.6, 143.6], [-81.6, 143.7], [-81.4, 145.6], [-81.4, 145.6], [-81.4, 145.6], [-81.4, 145.6], [-81.4, 145.6], [-85.0, 145.8], [-85.0, 145.8], [-143.6, 145.9], [-143.6, 145.9], [-144.0, 145.9], [-144.0, 145.9], [-144.0, 145.9], [-144.0, 145.9], [-144.1, 145.9], [-144.1, 145.9], [-144.6, 145.9], [-144.6, 145.9], [-144.6, 145.9], [-174.0, 145.7], [-174.1, 145.7], [-189.5, 145.7], [-189.5, 145.7], [-204.2, 145.6], [-204.2, 145.6], [-204.3, 145.6], [-211.8, 145.5], [-211.8, 145.5], [-233.8, 145.0], [-233.8, 145.0], [-238.3, 144.9], [-238.4, 144.9], [-238.4, 144.9], [-262.9, 144.0], [-262.9, 144.0], [-265.1, 144.0], [-265.1, 144.0], [-289.8, 142.9], [-289.8, 142.9], [-315.9, 141.1], [-315.9, 141.1], [-325.2, 140.4], [-325.2, 140.4], [-330.9, 140.1], [-330.9, 140.1], [-330.9, 140.1], [-339.7, 139.4], [-339.8, 139.4], [-344.8, 138.9], [-344.8, 138.9], [-344.8, 138.9], [-359.9, 137.5], [-359.9, 137.5], [-362.1, 137.4], [-362.1, 137.4], [-362.1, 137.4], [-362.8, 137.3], [-362.8, 137.3], [-362.8, 137.3], [-362.8, 137.3], [-361.2, 135.6], [-361.2, 135.6], [-361.2, 135.6], [-330.2, 135.6], [-330.1, 135.6], [-330.0, 135.6], [-330.0, 135.6], [-329.9, 135.6], [-329.9, 135.6], [-329.8, 135.5], [-329.8, 135.5], [-329.8, 135.5], [-329.7, 135.4], [-329.7, 135.4], [-329.7, 135.3], [-329.6, 135.3], [-329.6, 135.2], [-329.6, 135.2], [-329.6, 135.1], [-329.6, 135.1], [-329.6, 133.7], [-329.6, 133.6], [-329.6, 133.6], [-329.6, 133.5], [-329.6, 133.2], [-329.6, 133.2], [-329.6, 132.0], [-329.6, 131.6], [-329.6, 131.6], [-329.6, 131.0], [-329.6, 129.8], [-329.6, 129.8], [-329.6, 129.7], [-329.6, 129.7], [-329.6, 129.7], [-329.6, 129.7], [-329.6, 129.7], [-329.6, 129.0], [-329.6, 129.0], [-329.6, 128.8], [-329.6, 128.1], [-329.6, 128.0], [-329.6, 128.0], [-329.6, 127.9], [-329.6, 127.9], [-329.7, 127.8], [-329.7, 127.8], [-329.7, 127.7], [-329.8, 127.7], [-329.8, 127.6], [-329.8, 127.6], [-329.9, 127.6], [-329.9, 127.6], [-330.0, 127.5], [-330.0, 127.5], [-330.1, 127.5], [-330.2, 127.5], [-361.3, 127.5], [-361.3, 127.5], [-361.3, 127.5], [-361.3, 127.5], [-361.3, 127.5], [-361.3, 127.5], [-361.3, 127.5], [-361.8, 127.1], [-361.8, 127.1], [-362.7, 126.2], [-362.7, 126.1], [-363.1, 125.8], [-363.1, 125.8], [-363.1, 125.8], [-363.1, 125.8], [-363.5, 125.3], [-363.5, 125.3]]]}},
{"type": "Feature", "properties": {"level": "platform", "type": "platform", "platform": "9", "source": "Moynihan Station EA, Figure 3-4, February 2010, PDF page 2"}, "geometry": {"type": "Polygon", "coordinates": [[[-23.8, 171.7], [-23.8, 171.7], [-23.8, 171.7], [3.5, 171.4], [16.2, 171.3], [16.2, 171.3], [45.7, 171.3], [45.7, 171.3], [47.5, 171.3], [47.5, 171.3], [80.2, 171.3], [80.2, 171.3], [125.6, 171.3], [125.6, 171.3], [125.6, 171.3], [125.6, 190.3], [125.6, 190.3], [125.6, 190.3], [125.6, 190.3], [125.6, 192.0], [125.6, 192.0], [125.6, 192.0], [80.1, 191.8], [80.1, 191.8], [80.1, 191.8], [80.0, 191.8], [80.0, 191.8], [80.0, 191.8], [80.0, 191.8], [47.3, 191.8], [47.3, 191.8], [45.6, 191.8], [16.0, 191.8], [16.0, 191.8], [3.4, 191.9], [3.4, 191.9], [-23.8, 191.9], [-23.8, 191.9], [-23.8, 191.9], [-23.8, 173.6], [-23.8, 173.6], [-23.8, 171.8], [-23.8, 171.7]]]}},
{"type": "Feature", "properties": {"level": "platform", "type": "platform", "platform": "9", "source": "Moynihan Station EA, Figure 3-4, February 2010, PDF page 2"}, "geometry": {"type": "Polygon", "coordinates": [[[-168.1, 188.8], [-168.1, 188.8], [-168.0, 181.3], [-168.0, 181.3], [-168.0, 181.3], [-168.0, 181.3], [-160.6, 180.8], [-160.6, 180.8], [-153.4, 180.4], [-153.4, 180.4], [-153.4, 180.4], [-149.6, 180.1], [-149.6, 180.1], [-149.6, 180.1], [-135.4, 178.6], [-135.4, 178.6], [-124.4, 177.5], [-124.4, 177.5], [-124.4, 177.5], [-115.0, 176.5], [-115.0, 176.5], [-115.0, 176.5], [-115.0, 176.5], [-105.1, 175.6], [-105.1, 175.6], [-105.1, 175.6], [-103.2, 175.4], [-103.2, 175.4], [-103.2, 175.4], [-103.1, 175.4], [-76.0, 173.6], [-76.0, 173.6], [-72.2, 173.3], [-72.2, 173.3], [-72.2, 173.3], [-72.2, 173.3], [-66.0, 173.0], [-66.0, 173.0], [-66.0, 173.0], [-66.0, 182.9], [-66.0, 182.9], [-66.0, 182.9], [-66.0, 182.9], [-72.0, 182.9], [-72.0, 182.9], [-72.1, 182.9], [-72.2, 182.9], [-72.2, 182.9], [-72.3, 183.0], [-72.3, 183.0], [-72.3, 183.0], [-72.4, 183.1], [-72.4, 183.1], [-72.5, 183.2], [-72.5, 183.2], [-72.5, 183.2], [-72.5, 183.3], [-72.5, 183.4], [-72.6, 183.4], [-72.6, 183.5], [-72.6, 190.4], [-72.6, 190.4], [-72.6, 190.4], [-72.7, 190.4], [-72.7, 190.4], [-103.4, 190.4], [-103.5, 190.4], [-103.5, 190.4], [-115.9, 190.4], [-115.9, 190.4], [-115.9, 190.4], [-120.2, 190.4], [-120.3, 190.4], [-120.4, 190.4], [-120.4, 190.4], [-120.5, 190.4], [-120.5, 190.5], [-120.6, 190.5], [-120.6, 190.5], [-120.6, 190.6], [-120.7, 190.6], [-120.7, 190.6], [-120.7, 190.7], [-120.8, 190.7], [-120.8, 190.8], [-120.8, 190.9], [-120.8, 190.9], [-120.8, 191.0], [-120.8, 191.4], [-120.8, 191.4], [-120.8, 191.4], [-124.5, 191.3], [-124.5, 191.3], [-124.6, 191.3], [-124.6, 191.3], [-135.5, 190.9], [-135.5, 190.9], [-135.6, 190.9], [-135.6, 190.9], [-135.6, 190.9], [-149.6, 190.3], [-149.6, 190.3], [-149.7, 190.3], [-153.5, 190.2], [-153.5, 190.2], [-153.5, 190.2], [-160.6, 189.5], [-160.7, 189.5], [-168.1, 188.8], [-168.1, 188.8]]]}},
{"type": "Feature", "properties": {"level": "platform", "type": "platform", "platform": "diagonal", "source": "Moynihan Station EA, Figure 3-4, February 2010, PDF page 2"}, "geometry": {"type": "Polygon", "coordinates": [[[-435.1, -125.2], [-435.1, -125.2], [-435.1, -125.2], [-435.1, -125.2], [-435.1, -125.2], [-435.1, -125.2], [-417.3, -125.2], [-417.2, -125.2], [-417.2, -125.2], [-417.2, -125.2], [-416.3, -125.2], [-416.3, -125.2], [-416.2, -125.2], [-416.2, -125.2], [-416.1, -125.2], [-416.1, -125.3], [-416.0, -125.3], [-416.0, -125.3], [-415.9, -125.4], [-415.9, -125.4], [-415.9, -125.5], [-415.8, -125.5], [-415.8, -125.6], [-415.8, -125.6], [-415.8, -125.7], [-415.8, -125.7], [-415.8, -125.8], [-415.8, -132.3], [-415.8, -132.3], [-415.8, -132.3], [-415.8, -132.3], [-415.8, -137.2], [-415.8, -137.2], [-415.8, -137.3], [-415.8, -137.3], [-415.8, -137.4], [-415.8, -137.4], [-415.9, -137.5], [-415.9, -137.5], [-415.9, -137.6], [-416.0, -137.6], [-416.0, -137.7], [-416.1, -137.7], [-416.1, -137.7], [-416.2, -137.7], [-416.2, -137.7], [-416.3, -137.7], [-416.3, -137.7], [-417.2, -137.7], [-417.2, -137.7], [-417.5, -137.7], [-425.8, -137.7], [-425.8, -137.7], [-425.8, -137.7], [-417.5, -139.1], [-417.5, -139.1], [-417.4, -139.1], [-407.8, -140.8], [-407.8, -140.8], [-407.8, -140.8], [-407.7, -140.8], [-407.7, -140.8], [-407.7, -140.8], [-395.8, -142.8], [-395.7, -142.8], [-395.7, -142.8], [-395.7, -142.8], [-395.7, -142.8], [-375.1, -146.3], [-375.1, -146.3], [-375.1, -146.3], [-366.8, -147.8], [-366.8, -147.8], [-347.0, -151.1], [-347.0, -151.1], [-339.3, -152.3], [-339.3, -152.3], [-339.3, -152.3], [-329.6, -153.9], [-329.5, -153.9], [-329.5, -153.9], [-329.5, -153.9], [-329.5, -153.9], [-329.5, -153.9], [-327.9, -154.1], [-327.9, -154.1], [-315.2, -156.3], [-315.2, -156.3], [-315.2, -156.3], [-315.2, -156.3], [-315.2, -156.3], [-297.2, -159.4], [-297.2, -159.4], [-290.8, -160.5], [-290.8, -160.5], [-290.8, -160.5], [-272.3, -163.6], [-272.3, -163.6], [-272.3, -163.6], [-263.1, -165.1], [-263.1, -165.1], [-263.1, -165.1], [-259.8, -165.6], [-259.8, -165.6], [-259.7, -165.6], [-259.7, -165.6], [-248.5, -167.4], [-248.5, -167.4], [-248.5, -167.4], [-248.5, -152.1], [-248.5, -152.1], [-248.5, -140.7], [-248.5, -140.6], [-248.5, -140.6], [-248.5, -140.5], [-248.5, -140.5], [-248.5, -140.4], [-248.4, -140.4], [-248.4, -140.3], [-248.4, -140.3], [-248.3, -140.2], [-248.3, -140.2], [-248.2, -140.2], [-248.2, -140.2], [-248.1, -140.1], [-248.1, -140.1], [-248.0, -140.1], [-248.0, -140.1], [-238.5, -140.1], [-238.5, -140.1], [-229.2, -140.2], [-229.2, -140.2], [-229.1, -140.2], [-229.0, -140.2], [-229.0, -140.2], [-228.9, -140.3], [-228.9, -140.3], [-228.8, -140.3], [-228.8, -140.4], [-228.8, -140.4], [-228.7, -140.4], [-228.7, -140.5], [-228.7, -140.5], [-228.7, -140.6], [-228.7, -140.7], [-228.6, -140.7], [-228.6, -140.8], [-228.7, -162.1], [-228.7, -162.1], [-228.7, -162.1], [-228.4, -162.1], [-228.4, -162.1], [-228.4, -162.1], [-226.0, -162.1], [-226.0, -162.1], [-223.3, -162.1], [-215.9, -162.1], [-215.9, -162.1], [-212.7, -162.1], [-195.9, -162.1], [-195.9, -162.1], [-154.2, -162.1], [-118.2, -162.1], [-118.2, -162.1], [-118.2, -162.1], [-118.2, -162.1], [-118.2, -142.1], [-118.2, -142.1], [-118.2, -142.1], [-143.9, -135.9], [-143.9, -135.9], [-143.9, -135.9], [-143.9, -135.9], [-153.7, -135.0], [-153.7, -135.0], [-212.2, -129.3], [-212.2, -129.3], [-216.3, -128.7], [-227.8, -127.3], [-227.8, -127.3], [-227.8, -127.3], [-259.0, -122.4], [-259.0, -122.4], [-262.4, -121.8], [-262.4, -121.8], [-271.5, -119.9], [-271.5, -119.9], [-271.6, -119.9], [-290.0, -116.3], [-290.1, -116.3], [-296.5, -114.9], [-296.5, -114.9], [-314.4, -110.8], [-314.5, -110.8], [-327.1, -108.0], [-327.1, -108.0], [-328.7, -107.7], [-328.7, -107.7], [-328.7, -107.7], [-338.4, -105.9], [-338.5, -105.9], [-338.5, -105.8], [-346.2, -104.6], [-364.9, -101.4], [-364.9, -101.4], [-364.9, -101.4], [-364.9, -116.8], [-364.9, -116.9], [-364.9, -116.9], [-364.9, -117.0], [-365.0, -117.0], [-365.0, -117.1], [-365.0, -117.1], [-365.0, -117.2], [-365.1, -117.2], [-365.1, -117.3], [-365.2, -117.3], [-365.2, -117.3], [-365.3, -117.4], [-365.3, -117.4], [-365.4, -117.4], [-365.4, -117.4], [-365.5, -117.4], [-400.8, -117.4], [-400.9, -117.4], [-400.9, -117.4], [-407.3, -117.4], [-407.3, -117.4], [-407.3, -117.4], [-412.1, -117.4], [-412.2, -117.4], [-412.2, -117.4], [-417.1, -117.4], [-417.1, -117.4], [-417.1, -117.4], [-427.9, -117.4], [-427.9, -117.4], [-427.9, -117.4], [-427.9, -117.4], [-427.9, -117.4], [-427.9, -117.4], [-428.0, -117.4], [-435.1, -117.4], [-435.1, -117.4], [-435.1, -117.4], [-435.1, -125.2]]]}},
{"type": "Feature", "properties": {"level": "platform", "type": "escalator", "platform": "8", "vce_name": "P8-S1", "source": "Moynihan Station EA, Figure 3-4, February 2010, PDF page 2"}, "geometry": {"type": "Polygon", "coordinates": [[[-203.9, 137.2], [-153.2, 137.2], [-153.2, 141.4], [-203.9, 141.4], [-203.9, 137.2]]]}},
{"type": "Feature", "properties": {"level": "platform", "type": "escalator", "platform": "8", "vce_name": "P8-S2", "source": "Moynihan Station EA, Figure 3-4, February 2010, PDF page 2"}, "geometry": {"type": "Polygon", "coordinates": [[[-150.8, 136.4], [-100.2, 136.4], [-100.2, 142.1], [-150.8, 142.1], [-150.8, 136.4]]]}},
{"type": "Feature", "properties": {"level": "platform", "type": "escalator", "platform": "7", "vce_name": "P7-S2", "source": "Moynihan Station EA, Figure 3-4, February 2010, PDF page 2"}, "geometry": {"type": "Polygon", "coordinates": [[[-204.2, 91.2], [-153.5, 91.2], [-153.5, 95.4], [-204.2, 95.4], [-204.2, 91.2]]]}},
{"type": "Feature", "properties": {"level": "platform", "type": "escalator", "platform": "7", "vce_name": "P7-S3", "source": "Moynihan Station EA, Figure 3-4, February 2010, PDF page 2"}, "geometry": {"type": "Polygon", "coordinates": [[[-150.1, 91.9], [-100.5, 91.9], [-100.5, 94.7], [-150.1, 94.7], [-150.1, 91.9]]]}},
{"type": "Feature", "properties": {"level": "platform", "type": "escalator", "platform": "6", "vce_name": "P6-S2", "source": "Moynihan Station EA, Figure 3-4, February 2010, PDF page 2"}, "geometry": {"type": "Polygon", "coordinates": [[[-204.2, 44.2], [-153.5, 44.2], [-153.5, 48.3], [-204.2, 48.3], [-204.2, 44.2]]]}},
{"type": "Feature", "properties": {"level": "platform", "type": "escalator", "platform": "6", "vce_name": "P6-S3", "source": "Moynihan Station EA, Figure 3-4, February 2010, PDF page 2"}, "geometry": {"type": "Polygon", "coordinates": [[[-151.1, 44.2], [-100.5, 44.2], [-100.5, 48.3], [-151.1, 48.3], [-151.1, 44.2]]]}},
{"type": "Feature", "properties": {"level": "platform", "type": "escalator", "platform": "5", "vce_name": "P5-S2", "source": "Moynihan Station EA, Figure 3-4, February 2010, PDF page 2"}, "geometry": {"type": "Polygon", "coordinates": [[[-204.2, -3.1], [-153.5, -3.1], [-153.5, 1.1], [-204.2, 1.1], [-204.2, -3.1]]]}},
{"type": "Feature", "properties": {"level": "platform", "type": "escalator", "platform": "5", "vce_name": "P5-S3", "source": "Moynihan Station EA, Figure 3-4, February 2010, PDF page 2"}, "geometry": {"type": "Polygon", "coordinates": [[[-150.1, -2.4], [-100.5, -2.4], [-100.5, 0.4], [-150.1, 0.4], [-150.1, -2.4]]]}},
{"type": "Feature", "properties": {"level": "platform", "type": "escalator", "platform": "4", "vce_name": "P4-S1", "source": "Moynihan Station EA, Figure 3-4, February 2010, PDF page 2"}, "geometry": {"type": "Polygon", "coordinates": [[[-203.2, -48.3], [-153.5, -48.3], [-153.5, -45.5], [-203.2, -45.5], [-203.2, -48.3]]]}},
{"type": "Feature", "properties": {"level": "platform", "type": "escalator", "platform": "4", "vce_name": "P4-S2", "source": "Moynihan Station EA, Figure 3-4, February 2010, PDF page 2"}, "geometry": {"type": "Polygon", "coordinates": [[[-151.1, -49.8], [-100.5, -49.8], [-100.5, -44.1], [-151.1, -44.1], [-151.1, -49.8]]]}},
{"type": "Feature", "properties": {"level": "platform", "type": "escalator", "platform": "3", "vce_name": "P3-S1", "source": "Moynihan Station EA, Figure 3-4, February 2010, PDF page 2"}, "geometry": {"type": "Polygon", "coordinates": [[[-150.3, -85.1], [-100.6, -85.1], [-100.6, -82.3], [-150.3, -82.3], [-150.3, -85.1]]]}},
{"type": "Feature", "properties": {"level": "platform", "type": "stair", "platform": "9", "vce_name": "P9-S2", "source": "Moynihan Station EA, Figure 3-4, February 2010, PDF page 2"}, "geometry": {"type": "Polygon", "coordinates": [[[-16.0, 181.4], [7.9, 181.4], [7.9, 187.9], [-16.0, 187.9], [-16.0, 181.4]]]}},
{"type": "Feature", "properties": {"level": "platform", "type": "stair", "platform": "9", "vce_name": "P9-S1", "source": "Moynihan Station EA, Figure 3-4, February 2010, PDF page 2"}, "geometry": {"type": "Polygon", "coordinates": [[[-97.7, 176.5], [-85.8, 176.5], [-85.8, 182.5], [-97.7, 182.5], [-97.7, 176.5]]]}},
{"type": "Feature", "properties": {"level": "platform", "type": "stair", "platform": "10", "vce_name": "P10-S1", "source": "Moynihan Station EA, Figure 3-4, February 2010, PDF page 2"}, "geometry": {"type": "Polygon", "coordinates": [[[-16.0, 217.0], [7.9, 217.0], [7.9, 223.5], [-16.0, 223.5], [-16.0, 217.0]]]}},
{"type": "Feature", "properties": {"level": "platform", "type": "stair", "platform": "11", "vce_name": "P11-S1", "source": "Moynihan Station EA, Figure 3-4, February 2010, PDF page 2"}, "geometry": {"type": "Polygon", "coordinates": [[[0.3, 273.7], [12.6, 273.7], [12.6, 277.4], [0.3, 277.4], [0.3, 273.7]]]}},
{"type": "Feature", "properties": {"level": "platform", "type": "stair", "platform": "7", "vce_name": "P7-S1", "source": "Moynihan Station EA, Figure 3-4, February 2010, PDF page 2"}, "geometry": {"type": "Polygon", "coordinates": [[[-413.5, 93.3], [-382.7, 93.3], [-382.7, 96.8], [-413.5, 96.8], [-413.5, 93.3]]]}},
{"type": "Feature", "properties": {"level": "platform", "type": "stair", "platform": "6", "vce_name": "P6-S1", "source": "Moynihan Station EA, Figure 3-4, February 2010, PDF page 2"}, "geometry": {"type": "Polygon", "coordinates": [[[-413.5, 40.9], [-382.7, 40.9], [-382.7, 44.4], [-413.5, 44.4], [-413.5, 40.9]]]}},
{"type": "Feature", "properties": {"level": "platform", "type": "stair", "platform": "5", "vce_name": "P5-S1", "source": "Moynihan Station EA, Figure 3-4, February 2010, PDF page 2"}, "geometry": {"type": "Polygon", "coordinates": [[[-413.5, -3.5], [-382.7, -3.5], [-382.7, -0.0], [-413.5, -0.0], [-413.5, -3.5]]]}},
{"type": "Feature", "properties": {"level": "platform", "type": "stair", "platform": "", "vce_name": "", "source": "Moynihan Station EA, Figure 3-4, February 2010, PDF page 2"}, "geometry": {"type": "Polygon", "coordinates": [[[-763.4, -82.8], [-757.7, -82.8], [-757.7, -74.4], [-763.4, -74.4], [-763.4, -82.8]]]}},
{"type": "Feature", "properties": {"level": "platform", "type": "stair", "platform": "", "vce_name": "", "source": "Moynihan Station EA, Figure 3-4, February 2010, PDF page 2"}, "geometry": {"type": "Polygon", "coordinates": [[[-752.2, -75.2], [-717.3, -75.2], [-717.3, -69.0], [-752.2, -69.0], [-752.2, -75.2]]]}},
{"type": "Feature", "properties": {"level": "platform", "type": "stair", "platform": "3", "vce_name": "P3-S3", "source": "Moynihan Station EA, Figure 3-4, February 2010, PDF page 2"}, "geometry": {"type": "Polygon", "coordinates": [[[-23.8, -96.5], [19.2, -96.5], [19.2, -85.0], [-23.8, -85.0], [-23.8, -96.5]]]}},
{"type": "Feature", "properties": {"level": "platform", "type": "stair", "platform": "4", "vce_name": "", "source": "Moynihan Station EA, Figure 3-4, February 2010, PDF page 2"}, "geometry": {"type": "Polygon", "coordinates": [[[-23.8, -46.9], [-8.9, -46.9], [-8.9, -40.4], [-23.8, -40.4], [-23.8, -46.9]]]}},
{"type": "Feature", "properties": {"level": "platform", "type": "stair", "platform": "4", "vce_name": "P4-S3", "source": "Moynihan Station EA, Figure 3-4, February 2010, PDF page 2"}, "geometry": {"type": "Polygon", "coordinates": [[[0.9, -46.9], [20.1, -46.9], [20.1, -40.4], [0.9, -40.4], [0.9, -46.9]]]}},
{"type": "Feature", "properties": {"level": "platform", "type": "stair", "platform": "5", "vce_name": "P5-S4", "source": "Moynihan Station EA, Figure 3-4, February 2010, PDF page 2"}, "geometry": {"type": "Polygon", "coordinates": [[[-23.8, -4.1], [19.2, -4.1], [19.2, 8.3], [-23.8, 8.3], [-23.8, -4.1]]]}},
{"type": "Feature", "properties": {"level": "platform", "type": "stair", "platform": "6", "vce_name": "", "source": "Moynihan Station EA, Figure 3-4, February 2010, PDF page 2"}, "geometry": {"type": "Polygon", "coordinates": [[[-23.8, 41.8], [-8.9, 41.8], [-8.9, 49.3], [-23.8, 49.3], [-23.8, 41.8]]]}},
{"type": "Feature", "properties": {"level": "platform", "type": "stair", "platform": "6", "vce_name": "P6-S4", "source": "Moynihan Station EA, Figure 3-4, February 2010, PDF page 2"}, "geometry": {"type": "Polygon", "coordinates": [[[0.9, 41.8], [23.7, 41.8], [23.7, 49.3], [0.9, 49.3], [0.9, 41.8]]]}},
{"type": "Feature", "properties": {"level": "platform", "type": "stair", "platform": "7", "vce_name": "P7-S4", "source": "Moynihan Station EA, Figure 3-4, February 2010, PDF page 2"}, "geometry": {"type": "Polygon", "coordinates": [[[-23.8, 85.0], [19.2, 85.0], [19.2, 96.5], [-23.8, 96.5], [-23.8, 85.0]]]}},
{"type": "Feature", "properties": {"level": "platform", "type": "stair", "platform": "8", "vce_name": "", "source": "Moynihan Station EA, Figure 3-4, February 2010, PDF page 2"}, "geometry": {"type": "Polygon", "coordinates": [[[-23.8, 134.6], [-8.9, 134.6], [-8.9, 141.1], [-23.8, 141.1], [-23.8, 134.6]]]}},
{"type": "Feature", "properties": {"level": "platform", "type": "stair", "platform": "8", "vce_name": "P8-S3", "source": "Moynihan Station EA, Figure 3-4, February 2010, PDF page 2"}, "geometry": {"type": "Polygon", "coordinates": [[[0.9, 134.6], [20.1, 134.6], [20.1, 141.1], [0.9, 141.1], [0.9, 134.6]]]}},
{"type": "Feature", "properties": {"level": "platform", "type": "escalator", "platform": "diagonal", "vce_name": "", "source": "Moynihan Station EA, Figure 3-4, February 2010, PDF page 2"}, "geometry": {"type": "Polygon", "coordinates": [[[-329.5, -124.4], [-277.7, -124.4], [-277.7, -119.0], [-329.5, -119.0], [-329.5, -124.4]]]}},
{"type": "Feature", "properties": {"level": "platform", "type": "escalator", "platform": "diagonal", "vce_name": "", "source": "Moynihan Station EA, Figure 3-4, February 2010, PDF page 2"}, "geometry": {"type": "Polygon", "coordinates": [[[-329.5, -128.4], [-278.5, -128.4], [-278.5, -124.6], [-329.5, -124.6], [-329.5, -128.4]]]}},
{"type": "Feature", "properties": {"level": "platform", "type": "escalator", "platform": "diagonal", "vce_name": "", "source": "Moynihan Station EA, Figure 3-4, February 2010, PDF page 2"}, "geometry": {"type": "Polygon", "coordinates": [[[-287.2, -146.2], [-278.9, -146.2], [-278.9, -141.8], [-287.2, -141.8], [-287.2, -146.2]]]}},
{"type": "Feature", "properties": {"level": "platform", "type": "escalator", "platform": "diagonal", "vce_name": "", "source": "Moynihan Station EA, Figure 3-4, February 2010, PDF page 2"}, "geometry": {"type": "Polygon", "coordinates": [[[-162.1, -162.0], [-142.8, -162.0], [-142.8, -159.1], [-162.1, -159.1], [-162.1, -162.0]]]}},
{"type": "Feature", "properties": {"level": "platform", "type": "column", "platform": "10", "source": "Moynihan Station EA, Figure 3-4, February 2010, PDF page 2"}, "geometry": {"type": "Polygon", "coordinates": [[[-7.4, 229.6], [-6.0, 229.6], [-6.0, 230.9], [-7.4, 230.9], [-7.4, 229.6]]]}},
{"type": "Feature", "properties": {"level": "platform", "type": "column", "platform": "10", "source": "Moynihan Station EA, Figure 3-4, February 2010, PDF page 2"}, "geometry": {"type": "Polygon", "coordinates": [[[-7.4, 228.3], [-4.9, 228.3], [-4.9, 230.9], [-7.4, 230.9], [-7.4, 228.3]]]}},
{"type": "Feature", "properties": {"level": "platform", "type": "column", "platform": "10", "source": "Moynihan Station EA, Figure 3-4, February 2010, PDF page 2"}, "geometry": {"type": "Polygon", "coordinates": [[[-7.4, 212.0], [-6.0, 212.0], [-6.0, 213.3], [-7.4, 213.3], [-7.4, 212.0]]]}},
{"type": "Feature", "properties": {"level": "platform", "type": "column", "platform": "9", "source": "Moynihan Station EA, Figure 3-4, February 2010, PDF page 2"}, "geometry": {"type": "Polygon", "coordinates": [[[-7.4, 188.4], [-6.0, 188.4], [-6.0, 189.8], [-7.4, 189.8], [-7.4, 188.4]]]}},
{"type": "Feature", "properties": {"level": "platform", "type": "column", "platform": "9", "source": "Moynihan Station EA, Figure 3-4, February 2010, PDF page 2"}, "geometry": {"type": "Polygon", "coordinates": [[[-90.5, 187.8], [-89.0, 187.8], [-89.0, 189.3], [-90.5, 189.3], [-90.5, 187.8]]]}},
{"type": "Feature", "properties": {"level": "platform", "type": "column", "platform": "9", "source": "Moynihan Station EA, Figure 3-4, February 2010, PDF page 2"}, "geometry": {"type": "Polygon", "coordinates": [[[-123.6, 185.0], [-121.7, 185.0], [-121.7, 187.1], [-123.6, 187.1], [-123.6, 185.0]]]}},
{"type": "Feature", "properties": {"level": "platform", "type": "column", "platform": "9", "source": "Moynihan Station EA, Figure 3-4, February 2010, PDF page 2"}, "geometry": {"type": "Polygon", "coordinates": [[[-85.0, 185.0], [-83.0, 185.0], [-83.0, 187.0], [-85.0, 187.0], [-85.0, 185.0]]]}},
{"type": "Feature", "properties": {"level": "platform", "type": "column", "platform": "9", "source": "Moynihan Station EA, Figure 3-4, February 2010, PDF page 2"}, "geometry": {"type": "Polygon", "coordinates": [[[-145.1, 185.0], [-143.1, 185.0], [-143.1, 187.0], [-145.1, 187.0], [-145.1, 185.0]]]}},
{"type": "Feature", "properties": {"level": "platform", "type": "column", "platform": "9", "source": "Moynihan Station EA, Figure 3-4, February 2010, PDF page 2"}, "geometry": {"type": "Polygon", "coordinates": [[[-166.5, 184.9], [-164.4, 184.9], [-164.4, 187.0], [-166.5, 187.0], [-166.5, 184.9]]]}},
{"type": "Feature", "properties": {"level": "platform", "type": "column", "platform": "9", "source": "Moynihan Station EA, Figure 3-4, February 2010, PDF page 2"}, "geometry": {"type": "Polygon", "coordinates": [[[-104.6, 184.9], [-102.5, 184.9], [-102.5, 187.0], [-104.6, 187.0], [-104.6, 184.9]]]}},
{"type": "Feature", "properties": {"level": "platform", "type": "column", "platform": "9", "source": "Moynihan Station EA, Figure 3-4, February 2010, PDF page 2"}, "geometry": {"type": "Polygon", "coordinates": [[[-90.5, 184.2], [-89.0, 184.2], [-89.0, 185.7], [-90.5, 185.7], [-90.5, 184.2]]]}},
{"type": "Feature", "properties": {"level": "platform", "type": "column", "platform": "9", "source": "Moynihan Station EA, Figure 3-4, February 2010, PDF page 2"}, "geometry": {"type": "Polygon", "coordinates": [[[17.5, 182.4], [19.4, 182.4], [19.4, 184.3], [17.5, 184.3], [17.5, 182.4]]]}},
{"type": "Feature", "properties": {"level": "platform", "type": "column", "platform": "8", "source": "Moynihan Station EA, Figure 3-4, February 2010, PDF page 2"}, "geometry": {"type": "Polygon", "coordinates": [[[-123.0, 142.7], [-121.4, 142.7], [-121.4, 144.1], [-123.0, 144.1], [-123.0, 142.7]]]}},
{"type": "Feature", "properties": {"level": "platform", "type": "column", "platform": "8", "source": "Moynihan Station EA, Figure 3-4, February 2010, PDF page 2"}, "geometry": {"type": "Polygon", "coordinates": [[[-250.6, 138.8], [-249.1, 138.8], [-249.1, 140.3], [-250.6, 140.3], [-250.6, 138.8]]]}},
{"type": "Feature", "properties": {"level": "platform", "type": "column", "platform": "8", "source": "Moynihan Station EA, Figure 3-4, February 2010, PDF page 2"}, "geometry": {"type": "Polygon", "coordinates": [[[-270.0, 138.7], [-268.5, 138.7], [-268.5, 140.2], [-270.0, 140.2], [-270.0, 138.7]]]}},
{"type": "Feature", "properties": {"level": "platform", "type": "column", "platform": "8", "source": "Moynihan Station EA, Figure 3-4, February 2010, PDF page 2"}, "geometry": {"type": "Polygon", "coordinates": [[[-308.9, 137.0], [-307.4, 137.0], [-307.4, 138.5], [-308.9, 138.5], [-308.9, 137.0]]]}},
{"type": "Feature", "properties": {"level": "platform", "type": "column", "platform": "8", "source": "Moynihan Station EA, Figure 3-4, February 2010, PDF page 2"}, "geometry": {"type": "Polygon", "coordinates": [[[-289.4, 137.0], [-288.0, 137.0], [-288.0, 138.5], [-289.4, 138.5], [-289.4, 137.0]]]}},
{"type": "Feature", "properties": {"level": "platform", "type": "column", "platform": "8", "source": "Moynihan Station EA, Figure 3-4, February 2010, PDF page 2"}, "geometry": {"type": "Polygon", "coordinates": [[[17.5, 136.2], [19.4, 136.2], [19.4, 138.2], [17.5, 138.2], [17.5, 136.2]]]}},
{"type": "Feature", "properties": {"level": "platform", "type": "column", "platform": "8", "source": "Moynihan Station EA, Figure 3-4, February 2010, PDF page 2"}, "geometry": {"type": "Polygon", "coordinates": [[[-104.4, 134.3], [-102.5, 134.3], [-102.5, 136.3], [-104.4, 136.3], [-104.4, 134.3]]]}},
{"type": "Feature", "properties": {"level": "platform", "type": "column", "platform": "8", "source": "Moynihan Station EA, Figure 3-4, February 2010, PDF page 2"}, "geometry": {"type": "Polygon", "coordinates": [[[-209.0, 134.2], [-207.0, 134.2], [-207.0, 136.3], [-209.0, 136.3], [-209.0, 134.2]]]}},
{"type": "Feature", "properties": {"level": "platform", "type": "column", "platform": "8", "source": "Moynihan Station EA, Figure 3-4, February 2010, PDF page 2"}, "geometry": {"type": "Polygon", "coordinates": [[[-123.9, 134.2], [-121.8, 134.2], [-121.8, 136.3], [-123.9, 136.3], [-123.9, 134.2]]]}},
{"type": "Feature", "properties": {"level": "platform", "type": "column", "platform": "8", "source": "Moynihan Station EA, Figure 3-4, February 2010, PDF page 2"}, "geometry": {"type": "Polygon", "coordinates": [[[-230.2, 134.2], [-228.2, 134.2], [-228.2, 136.2], [-230.2, 136.2], [-230.2, 134.2]]]}},
{"type": "Feature", "properties": {"level": "platform", "type": "column", "platform": "8", "source": "Moynihan Station EA, Figure 3-4, February 2010, PDF page 2"}, "geometry": {"type": "Polygon", "coordinates": [[[-326.8, 131.6], [-324.7, 131.6], [-324.7, 133.6], [-326.8, 133.6], [-326.8, 131.6]]]}},
{"type": "Feature", "properties": {"level": "platform", "type": "column", "platform": "8", "source": "Moynihan Station EA, Figure 3-4, February 2010, PDF page 2"}, "geometry": {"type": "Polygon", "coordinates": [[[-251.5, 131.6], [-249.5, 131.6], [-249.5, 133.6], [-251.5, 133.6], [-251.5, 131.6]]]}},
{"type": "Feature", "properties": {"level": "platform", "type": "column", "platform": "8", "source": "Moynihan Station EA, Figure 3-4, February 2010, PDF page 2"}, "geometry": {"type": "Polygon", "coordinates": [[[-308.9, 130.5], [-307.4, 130.5], [-307.4, 132.0], [-308.9, 132.0], [-308.9, 130.5]]]}},
{"type": "Feature", "properties": {"level": "platform", "type": "column", "platform": "8", "source": "Moynihan Station EA, Figure 3-4, February 2010, PDF page 2"}, "geometry": {"type": "Polygon", "coordinates": [[[-289.4, 130.5], [-288.0, 130.5], [-288.0, 132.0], [-289.4, 132.0], [-289.4, 130.5]]]}},
{"type": "Feature", "properties": {"level": "platform", "type": "column", "platform": "8", "source": "Moynihan Station EA, Figure 3-4, February 2010, PDF page 2"}, "geometry": {"type": "Polygon", "coordinates": [[[-269.9, 130.6], [-268.6, 130.6], [-268.6, 132.0], [-269.9, 132.0], [-269.9, 130.6]]]}},
{"type": "Feature", "properties": {"level": "platform", "type": "column", "platform": "7", "source": "Moynihan Station EA, Figure 3-4, February 2010, PDF page 2"}, "geometry": {"type": "Polygon", "coordinates": [[[-270.0, 94.7], [-268.5, 94.7], [-268.5, 96.2], [-270.0, 96.2], [-270.0, 94.7]]]}},
{"type": "Feature", "properties": {"level": "platform", "type": "column", "platform": "7", "source": "Moynihan Station EA, Figure 3-4, February 2010, PDF page 2"}, "geometry": {"type": "Polygon", "coordinates": [[[-250.4, 92.1], [-249.2, 92.1], [-249.2, 93.3], [-250.4, 93.3], [-250.4, 92.1]]]}},
{"type": "Feature", "properties": {"level": "platform", "type": "column", "platform": "7", "source": "Moynihan Station EA, Figure 3-4, February 2010, PDF page 2"}, "geometry": {"type": "Polygon", "coordinates": [[[-123.9, 89.9], [-121.9, 89.9], [-121.9, 92.0], [-123.9, 92.0], [-123.9, 89.9]]]}},
{"type": "Feature", "properties": {"level": "platform", "type": "column", "platform": "7", "source": "Moynihan Station EA, Figure 3-4, February 2010, PDF page 2"}, "geometry": {"type": "Polygon", "coordinates": [[[-448.1, 90.1], [-446.1, 90.1], [-446.1, 92.0], [-448.1, 92.0], [-448.1, 90.1]]]}},
{"type": "Feature", "properties": {"level": "platform", "type": "column", "platform": "7", "source": "Moynihan Station EA, Figure 3-4, February 2010, PDF page 2"}, "geometry": {"type": "Polygon", "coordinates": [[[-432.5, 90.1], [-430.8, 90.1], [-430.8, 92.0], [-432.5, 92.0], [-432.5, 90.1]]]}},
{"type": "Feature", "properties": {"level": "platform", "type": "column", "platform": "7", "source": "Moynihan Station EA, Figure 3-4, February 2010, PDF page 2"}, "geometry": {"type": "Polygon", "coordinates": [[[-104.5, 89.9], [-102.5, 89.9], [-102.5, 92.0], [-104.5, 92.0], [-104.5, 89.9]]]}},
{"type": "Feature", "properties": {"level": "platform", "type": "column", "platform": "7", "source": "Moynihan Station EA, Figure 3-4, February 2010, PDF page 2"}, "geometry": {"type": "Polygon", "coordinates": [[[-415.2, 90.2], [-413.5, 90.2], [-413.5, 92.0], [-415.2, 92.0], [-415.2, 90.2]]]}},
{"type": "Feature", "properties": {"level": "platform", "type": "column", "platform": "7", "source": "Moynihan Station EA, Figure 3-4, February 2010, PDF page 2"}, "geometry": {"type": "Polygon", "coordinates": [[[17.5, 90.0], [19.4, 90.0], [19.4, 92.0], [17.5, 92.0], [17.5, 90.0]]]}},
{"type": "Feature", "properties": {"level": "platform", "type": "column", "platform": "7", "source": "Moynihan Station EA, Figure 3-4, February 2010, PDF page 2"}, "geometry": {"type": "Polygon", "coordinates": [[[-84.9, 90.0], [-83.0, 90.0], [-83.0, 92.0], [-84.9, 92.0], [-84.9, 90.0]]]}},
{"type": "Feature", "properties": {"level": "platform", "type": "column", "platform": "7", "source": "Moynihan Station EA, Figure 3-4, February 2010, PDF page 2"}, "geometry": {"type": "Polygon", "coordinates": [[[-394.8, 90.2], [-393.1, 90.2], [-393.1, 91.9], [-394.8, 91.9], [-394.8, 90.2]]]}},
{"type": "Feature", "properties": {"level": "platform", "type": "column", "platform": "7", "source": "Moynihan Station EA, Figure 3-4, February 2010, PDF page 2"}, "geometry": {"type": "Polygon", "coordinates": [[[-388.6, 90.0], [-386.9, 90.0], [-386.9, 91.8], [-388.6, 91.8], [-388.6, 90.0]]]}},
{"type": "Feature", "properties": {"level": "platform", "type": "column", "platform": "7", "source": "Moynihan Station EA, Figure 3-4, February 2010, PDF page 2"}, "geometry": {"type": "Polygon", "coordinates": [[[-467.9, 89.4], [-465.3, 89.4], [-465.3, 91.5], [-467.9, 91.5], [-467.9, 89.4]]]}},
{"type": "Feature", "properties": {"level": "platform", "type": "column", "platform": "7", "source": "Moynihan Station EA, Figure 3-4, February 2010, PDF page 2"}, "geometry": {"type": "Polygon", "coordinates": [[[-308.9, 89.4], [-307.4, 89.4], [-307.4, 91.0], [-308.9, 91.0], [-308.9, 89.4]]]}},
{"type": "Feature", "properties": {"level": "platform", "type": "column", "platform": "7", "source": "Moynihan Station EA, Figure 3-4, February 2010, PDF page 2"}, "geometry": {"type": "Polygon", "coordinates": [[[-486.8, 88.4], [-484.5, 88.4], [-484.5, 90.4], [-486.8, 90.4], [-486.8, 88.4]]]}},
{"type": "Feature", "properties": {"level": "platform", "type": "column", "platform": "7", "source": "Moynihan Station EA, Figure 3-4, February 2010, PDF page 2"}, "geometry": {"type": "Polygon", "coordinates": [[[-527.5, 87.4], [-525.0, 87.4], [-525.0, 89.4], [-527.5, 89.4], [-527.5, 87.4]]]}},
{"type": "Feature", "properties": {"level": "platform", "type": "column", "platform": "7", "source": "Moynihan Station EA, Figure 3-4, February 2010, PDF page 2"}, "geometry": {"type": "Polygon", "coordinates": [[[-506.9, 87.6], [-505.1, 87.6], [-505.1, 89.3], [-506.9, 89.3], [-506.9, 87.6]]]}},
{"type": "Feature", "properties": {"level": "platform", "type": "column", "platform": "7", "source": "Moynihan Station EA, Figure 3-4, February 2010, PDF page 2"}, "geometry": {"type": "Polygon", "coordinates": [[[-270.0, 87.5], [-268.5, 87.5], [-268.5, 89.0], [-270.0, 89.0], [-270.0, 87.5]]]}},
{"type": "Feature", "properties": {"level": "platform", "type": "column", "platform": "7", "source": "Moynihan Station EA, Figure 3-4, February 2010, PDF page 2"}, "geometry": {"type": "Polygon", "coordinates": [[[-547.5, 85.8], [-545.2, 85.8], [-545.2, 88.0], [-547.5, 88.0], [-547.5, 85.8]]]}},
{"type": "Feature", "properties": {"level": "platform", "type": "column", "platform": "7", "source": "Moynihan Station EA, Figure 3-4, February 2010, PDF page 2"}, "geometry": {"type": "Polygon", "coordinates": [[[-567.6, 84.0], [-565.6, 84.0], [-565.6, 86.1], [-567.6, 86.1], [-567.6, 84.0]]]}},
{"type": "Feature", "properties": {"level": "platform", "type": "column", "platform": "7", "source": "Moynihan Station EA, Figure 3-4, February 2010, PDF page 2"}, "geometry": {"type": "Polygon", "coordinates": [[[-588.2, 81.5], [-585.5, 81.5], [-585.5, 83.8], [-588.2, 83.8], [-588.2, 81.5]]]}},
{"type": "Feature", "properties": {"level": "platform", "type": "column", "platform": "6", "source": "Moynihan Station EA, Figure 3-4, February 2010, PDF page 2"}, "geometry": {"type": "Polygon", "coordinates": [[[-448.0, 45.4], [-446.1, 45.4], [-446.1, 47.4], [-448.0, 47.4], [-448.0, 45.4]]]}},
{"type": "Feature", "properties": {"level": "platform", "type": "column", "platform": "6", "source": "Moynihan Station EA, Figure 3-4, February 2010, PDF page 2"}, "geometry": {"type": "Polygon", "coordinates": [[[-567.6, 45.5], [-565.8, 45.5], [-565.8, 47.4], [-567.6, 47.4], [-567.6, 45.5]]]}},
{"type": "Feature", "properties": {"level": "platform", "type": "column", "platform": "6", "source": "Moynihan Station EA, Figure 3-4, February 2010, PDF page 2"}, "geometry": {"type": "Polygon", "coordinates": [[[-527.3, 45.4], [-525.3, 45.4], [-525.3, 47.4], [-527.3, 47.4], [-527.3, 45.4]]]}},
{"type": "Feature", "properties": {"level": "platform", "type": "column", "platform": "6", "source": "Moynihan Station EA, Figure 3-4, February 2010, PDF page 2"}, "geometry": {"type": "Polygon", "coordinates": [[[17.5, 45.4], [19.4, 45.4], [19.4, 47.4], [17.5, 47.4], [17.5, 45.4]]]}},
{"type": "Feature", "properties": {"level": "platform", "type": "column", "platform": "6", "source": "Moynihan Station EA, Figure 3-4, February 2010, PDF page 2"}, "geometry": {"type": "Polygon", "coordinates": [[[-547.4, 45.4], [-545.3, 45.4], [-545.3, 47.4], [-547.4, 47.4], [-547.4, 45.4]]]}},
{"type": "Feature", "properties": {"level": "platform", "type": "column", "platform": "6", "source": "Moynihan Station EA, Figure 3-4, February 2010, PDF page 2"}, "geometry": {"type": "Polygon", "coordinates": [[[-432.4, 45.5], [-430.7, 45.5], [-430.7, 47.3], [-432.4, 47.3], [-432.4, 45.5]]]}},
{"type": "Feature", "properties": {"level": "platform", "type": "column", "platform": "6", "source": "Moynihan Station EA, Figure 3-4, February 2010, PDF page 2"}, "geometry": {"type": "Polygon", "coordinates": [[[-415.2, 45.5], [-413.6, 45.5], [-413.6, 47.3], [-415.2, 47.3], [-415.2, 45.5]]]}},
{"type": "Feature", "properties": {"level": "platform", "type": "column", "platform": "6", "source": "Moynihan Station EA, Figure 3-4, February 2010, PDF page 2"}, "geometry": {"type": "Polygon", "coordinates": [[[-394.8, 45.6], [-393.1, 45.6], [-393.1, 47.3], [-394.8, 47.3], [-394.8, 45.6]]]}},
{"type": "Feature", "properties": {"level": "platform", "type": "column", "platform": "5", "source": "Moynihan Station EA, Figure 3-4, February 2010, PDF page 2"}, "geometry": {"type": "Polygon", "coordinates": [[[-638.2, 15.8], [-636.9, 15.8], [-636.9, 17.3], [-638.2, 17.3], [-638.2, 15.8]]]}},
{"type": "Feature", "properties": {"level": "platform", "type": "column", "platform": "5", "source": "Moynihan Station EA, Figure 3-4, February 2010, PDF page 2"}, "geometry": {"type": "Polygon", "coordinates": [[[-568.0, 6.6], [-565.4, 6.6], [-565.4, 8.9], [-568.0, 8.9], [-568.0, 6.6]]]}},
{"type": "Feature", "properties": {"level": "platform", "type": "column", "platform": "5", "source": "Moynihan Station EA, Figure 3-4, February 2010, PDF page 2"}, "geometry": {"type": "Polygon", "coordinates": [[[-547.8, 4.8], [-545.0, 4.8], [-545.0, 7.0], [-547.8, 7.0], [-547.8, 4.8]]]}},
{"type": "Feature", "properties": {"level": "platform", "type": "column", "platform": "5", "source": "Moynihan Station EA, Figure 3-4, February 2010, PDF page 2"}, "geometry": {"type": "Polygon", "coordinates": [[[-527.4, 3.4], [-524.9, 3.4], [-524.9, 5.4], [-527.4, 5.4], [-527.4, 3.4]]]}},
{"type": "Feature", "properties": {"level": "platform", "type": "column", "platform": "5", "source": "Moynihan Station EA, Figure 3-4, February 2010, PDF page 2"}, "geometry": {"type": "Polygon", "coordinates": [[[-506.9, 3.3], [-504.9, 3.3], [-504.9, 5.3], [-506.9, 5.3], [-506.9, 3.3]]]}},
{"type": "Feature", "properties": {"level": "platform", "type": "column", "platform": "5", "source": "Moynihan Station EA, Figure 3-4, February 2010, PDF page 2"}, "geometry": {"type": "Polygon", "coordinates": [[[-270.0, 3.5], [-268.5, 3.5], [-268.5, 5.1], [-270.0, 5.1], [-270.0, 3.5]]]}},
{"type": "Feature", "properties": {"level": "platform", "type": "column", "platform": "5", "source": "Moynihan Station EA, Figure 3-4, February 2010, PDF page 2"}, "geometry": {"type": "Polygon", "coordinates": [[[-487.0, 2.3], [-484.5, 2.3], [-484.5, 4.3], [-487.0, 4.3], [-487.0, 2.3]]]}},
{"type": "Feature", "properties": {"level": "platform", "type": "column", "platform": "5", "source": "Moynihan Station EA, Figure 3-4, February 2010, PDF page 2"}, "geometry": {"type": "Polygon", "coordinates": [[[-467.6, 1.5], [-465.4, 1.5], [-465.4, 3.4], [-467.6, 3.4], [-467.6, 1.5]]]}},
{"type": "Feature", "properties": {"level": "platform", "type": "column", "platform": "5", "source": "Moynihan Station EA, Figure 3-4, February 2010, PDF page 2"}, "geometry": {"type": "Polygon", "coordinates": [[[-308.9, 1.8], [-307.4, 1.8], [-307.4, 3.3], [-308.9, 3.3], [-308.9, 1.8]]]}},
{"type": "Feature", "properties": {"level": "platform", "type": "column", "platform": "5", "source": "Moynihan Station EA, Figure 3-4, February 2010, PDF page 2"}, "geometry": {"type": "Polygon", "coordinates": [[[-85.0, 0.9], [-83.0, 0.9], [-83.0, 3.0], [-85.0, 3.0], [-85.0, 0.9]]]}},
{"type": "Feature", "properties": {"level": "platform", "type": "column", "platform": "5", "source": "Moynihan Station EA, Figure 3-4, February 2010, PDF page 2"}, "geometry": {"type": "Polygon", "coordinates": [[[-104.5, 0.9], [-102.5, 0.9], [-102.5, 2.9], [-104.5, 2.9], [-104.5, 0.9]]]}},
{"type": "Feature", "properties": {"level": "platform", "type": "column", "platform": "5", "source": "Moynihan Station EA, Figure 3-4, February 2010, PDF page 2"}, "geometry": {"type": "Polygon", "coordinates": [[[17.5, 0.9], [19.4, 0.9], [19.4, 2.9], [17.5, 2.9], [17.5, 0.9]]]}},
{"type": "Feature", "properties": {"level": "platform", "type": "column", "platform": "5", "source": "Moynihan Station EA, Figure 3-4, February 2010, PDF page 2"}, "geometry": {"type": "Polygon", "coordinates": [[[-124.0, 0.9], [-122.0, 0.9], [-122.0, 2.9], [-124.0, 2.9], [-124.0, 0.9]]]}},
{"type": "Feature", "properties": {"level": "platform", "type": "column", "platform": "5", "source": "Moynihan Station EA, Figure 3-4, February 2010, PDF page 2"}, "geometry": {"type": "Polygon", "coordinates": [[[-356.9, 0.9], [-354.7, 0.9], [-354.7, 2.8], [-356.9, 2.8], [-356.9, 0.9]]]}},
{"type": "Feature", "properties": {"level": "platform", "type": "column", "platform": "5", "source": "Moynihan Station EA, Figure 3-4, February 2010, PDF page 2"}, "geometry": {"type": "Polygon", "coordinates": [[[-354.7, 0.9], [-352.5, 0.9], [-352.5, 2.8], [-354.7, 2.8], [-354.7, 0.9]]]}},
{"type": "Feature", "properties": {"level": "platform", "type": "column", "platform": "5", "source": "Moynihan Station EA, Figure 3-4, February 2010, PDF page 2"}, "geometry": {"type": "Polygon", "coordinates": [[[-432.8, 0.8], [-430.2, 0.8], [-430.2, 2.8], [-432.8, 2.8], [-432.8, 0.8]]]}},
{"type": "Feature", "properties": {"level": "platform", "type": "column", "platform": "5", "source": "Moynihan Station EA, Figure 3-4, February 2010, PDF page 2"}, "geometry": {"type": "Polygon", "coordinates": [[[-448.3, 0.8], [-445.8, 0.8], [-445.8, 2.8], [-448.3, 2.8], [-448.3, 0.8]]]}},
{"type": "Feature", "properties": {"level": "platform", "type": "column", "platform": "5", "source": "Moynihan Station EA, Figure 3-4, February 2010, PDF page 2"}, "geometry": {"type": "Polygon", "coordinates": [[[-388.7, 1.0], [-386.9, 1.0], [-386.9, 2.8], [-388.7, 2.8], [-388.7, 1.0]]]}},
{"type": "Feature", "properties": {"level": "platform", "type": "column", "platform": "5", "source": "Moynihan Station EA, Figure 3-4, February 2010, PDF page 2"}, "geometry": {"type": "Polygon", "coordinates": [[[-394.8, 0.9], [-393.0, 0.9], [-393.0, 2.8], [-394.8, 2.8], [-394.8, 0.9]]]}},
{"type": "Feature", "properties": {"level": "platform", "type": "column", "platform": "5", "source": "Moynihan Station EA, Figure 3-4, February 2010, PDF page 2"}, "geometry": {"type": "Polygon", "coordinates": [[[-415.2, 0.9], [-413.6, 0.9], [-413.6, 2.6], [-415.2, 2.6], [-415.2, 0.9]]]}},
{"type": "Feature", "properties": {"level": "platform", "type": "column", "platform": "5", "source": "Moynihan Station EA, Figure 3-4, February 2010, PDF page 2"}, "geometry": {"type": "Polygon", "coordinates": [[[-250.6, -1.0], [-249.1, -1.0], [-249.1, 0.5], [-250.6, 0.5], [-250.6, -1.0]]]}},
{"type": "Feature", "properties": {"level": "platform", "type": "column", "platform": "5", "source": "Moynihan Station EA, Figure 3-4, February 2010, PDF page 2"}, "geometry": {"type": "Polygon", "coordinates": [[[-270.0, -3.7], [-268.5, -3.7], [-268.5, -2.3], [-270.0, -2.3], [-270.0, -3.7]]]}},
{"type": "Feature", "properties": {"level": "platform", "type": "column", "platform": "5", "source": "Moynihan Station EA, Figure 3-4, February 2010, PDF page 2"}, "geometry": {"type": "Polygon", "coordinates": [[[-308.9, -4.8], [-307.4, -4.8], [-307.4, -3.3], [-308.9, -3.3], [-308.9, -4.8]]]}},
{"type": "Feature", "properties": {"level": "platform", "type": "column", "platform": "4", "source": "Moynihan Station EA, Figure 3-4, February 2010, PDF page 2"}, "geometry": {"type": "Polygon", "coordinates": [[[-270.0, -41.4], [-268.5, -41.4], [-268.5, -39.9], [-270.0, -39.9], [-270.0, -41.4]]]}},
{"type": "Feature", "properties": {"level": "platform", "type": "column", "platform": "4", "source": "Moynihan Station EA, Figure 3-4, February 2010, PDF page 2"}, "geometry": {"type": "Polygon", "coordinates": [[[-326.7, -42.4], [-324.6, -42.4], [-324.6, -40.3], [-326.7, -40.3], [-326.7, -42.4]]]}},
{"type": "Feature", "properties": {"level": "platform", "type": "column", "platform": "4", "source": "Moynihan Station EA, Figure 3-4, February 2010, PDF page 2"}, "geometry": {"type": "Polygon", "coordinates": [[[-104.4, -43.4], [-102.5, -43.4], [-102.5, -41.4], [-104.4, -41.4], [-104.4, -43.4]]]}},
{"type": "Feature", "properties": {"level": "platform", "type": "column", "platform": "4", "source": "Moynihan Station EA, Figure 3-4, February 2010, PDF page 2"}, "geometry": {"type": "Polygon", "coordinates": [[[-85.0, -43.4], [-83.0, -43.4], [-83.0, -41.4], [-85.0, -41.4], [-85.0, -43.4]]]}},
{"type": "Feature", "properties": {"level": "platform", "type": "column", "platform": "4", "source": "Moynihan Station EA, Figure 3-4, February 2010, PDF page 2"}, "geometry": {"type": "Polygon", "coordinates": [[[-230.2, -43.4], [-228.1, -43.4], [-228.1, -41.4], [-230.2, -41.4], [-230.2, -43.4]]]}},
{"type": "Feature", "properties": {"level": "platform", "type": "column", "platform": "4", "source": "Moynihan Station EA, Figure 3-4, February 2010, PDF page 2"}, "geometry": {"type": "Polygon", "coordinates": [[[-251.5, -43.4], [-249.5, -43.4], [-249.5, -41.4], [-251.5, -41.4], [-251.5, -43.4]]]}},
{"type": "Feature", "properties": {"level": "platform", "type": "column", "platform": "4", "source": "Moynihan Station EA, Figure 3-4, February 2010, PDF page 2"}, "geometry": {"type": "Polygon", "coordinates": [[[-123.9, -43.5], [-121.8, -43.5], [-121.8, -41.4], [-123.9, -41.4], [-123.9, -43.5]]]}},
{"type": "Feature", "properties": {"level": "platform", "type": "column", "platform": "4", "source": "Moynihan Station EA, Figure 3-4, February 2010, PDF page 2"}, "geometry": {"type": "Polygon", "coordinates": [[[-208.9, -43.5], [-206.9, -43.5], [-206.9, -41.4], [-208.9, -41.4], [-208.9, -43.5]]]}},
{"type": "Feature", "properties": {"level": "platform", "type": "column", "platform": "4", "source": "Moynihan Station EA, Figure 3-4, February 2010, PDF page 2"}, "geometry": {"type": "Polygon", "coordinates": [[[-152.1, -43.4], [-150.6, -43.4], [-150.6, -41.8], [-152.1, -41.8], [-152.1, -43.4]]]}},
{"type": "Feature", "properties": {"level": "platform", "type": "column", "platform": "4", "source": "Moynihan Station EA, Figure 3-4, February 2010, PDF page 2"}, "geometry": {"type": "Polygon", "coordinates": [[[17.5, -45.3], [19.4, -45.3], [19.4, -43.4], [17.5, -43.4], [17.5, -45.3]]]}},
{"type": "Feature", "properties": {"level": "platform", "type": "column", "platform": "4", "source": "Moynihan Station EA, Figure 3-4, February 2010, PDF page 2"}, "geometry": {"type": "Polygon", "coordinates": [[[-270.0, -46.9], [-268.5, -46.9], [-268.5, -45.3], [-270.0, -45.3], [-270.0, -46.9]]]}},
{"type": "Feature", "properties": {"level": "platform", "type": "column", "platform": "", "source": "Moynihan Station EA, Figure 3-4, February 2010, PDF page 2"}, "geometry": {"type": "Polygon", "coordinates": [[[-648.5, -90.9], [-646.5, -90.9], [-646.5, -88.9], [-648.5, -88.9], [-648.5, -90.9]]]}},
{"type": "Feature", "properties": {"level": "platform", "type": "column", "platform": "3", "source": "Moynihan Station EA, Figure 3-4, February 2010, PDF page 2"}, "geometry": {"type": "Polygon", "coordinates": [[[-145.4, -91.2], [-142.9, -91.2], [-142.9, -89.2], [-145.4, -89.2], [-145.4, -91.2]]]}},
{"type": "Feature", "properties": {"level": "platform", "type": "column", "platform": "3", "source": "Moynihan Station EA, Figure 3-4, February 2010, PDF page 2"}, "geometry": {"type": "Polygon", "coordinates": [[[-165.6, -91.2], [-163.8, -91.2], [-163.8, -89.5], [-165.6, -89.5], [-165.6, -91.2]]]}},
{"type": "Feature", "properties": {"level": "platform", "type": "column", "platform": "", "source": "Moynihan Station EA, Figure 3-4, February 2010, PDF page 2"}, "geometry": {"type": "Polygon", "coordinates": [[[-628.4, -93.5], [-626.3, -93.5], [-626.3, -91.5], [-628.4, -91.5], [-628.4, -93.5]]]}},
{"type": "Feature", "properties": {"level": "platform", "type": "column", "platform": "3", "source": "Moynihan Station EA, Figure 3-4, February 2010, PDF page 2"}, "geometry": {"type": "Polygon", "coordinates": [[[-104.6, -93.6], [-102.1, -93.6], [-102.1, -91.5], [-104.6, -91.5], [-104.6, -93.6]]]}},
{"type": "Feature", "properties": {"level": "platform", "type": "column", "platform": "3", "source": "Moynihan Station EA, Figure 3-4, February 2010, PDF page 2"}, "geometry": {"type": "Polygon", "coordinates": [[[-84.9, -93.6], [-82.9, -93.6], [-82.9, -91.6], [-84.9, -91.6], [-84.9, -93.6]]]}},
{"type": "Feature", "properties": {"level": "platform", "type": "column", "platform": "3", "source": "Moynihan Station EA, Figure 3-4, February 2010, PDF page 2"}, "geometry": {"type": "Polygon", "coordinates": [[[-124.2, -93.7], [-121.7, -93.7], [-121.7, -91.7], [-124.2, -91.7], [-124.2, -93.7]]]}},
{"type": "Feature", "properties": {"level": "platform", "type": "column", "platform": "3", "source": "Moynihan Station EA, Figure 3-4, February 2010, PDF page 2"}, "geometry": {"type": "Polygon", "coordinates": [[[17.5, -96.1], [19.4, -96.1], [19.4, -94.1], [17.5, -94.1], [17.5, -96.1]]]}},
{"type": "Feature", "properties": {"level": "platform", "type": "column", "platform": "", "source": "Moynihan Station EA, Figure 3-4, February 2010, PDF page 2"}, "geometry": {"type": "Polygon", "coordinates": [[[-608.2, -96.2], [-606.0, -96.2], [-606.0, -94.2], [-608.2, -94.2], [-608.2, -96.2]]]}},
{"type": "Feature", "properties": {"level": "platform", "type": "column", "platform": "", "source": "Moynihan Station EA, Figure 3-4, February 2010, PDF page 2"}, "geometry": {"type": "Polygon", "coordinates": [[[-469.9, -98.5], [-468.4, -98.5], [-468.4, -97.0], [-469.9, -97.0], [-469.9, -98.5]]]}},
{"type": "Feature", "properties": {"level": "platform", "type": "column", "platform": "", "source": "Moynihan Station EA, Figure 3-4, February 2010, PDF page 2"}, "geometry": {"type": "Polygon", "coordinates": [[[-588.1, -98.9], [-585.7, -98.9], [-585.7, -97.0], [-588.1, -97.0], [-588.1, -98.9]]]}},
{"type": "Feature", "properties": {"level": "platform", "type": "column", "platform": "", "source": "Moynihan Station EA, Figure 3-4, February 2010, PDF page 2"}, "geometry": {"type": "Polygon", "coordinates": [[[-567.7, -101.7], [-565.7, -101.7], [-565.7, -99.7], [-567.7, -99.7], [-567.7, -101.7]]]}},
{"type": "Feature", "properties": {"level": "platform", "type": "column", "platform": "", "source": "Moynihan Station EA, Figure 3-4, February 2010, PDF page 2"}, "geometry": {"type": "Polygon", "coordinates": [[[-547.5, -104.2], [-545.4, -104.2], [-545.4, -102.3], [-547.5, -102.3], [-547.5, -104.2]]]}},
{"type": "Feature", "properties": {"level": "platform", "type": "column", "platform": "diagonal", "source": "Moynihan Station EA, Figure 3-4, February 2010, PDF page 2"}, "geometry": {"type": "Polygon", "coordinates": [[[-356.7, -114.6], [-354.7, -114.6], [-354.7, -112.7], [-356.7, -112.7], [-356.7, -114.6]]]}},
{"type": "Feature", "properties": {"level": "platform", "type": "column", "platform": "diagonal", "source": "Moynihan Station EA, Figure 3-4, February 2010, PDF page 2"}, "geometry": {"type": "Polygon", "coordinates": [[[-354.7, -114.6], [-352.5, -114.6], [-352.5, -112.7], [-354.7, -112.7], [-354.7, -114.6]]]}},
{"type": "Feature", "properties": {"level": "platform", "type": "column", "platform": "diagonal", "source": "Moynihan Station EA, Figure 3-4, February 2010, PDF page 2"}, "geometry": {"type": "Polygon", "coordinates": [[[-326.8, -117.9], [-324.8, -117.9], [-324.8, -115.9], [-326.8, -115.9], [-326.8, -117.9]]]}},
{"type": "Feature", "properties": {"level": "platform", "type": "column", "platform": "diagonal", "source": "Moynihan Station EA, Figure 3-4, February 2010, PDF page 2"}, "geometry": {"type": "Polygon", "coordinates": [[[-309.9, -119.9], [-307.7, -119.9], [-307.7, -117.9], [-309.9, -117.9], [-309.9, -119.9]]]}},
{"type": "Feature", "properties": {"level": "platform", "type": "column", "platform": "diagonal", "source": "Moynihan Station EA, Figure 3-4, February 2010, PDF page 2"}, "geometry": {"type": "Polygon", "coordinates": [[[-432.6, -119.9], [-430.7, -119.9], [-430.7, -118.0], [-432.6, -118.0], [-432.6, -119.9]]]}},
{"type": "Feature", "properties": {"level": "platform", "type": "column", "platform": "diagonal", "source": "Moynihan Station EA, Figure 3-4, February 2010, PDF page 2"}, "geometry": {"type": "Polygon", "coordinates": [[[-290.4, -122.0], [-288.4, -122.0], [-288.4, -119.9], [-290.4, -119.9], [-290.4, -122.0]]]}},
{"type": "Feature", "properties": {"level": "platform", "type": "column", "platform": "diagonal", "source": "Moynihan Station EA, Figure 3-4, February 2010, PDF page 2"}, "geometry": {"type": "Polygon", "coordinates": [[[-270.9, -124.2], [-268.9, -124.2], [-268.9, -122.2], [-270.9, -122.2], [-270.9, -124.2]]]}},
{"type": "Feature", "properties": {"level": "platform", "type": "column", "platform": "diagonal", "source": "Moynihan Station EA, Figure 3-4, February 2010, PDF page 2"}, "geometry": {"type": "Polygon", "coordinates": [[[-343.0, -124.7], [-341.7, -124.7], [-341.7, -123.4], [-343.0, -123.4], [-343.0, -124.7]]]}},
{"type": "Feature", "properties": {"level": "platform", "type": "column", "platform": "diagonal", "source": "Moynihan Station EA, Figure 3-4, February 2010, PDF page 2"}, "geometry": {"type": "Polygon", "coordinates": [[[-251.5, -126.4], [-249.4, -126.4], [-249.4, -124.4], [-251.5, -124.4], [-251.5, -126.4]]]}},
{"type": "Feature", "properties": {"level": "platform", "type": "column", "platform": "diagonal", "source": "Moynihan Station EA, Figure 3-4, February 2010, PDF page 2"}, "geometry": {"type": "Polygon", "coordinates": [[[-230.2, -128.6], [-228.1, -128.6], [-228.1, -126.7], [-230.2, -126.7], [-230.2, -128.6]]]}},
{"type": "Feature", "properties": {"level": "platform", "type": "column", "platform": "diagonal", "source": "Moynihan Station EA, Figure 3-4, February 2010, PDF page 2"}, "geometry": {"type": "Polygon", "coordinates": [[[-208.9, -131.0], [-206.9, -131.0], [-206.9, -129.0], [-208.9, -129.0], [-208.9, -131.0]]]}},
{"type": "Feature", "properties": {"level": "platform", "type": "column", "platform": "diagonal", "source": "Moynihan Station EA, Figure 3-4, February 2010, PDF page 2"}, "geometry": {"type": "Polygon", "coordinates": [[[-343.0, -132.5], [-341.7, -132.5], [-341.7, -131.1], [-343.0, -131.1], [-343.0, -132.5]]]}},
{"type": "Feature", "properties": {"level": "platform", "type": "column", "platform": "diagonal", "source": "Moynihan Station EA, Figure 3-4, February 2010, PDF page 2"}, "geometry": {"type": "Polygon", "coordinates": [[[-187.7, -133.4], [-185.7, -133.4], [-185.7, -131.4], [-187.7, -131.4], [-187.7, -133.4]]]}},
{"type": "Feature", "properties": {"level": "platform", "type": "column", "platform": "diagonal", "source": "Moynihan Station EA, Figure 3-4, February 2010, PDF page 2"}, "geometry": {"type": "Polygon", "coordinates": [[[-166.5, -135.8], [-164.4, -135.8], [-164.4, -133.8], [-166.5, -133.8], [-166.5, -135.8]]]}},
{"type": "Feature", "properties": {"level": "platform", "type": "column", "platform": "diagonal", "source": "Moynihan Station EA, Figure 3-4, February 2010, PDF page 2"}, "geometry": {"type": "Polygon", "coordinates": [[[-290.4, -140.7], [-288.4, -140.7], [-288.4, -138.7], [-290.4, -138.7], [-290.4, -140.7]]]}},
{"type": "Feature", "properties": {"level": "platform", "type": "column", "platform": "diagonal", "source": "Moynihan Station EA, Figure 3-4, February 2010, PDF page 2"}, "geometry": {"type": "Polygon", "coordinates": [[[-354.7, -140.9], [-352.6, -140.9], [-352.6, -138.8], [-354.7, -138.8], [-354.7, -140.9]]]}},
{"type": "Feature", "properties": {"level": "platform", "type": "column", "platform": "diagonal", "source": "Moynihan Station EA, Figure 3-4, February 2010, PDF page 2"}, "geometry": {"type": "Polygon", "coordinates": [[[-326.7, -140.9], [-324.6, -140.9], [-324.6, -138.8], [-326.7, -138.8], [-326.7, -140.9]]]}},
{"type": "Feature", "properties": {"level": "platform", "type": "column", "platform": "diagonal", "source": "Moynihan Station EA, Figure 3-4, February 2010, PDF page 2"}, "geometry": {"type": "Polygon", "coordinates": [[[-309.9, -141.0], [-307.9, -141.0], [-307.9, -138.9], [-309.9, -138.9], [-309.9, -141.0]]]}},
{"type": "Feature", "properties": {"level": "platform", "type": "column", "platform": "diagonal", "source": "Moynihan Station EA, Figure 3-4, February 2010, PDF page 2"}, "geometry": {"type": "Polygon", "coordinates": [[[-356.8, -140.9], [-354.7, -140.9], [-354.7, -138.9], [-356.8, -138.9], [-356.8, -140.9]]]}},
{"type": "Feature", "properties": {"level": "platform", "type": "column", "platform": "diagonal", "source": "Moynihan Station EA, Figure 3-4, February 2010, PDF page 2"}, "geometry": {"type": "Polygon", "coordinates": [[[-271.0, -143.0], [-269.0, -143.0], [-269.0, -141.0], [-271.0, -141.0], [-271.0, -143.0]]]}},
{"type": "Feature", "properties": {"level": "platform", "type": "column", "platform": "diagonal", "source": "Moynihan Station EA, Figure 3-4, February 2010, PDF page 2"}, "geometry": {"type": "Polygon", "coordinates": [[[-251.5, -145.2], [-249.5, -145.2], [-249.5, -143.2], [-251.5, -143.2], [-251.5, -145.2]]]}},
{"type": "Feature", "properties": {"level": "platform", "type": "column", "platform": "diagonal", "source": "Moynihan Station EA, Figure 3-4, February 2010, PDF page 2"}, "geometry": {"type": "Polygon", "coordinates": [[[-350.7, -145.5], [-349.4, -145.5], [-349.4, -144.2], [-350.7, -144.2], [-350.7, -145.5]]]}},
{"type": "Feature", "properties": {"level": "platform", "type": "column", "platform": "diagonal", "source": "Moynihan Station EA, Figure 3-4, February 2010, PDF page 2"}, "geometry": {"type": "Polygon", "coordinates": [[[-325.6, -146.5], [-324.3, -146.5], [-324.3, -145.2], [-325.6, -145.2], [-325.6, -146.5]]]}},
{"type": "Feature", "properties": {"level": "platform", "type": "column", "platform": "diagonal", "source": "Moynihan Station EA, Figure 3-4, February 2010, PDF page 2"}, "geometry": {"type": "Polygon", "coordinates": [[[-314.7, -146.5], [-313.4, -146.5], [-313.4, -145.2], [-314.7, -145.2], [-314.7, -146.5]]]}},
{"type": "Feature", "properties": {"level": "platform", "type": "column", "platform": "diagonal", "source": "Moynihan Station EA, Figure 3-4, February 2010, PDF page 2"}, "geometry": {"type": "Polygon", "coordinates": [[[-205.9, -150.1], [-203.9, -150.1], [-203.9, -148.1], [-205.9, -148.1], [-205.9, -150.1]]]}},
{"type": "Feature", "properties": {"level": "platform", "type": "column", "platform": "diagonal", "source": "Moynihan Station EA, Figure 3-4, February 2010, PDF page 2"}, "geometry": {"type": "Polygon", "coordinates": [[[-184.7, -152.4], [-182.7, -152.4], [-182.7, -150.4], [-184.7, -150.4], [-184.7, -152.4]]]}},
{"type": "Feature", "properties": {"level": "platform", "type": "column", "platform": "diagonal", "source": "Moynihan Station EA, Figure 3-4, February 2010, PDF page 2"}, "geometry": {"type": "Polygon", "coordinates": [[[-279.3, -151.9], [-278.0, -151.9], [-278.0, -150.6], [-279.3, -150.6], [-279.3, -151.9]]]}},
{"type": "Feature", "properties": {"level": "platform", "type": "column", "platform": "diagonal", "source": "Moynihan Station EA, Figure 3-4, February 2010, PDF page 2"}, "geometry": {"type": "Polygon", "coordinates": [[[-257.9, -151.9], [-256.6, -151.9], [-256.6, -150.6], [-257.9, -150.6], [-257.9, -151.9]]]}},
{"type": "Feature", "properties": {"level": "platform", "type": "column", "platform": "diagonal", "source": "Moynihan Station EA, Figure 3-4, February 2010, PDF page 2"}, "geometry": {"type": "Polygon", "coordinates": [[[-225.4, -151.9], [-224.1, -151.9], [-224.1, -150.6], [-225.4, -150.6], [-225.4, -151.9]]]}},
{"type": "Feature", "properties": {"level": "platform", "type": "column", "platform": "diagonal", "source": "Moynihan Station EA, Figure 3-4, February 2010, PDF page 2"}, "geometry": {"type": "Polygon", "coordinates": [[[-198.4, -152.8], [-197.1, -152.8], [-197.1, -151.5], [-198.4, -151.5], [-198.4, -152.8]]]}},
{"type": "Feature", "properties": {"level": "platform", "type": "column", "platform": "diagonal", "source": "Moynihan Station EA, Figure 3-4, February 2010, PDF page 2"}, "geometry": {"type": "Polygon", "coordinates": [[[-168.8, -154.3], [-166.9, -154.3], [-166.9, -152.4], [-168.8, -152.4], [-168.8, -154.3]]]}},
{"type": "Feature", "properties": {"level": "platform", "type": "column", "platform": "diagonal", "source": "Moynihan Station EA, Figure 3-4, February 2010, PDF page 2"}, "geometry": {"type": "Polygon", "coordinates": [[[-163.6, -154.9], [-161.3, -154.9], [-161.3, -152.7], [-163.6, -152.7], [-163.6, -154.9]]]}},
{"type": "Feature", "properties": {"level": "platform", "type": "column", "platform": "diagonal", "source": "Moynihan Station EA, Figure 3-4, February 2010, PDF page 2"}, "geometry": {"type": "Polygon", "coordinates": [[[-149.1, -156.4], [-147.1, -156.4], [-147.1, -154.5], [-149.1, -154.5], [-149.1, -156.4]]]}},
{"type": "Feature", "properties": {"level": "platform", "type": "column", "platform": "diagonal", "source": "Moynihan Station EA, Figure 3-4, February 2010, PDF page 2"}, "geometry": {"type": "Polygon", "coordinates": [[[-145.3, -157.1], [-143.1, -157.1], [-143.1, -154.9], [-145.3, -154.9], [-145.3, -157.1]]]}},
{"type": "Feature", "properties": {"level": "platform", "type": "column", "platform": "diagonal", "source": "Moynihan Station EA, Figure 3-4, February 2010, PDF page 2"}, "geometry": {"type": "Polygon", "coordinates": [[[-127.8, -158.9], [-125.8, -158.9], [-125.8, -156.9], [-127.8, -156.9], [-127.8, -158.9]]]}},
{"type": "Feature", "properties": {"level": "platform", "type": "column", "platform": "diagonal", "source": "Moynihan Station EA, Figure 3-4, February 2010, PDF page 2"}, "geometry": {"type": "Polygon", "coordinates": [[[-124.0, -159.4], [-121.8, -159.4], [-121.8, -157.3], [-124.0, -157.3], [-124.0, -159.4]]]}},
{"type": "Feature", "properties": {"level": "platform", "type": "elevator", "platform": "", "source": "Moynihan Station EA, Figure 3-4, February 2010, PDF page 2"}, "geometry": {"type": "Polygon", "coordinates": [[[-562.1, -88.6], [-547.2, -88.6], [-547.2, -83.7], [-562.1, -83.7], [-562.1, -88.6]]]}},
{"type": "Feature", "properties": {"level": "platform", "type": "wall", "platform": "", "color": "#6e6e70", "source": "Moynihan Station EA, Figure 3-4, February 2010, PDF page 2"}, "geometry": {"type": "LineString", "coordinates": [[-774.0, -77.2], [-774.0, -79.2]]}},
{"type": "Feature", "properties": {"level": "platform", "type": "wall", "platform": "", "color": "#6e6e70", "source": "Moynihan Station EA, Figure 3-4, February 2010, PDF page 2"}, "geometry": {"type": "LineString", "coordinates": [[-774.0, -72.3], [-774.0, -74.3]]}},
{"type": "Feature", "properties": {"level": "platform", "type": "wall", "platform": "", "color": "#6e6e70", "source": "Moynihan Station EA, Figure 3-4, February 2010, PDF page 2"}, "geometry": {"type": "LineString", "coordinates": [[-774.0, -67.2], [-774.0, -69.3]]}},
{"type": "Feature", "properties": {"level": "platform", "type": "wall", "platform": "", "color": "#6e6e70", "source": "Moynihan Station EA, Figure 3-4, February 2010, PDF page 2"}, "geometry": {"type": "LineString", "coordinates": [[-769.4, -73.4], [-769.4, -77.4]]}},
{"type": "Feature", "properties": {"level": "platform", "type": "wall", "platform": "", "color": "#6e6e70", "source": "Moynihan Station EA, Figure 3-4, February 2010, PDF page 2"}, "geometry": {"type": "LineString", "coordinates": [[-769.4, -67.5], [-769.4, -71.4]]}},
{"type": "Feature", "properties": {"level": "platform", "type": "wall", "platform": "", "color": "#6e6e70", "source": "Moynihan Station EA, Figure 3-4, February 2010, PDF page 2"}, "geometry": {"type": "LineString", "coordinates": [[-566.5, -102.9], [-566.4, -103.0], [-566.1, -103.0], [-566.0, -102.9], [-565.7, -102.7], [-565.7, -102.6]]}},
{"type": "Feature", "properties": {"level": "platform", "type": "wall", "platform": "diagonal", "color": "#6e6e70", "source": "Moynihan Station EA, Figure 3-4, February 2010, PDF page 2"}, "geometry": {"type": "LineString", "coordinates": [[-402.7, -141.4], [-398.6, -141.4]]}},
{"type": "Feature", "properties": {"level": "platform", "type": "wall", "platform": "diagonal", "color": "#6e6e70", "source": "Moynihan Station EA, Figure 3-4, February 2010, PDF page 2"}, "geometry": {"type": "LineString", "coordinates": [[-396.7, -141.4], [-392.7, -141.4]]}},
{"type": "Feature", "properties": {"level": "platform", "type": "wall", "platform": "diagonal", "color": "#6e6e70", "source": "Moynihan Station EA, Figure 3-4, February 2010, PDF page 2"}, "geometry": {"type": "LineString", "coordinates": [[-390.7, -141.4], [-386.6, -141.4]]}},
{"type": "Feature", "properties": {"level": "platform", "type": "wall", "platform": "diagonal", "color": "#6e6e70", "source": "Moynihan Station EA, Figure 3-4, February 2010, PDF page 2"}, "geometry": {"type": "LineString", "coordinates": [[-385.6, -117.4], [-385.6, -120.1], [-385.5, -120.1]]}},
{"type": "Feature", "properties": {"level": "platform", "type": "wall", "platform": "diagonal", "color": "#6e6e70", "source": "Moynihan Station EA, Figure 3-4, February 2010, PDF page 2"}, "geometry": {"type": "LineString", "coordinates": [[-382.7, -117.6], [-382.8, -118.2], [-383.1, -118.7], [-383.5, -119.2], [-384.0, -119.5], [-384.4, -119.8], [-385.0, -120.0], [-385.5, -120.1]]}},
{"type": "Feature", "properties": {"level": "platform", "type": "wall", "platform": "diagonal", "color": "#6e6e70", "source": "Moynihan Station EA, Figure 3-4, February 2010, PDF page 2"}, "geometry": {"type": "LineString", "coordinates": [[-385.5, -120.1], [-385.5, -117.4]]}},
{"type": "Feature", "properties": {"level": "platform", "type": "wall", "platform": "diagonal", "color": "#6e6e70", "source": "Moynihan Station EA, Figure 3-4, February 2010, PDF page 2"}, "geometry": {"type": "LineString", "coordinates": [[-384.7, -141.4], [-380.7, -141.4]]}},
{"type": "Feature", "properties": {"level": "platform", "type": "wall", "platform": "diagonal", "color": "#6e6e70", "source": "Moynihan Station EA, Figure 3-4, February 2010, PDF page 2"}, "geometry": {"type": "LineString", "coordinates": [[-382.5, -117.6], [-382.4, -118.1], [-382.2, -118.6], [-381.9, -119.0], [-381.5, -119.3], [-381.1, -119.6], [-380.7, -119.9], [-380.2, -120.0], [-379.8, -120.1]]}},
{"type": "Feature", "properties": {"level": "platform", "type": "wall", "platform": "diagonal", "color": "#6e6e70", "source": "Moynihan Station EA, Figure 3-4, February 2010, PDF page 2"}, "geometry": {"type": "LineString", "coordinates": [[-379.8, -120.1], [-379.8, -117.4]]}},
{"type": "Feature", "properties": {"level": "platform", "type": "wall", "platform": "diagonal", "color": "#6e6e70", "source": "Moynihan Station EA, Figure 3-4, February 2010, PDF page 2"}, "geometry": {"type": "LineString", "coordinates": [[-379.8, -120.1], [-379.6, -120.1], [-379.6, -117.4]]}},
{"type": "Feature", "properties": {"level": "platform", "type": "wall", "platform": "diagonal", "color": "#6e6e70", "source": "Moynihan Station EA, Figure 3-4, February 2010, PDF page 2"}, "geometry": {"type": "LineString", "coordinates": [[-378.7, -141.4], [-374.6, -141.4]]}},
{"type": "Feature", "properties": {"level": "platform", "type": "wall", "platform": "diagonal", "color": "#6e6e70", "source": "Moynihan Station EA, Figure 3-4, February 2010, PDF page 2"}, "geometry": {"type": "LineString", "coordinates": [[-372.6, -141.4], [-368.7, -141.4]]}},
{"type": "Feature", "properties": {"level": "platform", "type": "wall", "platform": "diagonal", "color": "#6e6e70", "source": "Moynihan Station EA, Figure 3-4, February 2010, PDF page 2"}, "geometry": {"type": "LineString", "coordinates": [[-366.7, -141.4], [-362.7, -141.4]]}},
{"type": "Feature", "properties": {"level": "platform", "type": "wall", "platform": "diagonal", "color": "#6e6e70", "source": "Moynihan Station EA, Figure 3-4, February 2010, PDF page 2"}, "geometry": {"type": "LineString", "coordinates": [[-353.4, -143.4], [-356.5, -143.4], [-356.5, -141.4], [-360.6, -141.4]]}},
{"type": "Feature", "properties": {"level": "platform", "type": "wall", "platform": "diagonal", "color": "#6e6e70", "source": "Moynihan Station EA, Figure 3-4, February 2010, PDF page 2"}, "geometry": {"type": "LineString", "coordinates": [[-351.3, -143.4], [-347.3, -143.4]]}},
{"type": "Feature", "properties": {"level": "platform", "type": "wall", "platform": "diagonal", "color": "#6e6e70", "source": "Moynihan Station EA, Figure 3-4, February 2010, PDF page 2"}, "geometry": {"type": "LineString", "coordinates": [[-345.3, -143.4], [-341.4, -143.4]]}},
{"type": "Feature", "properties": {"level": "platform", "type": "wall", "platform": "diagonal", "color": "#6e6e70", "source": "Moynihan Station EA, Figure 3-4, February 2010, PDF page 2"}, "geometry": {"type": "LineString", "coordinates": [[-339.4, -143.4], [-335.3, -143.4]]}},
{"type": "Feature", "properties": {"level": "platform", "type": "wall", "platform": "diagonal", "color": "#6e6e70", "source": "Moynihan Station EA, Figure 3-4, February 2010, PDF page 2"}, "geometry": {"type": "LineString", "coordinates": [[-333.3, -143.4], [-329.4, -143.4]]}},
{"type": "Feature", "properties": {"level": "platform", "type": "wall", "platform": "diagonal", "color": "#6e6e70", "source": "Moynihan Station EA, Figure 3-4, February 2010, PDF page 2"}, "geometry": {"type": "LineString", "coordinates": [[-327.4, -143.4], [-323.3, -143.4]]}},
{"type": "Feature", "properties": {"level": "platform", "type": "wall", "platform": "diagonal", "color": "#6e6e70", "source": "Moynihan Station EA, Figure 3-4, February 2010, PDF page 2"}, "geometry": {"type": "LineString", "coordinates": [[-321.3, -143.4], [-317.4, -143.4]]}},
{"type": "Feature", "properties": {"level": "platform", "type": "wall", "platform": "diagonal", "color": "#6e6e70", "source": "Moynihan Station EA, Figure 3-4, February 2010, PDF page 2"}, "geometry": {"type": "LineString", "coordinates": [[-315.4, -143.4], [-311.4, -143.4]]}},
{"type": "Feature", "properties": {"level": "platform", "type": "wall", "platform": "diagonal", "color": "#6e6e70", "source": "Moynihan Station EA, Figure 3-4, February 2010, PDF page 2"}, "geometry": {"type": "LineString", "coordinates": [[-303.4, -141.8], [-306.2, -141.8], [-306.2, -143.4], [-309.3, -143.4]]}},
{"type": "Feature", "properties": {"level": "platform", "type": "wall", "platform": "diagonal", "color": "#6e6e70", "source": "Moynihan Station EA, Figure 3-4, February 2010, PDF page 2"}, "geometry": {"type": "LineString", "coordinates": [[-301.4, -141.8], [-297.5, -141.8]]}},
{"type": "Feature", "properties": {"level": "platform", "type": "wall", "platform": "diagonal", "color": "#6e6e70", "source": "Moynihan Station EA, Figure 3-4, February 2010, PDF page 2"}, "geometry": {"type": "LineString", "coordinates": [[-295.4, -141.8], [-291.4, -141.8]]}},
{"type": "Feature", "properties": {"level": "platform", "type": "wall", "platform": "diagonal", "color": "#6e6e70", "source": "Moynihan Station EA, Figure 3-4, February 2010, PDF page 2"}, "geometry": {"type": "LineString", "coordinates": [[-289.4, -141.8], [-285.5, -141.8]]}},
{"type": "Feature", "properties": {"level": "platform", "type": "wall", "platform": "diagonal", "color": "#6e6e70", "source": "Moynihan Station EA, Figure 3-4, February 2010, PDF page 2"}, "geometry": {"type": "LineString", "coordinates": [[-287.7, -147.3], [-286.8, -145.2]]}},
{"type": "Feature", "properties": {"level": "platform", "type": "wall", "platform": "diagonal", "color": "#6e6e70", "source": "Moynihan Station EA, Figure 3-4, February 2010, PDF page 2"}, "geometry": {"type": "LineString", "coordinates": [[-277.4, -141.8], [-273.5, -141.8]]}},
{"type": "Feature", "properties": {"level": "platform", "type": "wall", "platform": "diagonal", "color": "#6e6e70", "source": "Moynihan Station EA, Figure 3-4, February 2010, PDF page 2"}, "geometry": {"type": "LineString", "coordinates": [[-271.5, -141.8], [-267.4, -141.8]]}},
{"type": "Feature", "properties": {"level": "platform", "type": "wall", "platform": "diagonal", "color": "#6e6e70", "source": "Moynihan Station EA, Figure 3-4, February 2010, PDF page 2"}, "geometry": {"type": "LineString", "coordinates": [[-265.4, -141.8], [-261.4, -141.8]]}},
{"type": "Feature", "properties": {"level": "platform", "type": "wall", "platform": "diagonal", "color": "#6e6e70", "source": "Moynihan Station EA, Figure 3-4, February 2010, PDF page 2"}, "geometry": {"type": "LineString", "coordinates": [[-259.5, -141.8], [-255.5, -141.8]]}},
{"type": "Feature", "properties": {"level": "platform", "type": "wall", "platform": "diagonal", "color": "#6e6e70", "source": "Moynihan Station EA, Figure 3-4, February 2010, PDF page 2"}, "geometry": {"type": "LineString", "coordinates": [[-253.4, -141.8], [-249.4, -141.8]]}},
{"type": "Feature", "properties": {"level": "platform", "type": "wall", "platform": "diagonal", "color": "#6e6e70", "source": "Moynihan Station EA, Figure 3-4, February 2010, PDF page 2"}, "geometry": {"type": "LineString", "coordinates": [[-225.4, -141.8], [-228.6, -141.8]]}},
{"type": "Feature", "properties": {"level": "platform", "type": "wall", "platform": "diagonal", "color": "#6e6e70", "source": "Moynihan Station EA, Figure 3-4, February 2010, PDF page 2"}, "geometry": {"type": "LineString", "coordinates": [[-223.4, -141.8], [-219.5, -141.8]]}},
{"type": "Feature", "properties": {"level": "platform", "type": "wall", "platform": "4", "color": "#6e6e70", "source": "Moynihan Station EA, Figure 3-4, February 2010, PDF page 2"}, "geometry": {"type": "LineString", "coordinates": [[-217.9, -44.4], [-224.1, -44.3], [-224.1, -44.5], [-217.9, -44.5]]}},
{"type": "Feature", "properties": {"level": "platform", "type": "wall", "platform": "diagonal", "color": "#6e6e70", "source": "Moynihan Station EA, Figure 3-4, February 2010, PDF page 2"}, "geometry": {"type": "LineString", "coordinates": [[-217.5, -141.8], [-213.5, -141.8]]}},
{"type": "Feature", "properties": {"level": "platform", "type": "wall", "platform": "diagonal", "color": "#6e6e70", "source": "Moynihan Station EA, Figure 3-4, February 2010, PDF page 2"}, "geometry": {"type": "LineString", "coordinates": [[-211.4, -141.8], [-207.5, -141.8]]}},
{"type": "Feature", "properties": {"level": "platform", "type": "wall", "platform": "diagonal", "color": "#6e6e70", "source": "Moynihan Station EA, Figure 3-4, February 2010, PDF page 2"}, "geometry": {"type": "LineString", "coordinates": [[-205.5, -141.8], [-201.5, -141.8]]}},
{"type": "Feature", "properties": {"level": "platform", "type": "wall", "platform": "diagonal", "color": "#6e6e70", "source": "Moynihan Station EA, Figure 3-4, February 2010, PDF page 2"}, "geometry": {"type": "LineString", "coordinates": [[-199.5, -141.8], [-195.5, -141.8]]}},
{"type": "Feature", "properties": {"level": "platform", "type": "wall", "platform": "diagonal", "color": "#6e6e70", "source": "Moynihan Station EA, Figure 3-4, February 2010, PDF page 2"}, "geometry": {"type": "LineString", "coordinates": [[-193.5, -141.8], [-189.5, -141.8]]}},
{"type": "Feature", "properties": {"level": "platform", "type": "wall", "platform": "diagonal", "color": "#6e6e70", "source": "Moynihan Station EA, Figure 3-4, February 2010, PDF page 2"}, "geometry": {"type": "LineString", "coordinates": [[-187.5, -141.8], [-183.4, -141.8]]}},
{"type": "Feature", "properties": {"level": "platform", "type": "wall", "platform": "diagonal", "color": "#6e6e70", "source": "Moynihan Station EA, Figure 3-4, February 2010, PDF page 2"}, "geometry": {"type": "LineString", "coordinates": [[-181.5, -141.8], [-177.5, -141.8]]}},
{"type": "Feature", "properties": {"level": "platform", "type": "wall", "platform": "diagonal", "color": "#6e6e70", "source": "Moynihan Station EA, Figure 3-4, February 2010, PDF page 2"}, "geometry": {"type": "LineString", "coordinates": [[-175.5, -141.8], [-171.4, -141.8]]}},
{"type": "Feature", "properties": {"level": "platform", "type": "wall", "platform": "diagonal", "color": "#6e6e70", "source": "Moynihan Station EA, Figure 3-4, February 2010, PDF page 2"}, "geometry": {"type": "LineString", "coordinates": [[-169.5, -141.8], [-165.5, -141.8]]}},
{"type": "Feature", "properties": {"level": "platform", "type": "wall", "platform": "diagonal", "color": "#6e6e70", "source": "Moynihan Station EA, Figure 3-4, February 2010, PDF page 2"}, "geometry": {"type": "LineString", "coordinates": [[-163.5, -141.8], [-159.5, -141.8]]}},
{"type": "Feature", "properties": {"level": "platform", "type": "wall", "platform": "diagonal", "color": "#6e6e70", "source": "Moynihan Station EA, Figure 3-4, February 2010, PDF page 2"}, "geometry": {"type": "LineString", "coordinates": [[-157.4, -141.8], [-153.5, -141.8]]}},
{"type": "Feature", "properties": {"level": "platform", "type": "wall", "platform": "diagonal", "color": "#6e6e70", "source": "Moynihan Station EA, Figure 3-4, February 2010, PDF page 2"}, "geometry": {"type": "LineString", "coordinates": [[-151.5, -141.8], [-147.5, -141.8]]}},
{"type": "Feature", "properties": {"level": "platform", "type": "wall", "platform": "diagonal", "color": "#6e6e70", "source": "Moynihan Station EA, Figure 3-4, February 2010, PDF page 2"}, "geometry": {"type": "LineString", "coordinates": [[-145.5, -141.8], [-141.5, -141.8]]}},
{"type": "Feature", "properties": {"level": "platform", "type": "wall", "platform": "diagonal", "color": "#6e6e70", "source": "Moynihan Station EA, Figure 3-4, February 2010, PDF page 2"}, "geometry": {"type": "LineString", "coordinates": [[-139.5, -141.8], [-135.5, -141.8]]}},
{"type": "Feature", "properties": {"level": "platform", "type": "wall", "platform": "diagonal", "color": "#6e6e70", "source": "Moynihan Station EA, Figure 3-4, February 2010, PDF page 2"}, "geometry": {"type": "LineString", "coordinates": [[-133.5, -141.8], [-129.5, -141.8]]}},
{"type": "Feature", "properties": {"level": "platform", "type": "wall", "platform": "diagonal", "color": "#6e6e70", "source": "Moynihan Station EA, Figure 3-4, February 2010, PDF page 2"}, "geometry": {"type": "LineString", "coordinates": [[-127.5, -141.8], [-123.5, -141.8]]}},
{"type": "Feature", "properties": {"level": "platform", "type": "wall", "platform": "11", "color": "#6e6e70", "source": "Moynihan Station EA, Figure 3-4, February 2010, PDF page 2"}, "geometry": {"type": "LineString", "coordinates": [[-13.2, 271.8], [-15.2, 271.8]]}},
{"type": "Feature", "properties": {"level": "platform", "type": "wall", "platform": "11", "color": "#6e6e70", "source": "Moynihan Station EA, Figure 3-4, February 2010, PDF page 2"}, "geometry": {"type": "LineString", "coordinates": [[-13.5, 276.6], [-12.1, 276.6], [-12.1, 274.6], [-14.4, 274.5]]}},
{"type": "Feature", "properties": {"level": "platform", "type": "wall", "platform": "11", "color": "#6e6e70", "source": "Moynihan Station EA, Figure 3-4, February 2010, PDF page 2"}, "geometry": {"type": "LineString", "coordinates": [[-8.2, 271.8], [-10.2, 271.8]]}},
{"type": "Feature", "properties": {"level": "platform", "type": "wall", "platform": "11", "color": "#6e6e70", "source": "Moynihan Station EA, Figure 3-4, February 2010, PDF page 2"}, "geometry": {"type": "LineString", "coordinates": [[-4.7, 271.8], [-4.7, 271.7], [-4.6, 271.5], [-4.4, 271.4], [-4.2, 271.5], [-4.1, 271.7], [-4.1, 271.8]]}},
{"type": "Feature", "properties": {"level": "platform", "type": "wall", "platform": "11", "color": "#6e6e70", "source": "Moynihan Station EA, Figure 3-4, February 2010, PDF page 2"}, "geometry": {"type": "LineString", "coordinates": [[-3.5, 277.1], [-4.6, 276.8], [-5.6, 276.1], [-3.5, 274.0]]}},
{"type": "Feature", "properties": {"level": "platform", "type": "wall", "platform": "11", "color": "#6e6e70", "source": "Moynihan Station EA, Figure 3-4, February 2010, PDF page 2"}, "geometry": {"type": "LineString", "coordinates": [[1.8, 271.8], [-0.2, 271.8]]}},
{"type": "Feature", "properties": {"level": "platform", "type": "wall", "platform": "11", "color": "#6e6e70", "source": "Moynihan Station EA, Figure 3-4, February 2010, PDF page 2"}, "geometry": {"type": "LineString", "coordinates": [[6.7, 271.8], [4.8, 271.8]]}},
{"type": "Feature", "properties": {"level": "platform", "type": "wall", "platform": "11", "color": "#6e6e70", "source": "Moynihan Station EA, Figure 3-4, February 2010, PDF page 2"}, "geometry": {"type": "LineString", "coordinates": [[11.8, 271.8], [9.8, 271.8]]}},
{"type": "Feature", "properties": {"level": "platform", "type": "wall", "platform": "11", "color": "#6e6e70", "source": "Moynihan Station EA, Figure 3-4, February 2010, PDF page 2"}, "geometry": {"type": "LineString", "coordinates": [[16.8, 271.8], [14.8, 271.8]]}},
{"type": "Feature", "properties": {"level": "platform", "type": "wall", "platform": "11", "color": "#6e6e70", "source": "Moynihan Station EA, Figure 3-4, February 2010, PDF page 2"}, "geometry": {"type": "LineString", "coordinates": [[21.7, 271.8], [19.7, 271.8]]}},
{"type": "Feature", "properties": {"level": "platform", "type": "wall", "platform": "9", "color": "#6e6e70", "source": "Moynihan Station EA, Figure 3-4, February 2010, PDF page 2"}, "geometry": {"type": "LineString", "coordinates": [[22.1, 182.0], [22.0, 182.1], [21.7, 182.0], [21.7, 181.6], [22.0, 181.5], [22.1, 181.6], [22.2, 181.8]]}},
{"type": "Feature", "properties": {"level": "platform", "type": "wall", "platform": "11", "color": "#6e6e70", "source": "Moynihan Station EA, Figure 3-4, February 2010, PDF page 2"}, "geometry": {"type": "LineString", "coordinates": [[24.8, 271.8], [25.8, 271.8], [25.8, 270.8]]}},
{"type": "Feature", "properties": {"level": "platform", "type": "wall", "platform": "3", "color": "#6e6e70", "source": "Moynihan Station EA, Figure 3-4, February 2010, PDF page 2"}, "geometry": {"type": "LineString", "coordinates": [[25.8, -99.3], [25.8, -97.3]]}},
{"type": "Feature", "properties": {"level": "platform", "type": "wall", "platform": "3", "color": "#6e6e70", "source": "Moynihan Station EA, Figure 3-4, February 2010, PDF page 2"}, "geometry": {"type": "LineString", "coordinates": [[25.8, -94.2], [25.8, -92.2]]}},
{"type": "Feature", "properties": {"level": "platform", "type": "wall", "platform": "3", "color": "#6e6e70", "source": "Moynihan Station EA, Figure 3-4, February 2010, PDF page 2"}, "geometry": {"type": "LineString", "coordinates": [[25.8, -89.3], [25.8, -87.3]]}},
{"type": "Feature", "properties": {"level": "platform", "type": "wall", "platform": "3", "color": "#6e6e70", "source": "Moynihan Station EA, Figure 3-4, February 2010, PDF page 2"}, "geometry": {"type": "LineString", "coordinates": [[25.8, -84.3], [25.8, -82.2]]}},
{"type": "Feature", "properties": {"level": "platform", "type": "wall", "platform": "4", "color": "#6e6e70", "source": "Moynihan Station EA, Figure 3-4, February 2010, PDF page 2"}, "geometry": {"type": "LineString", "coordinates": [[25.8, -54.2], [25.8, -52.2]]}},
{"type": "Feature", "properties": {"level": "platform", "type": "wall", "platform": "4", "color": "#6e6e70", "source": "Moynihan Station EA, Figure 3-4, February 2010, PDF page 2"}, "geometry": {"type": "LineString", "coordinates": [[25.8, -49.2], [25.8, -47.3]]}},
{"type": "Feature", "properties": {"level": "platform", "type": "wall", "platform": "4", "color": "#6e6e70", "source": "Moynihan Station EA, Figure 3-4, February 2010, PDF page 2"}, "geometry": {"type": "LineString", "coordinates": [[25.8, -44.3], [25.8, -42.2]]}},
{"type": "Feature", "properties": {"level": "platform", "type": "wall", "platform": "4", "color": "#6e6e70", "source": "Moynihan Station EA, Figure 3-4, February 2010, PDF page 2"}, "geometry": {"type": "LineString", "coordinates": [[25.8, -39.2], [25.8, -37.2]]}},
{"type": "Feature", "properties": {"level": "platform", "type": "wall", "platform": "5", "color": "#6e6e70", "source": "Moynihan Station EA, Figure 3-4, February 2010, PDF page 2"}, "geometry": {"type": "LineString", "coordinates": [[25.8, -9.2], [25.8, -7.3]]}},
{"type": "Feature", "properties": {"level": "platform", "type": "wall", "platform": "5", "color": "#6e6e70", "source": "Moynihan Station EA, Figure 3-4, February 2010, PDF page 2"}, "geometry": {"type": "LineString", "coordinates": [[25.8, -4.3], [25.8, -2.3]]}},
{"type": "Feature", "properties": {"level": "platform", "type": "wall", "platform": "5", "color": "#6e6e70", "source": "Moynihan Station EA, Figure 3-4, February 2010, PDF page 2"}, "geometry": {"type": "LineString", "coordinates": [[25.8, 0.8], [25.8, 2.8]]}},
{"type": "Feature", "properties": {"level": "platform", "type": "wall", "platform": "5", "color": "#6e6e70", "source": "Moynihan Station EA, Figure 3-4, February 2010, PDF page 2"}, "geometry": {"type": "LineString", "coordinates": [[25.8, 5.7], [25.8, 7.7]]}},
{"type": "Feature", "properties": {"level": "platform", "type": "wall", "platform": "6", "color": "#6e6e70", "source": "Moynihan Station EA, Figure 3-4, February 2010, PDF page 2"}, "geometry": {"type": "LineString", "coordinates": [[25.8, 40.8], [25.8, 42.8]]}},
{"type": "Feature", "properties": {"level": "platform", "type": "wall", "platform": "6", "color": "#6e6e70", "source": "Moynihan Station EA, Figure 3-4, February 2010, PDF page 2"}, "geometry": {"type": "LineString", "coordinates": [[25.8, 45.7], [25.8, 47.7]]}},
{"type": "Feature", "properties": {"level": "platform", "type": "wall", "platform": "6", "color": "#6e6e70", "source": "Moynihan Station EA, Figure 3-4, February 2010, PDF page 2"}, "geometry": {"type": "LineString", "coordinates": [[25.8, 50.7], [25.8, 52.8]]}},
{"type": "Feature", "properties": {"level": "platform", "type": "wall", "platform": "7", "color": "#6e6e70", "source": "Moynihan Station EA, Figure 3-4, February 2010, PDF page 2"}, "geometry": {"type": "LineString", "coordinates": [[25.8, 80.8], [25.8, 82.8]]}},
{"type": "Feature", "properties": {"level": "platform", "type": "wall", "platform": "7", "color": "#6e6e70", "source": "Moynihan Station EA, Figure 3-4, February 2010, PDF page 2"}, "geometry": {"type": "LineString", "coordinates": [[25.8, 85.8], [25.8, 87.7]]}},
{"type": "Feature", "properties": {"level": "platform", "type": "wall", "platform": "7", "color": "#6e6e70", "source": "Moynihan Station EA, Figure 3-4, February 2010, PDF page 2"}, "geometry": {"type": "LineString", "coordinates": [[25.8, 90.7], [25.8, 92.8]]}},
{"type": "Feature", "properties": {"level": "platform", "type": "wall", "platform": "7", "color": "#6e6e70", "source": "Moynihan Station EA, Figure 3-4, February 2010, PDF page 2"}, "geometry": {"type": "LineString", "coordinates": [[25.8, 95.8], [25.8, 97.8]]}},
{"type": "Feature", "properties": {"level": "platform", "type": "wall", "platform": "8", "color": "#6e6e70", "source": "Moynihan Station EA, Figure 3-4, February 2010, PDF page 2"}, "geometry": {"type": "LineString", "coordinates": [[25.8, 125.8], [25.8, 127.7]]}},
{"type": "Feature", "properties": {"level": "platform", "type": "wall", "platform": "8", "color": "#6e6e70", "source": "Moynihan Station EA, Figure 3-4, February 2010, PDF page 2"}, "geometry": {"type": "LineString", "coordinates": [[25.8, 130.7], [25.8, 132.8]]}},
{"type": "Feature", "properties": {"level": "platform", "type": "wall", "platform": "8", "color": "#6e6e70", "source": "Moynihan Station EA, Figure 3-4, February 2010, PDF page 2"}, "geometry": {"type": "LineString", "coordinates": [[25.8, 135.8], [25.8, 137.8]]}},
{"type": "Feature", "properties": {"level": "platform", "type": "wall", "platform": "8", "color": "#6e6e70", "source": "Moynihan Station EA, Figure 3-4, February 2010, PDF page 2"}, "geometry": {"type": "LineString", "coordinates": [[25.8, 140.8], [25.8, 142.7]]}},
{"type": "Feature", "properties": {"level": "platform", "type": "wall", "platform": "9", "color": "#6e6e70", "source": "Moynihan Station EA, Figure 3-4, February 2010, PDF page 2"}, "geometry": {"type": "LineString", "coordinates": [[25.8, 175.8], [25.8, 177.8]]}},
{"type": "Feature", "properties": {"level": "platform", "type": "wall", "platform": "9", "color": "#6e6e70", "source": "Moynihan Station EA, Figure 3-4, February 2010, PDF page 2"}, "geometry": {"type": "LineString", "coordinates": [[25.8, 180.8], [25.8, 182.7]]}},
{"type": "Feature", "properties": {"level": "platform", "type": "wall", "platform": "9", "color": "#6e6e70", "source": "Moynihan Station EA, Figure 3-4, February 2010, PDF page 2"}, "geometry": {"type": "LineString", "coordinates": [[25.8, 185.8], [25.8, 187.8]]}},
{"type": "Feature", "properties": {"level": "platform", "type": "wall", "platform": "10", "color": "#6e6e70", "source": "Moynihan Station EA, Figure 3-4, February 2010, PDF page 2"}, "geometry": {"type": "LineString", "coordinates": [[25.8, 205.8], [25.8, 207.8]]}},
{"type": "Feature", "properties": {"level": "platform", "type": "wall", "platform": "10", "color": "#6e6e70", "source": "Moynihan Station EA, Figure 3-4, February 2010, PDF page 2"}, "geometry": {"type": "LineString", "coordinates": [[25.8, 210.7], [25.8, 212.8]]}},
{"type": "Feature", "properties": {"level": "platform", "type": "wall", "platform": "10", "color": "#6e6e70", "source": "Moynihan Station EA, Figure 3-4, February 2010, PDF page 2"}, "geometry": {"type": "LineString", "coordinates": [[25.8, 215.8], [25.8, 217.8]]}},
{"type": "Feature", "properties": {"level": "platform", "type": "wall", "platform": "10", "color": "#6e6e70", "source": "Moynihan Station EA, Figure 3-4, February 2010, PDF page 2"}, "geometry": {"type": "LineString", "coordinates": [[25.8, 220.8], [25.8, 222.7]]}},
{"type": "Feature", "properties": {"level": "platform", "type": "wall", "platform": "10", "color": "#6e6e70", "source": "Moynihan Station EA, Figure 3-4, February 2010, PDF page 2"}, "geometry": {"type": "LineString", "coordinates": [[25.8, 225.8], [25.8, 227.8]]}},
{"type": "Feature", "properties": {"level": "platform", "type": "wall", "platform": "10", "color": "#6e6e70", "source": "Moynihan Station EA, Figure 3-4, February 2010, PDF page 2"}, "geometry": {"type": "LineString", "coordinates": [[25.8, 230.8], [25.8, 232.8]]}},
{"type": "Feature", "properties": {"level": "platform", "type": "wall", "platform": "10", "color": "#6e6e70", "source": "Moynihan Station EA, Figure 3-4, February 2010, PDF page 2"}, "geometry": {"type": "LineString", "coordinates": [[25.8, 235.8], [25.8, 237.7]]}},
{"type": "Feature", "properties": {"level": "platform", "type": "wall", "platform": "11", "color": "#6e6e70", "source": "Moynihan Station EA, Figure 3-4, February 2010, PDF page 2"}, "geometry": {"type": "LineString", "coordinates": [[38.3, 285.8], [38.7, 285.6], [39.0, 285.8], [39.2, 286.1], [39.0, 286.5], [38.7, 286.6], [38.3, 286.5], [38.2, 286.2]]}},
{"type": "Feature", "properties": {"level": "platform", "type": "wall", "platform": "3", "color": "#6e6e70", "source": "Moynihan Station EA, Figure 3-4, February 2010, PDF page 2"}, "geometry": {"type": "LineString", "coordinates": [[116.9, -97.5], [119.6, -97.4]]}},
{"type": "Feature", "properties": {"level": "platform", "type": "wall", "platform": "3", "color": "#6e6e70", "source": "Moynihan Station EA, Figure 3-4, February 2010, PDF page 2"}, "geometry": {"type": "LineString", "coordinates": [[116.9, -97.5], [116.9, -96.4], [119.5, -96.3], [119.6, -97.4]]}},
{"type": "Feature", "properties": {"level": "platform", "type": "enclosure", "platform": "", "color": "#6e6e70", "source": "Moynihan Station EA, Figure 3-4, February 2010, PDF page 2"}, "geometry": {"type": "Polygon", "coordinates": [[[-588.8, -100.0], [-588.7, -100.3], [-588.5, -100.3], [-588.2, -100.3], [-588.1, -100.0], [-588.2, -99.8], [-588.5, -99.7], [-588.7, -99.8], [-588.8, -100.0]]]}},
{"type": "Feature", "properties": {"level": "platform", "type": "enclosure", "platform": "6", "color": "#6e6e70", "source": "Moynihan Station EA, Figure 3-4, February 2010, PDF page 2"}, "geometry": {"type": "Polygon", "coordinates": [[[-583.6, 43.5], [-574.0, 43.5], [-574.0, 45.5], [-583.6, 45.6], [-583.6, 43.5]]]}},
{"type": "Feature", "properties": {"level": "platform", "type": "enclosure", "platform": "7", "color": "#6e6e70", "source": "Moynihan Station EA, Figure 3-4, February 2010, PDF page 2"}, "geometry": {"type": "Polygon", "coordinates": [[[-579.7, 82.5], [-579.4, 80.6], [-569.8, 81.6], [-570.0, 83.6], [-579.7, 82.5]]]}},
{"type": "Feature", "properties": {"level": "platform", "type": "enclosure", "platform": "7", "color": "#6e6e70", "source": "Moynihan Station EA, Figure 3-4, February 2010, PDF page 2"}, "geometry": {"type": "Polygon", "coordinates": [[[-561.7, 84.7], [-561.5, 82.7], [-551.8, 83.5], [-552.1, 85.4], [-561.7, 84.7]]]}},
{"type": "Feature", "properties": {"level": "platform", "type": "enclosure", "platform": "7", "color": "#6e6e70", "source": "Moynihan Station EA, Figure 3-4, February 2010, PDF page 2"}, "geometry": {"type": "Polygon", "coordinates": [[[-535.5, 87.8], [-535.3, 87.8], [-535.2, 88.0], [-535.4, 88.1], [-535.5, 88.0], [-535.5, 87.8]]]}},
{"type": "Feature", "properties": {"level": "platform", "type": "enclosure", "platform": "5", "color": "#6e6e70", "source": "Moynihan Station EA, Figure 3-4, February 2010, PDF page 2"}, "geometry": {"type": "Polygon", "coordinates": [[[-524.2, 1.2], [-517.4, 1.0], [-517.3, 3.0], [-524.1, 3.2], [-524.2, 1.2]]]}},
{"type": "Feature", "properties": {"level": "platform", "type": "enclosure", "platform": "5", "color": "#6e6e70", "source": "Moynihan Station EA, Figure 3-4, February 2010, PDF page 2"}, "geometry": {"type": "Polygon", "coordinates": [[[-517.0, 1.0], [-507.3, 0.6], [-507.2, 2.6], [-517.0, 3.0], [-517.0, 1.0]]]}},
{"type": "Feature", "properties": {"level": "platform", "type": "enclosure", "platform": "7", "color": "#6e6e70", "source": "Moynihan Station EA, Figure 3-4, February 2010, PDF page 2"}, "geometry": {"type": "Polygon", "coordinates": [[[-482.7, 88.8], [-482.6, 86.2], [-479.1, 86.3], [-479.2, 89.0], [-482.7, 88.8]]]}},
{"type": "Feature", "properties": {"level": "platform", "type": "enclosure", "platform": "7", "color": "#6e6e70", "source": "Moynihan Station EA, Figure 3-4, February 2010, PDF page 2"}, "geometry": {"type": "Polygon", "coordinates": [[[-291.2, 90.3], [-281.5, 90.3], [-281.5, 92.3], [-291.2, 92.3], [-291.2, 90.3]]]}},
{"type": "Feature", "properties": {"level": "platform", "type": "enclosure", "platform": "9", "color": "#6e6e70", "source": "Moynihan Station EA, Figure 3-4, February 2010, PDF page 2"}, "geometry": {"type": "Polygon", "coordinates": [[[-117.7, 184.1], [-108.0, 184.0], [-108.0, 186.0], [-117.7, 186.1], [-117.7, 184.1]]]}},
{"type": "Feature", "properties": {"level": "platform", "type": "enclosure", "platform": "9", "color": "#6e6e70", "source": "Moynihan Station EA, Figure 3-4, February 2010, PDF page 2"}, "geometry": {"type": "Polygon", "coordinates": [[[-99.7, 182.7], [-96.1, 182.7], [-96.1, 185.3], [-99.6, 185.3], [-99.7, 182.7]]]}},
{"type": "Feature", "properties": {"level": "platform", "type": "enclosure", "platform": "10", "color": "#6e6e70", "source": "Moynihan Station EA, Figure 3-4, February 2010, PDF page 2"}, "geometry": {"type": "Polygon", "coordinates": [[[-6.3, 212.6], [-2.7, 212.6], [-2.7, 215.2], [-6.3, 215.2], [-6.3, 212.6]]]}},
{"type": "Feature", "properties": {"level": "platform", "type": "enclosure", "platform": "10", "color": "#6e6e70", "source": "Moynihan Station EA, Figure 3-4, February 2010, PDF page 2"}, "geometry": {"type": "Polygon", "coordinates": [[[-2.4, 233.4], [-2.3, 233.1], [-2.0, 232.9], [-1.7, 233.1], [-1.6, 233.4], [-1.7, 233.7], [-2.0, 233.8], [-2.3, 233.7], [-2.4, 233.4]]]}},
{"type": "Feature", "properties": {"level": "platform", "type": "enclosure", "platform": "10", "color": "#6e6e70", "source": "Moynihan Station EA, Figure 3-4, February 2010, PDF page 2"}, "geometry": {"type": "Polygon", "coordinates": [[[-1.1, 214.1], [-0.9, 213.9], [-0.7, 213.7], [-0.4, 213.9], [-0.4, 214.1], [-0.4, 214.3], [-0.7, 214.5], [-0.9, 214.3], [-1.1, 214.1]]]}},
{"type": "Feature", "properties": {"level": "platform", "type": "enclosure", "platform": "9", "color": "#6e6e70", "source": "Moynihan Station EA, Figure 3-4, February 2010, PDF page 2"}, "geometry": {"type": "Polygon", "coordinates": [[[27.5, 181.6], [27.5, 181.4], [27.7, 181.4], [27.9, 181.4], [28.0, 181.6], [27.9, 181.7], [27.7, 181.8], [27.5, 181.7], [27.5, 181.6]]]}},
{"type": "Feature", "properties": {"level": "platform", "type": "enclosure", "platform": "3", "color": "#6e6e70", "source": "Moynihan Station EA, Figure 3-4, February 2010, PDF page 2"}, "geometry": {"type": "Polygon", "coordinates": [[[45.7, -93.1], [55.4, -93.1], [55.4, -91.1], [45.7, -91.1], [45.7, -93.1]]]}},
{"type": "Feature", "properties": {"level": "concourse", "type": "concourse", "source": "Moynihan Station EA, Figure 3-4, February 2010, PDF page 2"}, "geometry": {"type": "Polygon", "coordinates": [[[-26.7, -57.7], [-26.7, -54.9], [-26.7, -54.9], [-81.1, -54.9], [-26.7, -57.7]]]}},
{"type": "Feature", "properties": {"level": "concourse", "type": "concourse", "source": "Moynihan Station EA, Figure 3-4, February 2010, PDF page 2"}, "geometry": {"type": "Polygon", "coordinates": [[[-26.7, -57.7], [-81.1, -54.9], [-80.8, -57.7], [-80.8, -57.7], [-26.7, -57.7]]]}},
{"type": "Feature", "properties": {"level": "concourse", "type": "concourse", "source": "Moynihan Station EA, Figure 3-4, February 2010, PDF page 2"}, "geometry": {"type": "Polygon", "coordinates": [[[-26.7, -54.9], [-26.7, -49.6], [-26.7, -49.6], [-81.7, -49.5], [-26.7, -54.9]]]}},
{"type": "Feature", "properties": {"level": "concourse", "type": "concourse", "source": "Moynihan Station EA, Figure 3-4, February 2010, PDF page 2"}, "geometry": {"type": "Polygon", "coordinates": [[[-26.7, -54.9], [-81.7, -49.5], [-81.1, -54.8], [-81.1, -54.8], [-26.7, -54.9]]]}},
{"type": "Feature", "properties": {"level": "concourse", "type": "concourse", "source": "Moynihan Station EA, Figure 3-4, February 2010, PDF page 2"}, "geometry": {"type": "Polygon", "coordinates": [[[-26.7, 141.7], [-79.8, 159.2], [-81.7, 141.7], [-81.7, 141.7], [-26.7, 141.7]]]}},
{"type": "Feature", "properties": {"level": "concourse", "type": "concourse", "source": "Moynihan Station EA, Figure 3-4, February 2010, PDF page 2"}, "geometry": {"type": "Polygon", "coordinates": [[[-345.3, -4.0], [-345.3, -0.1], [-345.3, -0.1], [-419.2, -0.1], [-345.3, -4.0]]]}},
{"type": "Feature", "properties": {"level": "concourse", "type": "concourse", "source": "Moynihan Station EA, Figure 3-4, February 2010, PDF page 2"}, "geometry": {"type": "Polygon", "coordinates": [[[-345.3, -4.0], [-419.2, -0.1], [-419.2, -4.0], [-419.2, -4.0], [-345.3, -4.0]]]}},
{"type": "Feature", "properties": {"level": "concourse", "type": "concourse", "source": "Moynihan Station EA, Figure 3-4, February 2010, PDF page 2"}, "geometry": {"type": "Polygon", "coordinates": [[[-363.3, 40.4], [-361.6, 42.1], [-361.6, 42.1], [-419.2, 42.1], [-363.3, 40.4]]]}},
{"type": "Feature", "properties": {"level": "concourse", "type": "concourse", "source": "Moynihan Station EA, Figure 3-4, February 2010, PDF page 2"}, "geometry": {"type": "Polygon", "coordinates": [[[-363.3, 40.4], [-419.2, 42.1], [-419.2, 40.4], [-419.2, 40.4], [-363.3, 40.4]]]}},
{"type": "Feature", "properties": {"level": "concourse", "type": "concourse", "source": "Moynihan Station EA, Figure 3-4, February 2010, PDF page 2"}, "geometry": {"type": "Polygon", "coordinates": [[[-345.3, 42.1], [-345.3, 44.4], [-345.3, 44.4], [-419.2, 44.4], [-345.3, 42.1]]]}},
{"type": "Feature", "properties": {"level": "concourse", "type": "concourse", "source": "Moynihan Station EA, Figure 3-4, February 2010, PDF page 2"}, "geometry": {"type": "Polygon", "coordinates": [[[-345.3, 42.1], [-419.2, 44.4], [-419.2, 42.1], [-419.2, 42.1], [-345.3, 42.1]]]}},
{"type": "Feature", "properties": {"level": "concourse", "type": "concourse", "source": "Moynihan Station EA, Figure 3-4, February 2010, PDF page 2"}, "geometry": {"type": "Polygon", "coordinates": [[[-345.3, 93.0], [-345.3, 97.0], [-345.3, 97.0], [-419.2, 97.0], [-345.3, 93.0]]]}},
{"type": "Feature", "properties": {"level": "concourse", "type": "concourse", "source": "Moynihan Station EA, Figure 3-4, February 2010, PDF page 2"}, "geometry": {"type": "Polygon", "coordinates": [[[-345.3, 93.0], [-419.2, 97.0], [-419.2, 93.0], [-419.2, 93.0], [-345.3, 93.0]]]}}
]}
