{"type": "FeatureCollection", "frame": "feet: x east of the NY Penn Station Master Plan's plans' west edge, y north of platform 5's centerline on PCIP Phase 2 Appendix A, sheet A-001, November 2020, PDF page 45, with east and north along Manhattan's street grid", "features": [
{"type": "Feature", "properties": {"type": "platform", "platform": "4", "level": "platform", "source": "PCIP Phase 2 Appendix A, sheet A-001, November 2020, PDF page 45"}, "geometry": {"type": "Polygon", "coordinates": [[[-189.6, -53.4], [-163.5, -55.1], [-123.0, -56.1], [-15.5, -56.5], [650.4, -56.5], [761.7, -42.5], [761.7, -35.4], [-190.1, -36.8], [-189.6, -53.4]]]}},
{"type": "Feature", "properties": {"type": "platform", "platform": "3", "level": "platform", "source": "PCIP Phase 2 Appendix A, sheet A-001, November 2020, PDF page 45"}, "geometry": {"type": "Polygon", "coordinates": [[[-185.7, -94.0], [-160.5, -96.7], [-111.7, -101.0], [-62.4, -102.6], [634.6, -102.6], [700.0, -95.3], [719.7, -90.8], [719.7, -81.7], [-16.3, -82.2], [-185.7, -82.4], [-185.7, -94.0]]]}},
{"type": "Feature", "properties": {"type": "platform", "platform": "5", "level": "platform", "source": "PCIP Phase 2 Appendix A, sheet A-001, November 2020, PDF page 45"}, "geometry": {"type": "Polygon", "coordinates": [[[510.1, 10.2], [225.2, 10.2], [-66.8, 10.2], [-154.6, 9.6], [-189.5, 7.9], [-189.5, -10.4], [-65.8, -10.4], [101.4, -10.2], [380.5, -10.0], [619.9, -9.8], [758.4, -9.8], [819.1, -4.9], [819.1, 10.4], [510.1, 10.2]]]}},
{"type": "Feature", "properties": {"type": "platform", "platform": "6", "level": "platform", "source": "PCIP Phase 2 Appendix A, sheet A-001, November 2020, PDF page 45"}, "geometry": {"type": "Polygon", "coordinates": [[[563.7, 54.0], [96.0, 53.6], [-111.2, 53.5], [-189.9, 52.7], [-189.9, 36.0], [142.9, 36.3], [518.1, 36.3], [849.5, 36.3], [849.5, 53.8], [563.7, 54.0]]]}},
{"type": "Feature", "properties": {"type": "platform", "platform": "7", "level": "platform", "source": "PCIP Phase 2 Appendix A, sheet A-001, November 2020, PDF page 45"}, "geometry": {"type": "Polygon", "coordinates": [[[757.4, 99.5], [608.7, 99.7], [118.6, 99.9], [30.1, 99.3], [-61.7, 99.3], [-189.3, 99.1], [-189.3, 80.4], [-57.0, 78.7], [169.2, 79.1], [548.0, 79.3], [820.8, 79.7], [820.8, 95.4], [757.4, 99.5]]]}},
{"type": "Feature", "properties": {"type": "platform", "platform": "8", "level": "platform", "source": "PCIP Phase 2 Appendix A, sheet A-001, November 2020, PDF page 45"}, "geometry": {"type": "Polygon", "coordinates": [[[307.6, 146.1], [-68.4, 145.5], [-189.9, 144.6], [-189.9, 125.1], [-115.7, 124.9], [198.8, 125.3], [779.1, 126.2], [779.1, 137.4], [696.4, 145.7], [307.6, 146.1]]]}},
{"type": "Feature", "properties": {"type": "platform", "platform": "1/2", "level": "platform", "source": "PCIP Phase 2 Appendix A, sheet A-001, November 2020, PDF page 45"}, "geometry": {"type": "Polygon", "coordinates": [[[97.6, -128.3], [97.6, -138.0], [147.6, -143.7], [198.7, -147.1], [236.6, -147.0], [884.7, -147.7], [884.4, -173.4], [205.2, -174.1], [158.7, -174.6], [107.9, -174.2], [107.6, -182.8], [141.5, -188.0], [172.1, -191.4], [206.9, -193.7], [318.1, -194.4], [910.8, -196.0], [911.0, -127.8], [97.6, -128.3]]]}},
{"type": "Feature", "properties": {"type": "stair", "platform": "1", "vce_name": "P1-S1", "level": "platform", "source": "PCIP Phase 2 Appendix A, sheet A-001, November 2020, PDF page 45"}, "geometry": {"type": "Polygon", "coordinates": [[[261.5, -187.7], [285.4, -187.7], [285.4, -182.4], [261.5, -182.4], [261.5, -187.7]]]}},
{"type": "Feature", "properties": {"type": "stair", "platform": "1", "vce_name": "P1-S2", "level": "platform", "source": "PCIP Phase 2 Appendix A, sheet A-001, November 2020, PDF page 45"}, "geometry": {"type": "Polygon", "coordinates": [[[368.2, -187.5], [377.2, -187.5], [377.2, -182.8], [368.2, -182.8], [368.2, -187.5]]]}},
{"type": "Feature", "properties": {"type": "stair", "platform": "1", "vce_name": "P1-S3", "level": "platform", "source": "PCIP Phase 2 Appendix A, sheet A-001, November 2020, PDF page 45"}, "geometry": {"type": "Polygon", "coordinates": [[[404.9, -187.4], [416.0, -187.4], [416.0, -181.8], [404.9, -181.8], [404.9, -187.4]]]}},
{"type": "Feature", "properties": {"type": "stair", "platform": "1", "vce_name": "P1-S4", "level": "platform", "source": "PCIP Phase 2 Appendix A, sheet A-001, November 2020, PDF page 45"}, "geometry": {"type": "Polygon", "coordinates": [[[478.6, -186.0], [486.9, -186.0], [486.9, -181.1], [478.6, -181.1], [478.6, -186.0]]]}},
{"type": "Feature", "properties": {"type": "stair", "platform": "1", "vce_name": "P1-S5", "level": "platform", "source": "PCIP Phase 2 Appendix A, sheet A-001, November 2020, PDF page 45"}, "geometry": {"type": "Polygon", "coordinates": [[[541.8, -184.2], [555.6, -184.2], [555.6, -179.4], [541.8, -179.4], [541.8, -184.2]]]}},
{"type": "Feature", "properties": {"type": "escalator", "platform": "1", "vce_name": "P1-S6", "level": "platform", "source": "PCIP Phase 2 Appendix A, sheet A-001, November 2020, PDF page 45"}, "geometry": {"type": "Polygon", "coordinates": [[[667.8, -182.8], [678.7, -182.8], [678.7, -179.7], [667.8, -179.7], [667.8, -182.8]]]}},
{"type": "Feature", "properties": {"type": "escalator", "platform": "1", "vce_name": "P1-S7", "level": "platform", "source": "PCIP Phase 2 Appendix A, sheet A-001, November 2020, PDF page 45"}, "geometry": {"type": "Polygon", "coordinates": [[[788.7, -180.8], [806.2, -180.8], [806.2, -178.1], [788.7, -178.1], [788.7, -180.8]]]}},
{"type": "Feature", "properties": {"type": "stair", "platform": "1", "vce_name": "P1-S8", "level": "platform", "source": "PCIP Phase 2 Appendix A, sheet A-001, November 2020, PDF page 45"}, "geometry": {"type": "Polygon", "coordinates": [[[837.8, -187.9], [844.8, -187.9], [844.8, -183.8], [837.8, -183.8], [837.8, -187.9]]]}},
{"type": "Feature", "properties": {"type": "stair", "platform": "2", "vce_name": "P2-S1", "level": "platform", "source": "PCIP Phase 2 Appendix A, sheet A-001, November 2020, PDF page 45"}, "geometry": {"type": "Polygon", "coordinates": [[[261.9, -142.7], [272.1, -142.7], [272.1, -137.8], [261.9, -137.8], [261.9, -142.7]]]}},
{"type": "Feature", "properties": {"type": "stair", "platform": "2", "vce_name": "P2-S2", "level": "platform", "source": "PCIP Phase 2 Appendix A, sheet A-001, November 2020, PDF page 45"}, "geometry": {"type": "Polygon", "coordinates": [[[356.7, -142.6], [365.7, -142.6], [365.7, -137.6], [356.7, -137.6], [356.7, -142.6]]]}},
{"type": "Feature", "properties": {"type": "escalator", "platform": "2", "vce_name": "P2-S3", "level": "platform", "source": "PCIP Phase 2 Appendix A, sheet A-001, November 2020, PDF page 45"}, "geometry": {"type": "Polygon", "coordinates": [[[382.2, -140.7], [397.2, -140.7], [397.2, -137.7], [382.2, -137.7], [382.2, -140.7]]]}},
{"type": "Feature", "properties": {"type": "stair", "platform": "2", "vce_name": "P2-S4", "level": "platform", "source": "PCIP Phase 2 Appendix A, sheet A-001, November 2020, PDF page 45"}, "geometry": {"type": "Polygon", "coordinates": [[[477.2, -138.9], [490.2, -138.9], [490.2, -133.9], [477.2, -133.9], [477.2, -138.9]]]}},
{"type": "Feature", "properties": {"type": "stair", "platform": "2", "vce_name": "P2-S5", "level": "platform", "source": "PCIP Phase 2 Appendix A, sheet A-001, November 2020, PDF page 45"}, "geometry": {"type": "Polygon", "coordinates": [[[541.7, -138.2], [555.5, -138.2], [555.5, -133.3], [541.7, -133.3], [541.7, -138.2]]]}},
{"type": "Feature", "properties": {"type": "escalator", "platform": "2", "vce_name": "P2-S6", "level": "platform", "source": "PCIP Phase 2 Appendix A, sheet A-001, November 2020, PDF page 45"}, "geometry": {"type": "Polygon", "coordinates": [[[661.1, -138.3], [676.1, -138.3], [676.1, -135.4], [661.1, -135.4], [661.1, -138.3]]]}},
{"type": "Feature", "properties": {"type": "escalator", "platform": "2", "vce_name": "P2-S7", "level": "platform", "source": "PCIP Phase 2 Appendix A, sheet A-001, November 2020, PDF page 45"}, "geometry": {"type": "Polygon", "coordinates": [[[694.3, -142.5], [702.3, -142.5], [702.3, -139.5], [694.3, -139.5], [694.3, -142.5]]]}},
{"type": "Feature", "properties": {"type": "escalator", "platform": "2", "vce_name": "P2-S8", "level": "platform", "source": "PCIP Phase 2 Appendix A, sheet A-001, November 2020, PDF page 45"}, "geometry": {"type": "Polygon", "coordinates": [[[788.6, -141.2], [807.5, -141.2], [807.5, -137.0], [788.6, -137.0], [788.6, -141.2]]]}},
{"type": "Feature", "properties": {"type": "stair", "platform": "2", "vce_name": "P2-S9", "level": "platform", "source": "PCIP Phase 2 Appendix A, sheet A-001, November 2020, PDF page 45"}, "geometry": {"type": "Polygon", "coordinates": [[[827.6, -142.8], [834.6, -142.8], [834.6, -138.6], [827.6, -138.6], [827.6, -142.8]]]}},
{"type": "Feature", "properties": {"type": "stair", "platform": "3", "vce_name": "P3-S2", "level": "platform", "source": "PCIP Phase 2 Appendix A, sheet A-001, November 2020, PDF page 45"}, "geometry": {"type": "Polygon", "coordinates": [[[-82.6, -87.0], [-60.6, -87.0], [-60.6, -77.6], [-82.6, -77.6], [-82.6, -87.0]]]}},
{"type": "Feature", "properties": {"type": "stair", "platform": "3", "vce_name": "P3-S3", "level": "platform", "source": "PCIP Phase 2 Appendix A, sheet A-001, November 2020, PDF page 45"}, "geometry": {"type": "Polygon", "coordinates": [[[-16.1, -95.5], [17.6, -95.5], [17.6, -80.5], [-16.1, -80.5], [-16.1, -95.5]]]}},
{"type": "Feature", "properties": {"type": "escalator", "platform": "3", "vce_name": "P3-S4", "level": "platform", "source": "PCIP Phase 2 Appendix A, sheet A-001, November 2020, PDF page 45"}, "geometry": {"type": "Polygon", "coordinates": [[[263.9, -95.5], [285.2, -95.5], [285.2, -91.2], [263.9, -91.2], [263.9, -95.5]]]}},
{"type": "Feature", "properties": {"type": "stair", "platform": "3", "vce_name": "P3-S5", "level": "platform", "source": "PCIP Phase 2 Appendix A, sheet A-001, November 2020, PDF page 45"}, "geometry": {"type": "Polygon", "coordinates": [[[356.7, -96.7], [365.7, -96.7], [365.7, -91.2], [356.7, -91.2], [356.7, -96.7]]]}},
{"type": "Feature", "properties": {"type": "escalator", "platform": "3", "vce_name": "P3-S6", "level": "platform", "source": "PCIP Phase 2 Appendix A, sheet A-001, November 2020, PDF page 45"}, "geometry": {"type": "Polygon", "coordinates": [[[380.2, -95.5], [397.6, -95.5], [397.6, -92.4], [380.2, -92.4], [380.2, -95.5]]]}},
{"type": "Feature", "properties": {"type": "stair", "platform": "3", "vce_name": "P3-S7", "level": "platform", "source": "PCIP Phase 2 Appendix A, sheet A-001, November 2020, PDF page 45"}, "geometry": {"type": "Polygon", "coordinates": [[[477.2, -95.8], [489.8, -95.8], [489.8, -90.7], [477.2, -90.7], [477.2, -95.8]]]}},
{"type": "Feature", "properties": {"type": "stair", "platform": "3", "vce_name": "P3-S8", "level": "platform", "source": "PCIP Phase 2 Appendix A, sheet A-001, November 2020, PDF page 45"}, "geometry": {"type": "Polygon", "coordinates": [[[541.7, -95.1], [555.5, -95.1], [555.5, -90.1], [541.7, -90.1], [541.7, -95.1]]]}},
{"type": "Feature", "properties": {"type": "stair", "platform": "3", "vce_name": "P3-S9", "level": "platform", "source": "PCIP Phase 2 Appendix A, sheet A-001, November 2020, PDF page 45"}, "geometry": {"type": "Polygon", "coordinates": [[[659.7, -95.0], [667.0, -95.0], [667.0, -91.2], [659.7, -91.2], [659.7, -95.0]]]}},
{"type": "Feature", "properties": {"type": "stair", "platform": "4", "vce_name": "P4-S3", "level": "platform", "source": "PCIP Phase 2 Appendix A, sheet A-001, November 2020, PDF page 45"}, "geometry": {"type": "Polygon", "coordinates": [[[-16.2, -55.8], [17.6, -55.8], [17.6, -44.0], [-16.2, -44.0], [-16.2, -55.8]]]}},
{"type": "Feature", "properties": {"type": "escalator", "platform": "4", "vce_name": "P4-S4", "level": "platform", "source": "PCIP Phase 2 Appendix A, sheet A-001, November 2020, PDF page 45"}, "geometry": {"type": "Polygon", "coordinates": [[[263.9, -48.8], [284.0, -48.8], [284.0, -44.6], [263.9, -44.6], [263.9, -48.8]]]}},
{"type": "Feature", "properties": {"type": "stair", "platform": "4", "vce_name": "P4-S5", "level": "platform", "source": "PCIP Phase 2 Appendix A, sheet A-001, November 2020, PDF page 45"}, "geometry": {"type": "Polygon", "coordinates": [[[355.1, -49.6], [372.1, -49.6], [372.1, -44.7], [355.1, -44.7], [355.1, -49.6]]]}},
{"type": "Feature", "properties": {"type": "stair", "platform": "4", "vce_name": "P4-S6", "level": "platform", "source": "PCIP Phase 2 Appendix A, sheet A-001, November 2020, PDF page 45"}, "geometry": {"type": "Polygon", "coordinates": [[[405.3, -49.6], [424.3, -49.6], [424.3, -44.6], [405.3, -44.6], [405.3, -49.6]]]}},
{"type": "Feature", "properties": {"type": "stair", "platform": "4", "vce_name": "P4-S7", "level": "platform", "source": "PCIP Phase 2 Appendix A, sheet A-001, November 2020, PDF page 45"}, "geometry": {"type": "Polygon", "coordinates": [[[483.3, -53.7], [491.4, -53.7], [491.4, -48.8], [483.3, -48.8], [483.3, -53.7]]]}},
{"type": "Feature", "properties": {"type": "stair", "platform": "4", "vce_name": "P4-S8", "level": "platform", "source": "PCIP Phase 2 Appendix A, sheet A-001, November 2020, PDF page 45"}, "geometry": {"type": "Polygon", "coordinates": [[[541.6, -52.1], [555.4, -52.1], [555.4, -47.0], [541.6, -47.0], [541.6, -52.1]]]}},
{"type": "Feature", "properties": {"type": "escalator", "platform": "4", "vce_name": "P4-S9", "level": "platform", "source": "PCIP Phase 2 Appendix A, sheet A-001, November 2020, PDF page 45"}, "geometry": {"type": "Polygon", "coordinates": [[[661.9, -45.8], [676.9, -45.8], [676.9, -42.9], [661.9, -42.9], [661.9, -45.8]]]}},
{"type": "Feature", "properties": {"type": "stair", "platform": "5", "vce_name": "P5-S3", "level": "platform", "source": "PCIP Phase 2 Appendix A, sheet A-001, November 2020, PDF page 45"}, "geometry": {"type": "Polygon", "coordinates": [[[-16.3, -2.5], [17.5, -2.5], [17.5, 12.5], [-16.3, 12.5], [-16.3, -2.5]]]}},
{"type": "Feature", "properties": {"type": "escalator", "platform": "5", "vce_name": "P5-S4", "level": "platform", "source": "PCIP Phase 2 Appendix A, sheet A-001, November 2020, PDF page 45"}, "geometry": {"type": "Polygon", "coordinates": [[[263.0, -2.9], [283.9, -2.9], [283.9, 2.5], [263.0, 2.5], [263.0, -2.9]]]}},
{"type": "Feature", "properties": {"type": "stair", "platform": "5", "vce_name": "P5-S5", "level": "platform", "source": "PCIP Phase 2 Appendix A, sheet A-001, November 2020, PDF page 45"}, "geometry": {"type": "Polygon", "coordinates": [[[367.7, -3.2], [389.2, -3.2], [389.2, 3.2], [367.7, 3.2], [367.7, -3.2]]]}},
{"type": "Feature", "properties": {"type": "escalator", "platform": "5", "vce_name": "P5-S6", "level": "platform", "source": "PCIP Phase 2 Appendix A, sheet A-001, November 2020, PDF page 45"}, "geometry": {"type": "Polygon", "coordinates": [[[403.5, -1.5], [422.4, -1.5], [422.4, 2.6], [403.5, 2.6], [403.5, -1.5]]]}},
{"type": "Feature", "properties": {"type": "stair", "platform": "5", "vce_name": "P5-S7", "level": "platform", "source": "PCIP Phase 2 Appendix A, sheet A-001, November 2020, PDF page 45"}, "geometry": {"type": "Polygon", "coordinates": [[[483.7, 1.2], [499.6, 1.2], [499.6, 6.3], [483.7, 6.3], [483.7, 1.2]]]}},
{"type": "Feature", "properties": {"type": "stair", "platform": "5", "vce_name": "P5-S8", "level": "platform", "source": "PCIP Phase 2 Appendix A, sheet A-001, November 2020, PDF page 45"}, "geometry": {"type": "Polygon", "coordinates": [[[564.1, -6.7], [580.8, -6.7], [580.8, -1.7], [564.1, -1.7], [564.1, -6.7]]]}},
{"type": "Feature", "properties": {"type": "escalator", "platform": "5", "vce_name": "P5-S9", "level": "platform", "source": "PCIP Phase 2 Appendix A, sheet A-001, November 2020, PDF page 45"}, "geometry": {"type": "Polygon", "coordinates": [[[661.3, -5.2], [678.9, -5.2], [678.9, -2.4], [661.3, -2.4], [661.3, -5.2]]]}},
{"type": "Feature", "properties": {"type": "escalator", "platform": "5", "vce_name": "P5-S10", "level": "platform", "source": "PCIP Phase 2 Appendix A, sheet A-001, November 2020, PDF page 45"}, "geometry": {"type": "Polygon", "coordinates": [[[753.0, -4.6], [764.1, -4.6], [764.1, -1.8], [753.0, -1.8], [753.0, -4.6]]]}},
{"type": "Feature", "properties": {"type": "stair", "platform": "6", "vce_name": "P6-S3", "level": "platform", "source": "PCIP Phase 2 Appendix A, sheet A-001, November 2020, PDF page 45"}, "geometry": {"type": "Polygon", "coordinates": [[[-17.1, 35.9], [18.4, 35.9], [18.4, 47.9], [-17.1, 47.9], [-17.1, 35.9]]]}},
{"type": "Feature", "properties": {"type": "escalator", "platform": "6", "vce_name": "P6-S4", "level": "platform", "source": "PCIP Phase 2 Appendix A, sheet A-001, November 2020, PDF page 45"}, "geometry": {"type": "Polygon", "coordinates": [[[262.9, 41.7], [283.6, 41.7], [283.6, 45.1], [262.9, 45.1], [262.9, 41.7]]]}},
{"type": "Feature", "properties": {"type": "stair", "platform": "6", "vce_name": "P6-S5", "level": "platform", "source": "PCIP Phase 2 Appendix A, sheet A-001, November 2020, PDF page 45"}, "geometry": {"type": "Polygon", "coordinates": [[[367.1, 41.5], [385.0, 41.5], [385.0, 46.9], [367.1, 46.9], [367.1, 41.5]]]}},
{"type": "Feature", "properties": {"type": "escalator", "platform": "6", "vce_name": "P6-S6", "level": "platform", "source": "PCIP Phase 2 Appendix A, sheet A-001, November 2020, PDF page 45"}, "geometry": {"type": "Polygon", "coordinates": [[[405.2, 42.6], [415.2, 42.6], [415.2, 45.4], [405.2, 45.4], [405.2, 42.6]]]}},
{"type": "Feature", "properties": {"type": "stair", "platform": "6", "vce_name": "P6-S7", "level": "platform", "source": "PCIP Phase 2 Appendix A, sheet A-001, November 2020, PDF page 45"}, "geometry": {"type": "Polygon", "coordinates": [[[461.4, 39.9], [485.1, 39.9], [485.1, 45.0], [461.4, 45.0], [461.4, 39.9]]]}},
{"type": "Feature", "properties": {"type": "escalator", "platform": "6", "vce_name": "P6-S8", "level": "platform", "source": "PCIP Phase 2 Appendix A, sheet A-001, November 2020, PDF page 45"}, "geometry": {"type": "Polygon", "coordinates": [[[673.1, 42.3], [690.5, 42.3], [690.5, 45.1], [673.1, 45.1], [673.1, 42.3]]]}},
{"type": "Feature", "properties": {"type": "escalator", "platform": "6", "vce_name": "P6-S9", "level": "platform", "source": "PCIP Phase 2 Appendix A, sheet A-001, November 2020, PDF page 45"}, "geometry": {"type": "Polygon", "coordinates": [[[774.8, 43.0], [780.9, 43.0], [780.9, 46.3], [774.8, 46.3], [774.8, 43.0]]]}},
{"type": "Feature", "properties": {"type": "stair", "platform": "7", "vce_name": "P7-S3", "level": "platform", "source": "PCIP Phase 2 Appendix A, sheet A-001, November 2020, PDF page 45"}, "geometry": {"type": "Polygon", "coordinates": [[[-17.1, 86.7], [18.3, 86.7], [18.3, 98.7], [-17.1, 98.7], [-17.1, 86.7]]]}},
{"type": "Feature", "properties": {"type": "escalator", "platform": "7", "vce_name": "P7-S4", "level": "platform", "source": "PCIP Phase 2 Appendix A, sheet A-001, November 2020, PDF page 45"}, "geometry": {"type": "Polygon", "coordinates": [[[253.6, 83.9], [274.5, 83.9], [274.5, 88.4], [253.6, 88.4], [253.6, 83.9]]]}},
{"type": "Feature", "properties": {"type": "stair", "platform": "7", "vce_name": "P7-S5", "level": "platform", "source": "PCIP Phase 2 Appendix A, sheet A-001, November 2020, PDF page 45"}, "geometry": {"type": "Polygon", "coordinates": [[[363.5, 84.4], [382.4, 84.4], [382.4, 89.9], [363.5, 89.9], [363.5, 84.4]]]}},
{"type": "Feature", "properties": {"type": "escalator", "platform": "7", "vce_name": "P7-S6", "level": "platform", "source": "PCIP Phase 2 Appendix A, sheet A-001, November 2020, PDF page 45"}, "geometry": {"type": "Polygon", "coordinates": [[[404.2, 86.2], [419.1, 86.2], [419.1, 89.0], [404.2, 89.0], [404.2, 86.2]]]}},
{"type": "Feature", "properties": {"type": "stair", "platform": "7", "vce_name": "P7-S7", "level": "platform", "source": "PCIP Phase 2 Appendix A, sheet A-001, November 2020, PDF page 45"}, "geometry": {"type": "Polygon", "coordinates": [[[536.1, 84.7], [547.4, 84.7], [547.4, 89.6], [536.1, 89.6], [536.1, 84.7]]]}},
{"type": "Feature", "properties": {"type": "escalator", "platform": "7", "vce_name": "P7-S8", "level": "platform", "source": "PCIP Phase 2 Appendix A, sheet A-001, November 2020, PDF page 45"}, "geometry": {"type": "Polygon", "coordinates": [[[629.4, 85.7], [647.5, 85.7], [647.5, 88.8], [629.4, 88.8], [629.4, 85.7]]]}},
{"type": "Feature", "properties": {"type": "stair", "platform": "7", "vce_name": "P7-S9", "level": "platform", "source": "PCIP Phase 2 Appendix A, sheet A-001, November 2020, PDF page 45"}, "geometry": {"type": "Polygon", "coordinates": [[[646.3, 91.7], [658.3, 91.7], [658.3, 96.7], [646.3, 96.7], [646.3, 91.7]]]}},
{"type": "Feature", "properties": {"type": "stair", "platform": "8", "vce_name": "P8-S3", "level": "platform", "source": "PCIP Phase 2 Appendix A, sheet A-001, November 2020, PDF page 45"}, "geometry": {"type": "Polygon", "coordinates": [[[-16.5, 125.2], [17.3, 125.2], [17.3, 140.4], [-16.5, 140.4], [-16.5, 125.2]]]}},
{"type": "Feature", "properties": {"type": "escalator", "platform": "8", "vce_name": "P8-S4", "level": "platform", "source": "PCIP Phase 2 Appendix A, sheet A-001, November 2020, PDF page 45"}, "geometry": {"type": "Polygon", "coordinates": [[[253.5, 131.4], [273.3, 131.4], [273.3, 135.9], [253.5, 135.9], [253.5, 131.4]]]}},
{"type": "Feature", "properties": {"type": "stair", "platform": "8", "vce_name": "P8-S5", "level": "platform", "source": "PCIP Phase 2 Appendix A, sheet A-001, November 2020, PDF page 45"}, "geometry": {"type": "Polygon", "coordinates": [[[350.1, 131.6], [375.2, 131.6], [375.2, 137.9], [350.1, 137.9], [350.1, 131.6]]]}},
{"type": "Feature", "properties": {"type": "stair", "platform": "8", "vce_name": "P8-S6", "level": "platform", "source": "PCIP Phase 2 Appendix A, sheet A-001, November 2020, PDF page 45"}, "geometry": {"type": "Polygon", "coordinates": [[[401.1, 131.3], [422.0, 131.3], [422.0, 137.3], [401.1, 137.3], [401.1, 131.3]]]}},
{"type": "Feature", "properties": {"type": "stair", "platform": "8", "vce_name": "P8-S7", "level": "platform", "source": "PCIP Phase 2 Appendix A, sheet A-001, November 2020, PDF page 45"}, "geometry": {"type": "Polygon", "coordinates": [[[542.4, 129.2], [554.0, 129.2], [554.0, 133.8], [542.4, 133.8], [542.4, 129.2]]]}},
{"type": "Feature", "properties": {"type": "escalator", "platform": "8", "vce_name": "P8-S8", "level": "platform", "source": "PCIP Phase 2 Appendix A, sheet A-001, November 2020, PDF page 45"}, "geometry": {"type": "Polygon", "coordinates": [[[627.9, 130.4], [640.9, 130.4], [640.9, 133.6], [627.9, 133.6], [627.9, 130.4]]]}},
{"type": "Feature", "properties": {"type": "stair", "platform": "8", "vce_name": "P8-S9", "level": "platform", "source": "PCIP Phase 2 Appendix A, sheet A-001, November 2020, PDF page 45"}, "geometry": {"type": "Polygon", "coordinates": [[[649.7, 136.3], [661.7, 136.3], [661.7, 142.2], [649.7, 142.2], [649.7, 136.3]]]}},
{"type": "Feature", "properties": {"type": "column", "platform": "8", "level": "platform", "source": "PCIP Phase 2 Appendix A, sheet A-001, November 2020, PDF page 45"}, "geometry": {"type": "Polygon", "coordinates": [[[681.1, 142.9], [683.1, 142.9], [683.1, 144.9], [681.1, 144.9], [681.1, 142.9]]]}},
{"type": "Feature", "properties": {"type": "column", "platform": "8", "level": "platform", "source": "PCIP Phase 2 Appendix A, sheet A-001, November 2020, PDF page 45"}, "geometry": {"type": "Polygon", "coordinates": [[[632.4, 138.4], [634.4, 138.4], [634.4, 140.4], [632.4, 140.4], [632.4, 138.4]]]}},
{"type": "Feature", "properties": {"type": "column", "platform": "8", "level": "platform", "source": "PCIP Phase 2 Appendix A, sheet A-001, November 2020, PDF page 45"}, "geometry": {"type": "Polygon", "coordinates": [[[602.1, 138.3], [604.1, 138.3], [604.1, 140.3], [602.1, 140.3], [602.1, 138.3]]]}},
{"type": "Feature", "properties": {"type": "column", "platform": "8", "level": "platform", "source": "PCIP Phase 2 Appendix A, sheet A-001, November 2020, PDF page 45"}, "geometry": {"type": "Polygon", "coordinates": [[[418.1, 137.7], [420.1, 137.7], [420.1, 139.7], [418.1, 139.7], [418.1, 137.7]]]}},
{"type": "Feature", "properties": {"type": "column", "platform": "8", "level": "platform", "source": "PCIP Phase 2 Appendix A, sheet A-001, November 2020, PDF page 45"}, "geometry": {"type": "Polygon", "coordinates": [[[398.7, 137.7], [400.7, 137.7], [400.7, 139.7], [398.7, 139.7], [398.7, 137.7]]]}},
{"type": "Feature", "properties": {"type": "column", "platform": "8", "level": "platform", "source": "PCIP Phase 2 Appendix A, sheet A-001, November 2020, PDF page 45"}, "geometry": {"type": "Polygon", "coordinates": [[[368.5, 137.4], [370.5, 137.4], [370.5, 139.4], [368.5, 139.4], [368.5, 137.4]]]}},
{"type": "Feature", "properties": {"type": "column", "platform": "8", "level": "platform", "source": "PCIP Phase 2 Appendix A, sheet A-001, November 2020, PDF page 45"}, "geometry": {"type": "Polygon", "coordinates": [[[214.7, 137.3], [216.7, 137.3], [216.7, 139.3], [214.7, 139.3], [214.7, 137.3]]]}},
{"type": "Feature", "properties": {"type": "column", "platform": "8", "level": "platform", "source": "PCIP Phase 2 Appendix A, sheet A-001, November 2020, PDF page 45"}, "geometry": {"type": "Polygon", "coordinates": [[[242.4, 137.3], [244.4, 137.3], [244.4, 139.3], [242.4, 139.3], [242.4, 137.3]]]}},
{"type": "Feature", "properties": {"type": "column", "platform": "8", "level": "platform", "source": "PCIP Phase 2 Appendix A, sheet A-001, November 2020, PDF page 45"}, "geometry": {"type": "Polygon", "coordinates": [[[328.9, 137.3], [330.9, 137.3], [330.9, 139.3], [328.9, 139.3], [328.9, 137.3]]]}},
{"type": "Feature", "properties": {"type": "column", "platform": "8", "level": "platform", "source": "PCIP Phase 2 Appendix A, sheet A-001, November 2020, PDF page 45"}, "geometry": {"type": "Polygon", "coordinates": [[[348.4, 137.3], [350.4, 137.3], [350.4, 139.3], [348.4, 139.3], [348.4, 137.3]]]}},
{"type": "Feature", "properties": {"type": "column", "platform": "8", "level": "platform", "source": "PCIP Phase 2 Appendix A, sheet A-001, November 2020, PDF page 45"}, "geometry": {"type": "Polygon", "coordinates": [[[310.3, 137.3], [312.3, 137.3], [312.3, 139.3], [310.3, 139.3], [310.3, 137.3]]]}},
{"type": "Feature", "properties": {"type": "column", "platform": "8", "level": "platform", "source": "PCIP Phase 2 Appendix A, sheet A-001, November 2020, PDF page 45"}, "geometry": {"type": "Polygon", "coordinates": [[[270.0, 137.2], [272.0, 137.2], [272.0, 139.2], [270.0, 139.2], [270.0, 137.2]]]}},
{"type": "Feature", "properties": {"type": "column", "platform": "8", "level": "platform", "source": "PCIP Phase 2 Appendix A, sheet A-001, November 2020, PDF page 45"}, "geometry": {"type": "Polygon", "coordinates": [[[289.9, 137.4], [291.5, 137.4], [291.5, 139.0], [289.9, 139.0], [289.9, 137.4]]]}},
{"type": "Feature", "properties": {"type": "column", "platform": "8", "level": "platform", "source": "PCIP Phase 2 Appendix A, sheet A-001, November 2020, PDF page 45"}, "geometry": {"type": "Polygon", "coordinates": [[[456.8, 132.8], [460.0, 132.8], [460.0, 136.4], [456.8, 136.4], [456.8, 132.8]]]}},
{"type": "Feature", "properties": {"type": "column", "platform": "8", "level": "platform", "source": "PCIP Phase 2 Appendix A, sheet A-001, November 2020, PDF page 45"}, "geometry": {"type": "Polygon", "coordinates": [[[727.4, 134.3], [729.4, 134.3], [729.4, 136.3], [727.4, 136.3], [727.4, 134.3]]]}},
{"type": "Feature", "properties": {"type": "column", "platform": "8", "level": "platform", "source": "PCIP Phase 2 Appendix A, sheet A-001, November 2020, PDF page 45"}, "geometry": {"type": "Polygon", "coordinates": [[[697.1, 134.1], [699.1, 134.1], [699.1, 136.1], [697.1, 136.1], [697.1, 134.1]]]}},
{"type": "Feature", "properties": {"type": "column", "platform": "8", "level": "platform", "source": "PCIP Phase 2 Appendix A, sheet A-001, November 2020, PDF page 45"}, "geometry": {"type": "Polygon", "coordinates": [[[546.3, 133.8], [548.3, 133.8], [548.3, 135.8], [546.3, 135.8], [546.3, 133.8]]]}},
{"type": "Feature", "properties": {"type": "column", "platform": "8", "level": "platform", "source": "PCIP Phase 2 Appendix A, sheet A-001, November 2020, PDF page 45"}, "geometry": {"type": "Polygon", "coordinates": [[[571.8, 133.8], [573.8, 133.8], [573.8, 135.8], [571.8, 135.8], [571.8, 133.8]]]}},
{"type": "Feature", "properties": {"type": "column", "platform": "8", "level": "platform", "source": "PCIP Phase 2 Appendix A, sheet A-001, November 2020, PDF page 45"}, "geometry": {"type": "Polygon", "coordinates": [[[22.2, 134.0], [24.0, 134.0], [24.0, 135.8], [22.2, 135.8], [22.2, 134.0]]]}},
{"type": "Feature", "properties": {"type": "column", "platform": "8", "level": "platform", "source": "PCIP Phase 2 Appendix A, sheet A-001, November 2020, PDF page 45"}, "geometry": {"type": "Polygon", "coordinates": [[[524.7, 133.8], [526.7, 133.8], [526.7, 135.8], [524.7, 135.8], [524.7, 133.8]]]}},
{"type": "Feature", "properties": {"type": "column", "platform": "8", "level": "platform", "source": "PCIP Phase 2 Appendix A, sheet A-001, November 2020, PDF page 45"}, "geometry": {"type": "Polygon", "coordinates": [[[481.9, 133.7], [483.9, 133.7], [483.9, 135.7], [481.9, 135.7], [481.9, 133.7]]]}},
{"type": "Feature", "properties": {"type": "column", "platform": "8", "level": "platform", "source": "PCIP Phase 2 Appendix A, sheet A-001, November 2020, PDF page 45"}, "geometry": {"type": "Polygon", "coordinates": [[[438.3, 133.6], [440.3, 133.6], [440.3, 135.6], [438.3, 135.6], [438.3, 133.6]]]}},
{"type": "Feature", "properties": {"type": "column", "platform": "8", "level": "platform", "source": "PCIP Phase 2 Appendix A, sheet A-001, November 2020, PDF page 45"}, "geometry": {"type": "Polygon", "coordinates": [[[769.2, 131.6], [771.2, 131.6], [771.2, 133.6], [769.2, 133.6], [769.2, 131.6]]]}},
{"type": "Feature", "properties": {"type": "column", "platform": "8", "level": "platform", "source": "PCIP Phase 2 Appendix A, sheet A-001, November 2020, PDF page 45"}, "geometry": {"type": "Polygon", "coordinates": [[[677.3, 130.8], [679.3, 130.8], [679.3, 132.8], [677.3, 132.8], [677.3, 130.8]]]}},
{"type": "Feature", "properties": {"type": "column", "platform": "8", "level": "platform", "source": "PCIP Phase 2 Appendix A, sheet A-001, November 2020, PDF page 45"}, "geometry": {"type": "Polygon", "coordinates": [[[418.1, 130.2], [420.1, 130.2], [420.1, 132.2], [418.1, 132.2], [418.1, 130.2]]]}},
{"type": "Feature", "properties": {"type": "column", "platform": "8", "level": "platform", "source": "PCIP Phase 2 Appendix A, sheet A-001, November 2020, PDF page 45"}, "geometry": {"type": "Polygon", "coordinates": [[[398.7, 130.1], [400.7, 130.1], [400.7, 132.1], [398.7, 132.1], [398.7, 130.1]]]}},
{"type": "Feature", "properties": {"type": "column", "platform": "8", "level": "platform", "source": "PCIP Phase 2 Appendix A, sheet A-001, November 2020, PDF page 45"}, "geometry": {"type": "Polygon", "coordinates": [[[329.0, 129.6], [331.0, 129.6], [331.0, 131.6], [329.0, 131.6], [329.0, 129.6]]]}},
{"type": "Feature", "properties": {"type": "column", "platform": "8", "level": "platform", "source": "PCIP Phase 2 Appendix A, sheet A-001, November 2020, PDF page 45"}, "geometry": {"type": "Polygon", "coordinates": [[[348.4, 129.6], [350.4, 129.6], [350.4, 131.6], [348.4, 131.6], [348.4, 129.6]]]}},
{"type": "Feature", "properties": {"type": "column", "platform": "8", "level": "platform", "source": "PCIP Phase 2 Appendix A, sheet A-001, November 2020, PDF page 45"}, "geometry": {"type": "Polygon", "coordinates": [[[310.4, 129.6], [312.4, 129.6], [312.4, 131.6], [310.4, 131.6], [310.4, 129.6]]]}},
{"type": "Feature", "properties": {"type": "column", "platform": "8", "level": "platform", "source": "PCIP Phase 2 Appendix A, sheet A-001, November 2020, PDF page 45"}, "geometry": {"type": "Polygon", "coordinates": [[[368.5, 129.6], [370.5, 129.6], [370.5, 131.6], [368.5, 131.6], [368.5, 129.6]]]}},
{"type": "Feature", "properties": {"type": "column", "platform": "8", "level": "platform", "source": "PCIP Phase 2 Appendix A, sheet A-001, November 2020, PDF page 45"}, "geometry": {"type": "Polygon", "coordinates": [[[270.0, 129.5], [272.0, 129.5], [272.0, 131.5], [270.0, 131.5], [270.0, 129.5]]]}},
{"type": "Feature", "properties": {"type": "column", "platform": "8", "level": "platform", "source": "PCIP Phase 2 Appendix A, sheet A-001, November 2020, PDF page 45"}, "geometry": {"type": "Polygon", "coordinates": [[[289.9, 129.8], [291.5, 129.8], [291.5, 131.4], [289.9, 131.4], [289.9, 129.8]]]}},
{"type": "Feature", "properties": {"type": "column", "platform": "8", "level": "platform", "source": "PCIP Phase 2 Appendix A, sheet A-001, November 2020, PDF page 45"}, "geometry": {"type": "Polygon", "coordinates": [[[242.4, 129.3], [244.4, 129.3], [244.4, 131.3], [242.4, 131.3], [242.4, 129.3]]]}},
{"type": "Feature", "properties": {"type": "column", "platform": "8", "level": "platform", "source": "PCIP Phase 2 Appendix A, sheet A-001, November 2020, PDF page 45"}, "geometry": {"type": "Polygon", "coordinates": [[[214.7, 129.2], [216.7, 129.2], [216.7, 131.2], [214.7, 131.2], [214.7, 129.2]]]}},
{"type": "Feature", "properties": {"type": "column", "platform": "8", "level": "platform", "source": "PCIP Phase 2 Appendix A, sheet A-001, November 2020, PDF page 45"}, "geometry": {"type": "Polygon", "coordinates": [[[758.5, 128.1], [760.5, 128.1], [760.5, 130.1], [758.5, 130.1], [758.5, 128.1]]]}},
{"type": "Feature", "properties": {"type": "column", "platform": "8", "level": "platform", "source": "PCIP Phase 2 Appendix A, sheet A-001, November 2020, PDF page 45"}, "geometry": {"type": "Polygon", "coordinates": [[[712.5, 128.0], [714.5, 128.0], [714.5, 130.0], [712.5, 130.0], [712.5, 128.0]]]}},
{"type": "Feature", "properties": {"type": "column", "platform": "8", "level": "platform", "source": "PCIP Phase 2 Appendix A, sheet A-001, November 2020, PDF page 45"}, "geometry": {"type": "Polygon", "coordinates": [[[735.2, 128.0], [737.2, 128.0], [737.2, 130.0], [735.2, 130.0], [735.2, 128.0]]]}},
{"type": "Feature", "properties": {"type": "column", "platform": "8", "level": "platform", "source": "PCIP Phase 2 Appendix A, sheet A-001, November 2020, PDF page 45"}, "geometry": {"type": "Polygon", "coordinates": [[[524.7, 126.9], [526.7, 126.9], [526.7, 128.9], [524.7, 128.9], [524.7, 126.9]]]}},
{"type": "Feature", "properties": {"type": "column", "platform": "7", "level": "platform", "source": "PCIP Phase 2 Appendix A, sheet A-001, November 2020, PDF page 45"}, "geometry": {"type": "Polygon", "coordinates": [[[164.8, 92.2], [166.5, 92.2], [166.5, 93.9], [164.8, 93.9], [164.8, 92.2]]]}},
{"type": "Feature", "properties": {"type": "column", "platform": "7", "level": "platform", "source": "PCIP Phase 2 Appendix A, sheet A-001, November 2020, PDF page 45"}, "geometry": {"type": "Polygon", "coordinates": [[[269.3, 89.9], [272.9, 89.9], [272.9, 93.4], [269.3, 93.4], [269.3, 89.9]]]}},
{"type": "Feature", "properties": {"type": "column", "platform": "7", "level": "platform", "source": "PCIP Phase 2 Appendix A, sheet A-001, November 2020, PDF page 45"}, "geometry": {"type": "Polygon", "coordinates": [[[241.7, 89.8], [245.2, 89.8], [245.2, 93.4], [241.7, 93.4], [241.7, 89.8]]]}},
{"type": "Feature", "properties": {"type": "column", "platform": "7", "level": "platform", "source": "PCIP Phase 2 Appendix A, sheet A-001, November 2020, PDF page 45"}, "geometry": {"type": "Polygon", "coordinates": [[[348.5, 91.3], [350.5, 91.3], [350.5, 93.3], [348.5, 93.3], [348.5, 91.3]]]}},
{"type": "Feature", "properties": {"type": "column", "platform": "7", "level": "platform", "source": "PCIP Phase 2 Appendix A, sheet A-001, November 2020, PDF page 45"}, "geometry": {"type": "Polygon", "coordinates": [[[310.4, 91.2], [312.4, 91.2], [312.4, 93.2], [310.4, 93.2], [310.4, 91.2]]]}},
{"type": "Feature", "properties": {"type": "column", "platform": "7", "level": "platform", "source": "PCIP Phase 2 Appendix A, sheet A-001, November 2020, PDF page 45"}, "geometry": {"type": "Polygon", "coordinates": [[[521.3, 90.8], [523.3, 90.8], [523.3, 92.8], [521.3, 92.8], [521.3, 90.8]]]}},
{"type": "Feature", "properties": {"type": "column", "platform": "7", "level": "platform", "source": "PCIP Phase 2 Appendix A, sheet A-001, November 2020, PDF page 45"}, "geometry": {"type": "Polygon", "coordinates": [[[505.5, 90.6], [507.5, 90.6], [507.5, 92.6], [505.5, 92.6], [505.5, 90.6]]]}},
{"type": "Feature", "properties": {"type": "column", "platform": "7", "level": "platform", "source": "PCIP Phase 2 Appendix A, sheet A-001, November 2020, PDF page 45"}, "geometry": {"type": "Polygon", "coordinates": [[[289.8, 91.1], [291.6, 91.1], [291.6, 92.5], [289.8, 92.5], [289.8, 91.1]]]}},
{"type": "Feature", "properties": {"type": "column", "platform": "7", "level": "platform", "source": "PCIP Phase 2 Appendix A, sheet A-001, November 2020, PDF page 45"}, "geometry": {"type": "Polygon", "coordinates": [[[418.2, 90.5], [420.2, 90.5], [420.2, 92.5], [418.2, 92.5], [418.2, 90.5]]]}},
{"type": "Feature", "properties": {"type": "column", "platform": "7", "level": "platform", "source": "PCIP Phase 2 Appendix A, sheet A-001, November 2020, PDF page 45"}, "geometry": {"type": "Polygon", "coordinates": [[[632.5, 90.2], [634.5, 90.2], [634.5, 92.2], [632.5, 92.2], [632.5, 90.2]]]}},
{"type": "Feature", "properties": {"type": "column", "platform": "7", "level": "platform", "source": "PCIP Phase 2 Appendix A, sheet A-001, November 2020, PDF page 45"}, "geometry": {"type": "Polygon", "coordinates": [[[738.9, 90.2], [740.9, 90.2], [740.9, 92.2], [738.9, 92.2], [738.9, 90.2]]]}},
{"type": "Feature", "properties": {"type": "column", "platform": "7", "level": "platform", "source": "PCIP Phase 2 Appendix A, sheet A-001, November 2020, PDF page 45"}, "geometry": {"type": "Polygon", "coordinates": [[[756.6, 90.2], [758.6, 90.2], [758.6, 92.2], [756.6, 92.2], [756.6, 90.2]]]}},
{"type": "Feature", "properties": {"type": "column", "platform": "7", "level": "platform", "source": "PCIP Phase 2 Appendix A, sheet A-001, November 2020, PDF page 45"}, "geometry": {"type": "Polygon", "coordinates": [[[788.9, 90.0], [790.9, 90.0], [790.9, 92.0], [788.9, 92.0], [788.9, 90.0]]]}},
{"type": "Feature", "properties": {"type": "column", "platform": "7", "level": "platform", "source": "PCIP Phase 2 Appendix A, sheet A-001, November 2020, PDF page 45"}, "geometry": {"type": "Polygon", "coordinates": [[[662.9, 89.3], [664.9, 89.3], [664.9, 91.3], [662.9, 91.3], [662.9, 89.3]]]}},
{"type": "Feature", "properties": {"type": "column", "platform": "7", "level": "platform", "source": "PCIP Phase 2 Appendix A, sheet A-001, November 2020, PDF page 45"}, "geometry": {"type": "Polygon", "coordinates": [[[819.4, 88.3], [821.4, 88.3], [821.4, 90.3], [819.4, 90.3], [819.4, 88.3]]]}},
{"type": "Feature", "properties": {"type": "column", "platform": "7", "level": "platform", "source": "PCIP Phase 2 Appendix A, sheet A-001, November 2020, PDF page 45"}, "geometry": {"type": "Polygon", "coordinates": [[[801.1, 88.1], [803.1, 88.1], [803.1, 90.1], [801.1, 90.1], [801.1, 88.1]]]}},
{"type": "Feature", "properties": {"type": "column", "platform": "7", "level": "platform", "source": "PCIP Phase 2 Appendix A, sheet A-001, November 2020, PDF page 45"}, "geometry": {"type": "Polygon", "coordinates": [[[777.3, 88.0], [779.3, 88.0], [779.3, 90.0], [777.3, 90.0], [777.3, 88.0]]]}},
{"type": "Feature", "properties": {"type": "column", "platform": "7", "level": "platform", "source": "PCIP Phase 2 Appendix A, sheet A-001, November 2020, PDF page 45"}, "geometry": {"type": "Polygon", "coordinates": [[[583.6, 88.0], [585.6, 88.0], [585.6, 90.0], [583.6, 90.0], [583.6, 88.0]]]}},
{"type": "Feature", "properties": {"type": "column", "platform": "7", "level": "platform", "source": "PCIP Phase 2 Appendix A, sheet A-001, November 2020, PDF page 45"}, "geometry": {"type": "Polygon", "coordinates": [[[727.6, 88.0], [729.6, 88.0], [729.6, 90.0], [727.6, 90.0], [727.6, 88.0]]]}},
{"type": "Feature", "properties": {"type": "column", "platform": "7", "level": "platform", "source": "PCIP Phase 2 Appendix A, sheet A-001, November 2020, PDF page 45"}, "geometry": {"type": "Polygon", "coordinates": [[[697.2, 87.9], [699.2, 87.9], [699.2, 89.9], [697.2, 89.9], [697.2, 87.9]]]}},
{"type": "Feature", "properties": {"type": "column", "platform": "7", "level": "platform", "source": "PCIP Phase 2 Appendix A, sheet A-001, November 2020, PDF page 45"}, "geometry": {"type": "Polygon", "coordinates": [[[562.2, 87.2], [565.2, 87.2], [565.2, 89.9], [562.2, 89.9], [562.2, 87.2]]]}},
{"type": "Feature", "properties": {"type": "column", "platform": "7", "level": "platform", "source": "PCIP Phase 2 Appendix A, sheet A-001, November 2020, PDF page 45"}, "geometry": {"type": "Polygon", "coordinates": [[[666.5, 87.8], [668.5, 87.8], [668.5, 89.8], [666.5, 89.8], [666.5, 87.8]]]}},
{"type": "Feature", "properties": {"type": "column", "platform": "7", "level": "platform", "source": "PCIP Phase 2 Appendix A, sheet A-001, November 2020, PDF page 45"}, "geometry": {"type": "Polygon", "coordinates": [[[571.6, 87.7], [574.1, 87.7], [574.1, 89.7], [571.6, 89.7], [571.6, 87.7]]]}},
{"type": "Feature", "properties": {"type": "column", "platform": "7", "level": "platform", "source": "PCIP Phase 2 Appendix A, sheet A-001, November 2020, PDF page 45"}, "geometry": {"type": "Polygon", "coordinates": [[[22.1, 87.8], [23.9, 87.8], [23.9, 89.6], [22.1, 89.6], [22.1, 87.8]]]}},
{"type": "Feature", "properties": {"type": "column", "platform": "7", "level": "platform", "source": "PCIP Phase 2 Appendix A, sheet A-001, November 2020, PDF page 45"}, "geometry": {"type": "Polygon", "coordinates": [[[474.7, 87.5], [476.7, 87.5], [476.7, 89.5], [474.7, 89.5], [474.7, 87.5]]]}},
{"type": "Feature", "properties": {"type": "column", "platform": "7", "level": "platform", "source": "PCIP Phase 2 Appendix A, sheet A-001, November 2020, PDF page 45"}, "geometry": {"type": "Polygon", "coordinates": [[[164.8, 84.1], [166.6, 84.1], [166.6, 85.8], [164.8, 85.8], [164.8, 84.1]]]}},
{"type": "Feature", "properties": {"type": "column", "platform": "7", "level": "platform", "source": "PCIP Phase 2 Appendix A, sheet A-001, November 2020, PDF page 45"}, "geometry": {"type": "Polygon", "coordinates": [[[398.7, 82.7], [400.7, 82.7], [400.7, 84.7], [398.7, 84.7], [398.7, 82.7]]]}},
{"type": "Feature", "properties": {"type": "column", "platform": "7", "level": "platform", "source": "PCIP Phase 2 Appendix A, sheet A-001, November 2020, PDF page 45"}, "geometry": {"type": "Polygon", "coordinates": [[[809.5, 82.7], [811.5, 82.7], [811.5, 84.7], [809.5, 84.7], [809.5, 82.7]]]}},
{"type": "Feature", "properties": {"type": "column", "platform": "7", "level": "platform", "source": "PCIP Phase 2 Appendix A, sheet A-001, November 2020, PDF page 45"}, "geometry": {"type": "Polygon", "coordinates": [[[693.1, 82.6], [695.1, 82.6], [695.1, 84.6], [693.1, 84.6], [693.1, 82.6]]]}},
{"type": "Feature", "properties": {"type": "column", "platform": "7", "level": "platform", "source": "PCIP Phase 2 Appendix A, sheet A-001, November 2020, PDF page 45"}, "geometry": {"type": "Polygon", "coordinates": [[[348.5, 82.5], [350.5, 82.5], [350.5, 84.5], [348.5, 84.5], [348.5, 82.5]]]}},
{"type": "Feature", "properties": {"type": "column", "platform": "7", "level": "platform", "source": "PCIP Phase 2 Appendix A, sheet A-001, November 2020, PDF page 45"}, "geometry": {"type": "Polygon", "coordinates": [[[310.4, 82.4], [312.4, 82.4], [312.4, 84.4], [310.4, 84.4], [310.4, 82.4]]]}},
{"type": "Feature", "properties": {"type": "column", "platform": "7", "level": "platform", "source": "PCIP Phase 2 Appendix A, sheet A-001, November 2020, PDF page 45"}, "geometry": {"type": "Polygon", "coordinates": [[[329.0, 82.4], [331.0, 82.4], [331.0, 84.4], [329.0, 84.4], [329.0, 82.4]]]}},
{"type": "Feature", "properties": {"type": "column", "platform": "7", "level": "platform", "source": "PCIP Phase 2 Appendix A, sheet A-001, November 2020, PDF page 45"}, "geometry": {"type": "Polygon", "coordinates": [[[521.3, 82.3], [523.3, 82.3], [523.3, 84.3], [521.3, 84.3], [521.3, 82.3]]]}},
{"type": "Feature", "properties": {"type": "column", "platform": "7", "level": "platform", "source": "PCIP Phase 2 Appendix A, sheet A-001, November 2020, PDF page 45"}, "geometry": {"type": "Polygon", "coordinates": [[[753.1, 82.3], [755.1, 82.3], [755.1, 84.3], [753.1, 84.3], [753.1, 82.3]]]}},
{"type": "Feature", "properties": {"type": "column", "platform": "7", "level": "platform", "source": "PCIP Phase 2 Appendix A, sheet A-001, November 2020, PDF page 45"}, "geometry": {"type": "Polygon", "coordinates": [[[368.5, 82.2], [370.5, 82.2], [370.5, 84.2], [368.5, 84.2], [368.5, 82.2]]]}},
{"type": "Feature", "properties": {"type": "column", "platform": "7", "level": "platform", "source": "PCIP Phase 2 Appendix A, sheet A-001, November 2020, PDF page 45"}, "geometry": {"type": "Polygon", "coordinates": [[[505.5, 82.1], [507.5, 82.1], [507.5, 84.1], [505.5, 84.1], [505.5, 82.1]]]}},
{"type": "Feature", "properties": {"type": "column", "platform": "7", "level": "platform", "source": "PCIP Phase 2 Appendix A, sheet A-001, November 2020, PDF page 45"}, "geometry": {"type": "Polygon", "coordinates": [[[290.2, 82.4], [291.8, 82.4], [291.8, 84.0], [290.2, 84.0], [290.2, 82.4]]]}},
{"type": "Feature", "properties": {"type": "column", "platform": "6", "level": "platform", "source": "PCIP Phase 2 Appendix A, sheet A-001, November 2020, PDF page 45"}, "geometry": {"type": "Polygon", "coordinates": [[[408.3, 46.5], [410.4, 46.5], [410.4, 48.5], [408.3, 48.5], [408.3, 46.5]]]}},
{"type": "Feature", "properties": {"type": "column", "platform": "6", "level": "platform", "source": "PCIP Phase 2 Appendix A, sheet A-001, November 2020, PDF page 45"}, "geometry": {"type": "Polygon", "coordinates": [[[438.4, 46.5], [440.4, 46.5], [440.4, 48.5], [438.4, 48.5], [438.4, 46.5]]]}},
{"type": "Feature", "properties": {"type": "column", "platform": "6", "level": "platform", "source": "PCIP Phase 2 Appendix A, sheet A-001, November 2020, PDF page 45"}, "geometry": {"type": "Polygon", "coordinates": [[[235.7, 46.4], [237.7, 46.4], [237.7, 48.4], [235.7, 48.4], [235.7, 46.4]]]}},
{"type": "Feature", "properties": {"type": "column", "platform": "6", "level": "platform", "source": "PCIP Phase 2 Appendix A, sheet A-001, November 2020, PDF page 45"}, "geometry": {"type": "Polygon", "coordinates": [[[310.5, 46.1], [312.5, 46.1], [312.5, 48.1], [310.5, 48.1], [310.5, 46.1]]]}},
{"type": "Feature", "properties": {"type": "column", "platform": "6", "level": "platform", "source": "PCIP Phase 2 Appendix A, sheet A-001, November 2020, PDF page 45"}, "geometry": {"type": "Polygon", "coordinates": [[[329.1, 46.1], [331.1, 46.1], [331.1, 48.1], [329.1, 48.1], [329.1, 46.1]]]}},
{"type": "Feature", "properties": {"type": "column", "platform": "6", "level": "platform", "source": "PCIP Phase 2 Appendix A, sheet A-001, November 2020, PDF page 45"}, "geometry": {"type": "Polygon", "coordinates": [[[270.2, 46.1], [272.2, 46.1], [272.2, 48.1], [270.2, 48.1], [270.2, 46.1]]]}},
{"type": "Feature", "properties": {"type": "column", "platform": "6", "level": "platform", "source": "PCIP Phase 2 Appendix A, sheet A-001, November 2020, PDF page 45"}, "geometry": {"type": "Polygon", "coordinates": [[[289.8, 46.1], [291.8, 46.1], [291.8, 48.1], [289.8, 48.1], [289.8, 46.1]]]}},
{"type": "Feature", "properties": {"type": "column", "platform": "6", "level": "platform", "source": "PCIP Phase 2 Appendix A, sheet A-001, November 2020, PDF page 45"}, "geometry": {"type": "Polygon", "coordinates": [[[571.9, 43.3], [573.9, 43.3], [573.9, 45.3], [571.9, 45.3], [571.9, 43.3]]]}},
{"type": "Feature", "properties": {"type": "column", "platform": "6", "level": "platform", "source": "PCIP Phase 2 Appendix A, sheet A-001, November 2020, PDF page 45"}, "geometry": {"type": "Polygon", "coordinates": [[[584.8, 43.3], [586.8, 43.3], [586.8, 45.3], [584.8, 45.3], [584.8, 43.3]]]}},
{"type": "Feature", "properties": {"type": "column", "platform": "6", "level": "platform", "source": "PCIP Phase 2 Appendix A, sheet A-001, November 2020, PDF page 45"}, "geometry": {"type": "Polygon", "coordinates": [[[525.0, 43.2], [527.0, 43.2], [527.0, 45.2], [525.0, 45.2], [525.0, 43.2]]]}},
{"type": "Feature", "properties": {"type": "column", "platform": "6", "level": "platform", "source": "PCIP Phase 2 Appendix A, sheet A-001, November 2020, PDF page 45"}, "geometry": {"type": "Polygon", "coordinates": [[[546.5, 43.2], [548.5, 43.2], [548.5, 45.2], [546.5, 45.2], [546.5, 43.2]]]}},
{"type": "Feature", "properties": {"type": "column", "platform": "6", "level": "platform", "source": "PCIP Phase 2 Appendix A, sheet A-001, November 2020, PDF page 45"}, "geometry": {"type": "Polygon", "coordinates": [[[504.5, 43.1], [506.5, 43.1], [506.5, 45.1], [504.5, 45.1], [504.5, 43.1]]]}},
{"type": "Feature", "properties": {"type": "column", "platform": "6", "level": "platform", "source": "PCIP Phase 2 Appendix A, sheet A-001, November 2020, PDF page 45"}, "geometry": {"type": "Polygon", "coordinates": [[[22.3, 43.3], [24.0, 43.3], [24.0, 45.1], [22.3, 45.1], [22.3, 43.3]]]}},
{"type": "Feature", "properties": {"type": "column", "platform": "6", "level": "platform", "source": "PCIP Phase 2 Appendix A, sheet A-001, November 2020, PDF page 45"}, "geometry": {"type": "Polygon", "coordinates": [[[458.8, 43.1], [460.8, 43.1], [460.8, 45.1], [458.8, 45.1], [458.8, 43.1]]]}},
{"type": "Feature", "properties": {"type": "column", "platform": "6", "level": "platform", "source": "PCIP Phase 2 Appendix A, sheet A-001, November 2020, PDF page 45"}, "geometry": {"type": "Polygon", "coordinates": [[[438.4, 39.7], [440.4, 39.7], [440.4, 41.7], [438.4, 41.7], [438.4, 39.7]]]}},
{"type": "Feature", "properties": {"type": "column", "platform": "6", "level": "platform", "source": "PCIP Phase 2 Appendix A, sheet A-001, November 2020, PDF page 45"}, "geometry": {"type": "Polygon", "coordinates": [[[329.1, 39.5], [331.1, 39.5], [331.1, 41.5], [329.1, 41.5], [329.1, 39.5]]]}},
{"type": "Feature", "properties": {"type": "column", "platform": "6", "level": "platform", "source": "PCIP Phase 2 Appendix A, sheet A-001, November 2020, PDF page 45"}, "geometry": {"type": "Polygon", "coordinates": [[[348.5, 39.5], [350.5, 39.5], [350.5, 41.5], [348.5, 41.5], [348.5, 39.5]]]}},
{"type": "Feature", "properties": {"type": "column", "platform": "6", "level": "platform", "source": "PCIP Phase 2 Appendix A, sheet A-001, November 2020, PDF page 45"}, "geometry": {"type": "Polygon", "coordinates": [[[396.9, 39.5], [398.9, 39.5], [398.9, 41.5], [396.9, 41.5], [396.9, 39.5]]]}},
{"type": "Feature", "properties": {"type": "column", "platform": "6", "level": "platform", "source": "PCIP Phase 2 Appendix A, sheet A-001, November 2020, PDF page 45"}, "geometry": {"type": "Polygon", "coordinates": [[[408.4, 39.5], [410.4, 39.5], [410.4, 41.5], [408.4, 41.5], [408.4, 39.5]]]}},
{"type": "Feature", "properties": {"type": "column", "platform": "6", "level": "platform", "source": "PCIP Phase 2 Appendix A, sheet A-001, November 2020, PDF page 45"}, "geometry": {"type": "Polygon", "coordinates": [[[289.8, 39.4], [291.8, 39.4], [291.8, 41.4], [289.8, 41.4], [289.8, 39.4]]]}},
{"type": "Feature", "properties": {"type": "column", "platform": "6", "level": "platform", "source": "PCIP Phase 2 Appendix A, sheet A-001, November 2020, PDF page 45"}, "geometry": {"type": "Polygon", "coordinates": [[[310.5, 39.4], [312.5, 39.4], [312.5, 41.4], [310.5, 41.4], [310.5, 39.4]]]}},
{"type": "Feature", "properties": {"type": "column", "platform": "6", "level": "platform", "source": "PCIP Phase 2 Appendix A, sheet A-001, November 2020, PDF page 45"}, "geometry": {"type": "Polygon", "coordinates": [[[368.7, 39.4], [370.7, 39.4], [370.7, 41.4], [368.7, 41.4], [368.7, 39.4]]]}},
{"type": "Feature", "properties": {"type": "column", "platform": "6", "level": "platform", "source": "PCIP Phase 2 Appendix A, sheet A-001, November 2020, PDF page 45"}, "geometry": {"type": "Polygon", "coordinates": [[[270.2, 39.3], [272.2, 39.3], [272.2, 41.3], [270.2, 41.3], [270.2, 39.3]]]}},
{"type": "Feature", "properties": {"type": "column", "platform": "6", "level": "platform", "source": "PCIP Phase 2 Appendix A, sheet A-001, November 2020, PDF page 45"}, "geometry": {"type": "Polygon", "coordinates": [[[235.7, 39.1], [237.7, 39.1], [237.7, 41.1], [235.7, 41.1], [235.7, 39.1]]]}},
{"type": "Feature", "properties": {"type": "column", "platform": "5", "level": "platform", "source": "PCIP Phase 2 Appendix A, sheet A-001, November 2020, PDF page 45"}, "geometry": {"type": "Polygon", "coordinates": [[[809.6, 6.5], [811.6, 6.5], [811.6, 8.5], [809.6, 8.5], [809.6, 6.5]]]}},
{"type": "Feature", "properties": {"type": "column", "platform": "5", "level": "platform", "source": "PCIP Phase 2 Appendix A, sheet A-001, November 2020, PDF page 45"}, "geometry": {"type": "Polygon", "coordinates": [[[753.2, 6.4], [755.2, 6.4], [755.2, 8.4], [753.2, 8.4], [753.2, 6.4]]]}},
{"type": "Feature", "properties": {"type": "column", "platform": "5", "level": "platform", "source": "PCIP Phase 2 Appendix A, sheet A-001, November 2020, PDF page 45"}, "geometry": {"type": "Polygon", "coordinates": [[[693.2, 6.3], [695.2, 6.3], [695.2, 8.3], [693.2, 8.3], [693.2, 6.3]]]}},
{"type": "Feature", "properties": {"type": "column", "platform": "5", "level": "platform", "source": "PCIP Phase 2 Appendix A, sheet A-001, November 2020, PDF page 45"}, "geometry": {"type": "Polygon", "coordinates": [[[713.2, 6.3], [715.2, 6.3], [715.2, 8.3], [713.2, 8.3], [713.2, 6.3]]]}},
{"type": "Feature", "properties": {"type": "column", "platform": "5", "level": "platform", "source": "PCIP Phase 2 Appendix A, sheet A-001, November 2020, PDF page 45"}, "geometry": {"type": "Polygon", "coordinates": [[[672.1, 6.3], [674.1, 6.3], [674.1, 8.3], [672.1, 8.3], [672.1, 6.3]]]}},
{"type": "Feature", "properties": {"type": "column", "platform": "5", "level": "platform", "source": "PCIP Phase 2 Appendix A, sheet A-001, November 2020, PDF page 45"}, "geometry": {"type": "Polygon", "coordinates": [[[801.3, 3.1], [803.3, 3.1], [803.3, 5.1], [801.3, 5.1], [801.3, 3.1]]]}},
{"type": "Feature", "properties": {"type": "column", "platform": "5", "level": "platform", "source": "PCIP Phase 2 Appendix A, sheet A-001, November 2020, PDF page 45"}, "geometry": {"type": "Polygon", "coordinates": [[[348.6, 3.0], [350.6, 3.0], [350.6, 5.0], [348.6, 5.0], [348.6, 3.0]]]}},
{"type": "Feature", "properties": {"type": "column", "platform": "5", "level": "platform", "source": "PCIP Phase 2 Appendix A, sheet A-001, November 2020, PDF page 45"}, "geometry": {"type": "Polygon", "coordinates": [[[368.7, 3.0], [370.7, 3.0], [370.7, 5.0], [368.7, 5.0], [368.7, 3.0]]]}},
{"type": "Feature", "properties": {"type": "column", "platform": "5", "level": "platform", "source": "PCIP Phase 2 Appendix A, sheet A-001, November 2020, PDF page 45"}, "geometry": {"type": "Polygon", "coordinates": [[[310.6, 2.9], [312.6, 2.9], [312.6, 4.9], [310.6, 4.9], [310.6, 2.9]]]}},
{"type": "Feature", "properties": {"type": "column", "platform": "5", "level": "platform", "source": "PCIP Phase 2 Appendix A, sheet A-001, November 2020, PDF page 45"}, "geometry": {"type": "Polygon", "coordinates": [[[329.2, 2.9], [331.2, 2.9], [331.2, 4.9], [329.2, 4.9], [329.2, 2.9]]]}},
{"type": "Feature", "properties": {"type": "column", "platform": "5", "level": "platform", "source": "PCIP Phase 2 Appendix A, sheet A-001, November 2020, PDF page 45"}, "geometry": {"type": "Polygon", "coordinates": [[[632.9, 3.3], [634.5, 3.3], [634.5, 4.9], [632.9, 4.9], [632.9, 3.3]]]}},
{"type": "Feature", "properties": {"type": "column", "platform": "5", "level": "platform", "source": "PCIP Phase 2 Appendix A, sheet A-001, November 2020, PDF page 45"}, "geometry": {"type": "Polygon", "coordinates": [[[270.3, 2.9], [272.3, 2.9], [272.3, 4.9], [270.3, 4.9], [270.3, 2.9]]]}},
{"type": "Feature", "properties": {"type": "column", "platform": "5", "level": "platform", "source": "PCIP Phase 2 Appendix A, sheet A-001, November 2020, PDF page 45"}, "geometry": {"type": "Polygon", "coordinates": [[[289.9, 2.9], [291.9, 2.9], [291.9, 4.9], [289.9, 4.9], [289.9, 2.9]]]}},
{"type": "Feature", "properties": {"type": "column", "platform": "5", "level": "platform", "source": "PCIP Phase 2 Appendix A, sheet A-001, November 2020, PDF page 45"}, "geometry": {"type": "Polygon", "coordinates": [[[438.5, 2.9], [440.5, 2.9], [440.5, 4.9], [438.5, 4.9], [438.5, 2.9]]]}},
{"type": "Feature", "properties": {"type": "column", "platform": "5", "level": "platform", "source": "PCIP Phase 2 Appendix A, sheet A-001, November 2020, PDF page 45"}, "geometry": {"type": "Polygon", "coordinates": [[[396.9, 2.8], [398.9, 2.8], [398.9, 4.8], [396.9, 4.8], [396.9, 2.8]]]}},
{"type": "Feature", "properties": {"type": "column", "platform": "5", "level": "platform", "source": "PCIP Phase 2 Appendix A, sheet A-001, November 2020, PDF page 45"}, "geometry": {"type": "Polygon", "coordinates": [[[410.3, 2.8], [412.3, 2.8], [412.3, 4.8], [410.3, 4.8], [410.3, 2.8]]]}},
{"type": "Feature", "properties": {"type": "column", "platform": "5", "level": "platform", "source": "PCIP Phase 2 Appendix A, sheet A-001, November 2020, PDF page 45"}, "geometry": {"type": "Polygon", "coordinates": [[[761.0, 1.3], [763.0, 1.3], [763.0, 3.3], [761.0, 3.3], [761.0, 1.3]]]}},
{"type": "Feature", "properties": {"type": "column", "platform": "5", "level": "platform", "source": "PCIP Phase 2 Appendix A, sheet A-001, November 2020, PDF page 45"}, "geometry": {"type": "Polygon", "coordinates": [[[784.5, 1.3], [786.5, 1.3], [786.5, 3.3], [784.5, 3.3], [784.5, 1.3]]]}},
{"type": "Feature", "properties": {"type": "column", "platform": "5", "level": "platform", "source": "PCIP Phase 2 Appendix A, sheet A-001, November 2020, PDF page 45"}, "geometry": {"type": "Polygon", "coordinates": [[[816.5, -1.0], [819.5, -1.0], [819.5, 2.2], [816.5, 2.2], [816.5, -1.0]]]}},
{"type": "Feature", "properties": {"type": "column", "platform": "5", "level": "platform", "source": "PCIP Phase 2 Appendix A, sheet A-001, November 2020, PDF page 45"}, "geometry": {"type": "Polygon", "coordinates": [[[809.6, -0.9], [811.6, -0.9], [811.6, 1.1], [809.6, 1.1], [809.6, -0.9]]]}},
{"type": "Feature", "properties": {"type": "column", "platform": "5", "level": "platform", "source": "PCIP Phase 2 Appendix A, sheet A-001, November 2020, PDF page 45"}, "geometry": {"type": "Polygon", "coordinates": [[[758.7, -1.0], [760.7, -1.0], [760.7, 1.0], [758.7, 1.0], [758.7, -1.0]]]}},
{"type": "Feature", "properties": {"type": "column", "platform": "5", "level": "platform", "source": "PCIP Phase 2 Appendix A, sheet A-001, November 2020, PDF page 45"}, "geometry": {"type": "Polygon", "coordinates": [[[466.8, -2.1], [469.8, -2.1], [469.8, 1.0], [466.8, 1.0], [466.8, -2.1]]]}},
{"type": "Feature", "properties": {"type": "column", "platform": "5", "level": "platform", "source": "PCIP Phase 2 Appendix A, sheet A-001, November 2020, PDF page 45"}, "geometry": {"type": "Polygon", "coordinates": [[[727.6, -1.1], [729.6, -1.1], [729.6, 0.9], [727.6, 0.9], [727.6, -1.1]]]}},
{"type": "Feature", "properties": {"type": "column", "platform": "5", "level": "platform", "source": "PCIP Phase 2 Appendix A, sheet A-001, November 2020, PDF page 45"}, "geometry": {"type": "Polygon", "coordinates": [[[789.1, -1.1], [791.1, -1.1], [791.1, 0.9], [789.1, 0.9], [789.1, -1.1]]]}},
{"type": "Feature", "properties": {"type": "column", "platform": "5", "level": "platform", "source": "PCIP Phase 2 Appendix A, sheet A-001, November 2020, PDF page 45"}, "geometry": {"type": "Polygon", "coordinates": [[[697.3, -1.1], [699.3, -1.1], [699.3, 0.9], [697.3, 0.9], [697.3, -1.1]]]}},
{"type": "Feature", "properties": {"type": "column", "platform": "5", "level": "platform", "source": "PCIP Phase 2 Appendix A, sheet A-001, November 2020, PDF page 45"}, "geometry": {"type": "Polygon", "coordinates": [[[666.7, -1.2], [668.7, -1.2], [668.7, 0.8], [666.7, 0.8], [666.7, -1.2]]]}},
{"type": "Feature", "properties": {"type": "column", "platform": "5", "level": "platform", "source": "PCIP Phase 2 Appendix A, sheet A-001, November 2020, PDF page 45"}, "geometry": {"type": "Polygon", "coordinates": [[[584.2, -1.3], [586.2, -1.3], [586.2, 0.7], [584.2, 0.7], [584.2, -1.3]]]}},
{"type": "Feature", "properties": {"type": "column", "platform": "5", "level": "platform", "source": "PCIP Phase 2 Appendix A, sheet A-001, November 2020, PDF page 45"}, "geometry": {"type": "Polygon", "coordinates": [[[458.7, -1.4], [460.7, -1.4], [460.7, 0.6], [458.7, 0.6], [458.7, -1.4]]]}},
{"type": "Feature", "properties": {"type": "column", "platform": "5", "level": "platform", "source": "PCIP Phase 2 Appendix A, sheet A-001, November 2020, PDF page 45"}, "geometry": {"type": "Polygon", "coordinates": [[[329.2, -5.1], [331.2, -5.1], [331.2, -3.1], [329.2, -3.1], [329.2, -5.1]]]}},
{"type": "Feature", "properties": {"type": "column", "platform": "5", "level": "platform", "source": "PCIP Phase 2 Appendix A, sheet A-001, November 2020, PDF page 45"}, "geometry": {"type": "Polygon", "coordinates": [[[348.6, -5.1], [350.6, -5.1], [350.6, -3.1], [348.6, -3.1], [348.6, -5.1]]]}},
{"type": "Feature", "properties": {"type": "column", "platform": "5", "level": "platform", "source": "PCIP Phase 2 Appendix A, sheet A-001, November 2020, PDF page 45"}, "geometry": {"type": "Polygon", "coordinates": [[[396.9, -5.1], [398.9, -5.1], [398.9, -3.1], [396.9, -3.1], [396.9, -5.1]]]}},
{"type": "Feature", "properties": {"type": "column", "platform": "5", "level": "platform", "source": "PCIP Phase 2 Appendix A, sheet A-001, November 2020, PDF page 45"}, "geometry": {"type": "Polygon", "coordinates": [[[410.3, -5.1], [412.3, -5.1], [412.3, -3.1], [410.3, -3.1], [410.3, -5.1]]]}},
{"type": "Feature", "properties": {"type": "column", "platform": "5", "level": "platform", "source": "PCIP Phase 2 Appendix A, sheet A-001, November 2020, PDF page 45"}, "geometry": {"type": "Polygon", "coordinates": [[[289.9, -5.2], [291.9, -5.2], [291.9, -3.1], [289.9, -3.1], [289.9, -5.2]]]}},
{"type": "Feature", "properties": {"type": "column", "platform": "5", "level": "platform", "source": "PCIP Phase 2 Appendix A, sheet A-001, November 2020, PDF page 45"}, "geometry": {"type": "Polygon", "coordinates": [[[310.6, -5.2], [312.6, -5.2], [312.6, -3.1], [310.6, -3.1], [310.6, -5.2]]]}},
{"type": "Feature", "properties": {"type": "column", "platform": "5", "level": "platform", "source": "PCIP Phase 2 Appendix A, sheet A-001, November 2020, PDF page 45"}, "geometry": {"type": "Polygon", "coordinates": [[[270.3, -5.2], [272.3, -5.2], [272.3, -3.2], [270.3, -3.2], [270.3, -5.2]]]}},
{"type": "Feature", "properties": {"type": "column", "platform": "5", "level": "platform", "source": "PCIP Phase 2 Appendix A, sheet A-001, November 2020, PDF page 45"}, "geometry": {"type": "Polygon", "coordinates": [[[214.9, -5.3], [216.9, -5.3], [216.9, -3.3], [214.9, -3.3], [214.9, -5.3]]]}},
{"type": "Feature", "properties": {"type": "column", "platform": "5", "level": "platform", "source": "PCIP Phase 2 Appendix A, sheet A-001, November 2020, PDF page 45"}, "geometry": {"type": "Polygon", "coordinates": [[[368.7, -5.4], [370.7, -5.4], [370.7, -3.3], [368.7, -3.3], [368.7, -5.4]]]}},
{"type": "Feature", "properties": {"type": "column", "platform": "5", "level": "platform", "source": "PCIP Phase 2 Appendix A, sheet A-001, November 2020, PDF page 45"}, "geometry": {"type": "Polygon", "coordinates": [[[632.9, -5.0], [634.5, -5.0], [634.5, -3.4], [632.9, -3.4], [632.9, -5.0]]]}},
{"type": "Feature", "properties": {"type": "column", "platform": "5", "level": "platform", "source": "PCIP Phase 2 Appendix A, sheet A-001, November 2020, PDF page 45"}, "geometry": {"type": "Polygon", "coordinates": [[[788.9, -6.8], [790.9, -6.8], [790.9, -4.8], [788.9, -4.8], [788.9, -6.8]]]}},
{"type": "Feature", "properties": {"type": "column", "platform": "5", "level": "platform", "source": "PCIP Phase 2 Appendix A, sheet A-001, November 2020, PDF page 45"}, "geometry": {"type": "Polygon", "coordinates": [[[666.9, -7.7], [668.6, -7.7], [668.6, -6.2], [666.9, -6.2], [666.9, -7.7]]]}},
{"type": "Feature", "properties": {"type": "column", "platform": "4", "level": "platform", "source": "PCIP Phase 2 Appendix A, sheet A-001, November 2020, PDF page 45"}, "geometry": {"type": "Polygon", "coordinates": [[[751.4, -41.6], [753.4, -41.6], [753.4, -39.6], [751.4, -39.6], [751.4, -41.6]]]}},
{"type": "Feature", "properties": {"type": "column", "platform": "4", "level": "platform", "source": "PCIP Phase 2 Appendix A, sheet A-001, November 2020, PDF page 45"}, "geometry": {"type": "Polygon", "coordinates": [[[758.8, -41.6], [760.8, -41.6], [760.8, -39.6], [758.8, -39.6], [758.8, -41.6]]]}},
{"type": "Feature", "properties": {"type": "column", "platform": "4", "level": "platform", "source": "PCIP Phase 2 Appendix A, sheet A-001, November 2020, PDF page 45"}, "geometry": {"type": "Polygon", "coordinates": [[[712.2, -41.8], [714.2, -41.8], [714.2, -39.8], [712.2, -39.8], [712.2, -41.8]]]}},
{"type": "Feature", "properties": {"type": "column", "platform": "4", "level": "platform", "source": "PCIP Phase 2 Appendix A, sheet A-001, November 2020, PDF page 45"}, "geometry": {"type": "Polygon", "coordinates": [[[727.8, -42.0], [729.8, -42.0], [729.8, -40.0], [727.8, -40.0], [727.8, -42.0]]]}},
{"type": "Feature", "properties": {"type": "column", "platform": "4", "level": "platform", "source": "PCIP Phase 2 Appendix A, sheet A-001, November 2020, PDF page 45"}, "geometry": {"type": "Polygon", "coordinates": [[[187.8, -43.6], [189.8, -43.6], [189.8, -41.6], [187.8, -41.6], [187.8, -43.6]]]}},
{"type": "Feature", "properties": {"type": "column", "platform": "4", "level": "platform", "source": "PCIP Phase 2 Appendix A, sheet A-001, November 2020, PDF page 45"}, "geometry": {"type": "Polygon", "coordinates": [[[236.4, -44.1], [238.4, -44.1], [238.4, -42.1], [236.4, -42.1], [236.4, -44.1]]]}},
{"type": "Feature", "properties": {"type": "column", "platform": "4", "level": "platform", "source": "PCIP Phase 2 Appendix A, sheet A-001, November 2020, PDF page 45"}, "geometry": {"type": "Polygon", "coordinates": [[[398.9, -44.2], [400.9, -44.2], [400.9, -42.2], [398.9, -42.2], [398.9, -44.2]]]}},
{"type": "Feature", "properties": {"type": "column", "platform": "4", "level": "platform", "source": "PCIP Phase 2 Appendix A, sheet A-001, November 2020, PDF page 45"}, "geometry": {"type": "Polygon", "coordinates": [[[413.6, -44.2], [415.6, -44.2], [415.6, -42.2], [413.6, -42.2], [413.6, -44.2]]]}},
{"type": "Feature", "properties": {"type": "column", "platform": "4", "level": "platform", "source": "PCIP Phase 2 Appendix A, sheet A-001, November 2020, PDF page 45"}, "geometry": {"type": "Polygon", "coordinates": [[[378.9, -44.2], [380.9, -44.2], [380.9, -42.2], [378.9, -42.2], [378.9, -44.2]]]}},
{"type": "Feature", "properties": {"type": "column", "platform": "4", "level": "platform", "source": "PCIP Phase 2 Appendix A, sheet A-001, November 2020, PDF page 45"}, "geometry": {"type": "Polygon", "coordinates": [[[348.7, -44.3], [350.7, -44.3], [350.7, -42.3], [348.7, -42.3], [348.7, -44.3]]]}},
{"type": "Feature", "properties": {"type": "column", "platform": "4", "level": "platform", "source": "PCIP Phase 2 Appendix A, sheet A-001, November 2020, PDF page 45"}, "geometry": {"type": "Polygon", "coordinates": [[[310.6, -44.4], [312.6, -44.4], [312.6, -42.4], [310.6, -42.4], [310.6, -44.4]]]}},
{"type": "Feature", "properties": {"type": "column", "platform": "4", "level": "platform", "source": "PCIP Phase 2 Appendix A, sheet A-001, November 2020, PDF page 45"}, "geometry": {"type": "Polygon", "coordinates": [[[329.2, -44.4], [331.2, -44.4], [331.2, -42.4], [329.2, -42.4], [329.2, -44.4]]]}},
{"type": "Feature", "properties": {"type": "column", "platform": "4", "level": "platform", "source": "PCIP Phase 2 Appendix A, sheet A-001, November 2020, PDF page 45"}, "geometry": {"type": "Polygon", "coordinates": [[[270.4, -44.4], [272.4, -44.4], [272.4, -42.4], [270.4, -42.4], [270.4, -44.4]]]}},
{"type": "Feature", "properties": {"type": "column", "platform": "4", "level": "platform", "source": "PCIP Phase 2 Appendix A, sheet A-001, November 2020, PDF page 45"}, "geometry": {"type": "Polygon", "coordinates": [[[290.0, -44.4], [292.0, -44.4], [292.0, -42.4], [290.0, -42.4], [290.0, -44.4]]]}},
{"type": "Feature", "properties": {"type": "column", "platform": "4", "level": "platform", "source": "PCIP Phase 2 Appendix A, sheet A-001, November 2020, PDF page 45"}, "geometry": {"type": "Polygon", "coordinates": [[[-100.9, -45.8], [-98.9, -45.8], [-98.9, -43.8], [-100.9, -43.8], [-100.9, -45.8]]]}},
{"type": "Feature", "properties": {"type": "column", "platform": "4", "level": "platform", "source": "PCIP Phase 2 Appendix A, sheet A-001, November 2020, PDF page 45"}, "geometry": {"type": "Polygon", "coordinates": [[[250.9, -45.9], [252.9, -45.9], [252.9, -43.9], [250.9, -43.9], [250.9, -45.9]]]}},
{"type": "Feature", "properties": {"type": "column", "platform": "4", "level": "platform", "source": "PCIP Phase 2 Appendix A, sheet A-001, November 2020, PDF page 45"}, "geometry": {"type": "Polygon", "coordinates": [[[697.5, -46.8], [699.5, -46.8], [699.5, -44.8], [697.5, -44.8], [697.5, -46.8]]]}},
{"type": "Feature", "properties": {"type": "column", "platform": "4", "level": "platform", "source": "PCIP Phase 2 Appendix A, sheet A-001, November 2020, PDF page 45"}, "geometry": {"type": "Polygon", "coordinates": [[[525.1, -47.3], [527.1, -47.3], [527.1, -45.3], [525.1, -45.3], [525.1, -47.3]]]}},
{"type": "Feature", "properties": {"type": "column", "platform": "4", "level": "platform", "source": "PCIP Phase 2 Appendix A, sheet A-001, November 2020, PDF page 45"}, "geometry": {"type": "Polygon", "coordinates": [[[483.5, -47.5], [485.5, -47.5], [485.5, -45.5], [483.5, -45.5], [483.5, -47.5]]]}},
{"type": "Feature", "properties": {"type": "column", "platform": "4", "level": "platform", "source": "PCIP Phase 2 Appendix A, sheet A-001, November 2020, PDF page 45"}, "geometry": {"type": "Polygon", "coordinates": [[[504.7, -47.5], [506.7, -47.5], [506.7, -45.5], [504.7, -45.5], [504.7, -47.5]]]}},
{"type": "Feature", "properties": {"type": "column", "platform": "4", "level": "platform", "source": "PCIP Phase 2 Appendix A, sheet A-001, November 2020, PDF page 45"}, "geometry": {"type": "Polygon", "coordinates": [[[692.4, -48.2], [694.4, -48.2], [694.4, -46.2], [692.4, -46.2], [692.4, -48.2]]]}},
{"type": "Feature", "properties": {"type": "column", "platform": "4", "level": "platform", "source": "PCIP Phase 2 Appendix A, sheet A-001, November 2020, PDF page 45"}, "geometry": {"type": "Polygon", "coordinates": [[[667.0, -48.8], [668.7, -48.8], [668.7, -47.3], [667.0, -47.3], [667.0, -48.8]]]}},
{"type": "Feature", "properties": {"type": "column", "platform": "4", "level": "platform", "source": "PCIP Phase 2 Appendix A, sheet A-001, November 2020, PDF page 45"}, "geometry": {"type": "Polygon", "coordinates": [[[632.8, -50.4], [634.8, -50.4], [634.8, -48.4], [632.8, -48.4], [632.8, -50.4]]]}},
{"type": "Feature", "properties": {"type": "column", "platform": "4", "level": "platform", "source": "PCIP Phase 2 Appendix A, sheet A-001, November 2020, PDF page 45"}, "geometry": {"type": "Polygon", "coordinates": [[[438.6, -51.9], [440.6, -51.9], [440.6, -49.9], [438.6, -49.9], [438.6, -51.9]]]}},
{"type": "Feature", "properties": {"type": "column", "platform": "4", "level": "platform", "source": "PCIP Phase 2 Appendix A, sheet A-001, November 2020, PDF page 45"}, "geometry": {"type": "Polygon", "coordinates": [[[378.8, -52.0], [380.8, -52.0], [380.8, -50.0], [378.8, -50.0], [378.8, -52.0]]]}},
{"type": "Feature", "properties": {"type": "column", "platform": "4", "level": "platform", "source": "PCIP Phase 2 Appendix A, sheet A-001, November 2020, PDF page 45"}, "geometry": {"type": "Polygon", "coordinates": [[[348.7, -52.0], [350.7, -52.0], [350.7, -50.0], [348.7, -50.0], [348.7, -52.0]]]}},
{"type": "Feature", "properties": {"type": "column", "platform": "4", "level": "platform", "source": "PCIP Phase 2 Appendix A, sheet A-001, November 2020, PDF page 45"}, "geometry": {"type": "Polygon", "coordinates": [[[368.8, -52.0], [370.8, -52.0], [370.8, -50.0], [368.8, -50.0], [368.8, -52.0]]]}},
{"type": "Feature", "properties": {"type": "column", "platform": "4", "level": "platform", "source": "PCIP Phase 2 Appendix A, sheet A-001, November 2020, PDF page 45"}, "geometry": {"type": "Polygon", "coordinates": [[[413.6, -52.0], [415.6, -52.0], [415.6, -50.0], [413.6, -50.0], [413.6, -52.0]]]}},
{"type": "Feature", "properties": {"type": "column", "platform": "4", "level": "platform", "source": "PCIP Phase 2 Appendix A, sheet A-001, November 2020, PDF page 45"}, "geometry": {"type": "Polygon", "coordinates": [[[310.6, -52.1], [312.6, -52.1], [312.6, -50.1], [310.6, -50.1], [310.6, -52.1]]]}},
{"type": "Feature", "properties": {"type": "column", "platform": "4", "level": "platform", "source": "PCIP Phase 2 Appendix A, sheet A-001, November 2020, PDF page 45"}, "geometry": {"type": "Polygon", "coordinates": [[[329.2, -52.1], [331.2, -52.1], [331.2, -50.1], [329.2, -50.1], [329.2, -52.1]]]}},
{"type": "Feature", "properties": {"type": "column", "platform": "4", "level": "platform", "source": "PCIP Phase 2 Appendix A, sheet A-001, November 2020, PDF page 45"}, "geometry": {"type": "Polygon", "coordinates": [[[398.9, -52.1], [400.9, -52.1], [400.9, -50.1], [398.9, -50.1], [398.9, -52.1]]]}},
{"type": "Feature", "properties": {"type": "column", "platform": "4", "level": "platform", "source": "PCIP Phase 2 Appendix A, sheet A-001, November 2020, PDF page 45"}, "geometry": {"type": "Polygon", "coordinates": [[[270.4, -52.2], [272.4, -52.2], [272.4, -50.2], [270.4, -50.2], [270.4, -52.2]]]}},
{"type": "Feature", "properties": {"type": "column", "platform": "4", "level": "platform", "source": "PCIP Phase 2 Appendix A, sheet A-001, November 2020, PDF page 45"}, "geometry": {"type": "Polygon", "coordinates": [[[290.0, -52.2], [292.0, -52.2], [292.0, -50.2], [290.0, -50.2], [290.0, -52.2]]]}},
{"type": "Feature", "properties": {"type": "column", "platform": "4", "level": "platform", "source": "PCIP Phase 2 Appendix A, sheet A-001, November 2020, PDF page 45"}, "geometry": {"type": "Polygon", "coordinates": [[[250.9, -52.2], [252.9, -52.2], [252.9, -50.2], [250.9, -50.2], [250.9, -52.2]]]}},
{"type": "Feature", "properties": {"type": "column", "platform": "4", "level": "platform", "source": "PCIP Phase 2 Appendix A, sheet A-001, November 2020, PDF page 45"}, "geometry": {"type": "Polygon", "coordinates": [[[215.0, -52.4], [217.0, -52.4], [217.0, -50.4], [215.0, -50.4], [215.0, -52.4]]]}},
{"type": "Feature", "properties": {"type": "column", "platform": "3", "level": "platform", "source": "PCIP Phase 2 Appendix A, sheet A-001, November 2020, PDF page 45"}, "geometry": {"type": "Polygon", "coordinates": [[[712.4, -86.6], [714.4, -86.6], [714.4, -84.6], [712.4, -84.6], [712.4, -86.6]]]}},
{"type": "Feature", "properties": {"type": "column", "platform": "3", "level": "platform", "source": "PCIP Phase 2 Appendix A, sheet A-001, November 2020, PDF page 45"}, "geometry": {"type": "Polygon", "coordinates": [[[666.7, -90.1], [668.7, -90.1], [668.7, -88.1], [666.7, -88.1], [666.7, -90.1]]]}},
{"type": "Feature", "properties": {"type": "column", "platform": "3", "level": "platform", "source": "PCIP Phase 2 Appendix A, sheet A-001, November 2020, PDF page 45"}, "geometry": {"type": "Polygon", "coordinates": [[[602.4, -90.3], [604.4, -90.3], [604.4, -88.3], [602.4, -88.3], [602.4, -90.3]]]}},
{"type": "Feature", "properties": {"type": "column", "platform": "3", "level": "platform", "source": "PCIP Phase 2 Appendix A, sheet A-001, November 2020, PDF page 45"}, "geometry": {"type": "Polygon", "coordinates": [[[554.3, -90.3], [556.3, -90.3], [556.3, -88.3], [554.3, -88.3], [554.3, -90.3]]]}},
{"type": "Feature", "properties": {"type": "column", "platform": "3", "level": "platform", "source": "PCIP Phase 2 Appendix A, sheet A-001, November 2020, PDF page 45"}, "geometry": {"type": "Polygon", "coordinates": [[[559.6, -90.3], [561.6, -90.3], [561.6, -88.3], [559.6, -88.3], [559.6, -90.3]]]}},
{"type": "Feature", "properties": {"type": "column", "platform": "3", "level": "platform", "source": "PCIP Phase 2 Appendix A, sheet A-001, November 2020, PDF page 45"}, "geometry": {"type": "Polygon", "coordinates": [[[572.0, -90.3], [574.0, -90.3], [574.0, -88.3], [572.0, -88.3], [572.0, -90.3]]]}},
{"type": "Feature", "properties": {"type": "column", "platform": "3", "level": "platform", "source": "PCIP Phase 2 Appendix A, sheet A-001, November 2020, PDF page 45"}, "geometry": {"type": "Polygon", "coordinates": [[[538.0, -90.4], [540.0, -90.4], [540.0, -88.4], [538.0, -88.4], [538.0, -90.4]]]}},
{"type": "Feature", "properties": {"type": "column", "platform": "3", "level": "platform", "source": "PCIP Phase 2 Appendix A, sheet A-001, November 2020, PDF page 45"}, "geometry": {"type": "Polygon", "coordinates": [[[632.9, -90.4], [634.9, -90.4], [634.9, -88.4], [632.9, -88.4], [632.9, -90.4]]]}},
{"type": "Feature", "properties": {"type": "column", "platform": "3", "level": "platform", "source": "PCIP Phase 2 Appendix A, sheet A-001, November 2020, PDF page 45"}, "geometry": {"type": "Polygon", "coordinates": [[[468.1, -90.5], [470.1, -90.5], [470.1, -88.5], [468.1, -88.5], [468.1, -90.5]]]}},
{"type": "Feature", "properties": {"type": "column", "platform": "3", "level": "platform", "source": "PCIP Phase 2 Appendix A, sheet A-001, November 2020, PDF page 45"}, "geometry": {"type": "Polygon", "coordinates": [[[475.7, -90.5], [477.7, -90.5], [477.7, -88.5], [475.7, -88.5], [475.7, -90.5]]]}},
{"type": "Feature", "properties": {"type": "column", "platform": "3", "level": "platform", "source": "PCIP Phase 2 Appendix A, sheet A-001, November 2020, PDF page 45"}, "geometry": {"type": "Polygon", "coordinates": [[[490.1, -90.5], [492.1, -90.5], [492.1, -88.5], [490.1, -88.5], [490.1, -90.5]]]}},
{"type": "Feature", "properties": {"type": "column", "platform": "3", "level": "platform", "source": "PCIP Phase 2 Appendix A, sheet A-001, November 2020, PDF page 45"}, "geometry": {"type": "Polygon", "coordinates": [[[504.7, -90.5], [506.7, -90.5], [506.7, -88.5], [504.7, -88.5], [504.7, -90.5]]]}},
{"type": "Feature", "properties": {"type": "column", "platform": "3", "level": "platform", "source": "PCIP Phase 2 Appendix A, sheet A-001, November 2020, PDF page 45"}, "geometry": {"type": "Polygon", "coordinates": [[[525.3, -90.5], [527.3, -90.5], [527.3, -88.5], [525.3, -88.5], [525.3, -90.5]]]}},
{"type": "Feature", "properties": {"type": "column", "platform": "3", "level": "platform", "source": "PCIP Phase 2 Appendix A, sheet A-001, November 2020, PDF page 45"}, "geometry": {"type": "Polygon", "coordinates": [[[438.8, -90.6], [440.8, -90.6], [440.8, -88.6], [438.8, -88.6], [438.8, -90.6]]]}},
{"type": "Feature", "properties": {"type": "column", "platform": "3", "level": "platform", "source": "PCIP Phase 2 Appendix A, sheet A-001, November 2020, PDF page 45"}, "geometry": {"type": "Polygon", "coordinates": [[[411.8, -90.7], [413.8, -90.7], [413.8, -88.7], [411.8, -88.7], [411.8, -90.7]]]}},
{"type": "Feature", "properties": {"type": "column", "platform": "3", "level": "platform", "source": "PCIP Phase 2 Appendix A, sheet A-001, November 2020, PDF page 45"}, "geometry": {"type": "Polygon", "coordinates": [[[368.9, -90.7], [370.9, -90.7], [370.9, -88.7], [368.9, -88.7], [368.9, -90.7]]]}},
{"type": "Feature", "properties": {"type": "column", "platform": "3", "level": "platform", "source": "PCIP Phase 2 Appendix A, sheet A-001, November 2020, PDF page 45"}, "geometry": {"type": "Polygon", "coordinates": [[[328.0, -90.8], [330.0, -90.8], [330.0, -88.8], [328.0, -88.8], [328.0, -90.8]]]}},
{"type": "Feature", "properties": {"type": "column", "platform": "3", "level": "platform", "source": "PCIP Phase 2 Appendix A, sheet A-001, November 2020, PDF page 45"}, "geometry": {"type": "Polygon", "coordinates": [[[340.9, -90.8], [342.9, -90.8], [342.9, -88.8], [340.9, -88.8], [340.9, -90.8]]]}},
{"type": "Feature", "properties": {"type": "column", "platform": "3", "level": "platform", "source": "PCIP Phase 2 Appendix A, sheet A-001, November 2020, PDF page 45"}, "geometry": {"type": "Polygon", "coordinates": [[[348.8, -90.8], [350.8, -90.8], [350.8, -88.8], [348.8, -88.8], [348.8, -90.8]]]}},
{"type": "Feature", "properties": {"type": "column", "platform": "3", "level": "platform", "source": "PCIP Phase 2 Appendix A, sheet A-001, November 2020, PDF page 45"}, "geometry": {"type": "Polygon", "coordinates": [[[290.1, -90.9], [292.1, -90.9], [292.1, -88.9], [290.1, -88.9], [290.1, -90.9]]]}},
{"type": "Feature", "properties": {"type": "column", "platform": "3", "level": "platform", "source": "PCIP Phase 2 Appendix A, sheet A-001, November 2020, PDF page 45"}, "geometry": {"type": "Polygon", "coordinates": [[[294.0, -90.9], [296.0, -90.9], [296.0, -88.9], [294.0, -88.9], [294.0, -90.9]]]}},
{"type": "Feature", "properties": {"type": "column", "platform": "3", "level": "platform", "source": "PCIP Phase 2 Appendix A, sheet A-001, November 2020, PDF page 45"}, "geometry": {"type": "Polygon", "coordinates": [[[298.0, -90.9], [300.0, -90.9], [300.0, -88.9], [298.0, -88.9], [298.0, -90.9]]]}},
{"type": "Feature", "properties": {"type": "column", "platform": "3", "level": "platform", "source": "PCIP Phase 2 Appendix A, sheet A-001, November 2020, PDF page 45"}, "geometry": {"type": "Polygon", "coordinates": [[[304.4, -90.9], [306.4, -90.9], [306.4, -88.9], [304.4, -88.9], [304.4, -90.9]]]}},
{"type": "Feature", "properties": {"type": "column", "platform": "3", "level": "platform", "source": "PCIP Phase 2 Appendix A, sheet A-001, November 2020, PDF page 45"}, "geometry": {"type": "Polygon", "coordinates": [[[310.7, -90.9], [312.7, -90.9], [312.7, -88.9], [310.7, -88.9], [310.7, -90.9]]]}},
{"type": "Feature", "properties": {"type": "column", "platform": "3", "level": "platform", "source": "PCIP Phase 2 Appendix A, sheet A-001, November 2020, PDF page 45"}, "geometry": {"type": "Polygon", "coordinates": [[[672.9, -91.3], [674.9, -91.3], [674.9, -89.3], [672.9, -89.3], [672.9, -91.3]]]}},
{"type": "Feature", "properties": {"type": "column", "platform": "3", "level": "platform", "source": "PCIP Phase 2 Appendix A, sheet A-001, November 2020, PDF page 45"}, "geometry": {"type": "Polygon", "coordinates": [[[-81.3, -96.0], [-79.3, -96.0], [-79.3, -94.0], [-81.3, -94.0], [-81.3, -96.0]]]}},
{"type": "Feature", "properties": {"type": "column", "platform": "3", "level": "platform", "source": "PCIP Phase 2 Appendix A, sheet A-001, November 2020, PDF page 45"}, "geometry": {"type": "Polygon", "coordinates": [[[-22.8, -98.4], [-20.8, -98.4], [-20.8, -96.4], [-22.8, -96.4], [-22.8, -98.4]]]}},
{"type": "Feature", "properties": {"type": "column", "platform": "3", "level": "platform", "source": "PCIP Phase 2 Appendix A, sheet A-001, November 2020, PDF page 45"}, "geometry": {"type": "Polygon", "coordinates": [[[-65.7, -98.5], [-63.7, -98.5], [-63.7, -96.5], [-65.7, -96.5], [-65.7, -98.5]]]}},
{"type": "Feature", "properties": {"type": "column", "platform": "3", "level": "platform", "source": "PCIP Phase 2 Appendix A, sheet A-001, November 2020, PDF page 45"}, "geometry": {"type": "Polygon", "coordinates": [[[270.5, -99.0], [272.5, -99.0], [272.5, -97.0], [270.5, -97.0], [270.5, -99.0]]]}},
{"type": "Feature", "properties": {"type": "column", "platform": "3", "level": "platform", "source": "PCIP Phase 2 Appendix A, sheet A-001, November 2020, PDF page 45"}, "geometry": {"type": "Polygon", "coordinates": [[[396.1, -99.2], [398.1, -99.2], [398.1, -97.2], [396.1, -97.2], [396.1, -99.2]]]}},
{"type": "Feature", "properties": {"type": "column", "platform": "3", "level": "platform", "source": "PCIP Phase 2 Appendix A, sheet A-001, November 2020, PDF page 45"}, "geometry": {"type": "Polygon", "coordinates": [[[348.8, -99.3], [350.8, -99.3], [350.8, -97.3], [348.8, -97.3], [348.8, -99.3]]]}},
{"type": "Feature", "properties": {"type": "column", "platform": "3", "level": "platform", "source": "PCIP Phase 2 Appendix A, sheet A-001, November 2020, PDF page 45"}, "geometry": {"type": "Polygon", "coordinates": [[[368.9, -99.3], [370.9, -99.3], [370.9, -97.3], [368.9, -97.3], [368.9, -99.3]]]}},
{"type": "Feature", "properties": {"type": "column", "platform": "3", "level": "platform", "source": "PCIP Phase 2 Appendix A, sheet A-001, November 2020, PDF page 45"}, "geometry": {"type": "Polygon", "coordinates": [[[310.7, -99.3], [312.7, -99.3], [312.7, -97.3], [310.7, -97.3], [310.7, -99.3]]]}},
{"type": "Feature", "properties": {"type": "column", "platform": "3", "level": "platform", "source": "PCIP Phase 2 Appendix A, sheet A-001, November 2020, PDF page 45"}, "geometry": {"type": "Polygon", "coordinates": [[[328.0, -99.3], [330.0, -99.3], [330.0, -97.3], [328.0, -97.3], [328.0, -99.3]]]}},
{"type": "Feature", "properties": {"type": "column", "platform": "3", "level": "platform", "source": "PCIP Phase 2 Appendix A, sheet A-001, November 2020, PDF page 45"}, "geometry": {"type": "Polygon", "coordinates": [[[290.1, -99.4], [292.1, -99.4], [292.1, -97.4], [290.1, -97.4], [290.1, -99.4]]]}},
{"type": "Feature", "properties": {"type": "column", "platform": "3", "level": "platform", "source": "PCIP Phase 2 Appendix A, sheet A-001, November 2020, PDF page 45"}, "geometry": {"type": "Polygon", "coordinates": [[[238.4, -101.0], [240.4, -101.0], [240.4, -99.0], [238.4, -99.0], [238.4, -101.0]]]}},
{"type": "Feature", "properties": {"type": "column", "platform": "3", "level": "platform", "source": "PCIP Phase 2 Appendix A, sheet A-001, November 2020, PDF page 45"}, "geometry": {"type": "Polygon", "coordinates": [[[242.9, -101.0], [244.9, -101.0], [244.9, -99.0], [242.9, -99.0], [242.9, -101.0]]]}},
{"type": "Feature", "properties": {"type": "column", "platform": "3", "level": "platform", "source": "PCIP Phase 2 Appendix A, sheet A-001, November 2020, PDF page 45"}, "geometry": {"type": "Polygon", "coordinates": [[[247.7, -101.0], [249.7, -101.0], [249.7, -99.0], [247.7, -99.0], [247.7, -101.0]]]}},
{"type": "Feature", "properties": {"type": "column", "platform": "3", "level": "platform", "source": "PCIP Phase 2 Appendix A, sheet A-001, November 2020, PDF page 45"}, "geometry": {"type": "Polygon", "coordinates": [[[507.8, -101.0], [509.8, -101.0], [509.8, -99.0], [507.8, -99.0], [507.8, -101.0]]]}},
{"type": "Feature", "properties": {"type": "column", "platform": "2", "level": "platform", "source": "PCIP Phase 2 Appendix A, sheet A-001, November 2020, PDF page 45"}, "geometry": {"type": "Polygon", "coordinates": [[[847.9, -132.1], [849.9, -132.1], [849.9, -130.1], [847.9, -130.1], [847.9, -132.1]]]}},
{"type": "Feature", "properties": {"type": "column", "platform": "2", "level": "platform", "source": "PCIP Phase 2 Appendix A, sheet A-001, November 2020, PDF page 45"}, "geometry": {"type": "Polygon", "coordinates": [[[791.1, -132.1], [793.1, -132.1], [793.1, -130.1], [791.1, -130.1], [791.1, -132.1]]]}},
{"type": "Feature", "properties": {"type": "column", "platform": "2", "level": "platform", "source": "PCIP Phase 2 Appendix A, sheet A-001, November 2020, PDF page 45"}, "geometry": {"type": "Polygon", "coordinates": [[[811.7, -132.1], [813.7, -132.1], [813.7, -130.1], [811.7, -130.1], [811.7, -132.1]]]}},
{"type": "Feature", "properties": {"type": "column", "platform": "2", "level": "platform", "source": "PCIP Phase 2 Appendix A, sheet A-001, November 2020, PDF page 45"}, "geometry": {"type": "Polygon", "coordinates": [[[753.2, -132.2], [755.2, -132.2], [755.2, -130.2], [753.2, -130.2], [753.2, -132.2]]]}},
{"type": "Feature", "properties": {"type": "column", "platform": "2", "level": "platform", "source": "PCIP Phase 2 Appendix A, sheet A-001, November 2020, PDF page 45"}, "geometry": {"type": "Polygon", "coordinates": [[[770.9, -132.2], [772.9, -132.2], [772.9, -130.2], [770.9, -130.2], [770.9, -132.2]]]}},
{"type": "Feature", "properties": {"type": "column", "platform": "2", "level": "platform", "source": "PCIP Phase 2 Appendix A, sheet A-001, November 2020, PDF page 45"}, "geometry": {"type": "Polygon", "coordinates": [[[716.3, -132.3], [718.3, -132.3], [718.3, -130.3], [716.3, -130.3], [716.3, -132.3]]]}},
{"type": "Feature", "properties": {"type": "column", "platform": "2", "level": "platform", "source": "PCIP Phase 2 Appendix A, sheet A-001, November 2020, PDF page 45"}, "geometry": {"type": "Polygon", "coordinates": [[[732.0, -132.3], [734.0, -132.3], [734.0, -130.3], [732.0, -130.3], [732.0, -132.3]]]}},
{"type": "Feature", "properties": {"type": "column", "platform": "2", "level": "platform", "source": "PCIP Phase 2 Appendix A, sheet A-001, November 2020, PDF page 45"}, "geometry": {"type": "Polygon", "coordinates": [[[672.0, -132.3], [674.0, -132.3], [674.0, -130.3], [672.0, -130.3], [672.0, -132.3]]]}},
{"type": "Feature", "properties": {"type": "column", "platform": "2", "level": "platform", "source": "PCIP Phase 2 Appendix A, sheet A-001, November 2020, PDF page 45"}, "geometry": {"type": "Polygon", "coordinates": [[[692.3, -132.3], [694.3, -132.3], [694.3, -130.3], [692.3, -130.3], [692.3, -132.3]]]}},
{"type": "Feature", "properties": {"type": "column", "platform": "2", "level": "platform", "source": "PCIP Phase 2 Appendix A, sheet A-001, November 2020, PDF page 45"}, "geometry": {"type": "Polygon", "coordinates": [[[466.8, -133.3], [468.8, -133.3], [468.8, -131.3], [466.8, -131.3], [466.8, -133.3]]]}},
{"type": "Feature", "properties": {"type": "column", "platform": "2", "level": "platform", "source": "PCIP Phase 2 Appendix A, sheet A-001, November 2020, PDF page 45"}, "geometry": {"type": "Polygon", "coordinates": [[[497.3, -133.6], [499.3, -133.6], [499.3, -131.6], [497.3, -131.6], [497.3, -133.6]]]}},
{"type": "Feature", "properties": {"type": "column", "platform": "2", "level": "platform", "source": "PCIP Phase 2 Appendix A, sheet A-001, November 2020, PDF page 45"}, "geometry": {"type": "Polygon", "coordinates": [[[397.1, -136.1], [399.1, -136.1], [399.1, -134.1], [397.1, -134.1], [397.1, -136.1]]]}},
{"type": "Feature", "properties": {"type": "column", "platform": "2", "level": "platform", "source": "PCIP Phase 2 Appendix A, sheet A-001, November 2020, PDF page 45"}, "geometry": {"type": "Polygon", "coordinates": [[[368.9, -137.0], [370.9, -137.0], [370.9, -135.0], [368.9, -135.0], [368.9, -137.0]]]}},
{"type": "Feature", "properties": {"type": "column", "platform": "2", "level": "platform", "source": "PCIP Phase 2 Appendix A, sheet A-001, November 2020, PDF page 45"}, "geometry": {"type": "Polygon", "coordinates": [[[341.0, -137.1], [343.0, -137.1], [343.0, -135.1], [341.0, -135.1], [341.0, -137.1]]]}},
{"type": "Feature", "properties": {"type": "column", "platform": "2", "level": "platform", "source": "PCIP Phase 2 Appendix A, sheet A-001, November 2020, PDF page 45"}, "geometry": {"type": "Polygon", "coordinates": [[[348.9, -137.1], [350.9, -137.1], [350.9, -135.1], [348.9, -135.1], [348.9, -137.1]]]}},
{"type": "Feature", "properties": {"type": "column", "platform": "2", "level": "platform", "source": "PCIP Phase 2 Appendix A, sheet A-001, November 2020, PDF page 45"}, "geometry": {"type": "Polygon", "coordinates": [[[353.4, -137.1], [355.4, -137.1], [355.4, -135.1], [353.4, -135.1], [353.4, -137.1]]]}},
{"type": "Feature", "properties": {"type": "column", "platform": "2", "level": "platform", "source": "PCIP Phase 2 Appendix A, sheet A-001, November 2020, PDF page 45"}, "geometry": {"type": "Polygon", "coordinates": [[[298.0, -137.1], [300.0, -137.1], [300.0, -135.1], [298.0, -135.1], [298.0, -137.1]]]}},
{"type": "Feature", "properties": {"type": "column", "platform": "2", "level": "platform", "source": "PCIP Phase 2 Appendix A, sheet A-001, November 2020, PDF page 45"}, "geometry": {"type": "Polygon", "coordinates": [[[310.8, -137.3], [312.8, -137.3], [312.8, -135.1], [310.8, -135.1], [310.8, -137.3]]]}},
{"type": "Feature", "properties": {"type": "column", "platform": "2", "level": "platform", "source": "PCIP Phase 2 Appendix A, sheet A-001, November 2020, PDF page 45"}, "geometry": {"type": "Polygon", "coordinates": [[[270.6, -137.2], [272.6, -137.2], [272.6, -135.2], [270.6, -135.2], [270.6, -137.2]]]}},
{"type": "Feature", "properties": {"type": "column", "platform": "2", "level": "platform", "source": "PCIP Phase 2 Appendix A, sheet A-001, November 2020, PDF page 45"}, "geometry": {"type": "Polygon", "coordinates": [[[285.7, -137.2], [287.7, -137.2], [287.7, -135.2], [285.7, -135.2], [285.7, -137.2]]]}},
{"type": "Feature", "properties": {"type": "column", "platform": "2", "level": "platform", "source": "PCIP Phase 2 Appendix A, sheet A-001, November 2020, PDF page 45"}, "geometry": {"type": "Polygon", "coordinates": [[[242.9, -137.3], [244.9, -137.3], [244.9, -135.3], [242.9, -135.3], [242.9, -137.3]]]}},
{"type": "Feature", "properties": {"type": "column", "platform": "2", "level": "platform", "source": "PCIP Phase 2 Appendix A, sheet A-001, November 2020, PDF page 45"}, "geometry": {"type": "Polygon", "coordinates": [[[261.7, -137.3], [263.7, -137.3], [263.7, -135.3], [261.7, -135.3], [261.7, -137.3]]]}},
{"type": "Feature", "properties": {"type": "column", "platform": "2", "level": "platform", "source": "PCIP Phase 2 Appendix A, sheet A-001, November 2020, PDF page 45"}, "geometry": {"type": "Polygon", "coordinates": [[[889.2, -138.8], [891.2, -138.8], [891.2, -136.8], [889.2, -136.8], [889.2, -138.8]]]}},
{"type": "Feature", "properties": {"type": "column", "platform": "2", "level": "platform", "source": "PCIP Phase 2 Appendix A, sheet A-001, November 2020, PDF page 45"}, "geometry": {"type": "Polygon", "coordinates": [[[870.1, -139.0], [872.1, -139.0], [872.1, -137.0], [870.1, -137.0], [870.1, -139.0]]]}},
{"type": "Feature", "properties": {"type": "column", "platform": "2", "level": "platform", "source": "PCIP Phase 2 Appendix A, sheet A-001, November 2020, PDF page 45"}, "geometry": {"type": "Polygon", "coordinates": [[[850.6, -139.3], [852.6, -139.3], [852.6, -137.3], [850.6, -137.3], [850.6, -139.3]]]}},
{"type": "Feature", "properties": {"type": "column", "platform": "2", "level": "platform", "source": "PCIP Phase 2 Appendix A, sheet A-001, November 2020, PDF page 45"}, "geometry": {"type": "Polygon", "coordinates": [[[909.3, -140.3], [911.3, -140.3], [911.3, -138.3], [909.3, -138.3], [909.3, -140.3]]]}},
{"type": "Feature", "properties": {"type": "column", "platform": "2", "level": "platform", "source": "PCIP Phase 2 Appendix A, sheet A-001, November 2020, PDF page 45"}, "geometry": {"type": "Polygon", "coordinates": [[[310.8, -145.2], [312.8, -145.2], [312.8, -143.0], [310.8, -143.0], [310.8, -145.2]]]}},
{"type": "Feature", "properties": {"type": "column", "platform": "2", "level": "platform", "source": "PCIP Phase 2 Appendix A, sheet A-001, November 2020, PDF page 45"}, "geometry": {"type": "Polygon", "coordinates": [[[364.4, -145.0], [366.4, -145.0], [366.4, -143.0], [364.4, -143.0], [364.4, -145.0]]]}},
{"type": "Feature", "properties": {"type": "column", "platform": "2", "level": "platform", "source": "PCIP Phase 2 Appendix A, sheet A-001, November 2020, PDF page 45"}, "geometry": {"type": "Polygon", "coordinates": [[[348.9, -145.1], [350.9, -145.1], [350.9, -143.1], [348.9, -143.1], [348.9, -145.1]]]}},
{"type": "Feature", "properties": {"type": "column", "platform": "2", "level": "platform", "source": "PCIP Phase 2 Appendix A, sheet A-001, November 2020, PDF page 45"}, "geometry": {"type": "Polygon", "coordinates": [[[290.2, -145.2], [292.2, -145.2], [292.2, -143.1], [290.2, -143.1], [290.2, -145.2]]]}},
{"type": "Feature", "properties": {"type": "column", "platform": "2", "level": "platform", "source": "PCIP Phase 2 Appendix A, sheet A-001, November 2020, PDF page 45"}, "geometry": {"type": "Polygon", "coordinates": [[[298.0, -145.2], [300.0, -145.2], [300.0, -143.1], [298.0, -143.1], [298.0, -145.2]]]}},
{"type": "Feature", "properties": {"type": "column", "platform": "2", "level": "platform", "source": "PCIP Phase 2 Appendix A, sheet A-001, November 2020, PDF page 45"}, "geometry": {"type": "Polygon", "coordinates": [[[270.6, -145.2], [272.6, -145.2], [272.6, -143.2], [270.6, -143.2], [270.6, -145.2]]]}},
{"type": "Feature", "properties": {"type": "column", "platform": "2", "level": "platform", "source": "PCIP Phase 2 Appendix A, sheet A-001, November 2020, PDF page 45"}, "geometry": {"type": "Polygon", "coordinates": [[[541.5, -145.8], [543.5, -145.8], [543.5, -143.8], [541.5, -143.8], [541.5, -145.8]]]}},
{"type": "Feature", "properties": {"type": "column", "platform": "2", "level": "platform", "source": "PCIP Phase 2 Appendix A, sheet A-001, November 2020, PDF page 45"}, "geometry": {"type": "Polygon", "coordinates": [[[602.7, -146.8], [604.7, -146.8], [604.7, -144.8], [602.7, -144.8], [602.7, -146.8]]]}},
{"type": "Feature", "properties": {"type": "column", "platform": "2", "level": "platform", "source": "PCIP Phase 2 Appendix A, sheet A-001, November 2020, PDF page 45"}, "geometry": {"type": "Polygon", "coordinates": [[[573.7, -146.8], [575.7, -146.8], [575.7, -144.8], [573.7, -144.8], [573.7, -146.8]]]}},
{"type": "Feature", "properties": {"type": "column", "platform": "2", "level": "platform", "source": "PCIP Phase 2 Appendix A, sheet A-001, November 2020, PDF page 45"}, "geometry": {"type": "Polygon", "coordinates": [[[504.7, -147.0], [506.7, -147.0], [506.7, -145.0], [504.7, -145.0], [504.7, -147.0]]]}},
{"type": "Feature", "properties": {"type": "column", "platform": "2", "level": "platform", "source": "PCIP Phase 2 Appendix A, sheet A-001, November 2020, PDF page 45"}, "geometry": {"type": "Polygon", "coordinates": [[[466.8, -147.0], [468.8, -147.0], [468.8, -145.0], [466.8, -145.0], [466.8, -147.0]]]}},
{"type": "Feature", "properties": {"type": "column", "platform": "", "level": "platform", "source": "PCIP Phase 2 Appendix A, sheet A-001, November 2020, PDF page 45"}, "geometry": {"type": "Polygon", "coordinates": [[[889.2, -161.9], [891.2, -161.9], [891.2, -159.9], [889.2, -159.9], [889.2, -161.9]]]}},
{"type": "Feature", "properties": {"type": "column", "platform": "", "level": "platform", "source": "PCIP Phase 2 Appendix A, sheet A-001, November 2020, PDF page 45"}, "geometry": {"type": "Polygon", "coordinates": [[[909.3, -162.2], [911.3, -162.2], [911.3, -160.2], [909.3, -160.2], [909.3, -162.2]]]}},
{"type": "Feature", "properties": {"type": "column", "platform": "1", "level": "platform", "source": "PCIP Phase 2 Appendix A, sheet A-001, November 2020, PDF page 45"}, "geometry": {"type": "Polygon", "coordinates": [[[909.4, -178.9], [911.4, -178.9], [911.4, -176.9], [909.4, -176.9], [909.4, -178.9]]]}},
{"type": "Feature", "properties": {"type": "column", "platform": "1", "level": "platform", "source": "PCIP Phase 2 Appendix A, sheet A-001, November 2020, PDF page 45"}, "geometry": {"type": "Polygon", "coordinates": [[[889.3, -181.0], [891.3, -181.0], [891.3, -179.0], [889.3, -179.0], [889.3, -181.0]]]}},
{"type": "Feature", "properties": {"type": "column", "platform": "1", "level": "platform", "source": "PCIP Phase 2 Appendix A, sheet A-001, November 2020, PDF page 45"}, "geometry": {"type": "Polygon", "coordinates": [[[328.1, -182.2], [330.1, -182.2], [330.1, -180.2], [328.1, -180.2], [328.1, -182.2]]]}},
{"type": "Feature", "properties": {"type": "column", "platform": "1", "level": "platform", "source": "PCIP Phase 2 Appendix A, sheet A-001, November 2020, PDF page 45"}, "geometry": {"type": "Polygon", "coordinates": [[[349.0, -182.2], [351.0, -182.2], [351.0, -180.2], [349.0, -180.2], [349.0, -182.2]]]}},
{"type": "Feature", "properties": {"type": "column", "platform": "1", "level": "platform", "source": "PCIP Phase 2 Appendix A, sheet A-001, November 2020, PDF page 45"}, "geometry": {"type": "Polygon", "coordinates": [[[290.2, -182.2], [292.2, -182.2], [292.2, -180.2], [290.2, -180.2], [290.2, -182.2]]]}},
{"type": "Feature", "properties": {"type": "column", "platform": "1", "level": "platform", "source": "PCIP Phase 2 Appendix A, sheet A-001, November 2020, PDF page 45"}, "geometry": {"type": "Polygon", "coordinates": [[[311.0, -182.2], [313.0, -182.2], [313.0, -180.2], [311.0, -180.2], [311.0, -182.2]]]}},
{"type": "Feature", "properties": {"type": "column", "platform": "1", "level": "platform", "source": "PCIP Phase 2 Appendix A, sheet A-001, November 2020, PDF page 45"}, "geometry": {"type": "Polygon", "coordinates": [[[870.1, -183.0], [872.1, -183.0], [872.1, -181.0], [870.1, -181.0], [870.1, -183.0]]]}},
{"type": "Feature", "properties": {"type": "column", "platform": "1", "level": "platform", "source": "PCIP Phase 2 Appendix A, sheet A-001, November 2020, PDF page 45"}, "geometry": {"type": "Polygon", "coordinates": [[[850.7, -185.8], [852.7, -185.8], [852.7, -183.8], [850.7, -183.8], [850.7, -185.8]]]}},
{"type": "Feature", "properties": {"type": "column", "platform": "1", "level": "platform", "source": "PCIP Phase 2 Appendix A, sheet A-001, November 2020, PDF page 45"}, "geometry": {"type": "Polygon", "coordinates": [[[585.4, -186.2], [587.4, -186.2], [587.4, -184.2], [585.4, -184.2], [585.4, -186.2]]]}},
{"type": "Feature", "properties": {"type": "column", "platform": "1", "level": "platform", "source": "PCIP Phase 2 Appendix A, sheet A-001, November 2020, PDF page 45"}, "geometry": {"type": "Polygon", "coordinates": [[[620.8, -186.3], [622.8, -186.3], [622.8, -184.3], [620.8, -184.3], [620.8, -186.3]]]}},
{"type": "Feature", "properties": {"type": "column", "platform": "1", "level": "platform", "source": "PCIP Phase 2 Appendix A, sheet A-001, November 2020, PDF page 45"}, "geometry": {"type": "Polygon", "coordinates": [[[505.2, -186.4], [507.2, -186.4], [507.2, -184.4], [505.2, -184.4], [505.2, -186.4]]]}},
{"type": "Feature", "properties": {"type": "column", "platform": "1", "level": "platform", "source": "PCIP Phase 2 Appendix A, sheet A-001, November 2020, PDF page 45"}, "geometry": {"type": "Polygon", "coordinates": [[[525.3, -186.4], [527.3, -186.4], [527.3, -184.4], [525.3, -184.4], [525.3, -186.4]]]}},
{"type": "Feature", "properties": {"type": "column", "platform": "1", "level": "platform", "source": "PCIP Phase 2 Appendix A, sheet A-001, November 2020, PDF page 45"}, "geometry": {"type": "Polygon", "coordinates": [[[445.8, -186.5], [447.8, -186.5], [447.8, -184.5], [445.8, -184.5], [445.8, -186.5]]]}},
{"type": "Feature", "properties": {"type": "column", "platform": "1", "level": "platform", "source": "PCIP Phase 2 Appendix A, sheet A-001, November 2020, PDF page 45"}, "geometry": {"type": "Polygon", "coordinates": [[[427.6, -186.6], [429.6, -186.6], [429.6, -184.6], [427.6, -184.6], [427.6, -186.6]]]}},
{"type": "Feature", "properties": {"type": "column", "platform": "1", "level": "platform", "source": "PCIP Phase 2 Appendix A, sheet A-001, November 2020, PDF page 45"}, "geometry": {"type": "Polygon", "coordinates": [[[554.5, -186.8], [556.5, -186.8], [556.5, -184.8], [554.5, -184.8], [554.5, -186.8]]]}},
{"type": "Feature", "properties": {"type": "column", "platform": "1", "level": "platform", "source": "PCIP Phase 2 Appendix A, sheet A-001, November 2020, PDF page 45"}, "geometry": {"type": "Polygon", "coordinates": [[[476.0, -186.9], [478.0, -186.9], [478.0, -184.9], [476.0, -184.9], [476.0, -186.9]]]}},
{"type": "Feature", "properties": {"type": "column", "platform": "1", "level": "platform", "source": "PCIP Phase 2 Appendix A, sheet A-001, November 2020, PDF page 45"}, "geometry": {"type": "Polygon", "coordinates": [[[369.1, -190.0], [371.1, -190.0], [371.1, -188.0], [369.1, -188.0], [369.1, -190.0]]]}},
{"type": "Feature", "properties": {"type": "column", "platform": "1", "level": "platform", "source": "PCIP Phase 2 Appendix A, sheet A-001, November 2020, PDF page 45"}, "geometry": {"type": "Polygon", "coordinates": [[[319.0, -190.0], [321.5, -190.0], [321.5, -188.0], [319.0, -188.0], [319.0, -190.0]]]}},
{"type": "Feature", "properties": {"type": "column", "platform": "1", "level": "platform", "source": "PCIP Phase 2 Appendix A, sheet A-001, November 2020, PDF page 45"}, "geometry": {"type": "Polygon", "coordinates": [[[341.1, -190.0], [343.1, -190.0], [343.1, -188.0], [341.1, -188.0], [341.1, -190.0]]]}},
{"type": "Feature", "properties": {"type": "column", "platform": "1", "level": "platform", "source": "PCIP Phase 2 Appendix A, sheet A-001, November 2020, PDF page 45"}, "geometry": {"type": "Polygon", "coordinates": [[[407.1, -190.0], [409.1, -190.0], [409.1, -188.0], [407.1, -188.0], [407.1, -190.0]]]}},
{"type": "Feature", "properties": {"type": "column", "platform": "1", "level": "platform", "source": "PCIP Phase 2 Appendix A, sheet A-001, November 2020, PDF page 45"}, "geometry": {"type": "Polygon", "coordinates": [[[298.1, -190.1], [300.1, -190.1], [300.1, -188.1], [298.1, -188.1], [298.1, -190.1]]]}},
{"type": "Feature", "properties": {"type": "column", "platform": "1", "level": "platform", "source": "PCIP Phase 2 Appendix A, sheet A-001, November 2020, PDF page 45"}, "geometry": {"type": "Polygon", "coordinates": [[[270.6, -190.2], [272.6, -190.2], [272.6, -188.2], [270.6, -188.2], [270.6, -190.2]]]}},
{"type": "Feature", "properties": {"type": "column", "platform": "1", "level": "platform", "source": "PCIP Phase 2 Appendix A, sheet A-001, November 2020, PDF page 45"}, "geometry": {"type": "Polygon", "coordinates": [[[243.0, -190.2], [245.0, -190.2], [245.0, -188.2], [243.0, -188.2], [243.0, -190.2]]]}},
{"type": "Feature", "properties": {"type": "elevator", "platform": "8", "level": "platform", "source": "PCIP Phase 2 Appendix A, sheet A-001, November 2020, PDF page 45"}, "geometry": {"type": "Polygon", "coordinates": [[[-76.6, 132.0], [-67.0, 132.0], [-67.0, 138.9], [-76.6, 138.9], [-76.6, 132.0]]]}},
{"type": "Feature", "properties": {"type": "elevator", "platform": "8", "level": "platform", "source": "PCIP Phase 2 Appendix A, sheet A-001, November 2020, PDF page 45"}, "geometry": {"type": "Polygon", "coordinates": [[[483.6, 131.2], [491.1, 131.2], [491.1, 138.6], [483.6, 138.6], [483.6, 131.2]]]}},
{"type": "Feature", "properties": {"type": "elevator", "platform": "8", "level": "platform", "source": "PCIP Phase 2 Appendix A, sheet A-001, November 2020, PDF page 45"}, "geometry": {"type": "Polygon", "coordinates": [[[316.2, 131.7], [326.4, 131.7], [326.4, 137.1], [316.2, 137.1], [316.2, 131.7]]]}},
{"type": "Feature", "properties": {"type": "elevator", "platform": "7", "level": "platform", "source": "PCIP Phase 2 Appendix A, sheet A-001, November 2020, PDF page 45"}, "geometry": {"type": "Polygon", "coordinates": [[[-76.5, 86.3], [-66.9, 86.3], [-66.9, 93.2], [-76.5, 93.2], [-76.5, 86.3]]]}},
{"type": "Feature", "properties": {"type": "elevator", "platform": "7", "level": "platform", "source": "PCIP Phase 2 Appendix A, sheet A-001, November 2020, PDF page 45"}, "geometry": {"type": "Polygon", "coordinates": [[[483.7, 85.0], [491.2, 85.0], [491.2, 92.3], [483.7, 92.3], [483.7, 85.0]]]}},
{"type": "Feature", "properties": {"type": "elevator", "platform": "7", "level": "platform", "source": "PCIP Phase 2 Appendix A, sheet A-001, November 2020, PDF page 45"}, "geometry": {"type": "Polygon", "coordinates": [[[316.3, 86.2], [326.5, 86.2], [326.5, 91.5], [316.3, 91.5], [316.3, 86.2]]]}},
{"type": "Feature", "properties": {"type": "elevator", "platform": "6", "level": "platform", "source": "PCIP Phase 2 Appendix A, sheet A-001, November 2020, PDF page 45"}, "geometry": {"type": "Polygon", "coordinates": [[[-76.5, 41.8], [-66.9, 41.8], [-66.9, 48.7], [-76.5, 48.7], [-76.5, 41.8]]]}},
{"type": "Feature", "properties": {"type": "elevator", "platform": "6", "level": "platform", "source": "PCIP Phase 2 Appendix A, sheet A-001, November 2020, PDF page 45"}, "geometry": {"type": "Polygon", "coordinates": [[[593.8, 41.6], [601.8, 41.6], [601.8, 47.6], [593.8, 47.6], [593.8, 41.6]]]}},
{"type": "Feature", "properties": {"type": "elevator", "platform": "6", "level": "platform", "source": "PCIP Phase 2 Appendix A, sheet A-001, November 2020, PDF page 45"}, "geometry": {"type": "Polygon", "coordinates": [[[316.2, 40.8], [324.2, 40.8], [324.2, 46.8], [316.2, 46.8], [316.2, 40.8]]]}},
{"type": "Feature", "properties": {"type": "elevator", "platform": "5", "level": "platform", "source": "PCIP Phase 2 Appendix A, sheet A-001, November 2020, PDF page 45"}, "geometry": {"type": "Polygon", "coordinates": [[[624.5, -3.4], [631.3, -3.4], [631.3, 3.3], [624.5, 3.3], [624.5, -3.4]]]}},
{"type": "Feature", "properties": {"type": "elevator", "platform": "5", "level": "platform", "source": "PCIP Phase 2 Appendix A, sheet A-001, November 2020, PDF page 45"}, "geometry": {"type": "Polygon", "coordinates": [[[-76.4, -4.4], [-66.8, -4.4], [-66.8, 2.6], [-76.4, 2.6], [-76.4, -4.4]]]}},
{"type": "Feature", "properties": {"type": "elevator", "platform": "4", "level": "platform", "source": "PCIP Phase 2 Appendix A, sheet A-001, November 2020, PDF page 45"}, "geometry": {"type": "Polygon", "coordinates": [[[-76.3, -50.0], [-66.7, -50.0], [-66.7, -43.1], [-76.3, -43.1], [-76.3, -50.0]]]}},
{"type": "Feature", "properties": {"type": "elevator", "platform": "4", "level": "platform", "source": "PCIP Phase 2 Appendix A, sheet A-001, November 2020, PDF page 45"}, "geometry": {"type": "Polygon", "coordinates": [[[623.9, -49.8], [631.8, -49.8], [631.8, -43.1], [623.9, -43.1], [623.9, -49.8]]]}},
{"type": "Feature", "properties": {"type": "elevator", "platform": "4", "level": "platform", "source": "PCIP Phase 2 Appendix A, sheet A-001, November 2020, PDF page 45"}, "geometry": {"type": "Polygon", "coordinates": [[[316.1, -50.4], [324.1, -50.4], [324.1, -44.1], [316.1, -44.1], [316.1, -50.4]]]}},
{"type": "Feature", "properties": {"type": "elevator", "platform": "4", "level": "platform", "source": "PCIP Phase 2 Appendix A, sheet A-001, November 2020, PDF page 45"}, "geometry": {"type": "Polygon", "coordinates": [[[498.9, -53.8], [506.9, -53.8], [506.9, -47.8], [498.9, -47.8], [498.9, -53.8]]]}},
{"type": "Feature", "properties": {"type": "elevator", "platform": "3", "level": "platform", "source": "PCIP Phase 2 Appendix A, sheet A-001, November 2020, PDF page 45"}, "geometry": {"type": "Polygon", "coordinates": [[[623.9, -95.7], [631.9, -95.7], [631.9, -88.9], [623.9, -88.9], [623.9, -95.7]]]}},
{"type": "Feature", "properties": {"type": "elevator", "platform": "3", "level": "platform", "source": "PCIP Phase 2 Appendix A, sheet A-001, November 2020, PDF page 45"}, "geometry": {"type": "Polygon", "coordinates": [[[499.0, -96.7], [507.0, -96.7], [507.0, -90.7], [499.0, -90.7], [499.0, -96.7]]]}},
{"type": "Feature", "properties": {"type": "elevator", "platform": "3", "level": "platform", "source": "PCIP Phase 2 Appendix A, sheet A-001, November 2020, PDF page 45"}, "geometry": {"type": "Polygon", "coordinates": [[[316.2, -97.4], [324.2, -97.4], [324.2, -91.1], [316.2, -91.1], [316.2, -97.4]]]}},
{"type": "Feature", "properties": {"type": "elevator", "platform": "2", "level": "platform", "source": "PCIP Phase 2 Appendix A, sheet A-001, November 2020, PDF page 45"}, "geometry": {"type": "Polygon", "coordinates": [[[499.1, -139.8], [507.1, -139.8], [507.1, -133.8], [499.1, -133.8], [499.1, -139.8]]]}},
{"type": "Feature", "properties": {"type": "elevator", "platform": "2", "level": "platform", "source": "PCIP Phase 2 Appendix A, sheet A-001, November 2020, PDF page 45"}, "geometry": {"type": "Polygon", "coordinates": [[[624.9, -141.0], [631.8, -141.0], [631.8, -135.3], [624.9, -135.3], [624.9, -141.0]]]}},
{"type": "Feature", "properties": {"type": "elevator", "platform": "2", "level": "platform", "source": "PCIP Phase 2 Appendix A, sheet A-001, November 2020, PDF page 45"}, "geometry": {"type": "Polygon", "coordinates": [[[316.2, -143.0], [324.2, -143.0], [324.2, -137.0], [316.2, -137.0], [316.2, -143.0]]]}},
{"type": "Feature", "properties": {"type": "elevator", "platform": "1", "level": "platform", "source": "PCIP Phase 2 Appendix A, sheet A-001, November 2020, PDF page 45"}, "geometry": {"type": "Polygon", "coordinates": [[[498.0, -180.0], [506.0, -180.0], [506.0, -173.4], [498.0, -173.4], [498.0, -180.0]]]}},
{"type": "Feature", "properties": {"type": "elevator", "platform": "1", "level": "platform", "source": "PCIP Phase 2 Appendix A, sheet A-001, November 2020, PDF page 45"}, "geometry": {"type": "Polygon", "coordinates": [[[489.0, -180.0], [497.0, -180.0], [497.0, -173.5], [489.0, -173.5], [489.0, -180.0]]]}},
{"type": "Feature", "properties": {"type": "elevator", "platform": "1", "level": "platform", "source": "PCIP Phase 2 Appendix A, sheet A-001, November 2020, PDF page 45"}, "geometry": {"type": "Polygon", "coordinates": [[[516.9, -183.3], [524.9, -183.3], [524.9, -176.8], [516.9, -176.8], [516.9, -183.3]]]}},
{"type": "Feature", "properties": {"type": "elevator", "platform": "1", "level": "platform", "source": "PCIP Phase 2 Appendix A, sheet A-001, November 2020, PDF page 45"}, "geometry": {"type": "Polygon", "coordinates": [[[316.8, -188.3], [325.6, -188.3], [325.6, -182.0], [316.8, -182.0], [316.8, -188.3]]]}},
{"type": "Feature", "properties": {"type": "elevator", "platform": "1", "level": "platform", "source": "PCIP Phase 2 Appendix A, sheet A-001, November 2020, PDF page 45"}, "geometry": {"type": "Polygon", "coordinates": [[[625.7, -188.0], [632.3, -188.0], [632.3, -182.3], [625.7, -182.3], [625.7, -188.0]]]}}
]}
