{
  "type": "FeatureCollection",
  "features": [
    {
      "type": "Feature",
      "properties": {
        "level": "platform",
        "type": "platform",
        "platform": "4",
        "source": "PCIP Phase 2 Appendix A, sheet A-001, November 2020, PDF page 45"
      },
      "geometry": {
        "type": "Polygon",
        "coordinates": [[[-73.9955084, 40.7510444], [-73.9954289, 40.7510052], [-73.9953028, 40.7509487], [-73.9949646, 40.7508039], [-73.9928646, 40.7499136], [-73.9924886, 40.7497983], [-73.9924762, 40.7498151], [-73.9954804, 40.7510846], [-73.9955084, 40.7510444]]]
      }
    },
    {
      "type": "Feature",
      "properties": {
        "level": "platform",
        "type": "platform",
        "platform": "3",
        "source": "PCIP Phase 2 Appendix A, sheet A-001, November 2020, PDF page 45"
      },
      "geometry": {
        "type": "Polygon",
        "coordinates": [[[-73.9955472, 40.7509698], [-73.9955676, 40.7509421], [-73.9954929, 40.7509019], [-73.9953466, 40.7508263], [-73.9951939, 40.7507566], [-73.9929957, 40.7498246], [-73.9927766, 40.7497545], [-73.9927062, 40.749739], [-73.9926902, 40.7497607], [-73.9950125, 40.7507438], [-73.9955472, 40.7509698]]]
      }
    },
    {
      "type": "Feature",
      "properties": {
        "level": "platform",
        "type": "platform",
        "platform": "5",
        "source": "PCIP Phase 2 Appendix A, sheet A-001, November 2020, PDF page 45"
      },
      "geometry": {
        "type": "Polygon",
        "coordinates": [[[-73.9922142, 40.7498479], [-73.9931891, 40.7502606], [-73.9940878, 40.7506417], [-73.9950087, 40.751032], [-73.9952866, 40.7511481], [-73.9953996, 40.7511906], [-73.995432, 40.7511468], [-73.9950421, 40.7509815], [-73.9945142, 40.7507583], [-73.9936336, 40.7503856], [-73.9928784, 40.750066], [-73.9924415, 40.7498808], [-73.9922413, 40.7498113], [-73.9922142, 40.7498479]]]
      }
    },
    {
      "type": "Feature",
      "properties": {
        "level": "platform",
        "type": "platform",
        "platform": "6",
        "source": "PCIP Phase 2 Appendix A, sheet A-001, November 2020, PDF page 45"
      },
      "geometry": {
        "type": "Polygon",
        "coordinates": [[[-73.9920416, 40.749911], [-73.9929428, 40.7502937], [-73.9944187, 40.7509182], [-73.9950723, 40.7511947], [-73.9953219, 40.7512981], [-73.9953515, 40.7512581], [-73.9943013, 40.7508141], [-73.9931179, 40.7503124], [-73.9920725, 40.7498692], [-73.9920416, 40.749911]]]
      }
    },
    {
      "type": "Feature",
      "properties": {
        "level": "platform",
        "type": "platform",
        "platform": "7",
        "source": "PCIP Phase 2 Appendix A, sheet A-001, November 2020, PDF page 45"
      },
      "geometry": {
        "type": "Polygon",
        "coordinates": [[[-73.9920589, 40.7500486], [-73.9922514, 40.7501433], [-73.9927202, 40.7503427], [-73.9942655, 40.7509984], [-73.9945458, 40.7511154], [-73.9948353, 40.7512382], [-73.995238, 40.7514083], [-73.9952711, 40.7513635], [-73.9948568, 40.7511825], [-73.9941429, 40.7508811], [-73.9929478, 40.750375], [-73.9920866, 40.7500111], [-73.9920589, 40.7500486]]]
      }
    },
    {
      "type": "Feature",
      "properties": {
        "level": "platform",
        "type": "platform",
        "platform": "8",
        "source": "PCIP Phase 2 Appendix A, sheet A-001, November 2020, PDF page 45"
      },
      "geometry": {
        "type": "Polygon",
        "coordinates": [[[-73.9923624, 40.7503352], [-73.9935882, 40.7508561], [-73.994775, 40.7513574], [-73.9951598, 40.7515176], [-73.9951942, 40.7514711], [-73.9949606, 40.7513714], [-73.993968, 40.7509518], [-73.992136, 40.7501781], [-73.9921163, 40.7502048], [-73.9923624, 40.7503352]]]
      }
    },
    {
      "type": "Feature",
      "properties": {
        "level": "platform",
        "type": "platform",
        "platform": "1/2",
        "source": "PCIP Phase 2 Appendix A, sheet A-001, November 2020, PDF page 45"
      },
      "geometry": {
        "type": "Polygon",
        "coordinates": [[[-73.9947345, 40.7504813], [-73.9947518, 40.7504579], [-73.9946042, 40.7503775], [-73.9944491, 40.7503011], [-73.9943292, 40.7502507], [-73.9922862, 40.7493825], [-73.9923329, 40.7493215], [-73.9944764, 40.7502279], [-73.9946237, 40.7502889], [-73.9947833, 40.750358], [-73.9947993, 40.7503376], [-73.9947018, 40.7502799], [-73.9946111, 40.7502308], [-73.9945055, 40.7501789], [-73.9941557, 40.7500285], [-73.9922893, 40.7492322], [-73.9921683, 40.7493947], [-73.9947345, 40.7504813]]]
      }
    },
    {
      "type": "Feature",
      "properties": {
        "level": "platform",
        "type": "stair",
        "platform": "1",
        "vce_name": "P1-S1",
        "source": "PCIP Phase 2 Appendix A, sheet A-001, November 2020, PDF page 45"
      },
      "geometry": {
        "type": "Polygon",
        "coordinates": [[[-73.9942432, 40.7501018], [-73.9943126, 40.7501312], [-73.9943211, 40.7501197], [-73.9942516, 40.7500903], [-73.9942432, 40.7501018]]]
      }
    },
    {
      "type": "Feature",
      "properties": {
        "level": "platform",
        "type": "stair",
        "platform": "1",
        "vce_name": "P1-S2",
        "source": "PCIP Phase 2 Appendix A, sheet A-001, November 2020, PDF page 45"
      },
      "geometry": {
        "type": "Polygon",
        "coordinates": [[[-73.9939573, 40.7499659], [-73.993949, 40.7499772], [-73.9939875, 40.7499936], [-73.9939958, 40.7499823], [-73.9939573, 40.7499659]]]
      }
    },
    {
      "type": "Feature",
      "properties": {
        "level": "platform",
        "type": "stair",
        "platform": "1",
        "vce_name": "P1-S3",
        "source": "PCIP Phase 2 Appendix A, sheet A-001, November 2020, PDF page 45"
      },
      "geometry": {
        "type": "Polygon",
        "coordinates": [[[-73.9938355, 40.7499132], [-73.9938249, 40.7499276], [-73.9938636, 40.749944], [-73.9938742, 40.7499296], [-73.9938355, 40.7499132]]]
      }
    },
    {
      "type": "Feature",
      "properties": {
        "level": "platform",
        "type": "stair",
        "platform": "1",
        "vce_name": "P1-S4",
        "source": "PCIP Phase 2 Appendix A, sheet A-001, November 2020, PDF page 45"
      },
      "geometry": {
        "type": "Polygon",
        "coordinates": [[[-73.9936058, 40.7498213], [-73.993596, 40.7498347], [-73.9936294, 40.7498489], [-73.9936393, 40.7498355], [-73.9936058, 40.7498213]]]
      }
    },
    {
      "type": "Feature",
      "properties": {
        "level": "platform",
        "type": "stair",
        "platform": "1",
        "vce_name": "P1-S5",
        "source": "PCIP Phase 2 Appendix A, sheet A-001, November 2020, PDF page 45"
      },
      "geometry": {
        "type": "Polygon",
        "coordinates": [[[-73.9933888, 40.7497352], [-73.99338, 40.7497471], [-73.9934235, 40.7497656], [-73.9934324, 40.7497536], [-73.9933888, 40.7497352]]]
      }
    },
    {
      "type": "Feature",
      "properties": {
        "level": "platform",
        "type": "escalator",
        "platform": "1",
        "vce_name": "P1-S6",
        "source": "PCIP Phase 2 Appendix A, sheet A-001, November 2020, PDF page 45"
      },
      "geometry": {
        "type": "Polygon",
        "coordinates": [[[-73.9929979, 40.749574], [-73.9929925, 40.7495814], [-73.993027, 40.749596], [-73.9930324, 40.7495887], [-73.9929979, 40.749574]]]
      }
    },
    {
      "type": "Feature",
      "properties": {
        "level": "platform",
        "type": "escalator",
        "platform": "1",
        "vce_name": "P1-S7",
        "source": "PCIP Phase 2 Appendix A, sheet A-001, November 2020, PDF page 45"
      },
      "geometry": {
        "type": "Polygon",
        "coordinates": [[[-73.9925883, 40.7494064], [-73.9925811, 40.7494162], [-73.9926406, 40.7494414], [-73.9926478, 40.7494317], [-73.9925883, 40.7494064]]]
      }
    },
    {
      "type": "Feature",
      "properties": {
        "level": "platform",
        "type": "stair",
        "platform": "1",
        "vce_name": "P1-S8",
        "source": "PCIP Phase 2 Appendix A, sheet A-001, November 2020, PDF page 45"
      },
      "geometry": {
        "type": "Polygon",
        "coordinates": [[[-73.9924833, 40.7493398], [-73.9924762, 40.7493495], [-73.9924983, 40.7493589], [-73.9925054, 40.7493492], [-73.9924833, 40.7493398]]]
      }
    },
    {
      "type": "Feature",
      "properties": {
        "level": "platform",
        "type": "stair",
        "platform": "2",
        "vce_name": "P2-S1",
        "source": "PCIP Phase 2 Appendix A, sheet A-001, November 2020, PDF page 45"
      },
      "geometry": {
        "type": "Polygon",
        "coordinates": [[[-73.9941995, 40.750208], [-73.9941895, 40.7502215], [-73.9942343, 40.7502405], [-73.9942443, 40.750227], [-73.9941995, 40.750208]]]
      }
    },
    {
      "type": "Feature",
      "properties": {
        "level": "platform",
        "type": "stair",
        "platform": "2",
        "vce_name": "P2-S2",
        "source": "PCIP Phase 2 Appendix A, sheet A-001, November 2020, PDF page 45"
      },
      "geometry": {
        "type": "Polygon",
        "coordinates": [[[-73.9939142, 40.7500887], [-73.9939053, 40.7501006], [-73.9939337, 40.7501127], [-73.9939426, 40.7501007], [-73.9939142, 40.7500887]]]
      }
    },
    {
      "type": "Feature",
      "properties": {
        "level": "platform",
        "type": "escalator",
        "platform": "2",
        "vce_name": "P2-S3",
        "source": "PCIP Phase 2 Appendix A, sheet A-001, November 2020, PDF page 45"
      },
      "geometry": {
        "type": "Polygon",
        "coordinates": [[[-73.9938085, 40.7500455], [-73.9938009, 40.7500557], [-73.9938598, 40.7500807], [-73.9938674, 40.7500705], [-73.9938085, 40.7500455]]]
      }
    },
    {
      "type": "Feature",
      "properties": {
        "level": "platform",
        "type": "stair",
        "platform": "2",
        "vce_name": "P2-S4",
        "source": "PCIP Phase 2 Appendix A, sheet A-001, November 2020, PDF page 45"
      },
      "geometry": {
        "type": "Polygon",
        "coordinates": [[[-73.9935161, 40.7499298], [-73.9935055, 40.7499441], [-73.9935463, 40.7499614], [-73.9935569, 40.7499471], [-73.9935161, 40.7499298]]]
      }
    },
    {
      "type": "Feature",
      "properties": {
        "level": "platform",
        "type": "stair",
        "platform": "2",
        "vce_name": "P2-S5",
        "source": "PCIP Phase 2 Appendix A, sheet A-001, November 2020, PDF page 45"
      },
      "geometry": {
        "type": "Polygon",
        "coordinates": [[[-73.993308, 40.7498453], [-73.9932992, 40.7498573], [-73.9933425, 40.7498756], [-73.9933513, 40.7498637], [-73.993308, 40.7498453]]]
      }
    },
    {
      "type": "Feature",
      "properties": {
        "level": "platform",
        "type": "escalator",
        "platform": "2",
        "vce_name": "P2-S6",
        "source": "PCIP Phase 2 Appendix A, sheet A-001, November 2020, PDF page 45"
      },
      "geometry": {
        "type": "Polygon",
        "coordinates": [[[-73.9929213, 40.7496811], [-73.992914, 40.749691], [-73.9929735, 40.7497163], [-73.9929808, 40.7497064], [-73.9929213, 40.7496811]]]
      }
    },
    {
      "type": "Feature",
      "properties": {
        "level": "platform",
        "type": "escalator",
        "platform": "2",
        "vce_name": "P2-S7",
        "source": "PCIP Phase 2 Appendix A, sheet A-001, November 2020, PDF page 45"
      },
      "geometry": {
        "type": "Polygon",
        "coordinates": [[[-73.9928515, 40.7496384], [-73.9928462, 40.7496455], [-73.9928805, 40.7496601], [-73.9928858, 40.7496529], [-73.9928515, 40.7496384]]]
      }
    },
    {
      "type": "Feature",
      "properties": {
        "level": "platform",
        "type": "escalator",
        "platform": "2",
        "vce_name": "P2-S8",
        "source": "PCIP Phase 2 Appendix A, sheet A-001, November 2020, PDF page 45"
      },
      "geometry": {
        "type": "Polygon",
        "coordinates": [[[-73.9925185, 40.7495012], [-73.9925111, 40.7495112], [-73.9925707, 40.7495365], [-73.9925781, 40.7495264], [-73.9925185, 40.7495012]]]
      }
    },
    {
      "type": "Feature",
      "properties": {
        "level": "platform",
        "type": "stair",
        "platform": "2",
        "vce_name": "P2-S9",
        "source": "PCIP Phase 2 Appendix A, sheet A-001, November 2020, PDF page 45"
      },
      "geometry": {
        "type": "Polygon",
        "coordinates": [[[-73.9924356, 40.7494612], [-73.9924282, 40.7494713], [-73.9924503, 40.7494806], [-73.9924577, 40.7494706], [-73.9924356, 40.7494612]]]
      }
    },
    {
      "type": "Feature",
      "properties": {
        "level": "platform",
        "type": "stair",
        "platform": "3",
        "vce_name": "P3-S2",
        "source": "PCIP Phase 2 Appendix A, sheet A-001, November 2020, PDF page 45"
      },
      "geometry": {
        "type": "Polygon",
        "coordinates": [[[-73.9952138, 40.7508431], [-73.9952296, 40.7508217], [-73.9951892, 40.7508046], [-73.9951906, 40.7508027], [-73.9951616, 40.7507904], [-73.9951524, 40.7508028], [-73.9951524, 40.7508028], [-73.9951443, 40.7508138], [-73.9951733, 40.7508261], [-73.9951734, 40.750826], [-73.9952138, 40.7508431]]]
      }
    },
    {
      "type": "Feature",
      "properties": {
        "level": "platform",
        "type": "stair",
        "platform": "3",
        "vce_name": "P3-S3",
        "source": "PCIP Phase 2 Appendix A, sheet A-001, November 2020, PDF page 45"
      },
      "geometry": {
        "type": "Polygon",
        "coordinates": [[[-73.9950378, 40.7507126], [-73.9949263, 40.7506653], [-73.9949171, 40.7506778], [-73.994959, 40.7506955], [-73.9949412, 40.7507196], [-73.99496, 40.7507275], [-73.9949643, 40.7507216], [-73.9949828, 40.7507295], [-73.994995, 40.7507131], [-73.9950273, 40.7507268], [-73.9950378, 40.7507126]]]
      }
    },
    {
      "type": "Feature",
      "properties": {
        "level": "platform",
        "type": "escalator",
        "platform": "3",
        "vce_name": "P3-S5",
        "source": "PCIP Phase 2 Appendix A, sheet A-001, November 2020, PDF page 45"
      },
      "geometry": {
        "type": "Polygon",
        "coordinates": [[[-73.9940875, 40.7503057], [-73.9940776, 40.7503191], [-73.9941471, 40.7503486], [-73.9941569, 40.7503352], [-73.9940875, 40.7503057]]]
      }
    },
    {
      "type": "Feature",
      "properties": {
        "level": "platform",
        "type": "stair",
        "platform": "3",
        "vce_name": "P3-S6",
        "source": "PCIP Phase 2 Appendix A, sheet A-001, November 2020, PDF page 45"
      },
      "geometry": {
        "type": "Polygon",
        "coordinates": [[[-73.9938332, 40.7501983], [-73.9938235, 40.7502114], [-73.9938519, 40.7502234], [-73.9938616, 40.7502104], [-73.9938332, 40.7501983]]]
      }
    },
    {
      "type": "Feature",
      "properties": {
        "level": "platform",
        "type": "escalator",
        "platform": "3",
        "vce_name": "P3-S7",
        "source": "PCIP Phase 2 Appendix A, sheet A-001, November 2020, PDF page 45"
      },
      "geometry": {
        "type": "Polygon",
        "coordinates": [[[-73.9937287, 40.7501538], [-73.9937211, 40.7501642], [-73.99378, 40.7501892], [-73.9937876, 40.7501788], [-73.9937287, 40.7501538]]]
      }
    },
    {
      "type": "Feature",
      "properties": {
        "level": "platform",
        "type": "stair",
        "platform": "3",
        "vce_name": "P3-S8",
        "source": "PCIP Phase 2 Appendix A, sheet A-001, November 2020, PDF page 45"
      },
      "geometry": {
        "type": "Polygon",
        "coordinates": [[[-73.9934412, 40.7500334], [-73.9934306, 40.7500477], [-73.9934703, 40.7500646], [-73.9934809, 40.7500503], [-73.9934412, 40.7500334]]]
      }
    },
    {
      "type": "Feature",
      "properties": {
        "level": "platform",
        "type": "stair",
        "platform": "3",
        "vce_name": "P3-S9",
        "source": "PCIP Phase 2 Appendix A, sheet A-001, November 2020, PDF page 45"
      },
      "geometry": {
        "type": "Polygon",
        "coordinates": [[[-73.9932318, 40.7499484], [-73.993223, 40.7499604], [-73.9932666, 40.7499788], [-73.9932754, 40.7499669], [-73.9932318, 40.7499484]]]
      }
    },
    {
      "type": "Feature",
      "properties": {
        "level": "platform",
        "type": "stair",
        "platform": "3",
        "vce_name": "P3-S10",
        "source": "PCIP Phase 2 Appendix A, sheet A-001, November 2020, PDF page 45"
      },
      "geometry": {
        "type": "Polygon",
        "coordinates": [[[-73.9928799, 40.7497996], [-73.9928722, 40.74981], [-73.9929019, 40.7498226], [-73.9929095, 40.7498122], [-73.9928799, 40.7497996]]]
      }
    },
    {
      "type": "Feature",
      "properties": {
        "level": "platform",
        "type": "stair",
        "platform": "4",
        "vce_name": "P4-S3",
        "source": "PCIP Phase 2 Appendix A, sheet A-001, November 2020, PDF page 45"
      },
      "geometry": {
        "type": "Polygon",
        "coordinates": [[[-73.9948355, 40.7507884], [-73.9949472, 40.7508357], [-73.9949576, 40.7508215], [-73.9949252, 40.7508078], [-73.9949374, 40.7507914], [-73.9949188, 40.7507835], [-73.9949232, 40.7507776], [-73.9949045, 40.7507697], [-73.9948866, 40.7507939], [-73.9948445, 40.7507761], [-73.9948355, 40.7507884]]]
      }
    },
    {
      "type": "Feature",
      "properties": {
        "level": "platform",
        "type": "escalator",
        "platform": "4",
        "vce_name": "P4-S5",
        "source": "PCIP Phase 2 Appendix A, sheet A-001, November 2020, PDF page 45"
      },
      "geometry": {
        "type": "Polygon",
        "coordinates": [[[-73.9940088, 40.7504191], [-73.9939991, 40.7504321], [-73.994065, 40.7504601], [-73.9940746, 40.750447], [-73.9940088, 40.7504191]]]
      }
    },
    {
      "type": "Feature",
      "properties": {
        "level": "platform",
        "type": "stair",
        "platform": "4",
        "vce_name": "P4-S6",
        "source": "PCIP Phase 2 Appendix A, sheet A-001, November 2020, PDF page 45"
      },
      "geometry": {
        "type": "Polygon",
        "coordinates": [[[-73.9937214, 40.7503138], [-73.9937752, 40.7503366], [-73.9937837, 40.7503251], [-73.9937299, 40.7503023], [-73.9937214, 40.7503138]]]
      }
    },
    {
      "type": "Feature",
      "properties": {
        "level": "platform",
        "type": "stair",
        "platform": "4",
        "vce_name": "P4-S7",
        "source": "PCIP Phase 2 Appendix A, sheet A-001, November 2020, PDF page 45"
      },
      "geometry": {
        "type": "Polygon",
        "coordinates": [[[-73.9935971, 40.7502617], [-73.9936118, 40.7502679], [-73.9936207, 40.750256], [-73.9935653, 40.7502325], [-73.9935557, 40.7502456], [-73.9935963, 40.7502628], [-73.9935971, 40.7502617]]]
      }
    },
    {
      "type": "Feature",
      "properties": {
        "level": "platform",
        "type": "stair",
        "platform": "4",
        "vce_name": "P4-S8",
        "source": "PCIP Phase 2 Appendix A, sheet A-001, November 2020, PDF page 45"
      },
      "geometry": {
        "type": "Polygon",
        "coordinates": [[[-73.9933608, 40.7501328], [-73.993351, 40.7501461], [-73.9933767, 40.750157], [-73.9933865, 40.7501437], [-73.9933608, 40.7501328]]]
      }
    },
    {
      "type": "Feature",
      "properties": {
        "level": "platform",
        "type": "stair",
        "platform": "4",
        "vce_name": "P4-S9",
        "source": "PCIP Phase 2 Appendix A, sheet A-001, November 2020, PDF page 45"
      },
      "geometry": {
        "type": "Polygon",
        "coordinates": [[[-73.9931561, 40.7500513], [-73.9931474, 40.7500631], [-73.993191, 40.7500816], [-73.9931997, 40.7500698], [-73.9931561, 40.7500513]]]
      }
    },
    {
      "type": "Feature",
      "properties": {
        "level": "platform",
        "type": "escalator",
        "platform": "4",
        "vce_name": "P4-S10",
        "source": "PCIP Phase 2 Appendix A, sheet A-001, November 2020, PDF page 45"
      },
      "geometry": {
        "type": "Polygon",
        "coordinates": [[[-73.9927552, 40.749901], [-73.9927501, 40.749908], [-73.9928056, 40.7499316], [-73.9928108, 40.7499246], [-73.9927552, 40.749901]]]
      }
    },
    {
      "type": "Feature",
      "properties": {
        "level": "platform",
        "type": "stair",
        "platform": "5",
        "vce_name": "P5-S4",
        "source": "PCIP Phase 2 Appendix A, sheet A-001, November 2020, PDF page 45"
      },
      "geometry": {
        "type": "Polygon",
        "coordinates": [[[-73.994874, 40.7509351], [-73.9947798, 40.7508952], [-73.9947797, 40.7508953], [-73.9947771, 40.7508942], [-73.9947784, 40.7508925], [-73.9947664, 40.7508874], [-73.9947551, 40.7509027], [-73.9947671, 40.7509078], [-73.9947683, 40.7509062], [-73.9947954, 40.7509177], [-73.9947774, 40.7509421], [-73.9947961, 40.75095], [-73.9948005, 40.7509441], [-73.994819, 40.750952], [-73.9948311, 40.7509355], [-73.9948635, 40.7509493], [-73.994874, 40.7509351]]]
      }
    },
    {
      "type": "Feature",
      "properties": {
        "level": "platform",
        "type": "escalator",
        "platform": "5",
        "vce_name": "P5-S6",
        "source": "PCIP Phase 2 Appendix A, sheet A-001, November 2020, PDF page 45"
      },
      "geometry": {
        "type": "Polygon",
        "coordinates": [[[-73.9939258, 40.7505318], [-73.9939162, 40.7505447], [-73.9939821, 40.7505727], [-73.9939916, 40.7505597], [-73.9939258, 40.7505318]]]
      }
    },
    {
      "type": "Feature",
      "properties": {
        "level": "platform",
        "type": "stair",
        "platform": "5",
        "vce_name": "P5-S7",
        "source": "PCIP Phase 2 Appendix A, sheet A-001, November 2020, PDF page 45"
      },
      "geometry": {
        "type": "Polygon",
        "coordinates": [[[-73.9936125, 40.7504162], [-73.9936378, 40.7504269], [-73.9936471, 40.7504143], [-73.9935934, 40.7503916], [-73.993584, 40.7504043], [-73.9936124, 40.7504164], [-73.9936125, 40.7504162]]]
      }
    },
    {
      "type": "Feature",
      "properties": {
        "level": "platform",
        "type": "escalator",
        "platform": "5",
        "vce_name": "P5-S8",
        "source": "PCIP Phase 2 Appendix A, sheet A-001, November 2020, PDF page 45"
      },
      "geometry": {
        "type": "Polygon",
        "coordinates": [[[-73.993466, 40.7503371], [-73.9934564, 40.75035], [-73.9935389, 40.750385], [-73.9935484, 40.7503721], [-73.993466, 40.7503371]]]
      }
    },
    {
      "type": "Feature",
      "properties": {
        "level": "platform",
        "type": "stair",
        "platform": "5",
        "vce_name": "P5-S9",
        "source": "PCIP Phase 2 Appendix A, sheet A-001, November 2020, PDF page 45"
      },
      "geometry": {
        "type": "Polygon",
        "coordinates": [[[-73.9932378, 40.7502534], [-73.993229, 40.7502653], [-73.9932795, 40.7502867], [-73.9932883, 40.7502748], [-73.9932378, 40.7502534]]]
      }
    },
    {
      "type": "Feature",
      "properties": {
        "level": "platform",
        "type": "stair",
        "platform": "5",
        "vce_name": "P5-S11",
        "source": "PCIP Phase 2 Appendix A, sheet A-001, November 2020, PDF page 45"
      },
      "geometry": {
        "type": "Polygon",
        "coordinates": [[[-73.9929961, 40.7501258], [-73.9929873, 40.7501377], [-73.9930399, 40.75016], [-73.9930487, 40.7501481], [-73.9929961, 40.7501258]]]
      }
    },
    {
      "type": "Feature",
      "properties": {
        "level": "platform",
        "type": "escalator",
        "platform": "5",
        "vce_name": "P5-S12",
        "source": "PCIP Phase 2 Appendix A, sheet A-001, November 2020, PDF page 45"
      },
      "geometry": {
        "type": "Polygon",
        "coordinates": [[[-73.992684, 40.7499983], [-73.9926781, 40.7500062], [-73.9927399, 40.7500324], [-73.9927458, 40.7500245], [-73.992684, 40.7499983]]]
      }
    },
    {
      "type": "Feature",
      "properties": {
        "level": "platform",
        "type": "escalator",
        "platform": "5",
        "vce_name": "P5-S13",
        "source": "PCIP Phase 2 Appendix A, sheet A-001, November 2020, PDF page 45"
      },
      "geometry": {
        "type": "Polygon",
        "coordinates": [[[-73.9924143, 40.7498858], [-73.9924094, 40.7498923], [-73.9924444, 40.7499071], [-73.9924492, 40.7499006], [-73.9924143, 40.7498858]]]
      }
    },
    {
      "type": "Feature",
      "properties": {
        "level": "platform",
        "type": "stair",
        "platform": "6",
        "vce_name": "P6-S4",
        "source": "PCIP Phase 2 Appendix A, sheet A-001, November 2020, PDF page 45"
      },
      "geometry": {
        "type": "Polygon",
        "coordinates": [[[-73.9947344, 40.7510333], [-73.9947857, 40.751055], [-73.9947962, 40.7510408], [-73.9947638, 40.7510271], [-73.9947759, 40.7510107], [-73.9947574, 40.7510029], [-73.9947616, 40.7509971], [-73.9947429, 40.7509892], [-73.9947251, 40.7510132], [-73.9946831, 40.7509954], [-73.9946739, 40.7510078], [-73.9947343, 40.7510334], [-73.9947344, 40.7510333]]]
      }
    },
    {
      "type": "Feature",
      "properties": {
        "level": "platform",
        "type": "escalator",
        "platform": "6",
        "vce_name": "P6-S6",
        "source": "PCIP Phase 2 Appendix A, sheet A-001, November 2020, PDF page 45"
      },
      "geometry": {
        "type": "Polygon",
        "coordinates": [[[-73.9938486, 40.750637], [-73.9938392, 40.7506498], [-73.9939048, 40.7506776], [-73.9939142, 40.7506649], [-73.9938486, 40.750637]]]
      }
    },
    {
      "type": "Feature",
      "properties": {
        "level": "platform",
        "type": "stair",
        "platform": "6",
        "vce_name": "P6-S7",
        "source": "PCIP Phase 2 Appendix A, sheet A-001, November 2020, PDF page 45"
      },
      "geometry": {
        "type": "Polygon",
        "coordinates": [[[-73.9935714, 40.7505205], [-73.9935712, 40.7505207], [-73.99353, 40.7505032], [-73.9935212, 40.7505152], [-73.9935498, 40.7505273], [-73.9935499, 40.7505272], [-73.9935749, 40.7505378], [-73.9935838, 40.7505258], [-73.9935714, 40.7505205]]]
      }
    },
    {
      "type": "Feature",
      "properties": {
        "level": "platform",
        "type": "escalator",
        "platform": "6",
        "vce_name": "P6-S8",
        "source": "PCIP Phase 2 Appendix A, sheet A-001, November 2020, PDF page 45"
      },
      "geometry": {
        "type": "Polygon",
        "coordinates": [[[-73.9934186, 40.7504596], [-73.9934138, 40.7504661], [-73.993458, 40.7504848], [-73.9934628, 40.7504783], [-73.9934186, 40.7504596]]]
      }
    },
    {
      "type": "Feature",
      "properties": {
        "level": "platform",
        "type": "stair",
        "platform": "6",
        "vce_name": "P6-S9",
        "source": "PCIP Phase 2 Appendix A, sheet A-001, November 2020, PDF page 45"
      },
      "geometry": {
        "type": "Polygon",
        "coordinates": [[[-73.9932157, 40.7503652], [-73.9932068, 40.7503773], [-73.9932812, 40.7504088], [-73.9932902, 40.7503967], [-73.9932157, 40.7503652]]]
      }
    },
    {
      "type": "Feature",
      "properties": {
        "level": "platform",
        "type": "escalator",
        "platform": "6",
        "vce_name": "P6-S10",
        "source": "PCIP Phase 2 Appendix A, sheet A-001, November 2020, PDF page 45"
      },
      "geometry": {
        "type": "Polygon",
        "coordinates": [[[-73.9925635, 40.7500962], [-73.9925565, 40.7501058], [-73.9926154, 40.7501307], [-73.9926224, 40.7501212], [-73.9925635, 40.7500962]]]
      }
    },
    {
      "type": "Feature",
      "properties": {
        "level": "platform",
        "type": "escalator",
        "platform": "6",
        "vce_name": "P6-S11",
        "source": "PCIP Phase 2 Appendix A, sheet A-001, November 2020, PDF page 45"
      },
      "geometry": {
        "type": "Polygon",
        "coordinates": [[[-73.9922737, 40.7499754], [-73.992268, 40.7499832], [-73.9922922, 40.7499935], [-73.9922979, 40.7499857], [-73.9922737, 40.7499754]]]
      }
    },
    {
      "type": "Feature",
      "properties": {
        "level": "platform",
        "type": "stair",
        "platform": "7",
        "vce_name": "P7-S5",
        "source": "PCIP Phase 2 Appendix A, sheet A-001, November 2020, PDF page 45"
      },
      "geometry": {
        "type": "Polygon",
        "coordinates": [[[-73.9947167, 40.7511488], [-73.994605, 40.7511015], [-73.9945958, 40.7511139], [-73.9946379, 40.7511317], [-73.9946201, 40.7511558], [-73.9946388, 40.7511637], [-73.9946432, 40.7511578], [-73.9946617, 40.7511657], [-73.9946738, 40.7511493], [-73.9947062, 40.751163], [-73.9947167, 40.7511488]]]
      }
    },
    {
      "type": "Feature",
      "properties": {
        "level": "platform",
        "type": "escalator",
        "platform": "7",
        "vce_name": "P7-S7",
        "source": "PCIP Phase 2 Appendix A, sheet A-001, November 2020, PDF page 45"
      },
      "geometry": {
        "type": "Polygon",
        "coordinates": [[[-73.9938023, 40.7507517], [-73.9937944, 40.7507624], [-73.9938602, 40.7507903], [-73.9938681, 40.7507797], [-73.9938023, 40.7507517]]]
      }
    },
    {
      "type": "Feature",
      "properties": {
        "level": "platform",
        "type": "stair",
        "platform": "7",
        "vce_name": "P7-S8",
        "source": "PCIP Phase 2 Appendix A, sheet A-001, November 2020, PDF page 45"
      },
      "geometry": {
        "type": "Polygon",
        "coordinates": [[[-73.9935029, 40.7506278], [-73.9935028, 40.7506279], [-73.9934618, 40.7506105], [-73.993453, 40.7506225], [-73.9934814, 40.7506345], [-73.9934815, 40.7506344], [-73.9935067, 40.7506451], [-73.9935156, 40.7506331], [-73.9935029, 40.7506278]]]
      }
    },
    {
      "type": "Feature",
      "properties": {
        "level": "platform",
        "type": "escalator",
        "platform": "7",
        "vce_name": "P7-S9",
        "source": "PCIP Phase 2 Appendix A, sheet A-001, November 2020, PDF page 45"
      },
      "geometry": {
        "type": "Polygon",
        "coordinates": [[[-73.993341, 40.7505593], [-73.9933315, 40.7505723], [-73.9933879, 40.7505962], [-73.9933974, 40.7505833], [-73.993341, 40.7505593]]]
      }
    },
    {
      "type": "Feature",
      "properties": {
        "level": "platform",
        "type": "stair",
        "platform": "7",
        "vce_name": "P7-S10",
        "source": "PCIP Phase 2 Appendix A, sheet A-001, November 2020, PDF page 45"
      },
      "geometry": {
        "type": "Polygon",
        "coordinates": [[[-73.9929356, 40.7503858], [-73.9929256, 40.7503993], [-73.9929666, 40.7504167], [-73.9929766, 40.7504032], [-73.9929356, 40.7503858]]]
      }
    },
    {
      "type": "Feature",
      "properties": {
        "level": "platform",
        "type": "escalator",
        "platform": "7",
        "vce_name": "P7-S11",
        "source": "PCIP Phase 2 Appendix A, sheet A-001, November 2020, PDF page 45"
      },
      "geometry": {
        "type": "Polygon",
        "coordinates": [[[-73.9926206, 40.7502564], [-73.9926152, 40.7502638], [-73.9926743, 40.7502888], [-73.9926797, 40.7502815], [-73.9926206, 40.7502564]]]
      }
    },
    {
      "type": "Feature",
      "properties": {
        "level": "platform",
        "type": "stair",
        "platform": "7",
        "vce_name": "P7-S12",
        "source": "PCIP Phase 2 Appendix A, sheet A-001, November 2020, PDF page 45"
      },
      "geometry": {
        "type": "Polygon",
        "coordinates": [[[-73.9925745, 40.7502545], [-73.9925643, 40.7502683], [-73.992608, 40.7502869], [-73.9926183, 40.750273], [-73.9925745, 40.7502545]]]
      }
    },
    {
      "type": "Feature",
      "properties": {
        "level": "platform",
        "type": "stair",
        "platform": "8",
        "vce_name": "P8-S4",
        "source": "PCIP Phase 2 Appendix A, sheet A-001, November 2020, PDF page 45"
      },
      "geometry": {
        "type": "Polygon",
        "coordinates": [[[-73.9945107, 40.7512295], [-73.9946224, 40.7512769], [-73.994633, 40.7512625], [-73.9946003, 40.7512487], [-73.9946125, 40.7512323], [-73.9945942, 40.7512245], [-73.9945984, 40.7512188], [-73.9945795, 40.7512108], [-73.9945617, 40.7512348], [-73.9945198, 40.7512171], [-73.9945107, 40.7512295]]]
      }
    },
    {
      "type": "Feature",
      "properties": {
        "level": "platform",
        "type": "escalator",
        "platform": "8",
        "vce_name": "P8-S6",
        "source": "PCIP Phase 2 Appendix A, sheet A-001, November 2020, PDF page 45"
      },
      "geometry": {
        "type": "Polygon",
        "coordinates": [[[-73.9937183, 40.7508654], [-73.9937104, 40.7508761], [-73.9937765, 40.7509041], [-73.9937844, 40.7508934], [-73.9937183, 40.7508654]]]
      }
    },
    {
      "type": "Feature",
      "properties": {
        "level": "platform",
        "type": "stair",
        "platform": "8",
        "vce_name": "P8-S7",
        "source": "PCIP Phase 2 Appendix A, sheet A-001, November 2020, PDF page 45"
      },
      "geometry": {
        "type": "Polygon",
        "coordinates": [[[-73.9934424, 40.7507501], [-73.9934423, 40.7507502], [-73.9934011, 40.7507328], [-73.9933924, 40.7507445], [-73.9934462, 40.7507674], [-73.993455, 40.7507554], [-73.9934424, 40.7507501]]]
      }
    },
    {
      "type": "Feature",
      "properties": {
        "level": "platform",
        "type": "stair",
        "platform": "8",
        "vce_name": "P8-S8",
        "source": "PCIP Phase 2 Appendix A, sheet A-001, November 2020, PDF page 45"
      },
      "geometry": {
        "type": "Polygon",
        "coordinates": [[[-73.9932443, 40.7506828], [-73.9932979, 40.7507056], [-73.9933065, 40.7506939], [-73.9932529, 40.7506712], [-73.9932443, 40.7506828]]]
      }
    },
    {
      "type": "Feature",
      "properties": {
        "level": "platform",
        "type": "stair",
        "platform": "8",
        "vce_name": "P8-S9",
        "source": "PCIP Phase 2 Appendix A, sheet A-001, November 2020, PDF page 45"
      },
      "geometry": {
        "type": "Polygon",
        "coordinates": [[[-73.9928416, 40.7504853], [-73.9928326, 40.7504974], [-73.9928734, 40.7505147], [-73.9928824, 40.7505026], [-73.9928416, 40.7504853]]]
      }
    },
    {
      "type": "Feature",
      "properties": {
        "level": "platform",
        "type": "escalator",
        "platform": "8",
        "vce_name": "P8-S10",
        "source": "PCIP Phase 2 Appendix A, sheet A-001, November 2020, PDF page 45"
      },
      "geometry": {
        "type": "Polygon",
        "coordinates": [[[-73.9925545, 40.7503646], [-73.9925465, 40.7503755], [-73.9926054, 40.7504004], [-73.9926134, 40.7503896], [-73.9925545, 40.7503646]]]
      }
    },
    {
      "type": "Feature",
      "properties": {
        "level": "platform",
        "type": "stair",
        "platform": "8",
        "vce_name": "P8-S11",
        "source": "PCIP Phase 2 Appendix A, sheet A-001, November 2020, PDF page 45"
      },
      "geometry": {
        "type": "Polygon",
        "coordinates": [[[-73.9924883, 40.7503592], [-73.9924779, 40.7503732], [-73.9924938, 40.7503799], [-73.9925041, 40.7503659], [-73.9924883, 40.7503592]]]
      }
    },
    {
      "type": "Feature",
      "properties": {
        "level": "platform",
        "type": "stair",
        "platform": "5",
        "vce_name": "P5-S10",
        "source": "PCIP Phase 2 Appendix A, sheet A-001, November 2020, PDF page 45"
      },
      "geometry": {
        "type": "Polygon",
        "coordinates": [[[-73.9931459, 40.7502051], [-73.9931498, 40.7502037], [-73.9931376, 40.7501839], [-73.9931373, 40.750184], [-73.9931373, 40.750184], [-73.9931315, 40.7501861], [-73.9931315, 40.7501861], [-73.9931277, 40.7501874], [-73.9931278, 40.7501875], [-73.9931242, 40.7501888], [-73.9931242, 40.7501889], [-73.9931208, 40.7501901], [-73.9931209, 40.7501904], [-73.9931175, 40.7501917], [-73.9931177, 40.750192], [-73.993114, 40.7501934], [-73.9931142, 40.7501935], [-73.9931107, 40.7501949], [-73.9931109, 40.7501951], [-73.9931073, 40.7501966], [-73.9931075, 40.7501969], [-73.9931049, 40.7501979], [-73.9931184, 40.7502174], [-73.9931241, 40.7502152], [-73.9931239, 40.7502149], [-73.9931268, 40.7502138], [-73.9931267, 40.7502137], [-73.9931269, 40.7502136], [-73.9931268, 40.7502134], [-73.9931299, 40.7502122], [-73.9931298, 40.750212], [-73.9931329, 40.7502108], [-73.9931328, 40.7502105], [-73.9931359, 40.7502093], [-73.9931359, 40.7502092], [-73.9931392, 40.750208], [-73.9931391, 40.7502078], [-73.9931424, 40.7502067], [-73.9931423, 40.7502065], [-73.9931459, 40.7502053], [-73.9931459, 40.7502051]]]
      }
    },
    {
      "type": "Feature",
      "properties": {
        "level": "platform",
        "type": "column",
        "platform": "8",
        "source": "PCIP Phase 2 Appendix A, sheet A-001, November 2020, PDF page 45"
      },
      "geometry": {
        "type": "Polygon",
        "coordinates": [[[-73.9924155, 40.750349], [-73.9924091, 40.7503463], [-73.9924056, 40.7503511], [-73.9924119, 40.7503538], [-73.9924155, 40.750349]]]
      }
    },
    {
      "type": "Feature",
      "properties": {
        "level": "platform",
        "type": "column",
        "platform": "8",
        "source": "PCIP Phase 2 Appendix A, sheet A-001, November 2020, PDF page 45"
      },
      "geometry": {
        "type": "Polygon",
        "coordinates": [[[-73.9925772, 40.7504034], [-73.9925709, 40.7504007], [-73.9925674, 40.7504055], [-73.9925737, 40.7504082], [-73.9925772, 40.7504034]]]
      }
    },
    {
      "type": "Feature",
      "properties": {
        "level": "platform",
        "type": "column",
        "platform": "8",
        "source": "PCIP Phase 2 Appendix A, sheet A-001, November 2020, PDF page 45"
      },
      "geometry": {
        "type": "Polygon",
        "coordinates": [[[-73.9926729, 40.7504437], [-73.9926666, 40.750441], [-73.992663, 40.7504458], [-73.9926693, 40.7504485], [-73.9926729, 40.7504437]]]
      }
    },
    {
      "type": "Feature",
      "properties": {
        "level": "platform",
        "type": "column",
        "platform": "8",
        "source": "PCIP Phase 2 Appendix A, sheet A-001, November 2020, PDF page 45"
      },
      "geometry": {
        "type": "Polygon",
        "coordinates": [[[-73.9932543, 40.7506883], [-73.993248, 40.7506857], [-73.9932445, 40.7506904], [-73.9932508, 40.7506931], [-73.9932543, 40.7506883]]]
      }
    },
    {
      "type": "Feature",
      "properties": {
        "level": "platform",
        "type": "column",
        "platform": "8",
        "source": "PCIP Phase 2 Appendix A, sheet A-001, November 2020, PDF page 45"
      },
      "geometry": {
        "type": "Polygon",
        "coordinates": [[[-73.9933157, 40.7507141], [-73.9933094, 40.7507114], [-73.9933058, 40.7507162], [-73.9933121, 40.7507189], [-73.9933157, 40.7507141]]]
      }
    },
    {
      "type": "Feature",
      "properties": {
        "level": "platform",
        "type": "column",
        "platform": "8",
        "source": "PCIP Phase 2 Appendix A, sheet A-001, November 2020, PDF page 45"
      },
      "geometry": {
        "type": "Polygon",
        "coordinates": [[[-73.9934114, 40.7507539], [-73.9934051, 40.7507512], [-73.9934016, 40.750756], [-73.9934079, 40.7507587], [-73.9934114, 40.7507539]]]
      }
    },
    {
      "type": "Feature",
      "properties": {
        "level": "platform",
        "type": "column",
        "platform": "8",
        "source": "PCIP Phase 2 Appendix A, sheet A-001, November 2020, PDF page 45"
      },
      "geometry": {
        "type": "Polygon",
        "coordinates": [[[-73.9938091, 40.7509223], [-73.9938028, 40.7509196], [-73.9937993, 40.7509244], [-73.9938056, 40.7509271], [-73.9938091, 40.7509223]]]
      }
    },
    {
      "type": "Feature",
      "properties": {
        "level": "platform",
        "type": "column",
        "platform": "8",
        "source": "PCIP Phase 2 Appendix A, sheet A-001, November 2020, PDF page 45"
      },
      "geometry": {
        "type": "Polygon",
        "coordinates": [[[-73.9935363, 40.7508066], [-73.99353, 40.7508039], [-73.9935265, 40.7508087], [-73.9935328, 40.7508114], [-73.9935363, 40.7508066]]]
      }
    },
    {
      "type": "Feature",
      "properties": {
        "level": "platform",
        "type": "column",
        "platform": "8",
        "source": "PCIP Phase 2 Appendix A, sheet A-001, November 2020, PDF page 45"
      },
      "geometry": {
        "type": "Polygon",
        "coordinates": [[[-73.9934749, 40.7507806], [-73.9934686, 40.7507779], [-73.993465, 40.7507827], [-73.9934713, 40.7507854], [-73.9934749, 40.7507806]]]
      }
    },
    {
      "type": "Feature",
      "properties": {
        "level": "platform",
        "type": "column",
        "platform": "8",
        "source": "PCIP Phase 2 Appendix A, sheet A-001, November 2020, PDF page 45"
      },
      "geometry": {
        "type": "Polygon",
        "coordinates": [[[-73.9935951, 40.7508313], [-73.9935888, 40.7508287], [-73.9935853, 40.7508334], [-73.9935916, 40.7508361], [-73.9935951, 40.7508313]]]
      }
    },
    {
      "type": "Feature",
      "properties": {
        "level": "platform",
        "type": "column",
        "platform": "8",
        "source": "PCIP Phase 2 Appendix A, sheet A-001, November 2020, PDF page 45"
      },
      "geometry": {
        "type": "Polygon",
        "coordinates": [[[-73.9937223, 40.750885], [-73.993716, 40.7508824], [-73.9937124, 40.7508872], [-73.9937188, 40.7508898], [-73.9937223, 40.750885]]]
      }
    },
    {
      "type": "Feature",
      "properties": {
        "level": "platform",
        "type": "column",
        "platform": "8",
        "source": "PCIP Phase 2 Appendix A, sheet A-001, November 2020, PDF page 45"
      },
      "geometry": {
        "type": "Polygon",
        "coordinates": [[[-73.9936592, 40.7508589], [-73.9936542, 40.7508568], [-73.9936514, 40.7508606], [-73.9936564, 40.7508628], [-73.9936592, 40.7508589]]]
      }
    },
    {
      "type": "Feature",
      "properties": {
        "level": "platform",
        "type": "column",
        "platform": "8",
        "source": "PCIP Phase 2 Appendix A, sheet A-001, November 2020, PDF page 45"
      },
      "geometry": {
        "type": "Polygon",
        "coordinates": [[[-73.993141, 40.7506248], [-73.9931309, 40.7506205], [-73.9931246, 40.7506291], [-73.9931347, 40.7506334], [-73.993141, 40.7506248]]]
      }
    },
    {
      "type": "Feature",
      "properties": {
        "level": "platform",
        "type": "column",
        "platform": "8",
        "source": "PCIP Phase 2 Appendix A, sheet A-001, November 2020, PDF page 45"
      },
      "geometry": {
        "type": "Polygon",
        "coordinates": [[[-73.9922846, 40.7502666], [-73.9922783, 40.7502639], [-73.9922748, 40.7502687], [-73.9922811, 40.7502713], [-73.9922846, 40.7502666]]]
      }
    },
    {
      "type": "Feature",
      "properties": {
        "level": "platform",
        "type": "column",
        "platform": "8",
        "source": "PCIP Phase 2 Appendix A, sheet A-001, November 2020, PDF page 45"
      },
      "geometry": {
        "type": "Polygon",
        "coordinates": [[[-73.9923807, 40.7503067], [-73.9923744, 40.750304], [-73.9923709, 40.7503088], [-73.9923772, 40.7503114], [-73.9923807, 40.7503067]]]
      }
    },
    {
      "type": "Feature",
      "properties": {
        "level": "platform",
        "type": "column",
        "platform": "8",
        "source": "PCIP Phase 2 Appendix A, sheet A-001, November 2020, PDF page 45"
      },
      "geometry": {
        "type": "Polygon",
        "coordinates": [[[-73.9924774, 40.7503474], [-73.9924711, 40.7503448], [-73.9924674, 40.7503497], [-73.9924737, 40.7503524], [-73.9924774, 40.7503474]]]
      }
    },
    {
      "type": "Feature",
      "properties": {
        "level": "platform",
        "type": "column",
        "platform": "8",
        "source": "PCIP Phase 2 Appendix A, sheet A-001, November 2020, PDF page 45"
      },
      "geometry": {
        "type": "Polygon",
        "coordinates": [[[-73.9928566, 40.7505076], [-73.9928503, 40.7505049], [-73.9928468, 40.7505097], [-73.9928531, 40.7505124], [-73.9928566, 40.7505076]]]
      }
    },
    {
      "type": "Feature",
      "properties": {
        "level": "platform",
        "type": "column",
        "platform": "8",
        "source": "PCIP Phase 2 Appendix A, sheet A-001, November 2020, PDF page 45"
      },
      "geometry": {
        "type": "Polygon",
        "coordinates": [[[-73.9927763, 40.7504735], [-73.9927699, 40.7504708], [-73.9927664, 40.7504756], [-73.9927727, 40.7504783], [-73.9927763, 40.7504735]]]
      }
    },
    {
      "type": "Feature",
      "properties": {
        "level": "platform",
        "type": "column",
        "platform": "8",
        "source": "PCIP Phase 2 Appendix A, sheet A-001, November 2020, PDF page 45"
      },
      "geometry": {
        "type": "Polygon",
        "coordinates": [[[-73.9945095, 40.751209], [-73.9945039, 40.7512066], [-73.9945007, 40.7512109], [-73.9945064, 40.7512133], [-73.9945095, 40.751209]]]
      }
    },
    {
      "type": "Feature",
      "properties": {
        "level": "platform",
        "type": "column",
        "platform": "8",
        "source": "PCIP Phase 2 Appendix A, sheet A-001, November 2020, PDF page 45"
      },
      "geometry": {
        "type": "Polygon",
        "coordinates": [[[-73.9929861, 40.7505623], [-73.9929796, 40.7505595], [-73.9929761, 40.7505643], [-73.9929826, 40.7505671], [-73.9929861, 40.7505623]]]
      }
    },
    {
      "type": "Feature",
      "properties": {
        "level": "platform",
        "type": "column",
        "platform": "8",
        "source": "PCIP Phase 2 Appendix A, sheet A-001, November 2020, PDF page 45"
      },
      "geometry": {
        "type": "Polygon",
        "coordinates": [[[-73.9929249, 40.7505363], [-73.9929186, 40.7505336], [-73.9929151, 40.7505384], [-73.9929214, 40.7505411], [-73.9929249, 40.7505363]]]
      }
    },
    {
      "type": "Feature",
      "properties": {
        "level": "platform",
        "type": "column",
        "platform": "8",
        "source": "PCIP Phase 2 Appendix A, sheet A-001, November 2020, PDF page 45"
      },
      "geometry": {
        "type": "Polygon",
        "coordinates": [[[-73.9930603, 40.7505935], [-73.993054, 40.7505908], [-73.9930504, 40.7505956], [-73.9930567, 40.7505983], [-73.9930603, 40.7505935]]]
      }
    },
    {
      "type": "Feature",
      "properties": {
        "level": "platform",
        "type": "column",
        "platform": "8",
        "source": "PCIP Phase 2 Appendix A, sheet A-001, November 2020, PDF page 45"
      },
      "geometry": {
        "type": "Polygon",
        "coordinates": [[[-73.9931979, 40.7506514], [-73.9931916, 40.7506488], [-73.993188, 40.7506535], [-73.9931944, 40.7506562], [-73.9931979, 40.7506514]]]
      }
    },
    {
      "type": "Feature",
      "properties": {
        "level": "platform",
        "type": "column",
        "platform": "8",
        "source": "PCIP Phase 2 Appendix A, sheet A-001, November 2020, PDF page 45"
      },
      "geometry": {
        "type": "Polygon",
        "coordinates": [[[-73.9928161, 40.750485], [-73.9928071, 40.7504811], [-73.992802, 40.750488], [-73.9928111, 40.7504918], [-73.9928161, 40.750485]]]
      }
    },
    {
      "type": "Feature",
      "properties": {
        "level": "platform",
        "type": "column",
        "platform": "8",
        "source": "PCIP Phase 2 Appendix A, sheet A-001, November 2020, PDF page 45"
      },
      "geometry": {
        "type": "Polygon",
        "coordinates": [[[-73.9949024, 40.7513686], [-73.9948961, 40.7513659], [-73.9948926, 40.7513707], [-73.9948989, 40.7513734], [-73.9949024, 40.7513686]]]
      }
    },
    {
      "type": "Feature",
      "properties": {
        "level": "platform",
        "type": "column",
        "platform": "8",
        "source": "PCIP Phase 2 Appendix A, sheet A-001, November 2020, PDF page 45"
      },
      "geometry": {
        "type": "Polygon",
        "coordinates": [[[-73.9951652, 40.7514796], [-73.9951589, 40.7514769], [-73.9951552, 40.7514819], [-73.9951615, 40.7514845], [-73.9951652, 40.7514796]]]
      }
    },
    {
      "type": "Feature",
      "properties": {
        "level": "platform",
        "type": "column",
        "platform": "8",
        "source": "PCIP Phase 2 Appendix A, sheet A-001, November 2020, PDF page 45"
      },
      "geometry": {
        "type": "Polygon",
        "coordinates": [[[-73.9950983, 40.7514512], [-73.9950918, 40.7514485], [-73.9950882, 40.7514533], [-73.9950947, 40.751456], [-73.9950983, 40.7514512]]]
      }
    },
    {
      "type": "Feature",
      "properties": {
        "level": "platform",
        "type": "column",
        "platform": "8",
        "source": "PCIP Phase 2 Appendix A, sheet A-001, November 2020, PDF page 45"
      },
      "geometry": {
        "type": "Polygon",
        "coordinates": [[[-73.9921577, 40.7502044], [-73.9921514, 40.7502017], [-73.9921478, 40.7502065], [-73.9921541, 40.7502091], [-73.9921577, 40.7502044]]]
      }
    },
    {
      "type": "Feature",
      "properties": {
        "level": "platform",
        "type": "column",
        "platform": "8",
        "source": "PCIP Phase 2 Appendix A, sheet A-001, November 2020, PDF page 45"
      },
      "geometry": {
        "type": "Polygon",
        "coordinates": [[[-73.9924489, 40.7503251], [-73.9924426, 40.7503224], [-73.992439, 40.7503272], [-73.9924453, 40.7503299], [-73.9924489, 40.7503251]]]
      }
    },
    {
      "type": "Feature",
      "properties": {
        "level": "platform",
        "type": "column",
        "platform": "8",
        "source": "PCIP Phase 2 Appendix A, sheet A-001, November 2020, PDF page 45"
      },
      "geometry": {
        "type": "Polygon",
        "coordinates": [[[-73.9932676, 40.7506703], [-73.9932613, 40.7506676], [-73.9932578, 40.7506724], [-73.9932641, 40.7506751], [-73.9932676, 40.7506703]]]
      }
    },
    {
      "type": "Feature",
      "properties": {
        "level": "platform",
        "type": "column",
        "platform": "8",
        "source": "PCIP Phase 2 Appendix A, sheet A-001, November 2020, PDF page 45"
      },
      "geometry": {
        "type": "Polygon",
        "coordinates": [[[-73.993329, 40.7506961], [-73.9933227, 40.7506934], [-73.9933191, 40.7506982], [-73.9933254, 40.7507009], [-73.993329, 40.7506961]]]
      }
    },
    {
      "type": "Feature",
      "properties": {
        "level": "platform",
        "type": "column",
        "platform": "8",
        "source": "PCIP Phase 2 Appendix A, sheet A-001, November 2020, PDF page 45"
      },
      "geometry": {
        "type": "Polygon",
        "coordinates": [[[-73.9935496, 40.7507882], [-73.9935433, 40.7507855], [-73.9935398, 40.7507903], [-73.9935461, 40.750793], [-73.9935496, 40.7507882]]]
      }
    },
    {
      "type": "Feature",
      "properties": {
        "level": "platform",
        "type": "column",
        "platform": "8",
        "source": "PCIP Phase 2 Appendix A, sheet A-001, November 2020, PDF page 45"
      },
      "geometry": {
        "type": "Polygon",
        "coordinates": [[[-73.9934884, 40.7507622], [-73.9934821, 40.7507596], [-73.9934786, 40.7507644], [-73.9934849, 40.750767], [-73.9934884, 40.7507622]]]
      }
    },
    {
      "type": "Feature",
      "properties": {
        "level": "platform",
        "type": "column",
        "platform": "8",
        "source": "PCIP Phase 2 Appendix A, sheet A-001, November 2020, PDF page 45"
      },
      "geometry": {
        "type": "Polygon",
        "coordinates": [[[-73.9936084, 40.7508129], [-73.9936021, 40.7508102], [-73.9935986, 40.750815], [-73.9936049, 40.7508177], [-73.9936084, 40.7508129]]]
      }
    },
    {
      "type": "Feature",
      "properties": {
        "level": "platform",
        "type": "column",
        "platform": "8",
        "source": "PCIP Phase 2 Appendix A, sheet A-001, November 2020, PDF page 45"
      },
      "geometry": {
        "type": "Polygon",
        "coordinates": [[[-73.993425, 40.7507352], [-73.9934187, 40.7507325], [-73.9934151, 40.7507373], [-73.9934215, 40.7507399], [-73.993425, 40.7507352]]]
      }
    },
    {
      "type": "Feature",
      "properties": {
        "level": "platform",
        "type": "column",
        "platform": "8",
        "source": "PCIP Phase 2 Appendix A, sheet A-001, November 2020, PDF page 45"
      },
      "geometry": {
        "type": "Polygon",
        "coordinates": [[[-73.9937358, 40.7508667], [-73.9937295, 40.750864], [-73.993726, 40.7508688], [-73.9937323, 40.7508715], [-73.9937358, 40.7508667]]]
      }
    },
    {
      "type": "Feature",
      "properties": {
        "level": "platform",
        "type": "column",
        "platform": "8",
        "source": "PCIP Phase 2 Appendix A, sheet A-001, November 2020, PDF page 45"
      },
      "geometry": {
        "type": "Polygon",
        "coordinates": [[[-73.9936727, 40.7508408], [-73.9936676, 40.7508386], [-73.9936648, 40.7508425], [-73.9936698, 40.7508446], [-73.9936727, 40.7508408]]]
      }
    },
    {
      "type": "Feature",
      "properties": {
        "level": "platform",
        "type": "column",
        "platform": "8",
        "source": "PCIP Phase 2 Appendix A, sheet A-001, November 2020, PDF page 45"
      },
      "geometry": {
        "type": "Polygon",
        "coordinates": [[[-73.9938233, 40.7509032], [-73.993817, 40.7509005], [-73.9938134, 40.7509053], [-73.9938197, 40.7509079], [-73.9938233, 40.7509032]]]
      }
    },
    {
      "type": "Feature",
      "properties": {
        "level": "platform",
        "type": "column",
        "platform": "8",
        "source": "PCIP Phase 2 Appendix A, sheet A-001, November 2020, PDF page 45"
      },
      "geometry": {
        "type": "Polygon",
        "coordinates": [[[-73.9921976, 40.7502102], [-73.9921913, 40.7502075], [-73.9921877, 40.7502123], [-73.992194, 40.750215], [-73.9921976, 40.7502102]]]
      }
    },
    {
      "type": "Feature",
      "properties": {
        "level": "platform",
        "type": "column",
        "platform": "8",
        "source": "PCIP Phase 2 Appendix A, sheet A-001, November 2020, PDF page 45"
      },
      "geometry": {
        "type": "Polygon",
        "coordinates": [[[-73.9923428, 40.7502716], [-73.9923365, 40.7502689], [-73.992333, 40.7502737], [-73.9923393, 40.7502763], [-73.9923428, 40.7502716]]]
      }
    },
    {
      "type": "Feature",
      "properties": {
        "level": "platform",
        "type": "column",
        "platform": "8",
        "source": "PCIP Phase 2 Appendix A, sheet A-001, November 2020, PDF page 45"
      },
      "geometry": {
        "type": "Polygon",
        "coordinates": [[[-73.9922711, 40.7502411], [-73.9922648, 40.7502385], [-73.9922613, 40.7502433], [-73.9922676, 40.7502459], [-73.9922711, 40.7502411]]]
      }
    },
    {
      "type": "Feature",
      "properties": {
        "level": "platform",
        "type": "column",
        "platform": "8",
        "source": "PCIP Phase 2 Appendix A, sheet A-001, November 2020, PDF page 45"
      },
      "geometry": {
        "type": "Polygon",
        "coordinates": [[[-73.992937, 40.7505199], [-73.9929307, 40.7505172], [-73.9929272, 40.750522], [-73.9929335, 40.7505247], [-73.992937, 40.7505199]]]
      }
    },
    {
      "type": "Feature",
      "properties": {
        "level": "platform",
        "type": "column",
        "platform": "7",
        "source": "PCIP Phase 2 Appendix A, sheet A-001, November 2020, PDF page 45"
      },
      "geometry": {
        "type": "Polygon",
        "coordinates": [[[-73.9941334, 40.7509183], [-73.9941281, 40.7509161], [-73.9941252, 40.75092], [-73.9941304, 40.7509223], [-73.9941334, 40.7509183]]]
      }
    },
    {
      "type": "Feature",
      "properties": {
        "level": "platform",
        "type": "column",
        "platform": "7",
        "source": "PCIP Phase 2 Appendix A, sheet A-001, November 2020, PDF page 45"
      },
      "geometry": {
        "type": "Polygon",
        "coordinates": [[[-73.9938079, 40.7507729], [-73.9937967, 40.7507682], [-73.9937905, 40.7507767], [-73.9938016, 40.7507814], [-73.9938079, 40.7507729]]]
      }
    },
    {
      "type": "Feature",
      "properties": {
        "level": "platform",
        "type": "column",
        "platform": "7",
        "source": "PCIP Phase 2 Appendix A, sheet A-001, November 2020, PDF page 45"
      },
      "geometry": {
        "type": "Polygon",
        "coordinates": [[[-73.9935559, 40.7506705], [-73.9935496, 40.7506678], [-73.993546, 40.7506726], [-73.9935524, 40.7506753], [-73.9935559, 40.7506705]]]
      }
    },
    {
      "type": "Feature",
      "properties": {
        "level": "platform",
        "type": "column",
        "platform": "7",
        "source": "PCIP Phase 2 Appendix A, sheet A-001, November 2020, PDF page 45"
      },
      "geometry": {
        "type": "Polygon",
        "coordinates": [[[-73.9936172, 40.7506963], [-73.9936109, 40.7506936], [-73.9936073, 40.7506986], [-73.9936136, 40.7507013], [-73.9936172, 40.7506963]]]
      }
    },
    {
      "type": "Feature",
      "properties": {
        "level": "platform",
        "type": "column",
        "platform": "7",
        "source": "PCIP Phase 2 Appendix A, sheet A-001, November 2020, PDF page 45"
      },
      "geometry": {
        "type": "Polygon",
        "coordinates": [[[-73.9936759, 40.7507212], [-73.9936696, 40.7507185], [-73.9936661, 40.7507233], [-73.9936724, 40.750726], [-73.9936759, 40.7507212]]]
      }
    },
    {
      "type": "Feature",
      "properties": {
        "level": "platform",
        "type": "column",
        "platform": "7",
        "source": "PCIP Phase 2 Appendix A, sheet A-001, November 2020, PDF page 45"
      },
      "geometry": {
        "type": "Polygon",
        "coordinates": [[[-73.9930116, 40.7504381], [-73.9930052, 40.7504354], [-73.9930017, 40.7504402], [-73.993008, 40.7504429], [-73.9930116, 40.7504381]]]
      }
    },
    {
      "type": "Feature",
      "properties": {
        "level": "platform",
        "type": "column",
        "platform": "7",
        "source": "PCIP Phase 2 Appendix A, sheet A-001, November 2020, PDF page 45"
      },
      "geometry": {
        "type": "Polygon",
        "coordinates": [[[-73.993062, 40.7504588], [-73.9930557, 40.7504562], [-73.9930521, 40.7504609], [-73.9930584, 40.7504636], [-73.993062, 40.7504588]]]
      }
    },
    {
      "type": "Feature",
      "properties": {
        "level": "platform",
        "type": "column",
        "platform": "7",
        "source": "PCIP Phase 2 Appendix A, sheet A-001, November 2020, PDF page 45"
      },
      "geometry": {
        "type": "Polygon",
        "coordinates": [[[-73.993494, 40.7506418], [-73.9934877, 40.7506391], [-73.993484, 40.750644], [-73.9934903, 40.7506467], [-73.993494, 40.7506418]]]
      }
    },
    {
      "type": "Feature",
      "properties": {
        "level": "platform",
        "type": "column",
        "platform": "7",
        "source": "PCIP Phase 2 Appendix A, sheet A-001, November 2020, PDF page 45"
      },
      "geometry": {
        "type": "Polygon",
        "coordinates": [[[-73.9937414, 40.7507485], [-73.9937357, 40.7507461], [-73.9937332, 40.7507495], [-73.9937389, 40.7507519], [-73.9937414, 40.7507485]]]
      }
    },
    {
      "type": "Feature",
      "properties": {
        "level": "platform",
        "type": "column",
        "platform": "7",
        "source": "PCIP Phase 2 Appendix A, sheet A-001, November 2020, PDF page 45"
      },
      "geometry": {
        "type": "Polygon",
        "coordinates": [[[-73.9933375, 40.7505754], [-73.9933312, 40.7505727], [-73.9933276, 40.7505775], [-73.9933339, 40.7505802], [-73.9933375, 40.7505754]]]
      }
    },
    {
      "type": "Feature",
      "properties": {
        "level": "platform",
        "type": "column",
        "platform": "7",
        "source": "PCIP Phase 2 Appendix A, sheet A-001, November 2020, PDF page 45"
      },
      "geometry": {
        "type": "Polygon",
        "coordinates": [[[-73.9926618, 40.7502881], [-73.9926555, 40.7502855], [-73.992652, 40.7502902], [-73.9926583, 40.7502929], [-73.9926618, 40.7502881]]]
      }
    },
    {
      "type": "Feature",
      "properties": {
        "level": "platform",
        "type": "column",
        "platform": "7",
        "source": "PCIP Phase 2 Appendix A, sheet A-001, November 2020, PDF page 45"
      },
      "geometry": {
        "type": "Polygon",
        "coordinates": [[[-73.9923263, 40.7501459], [-73.99232, 40.7501432], [-73.9923164, 40.750148], [-73.9923227, 40.7501507], [-73.9923263, 40.7501459]]]
      }
    },
    {
      "type": "Feature",
      "properties": {
        "level": "platform",
        "type": "column",
        "platform": "7",
        "source": "PCIP Phase 2 Appendix A, sheet A-001, November 2020, PDF page 45"
      },
      "geometry": {
        "type": "Polygon",
        "coordinates": [[[-73.9922705, 40.7501222], [-73.9922642, 40.7501196], [-73.9922607, 40.7501244], [-73.992267, 40.750127], [-73.9922705, 40.7501222]]]
      }
    },
    {
      "type": "Feature",
      "properties": {
        "level": "platform",
        "type": "column",
        "platform": "7",
        "source": "PCIP Phase 2 Appendix A, sheet A-001, November 2020, PDF page 45"
      },
      "geometry": {
        "type": "Polygon",
        "coordinates": [[[-73.9921689, 40.7500785], [-73.9921625, 40.7500758], [-73.992159, 40.7500806], [-73.9921653, 40.7500833], [-73.9921689, 40.7500785]]]
      }
    },
    {
      "type": "Feature",
      "properties": {
        "level": "platform",
        "type": "column",
        "platform": "7",
        "source": "PCIP Phase 2 Appendix A, sheet A-001, November 2020, PDF page 45"
      },
      "geometry": {
        "type": "Polygon",
        "coordinates": [[[-73.9925677, 40.7502453], [-73.9925614, 40.7502426], [-73.9925579, 40.7502474], [-73.9925642, 40.7502501], [-73.9925677, 40.7502453]]]
      }
    },
    {
      "type": "Feature",
      "properties": {
        "level": "platform",
        "type": "column",
        "platform": "7",
        "source": "PCIP Phase 2 Appendix A, sheet A-001, November 2020, PDF page 45"
      },
      "geometry": {
        "type": "Polygon",
        "coordinates": [[[-73.9920758, 40.7500336], [-73.9920695, 40.7500309], [-73.9920659, 40.7500357], [-73.9920722, 40.7500384], [-73.9920758, 40.7500336]]]
      }
    },
    {
      "type": "Feature",
      "properties": {
        "level": "platform",
        "type": "column",
        "platform": "7",
        "source": "PCIP Phase 2 Appendix A, sheet A-001, November 2020, PDF page 45"
      },
      "geometry": {
        "type": "Polygon",
        "coordinates": [[[-73.9922678, 40.7501148], [-73.9922614, 40.7501121], [-73.9922578, 40.7501171], [-73.9922641, 40.7501197], [-73.9922678, 40.7501148]]]
      }
    },
    {
      "type": "Feature",
      "properties": {
        "level": "platform",
        "type": "column",
        "platform": "7",
        "source": "PCIP Phase 2 Appendix A, sheet A-001, November 2020, PDF page 45"
      },
      "geometry": {
        "type": "Polygon",
        "coordinates": [[[-73.9921338, 40.7500576], [-73.9921275, 40.7500549], [-73.9921239, 40.7500597], [-73.9921302, 40.7500624], [-73.9921338, 40.7500576]]]
      }
    },
    {
      "type": "Feature",
      "properties": {
        "level": "platform",
        "type": "column",
        "platform": "7",
        "source": "PCIP Phase 2 Appendix A, sheet A-001, November 2020, PDF page 45"
      },
      "geometry": {
        "type": "Polygon",
        "coordinates": [[[-73.9922092, 40.7500893], [-73.9922029, 40.7500867], [-73.9921994, 40.7500914], [-73.9922057, 40.7500941], [-73.9922092, 40.7500893]]]
      }
    },
    {
      "type": "Feature",
      "properties": {
        "level": "platform",
        "type": "column",
        "platform": "7",
        "source": "PCIP Phase 2 Appendix A, sheet A-001, November 2020, PDF page 45"
      },
      "geometry": {
        "type": "Polygon",
        "coordinates": [[[-73.99282, 40.7503481], [-73.9928139, 40.7503455], [-73.9928103, 40.7503504], [-73.9928164, 40.750353], [-73.99282, 40.7503481]]]
      }
    },
    {
      "type": "Feature",
      "properties": {
        "level": "platform",
        "type": "column",
        "platform": "7",
        "source": "PCIP Phase 2 Appendix A, sheet A-001, November 2020, PDF page 45"
      },
      "geometry": {
        "type": "Polygon",
        "coordinates": [[[-73.992366, 40.7501556], [-73.9923597, 40.750153], [-73.9923562, 40.7501577], [-73.9923625, 40.7501604], [-73.992366, 40.7501556]]]
      }
    },
    {
      "type": "Feature",
      "properties": {
        "level": "platform",
        "type": "column",
        "platform": "7",
        "source": "PCIP Phase 2 Appendix A, sheet A-001, November 2020, PDF page 45"
      },
      "geometry": {
        "type": "Polygon",
        "coordinates": [[[-73.9924621, 40.7501961], [-73.9924558, 40.7501935], [-73.9924522, 40.7501982], [-73.9924586, 40.7502009], [-73.9924621, 40.7501961]]]
      }
    },
    {
      "type": "Feature",
      "properties": {
        "level": "platform",
        "type": "column",
        "platform": "7",
        "source": "PCIP Phase 2 Appendix A, sheet A-001, November 2020, PDF page 45"
      },
      "geometry": {
        "type": "Polygon",
        "coordinates": [[[-73.9928892, 40.7503749], [-73.9928797, 40.7503709], [-73.9928749, 40.7503774], [-73.9928843, 40.7503814], [-73.9928892, 40.7503749]]]
      }
    },
    {
      "type": "Feature",
      "properties": {
        "level": "platform",
        "type": "column",
        "platform": "7",
        "source": "PCIP Phase 2 Appendix A, sheet A-001, November 2020, PDF page 45"
      },
      "geometry": {
        "type": "Polygon",
        "coordinates": [[[-73.9925588, 40.7502369], [-73.9925525, 40.7502342], [-73.9925489, 40.750239], [-73.9925552, 40.7502417], [-73.9925588, 40.7502369]]]
      }
    },
    {
      "type": "Feature",
      "properties": {
        "level": "platform",
        "type": "column",
        "platform": "7",
        "source": "PCIP Phase 2 Appendix A, sheet A-001, November 2020, PDF page 45"
      },
      "geometry": {
        "type": "Polygon",
        "coordinates": [[[-73.992762, 40.7503227], [-73.9927557, 40.75032], [-73.992752, 40.7503249], [-73.9927584, 40.7503276], [-73.992762, 40.7503227]]]
      }
    },
    {
      "type": "Feature",
      "properties": {
        "level": "platform",
        "type": "column",
        "platform": "7",
        "source": "PCIP Phase 2 Appendix A, sheet A-001, November 2020, PDF page 45"
      },
      "geometry": {
        "type": "Polygon",
        "coordinates": [[[-73.9928586, 40.7503636], [-73.9928506, 40.7503602], [-73.992847, 40.750365], [-73.992855, 40.7503684], [-73.9928586, 40.7503636]]]
      }
    },
    {
      "type": "Feature",
      "properties": {
        "level": "platform",
        "type": "column",
        "platform": "7",
        "source": "PCIP Phase 2 Appendix A, sheet A-001, November 2020, PDF page 45"
      },
      "geometry": {
        "type": "Polygon",
        "coordinates": [[[-73.9945913, 40.7510986], [-73.9945857, 40.7510962], [-73.9945825, 40.7511005], [-73.9945882, 40.7511029], [-73.9945913, 40.7510986]]]
      }
    },
    {
      "type": "Feature",
      "properties": {
        "level": "platform",
        "type": "column",
        "platform": "7",
        "source": "PCIP Phase 2 Appendix A, sheet A-001, November 2020, PDF page 45"
      },
      "geometry": {
        "type": "Polygon",
        "coordinates": [[[-73.9932789, 40.7505414], [-73.9932726, 40.7505387], [-73.9932689, 40.7505436], [-73.9932753, 40.7505463], [-73.9932789, 40.7505414]]]
      }
    },
    {
      "type": "Feature",
      "properties": {
        "level": "platform",
        "type": "column",
        "platform": "7",
        "source": "PCIP Phase 2 Appendix A, sheet A-001, November 2020, PDF page 45"
      },
      "geometry": {
        "type": "Polygon",
        "coordinates": [[[-73.9932151, 40.7505141], [-73.9932086, 40.7505113], [-73.993205, 40.7505161], [-73.9932115, 40.7505189], [-73.9932151, 40.7505141]]]
      }
    },
    {
      "type": "Feature",
      "properties": {
        "level": "platform",
        "type": "column",
        "platform": "7",
        "source": "PCIP Phase 2 Appendix A, sheet A-001, November 2020, PDF page 45"
      },
      "geometry": {
        "type": "Polygon",
        "coordinates": [[[-73.9931644, 40.7504926], [-73.9931581, 40.7504899], [-73.9931545, 40.7504947], [-73.9931608, 40.7504974], [-73.9931644, 40.7504926]]]
      }
    },
    {
      "type": "Feature",
      "properties": {
        "level": "platform",
        "type": "column",
        "platform": "7",
        "source": "PCIP Phase 2 Appendix A, sheet A-001, November 2020, PDF page 45"
      },
      "geometry": {
        "type": "Polygon",
        "coordinates": [[[-73.9937419, 40.7507377], [-73.9937371, 40.7507356], [-73.9937345, 40.7507391], [-73.9937393, 40.7507412], [-73.9937419, 40.7507377]]]
      }
    },
    {
      "type": "Feature",
      "properties": {
        "level": "platform",
        "type": "column",
        "platform": "7",
        "source": "PCIP Phase 2 Appendix A, sheet A-001, November 2020, PDF page 45"
      },
      "geometry": {
        "type": "Polygon",
        "coordinates": [[[-73.9937472, 40.7507305], [-73.9937424, 40.7507285], [-73.9937397, 40.7507321], [-73.9937445, 40.7507342], [-73.9937472, 40.7507305]]]
      }
    },
    {
      "type": "Feature",
      "properties": {
        "level": "platform",
        "type": "column",
        "platform": "7",
        "source": "PCIP Phase 2 Appendix A, sheet A-001, November 2020, PDF page 45"
      },
      "geometry": {
        "type": "Polygon",
        "coordinates": [[[-73.9941477, 40.7508988], [-73.9941423, 40.7508965], [-73.9941393, 40.7509005], [-73.9941448, 40.7509028], [-73.9941477, 40.7508988]]]
      }
    },
    {
      "type": "Feature",
      "properties": {
        "level": "platform",
        "type": "column",
        "platform": "7",
        "source": "PCIP Phase 2 Appendix A, sheet A-001, November 2020, PDF page 45"
      },
      "geometry": {
        "type": "Polygon",
        "coordinates": [[[-73.9934125, 40.7505827], [-73.9934061, 40.75058], [-73.9934026, 40.7505848], [-73.9934089, 40.7505875], [-73.9934125, 40.7505827]]]
      }
    },
    {
      "type": "Feature",
      "properties": {
        "level": "platform",
        "type": "column",
        "platform": "7",
        "source": "PCIP Phase 2 Appendix A, sheet A-001, November 2020, PDF page 45"
      },
      "geometry": {
        "type": "Polygon",
        "coordinates": [[[-73.992117, 40.7500335], [-73.9921107, 40.7500308], [-73.9921072, 40.7500356], [-73.9921135, 40.7500383], [-73.992117, 40.7500335]]]
      }
    },
    {
      "type": "Feature",
      "properties": {
        "level": "platform",
        "type": "column",
        "platform": "7",
        "source": "PCIP Phase 2 Appendix A, sheet A-001, November 2020, PDF page 45"
      },
      "geometry": {
        "type": "Polygon",
        "coordinates": [[[-73.9933512, 40.7505568], [-73.9933447, 40.750554], [-73.9933412, 40.7505588], [-73.9933477, 40.7505615], [-73.9933512, 40.7505568]]]
      }
    },
    {
      "type": "Feature",
      "properties": {
        "level": "platform",
        "type": "column",
        "platform": "7",
        "source": "PCIP Phase 2 Appendix A, sheet A-001, November 2020, PDF page 45"
      },
      "geometry": {
        "type": "Polygon",
        "coordinates": [[[-73.9924227, 40.7501627], [-73.9924164, 40.75016], [-73.9924127, 40.750165], [-73.9924191, 40.7501676], [-73.9924227, 40.7501627]]]
      }
    },
    {
      "type": "Feature",
      "properties": {
        "level": "platform",
        "type": "column",
        "platform": "7",
        "source": "PCIP Phase 2 Appendix A, sheet A-001, November 2020, PDF page 45"
      },
      "geometry": {
        "type": "Polygon",
        "coordinates": [[[-73.9924843, 40.7501888], [-73.992478, 40.7501862], [-73.9924745, 40.7501909], [-73.9924808, 40.7501936], [-73.9924843, 40.7501888]]]
      }
    },
    {
      "type": "Feature",
      "properties": {
        "level": "platform",
        "type": "column",
        "platform": "7",
        "source": "PCIP Phase 2 Appendix A, sheet A-001, November 2020, PDF page 45"
      },
      "geometry": {
        "type": "Polygon",
        "coordinates": [[[-73.9925463, 40.7502149], [-73.99254, 40.7502122], [-73.9925363, 40.7502172], [-73.9925427, 40.7502198], [-73.9925463, 40.7502149]]]
      }
    },
    {
      "type": "Feature",
      "properties": {
        "level": "platform",
        "type": "column",
        "platform": "7",
        "source": "PCIP Phase 2 Appendix A, sheet A-001, November 2020, PDF page 45"
      },
      "geometry": {
        "type": "Polygon",
        "coordinates": [[[-73.9935712, 40.7506494], [-73.9935649, 40.7506467], [-73.9935614, 40.7506515], [-73.9935677, 40.7506542], [-73.9935712, 40.7506494]]]
      }
    },
    {
      "type": "Feature",
      "properties": {
        "level": "platform",
        "type": "column",
        "platform": "7",
        "source": "PCIP Phase 2 Appendix A, sheet A-001, November 2020, PDF page 45"
      },
      "geometry": {
        "type": "Polygon",
        "coordinates": [[[-73.9936915, 40.7507002], [-73.9936851, 40.7506975], [-73.9936816, 40.7507023], [-73.9936879, 40.7507049], [-73.9936915, 40.7507002]]]
      }
    },
    {
      "type": "Feature",
      "properties": {
        "level": "platform",
        "type": "column",
        "platform": "7",
        "source": "PCIP Phase 2 Appendix A, sheet A-001, November 2020, PDF page 45"
      },
      "geometry": {
        "type": "Polygon",
        "coordinates": [[[-73.9936328, 40.7506753], [-73.9936265, 40.7506726], [-73.9936229, 40.7506774], [-73.9936292, 40.7506801], [-73.9936328, 40.7506753]]]
      }
    },
    {
      "type": "Feature",
      "properties": {
        "level": "platform",
        "type": "column",
        "platform": "7",
        "source": "PCIP Phase 2 Appendix A, sheet A-001, November 2020, PDF page 45"
      },
      "geometry": {
        "type": "Polygon",
        "coordinates": [[[-73.9929473, 40.7503845], [-73.9929393, 40.7503811], [-73.9929358, 40.7503859], [-73.9929438, 40.7503892], [-73.9929473, 40.7503845]]]
      }
    },
    {
      "type": "Feature",
      "properties": {
        "level": "platform",
        "type": "column",
        "platform": "7",
        "source": "PCIP Phase 2 Appendix A, sheet A-001, November 2020, PDF page 45"
      },
      "geometry": {
        "type": "Polygon",
        "coordinates": [[[-73.9930265, 40.7504178], [-73.9930202, 40.7504152], [-73.9930167, 40.7504199], [-73.993023, 40.7504226], [-73.9930265, 40.7504178]]]
      }
    },
    {
      "type": "Feature",
      "properties": {
        "level": "platform",
        "type": "column",
        "platform": "7",
        "source": "PCIP Phase 2 Appendix A, sheet A-001, November 2020, PDF page 45"
      },
      "geometry": {
        "type": "Polygon",
        "coordinates": [[[-73.9923516, 40.7501317], [-73.9923451, 40.750129], [-73.9923416, 40.7501338], [-73.9923481, 40.7501365], [-73.9923516, 40.7501317]]]
      }
    },
    {
      "type": "Feature",
      "properties": {
        "level": "platform",
        "type": "column",
        "platform": "7",
        "source": "PCIP Phase 2 Appendix A, sheet A-001, November 2020, PDF page 45"
      },
      "geometry": {
        "type": "Polygon",
        "coordinates": [[[-73.9922955, 40.7501079], [-73.9922892, 40.7501052], [-73.9922856, 40.75011], [-73.992292, 40.7501127], [-73.9922955, 40.7501079]]]
      }
    },
    {
      "type": "Feature",
      "properties": {
        "level": "platform",
        "type": "column",
        "platform": "7",
        "source": "PCIP Phase 2 Appendix A, sheet A-001, November 2020, PDF page 45"
      },
      "geometry": {
        "type": "Polygon",
        "coordinates": [[[-73.9935086, 40.750622], [-73.9935023, 40.7506193], [-73.9934987, 40.7506241], [-73.993505, 40.7506268], [-73.9935086, 40.750622]]]
      }
    },
    {
      "type": "Feature",
      "properties": {
        "level": "platform",
        "type": "column",
        "platform": "7",
        "source": "PCIP Phase 2 Appendix A, sheet A-001, November 2020, PDF page 45"
      },
      "geometry": {
        "type": "Polygon",
        "coordinates": [[[-73.9930769, 40.7504386], [-73.9930706, 40.7504359], [-73.9930671, 40.7504407], [-73.9930734, 40.7504434], [-73.9930769, 40.7504386]]]
      }
    },
    {
      "type": "Feature",
      "properties": {
        "level": "platform",
        "type": "column",
        "platform": "7",
        "source": "PCIP Phase 2 Appendix A, sheet A-001, November 2020, PDF page 45"
      },
      "geometry": {
        "type": "Polygon",
        "coordinates": [[[-73.9937555, 40.7507271], [-73.9937503, 40.7507249], [-73.9937474, 40.7507287], [-73.9937527, 40.7507309], [-73.9937555, 40.7507271]]]
      }
    },
    {
      "type": "Feature",
      "properties": {
        "level": "platform",
        "type": "column",
        "platform": "6",
        "source": "PCIP Phase 2 Appendix A, sheet A-001, November 2020, PDF page 45"
      },
      "geometry": {
        "type": "Polygon",
        "coordinates": [[[-73.9934461, 40.7504833], [-73.9934398, 40.7504807], [-73.9934362, 40.7504854], [-73.9934426, 40.7504881], [-73.9934461, 40.7504833]]]
      }
    },
    {
      "type": "Feature",
      "properties": {
        "level": "platform",
        "type": "column",
        "platform": "6",
        "source": "PCIP Phase 2 Appendix A, sheet A-001, November 2020, PDF page 45"
      },
      "geometry": {
        "type": "Polygon",
        "coordinates": [[[-73.9933512, 40.7504431], [-73.9933449, 40.7504404], [-73.9933414, 40.7504452], [-73.9933477, 40.7504479], [-73.9933512, 40.7504431]]]
      }
    },
    {
      "type": "Feature",
      "properties": {
        "level": "platform",
        "type": "column",
        "platform": "6",
        "source": "PCIP Phase 2 Appendix A, sheet A-001, November 2020, PDF page 45"
      },
      "geometry": {
        "type": "Polygon",
        "coordinates": [[[-73.9935716, 40.7505363], [-73.9935651, 40.7505336], [-73.9935615, 40.7505384], [-73.9935681, 40.7505411], [-73.9935716, 40.7505363]]]
      }
    },
    {
      "type": "Feature",
      "properties": {
        "level": "platform",
        "type": "column",
        "platform": "6",
        "source": "PCIP Phase 2 Appendix A, sheet A-001, November 2020, PDF page 45"
      },
      "geometry": {
        "type": "Polygon",
        "coordinates": [[[-73.9934826, 40.7504986], [-73.9934761, 40.7504958], [-73.9934725, 40.7505006], [-73.9934791, 40.7505034], [-73.9934826, 40.7504986]]]
      }
    },
    {
      "type": "Feature",
      "properties": {
        "level": "platform",
        "type": "column",
        "platform": "6",
        "source": "PCIP Phase 2 Appendix A, sheet A-001, November 2020, PDF page 45"
      },
      "geometry": {
        "type": "Polygon",
        "coordinates": [[[-73.9936353, 40.7505627], [-73.9936287, 40.7505599], [-73.9936252, 40.7505647], [-73.9936317, 40.7505675], [-73.9936353, 40.7505627]]]
      }
    },
    {
      "type": "Feature",
      "properties": {
        "level": "platform",
        "type": "column",
        "platform": "6",
        "source": "PCIP Phase 2 Appendix A, sheet A-001, November 2020, PDF page 45"
      },
      "geometry": {
        "type": "Polygon",
        "coordinates": [[[-73.9937553, 40.7506134], [-73.993749, 40.7506107], [-73.9937454, 40.7506155], [-73.9937518, 40.7506182], [-73.9937553, 40.7506134]]]
      }
    },
    {
      "type": "Feature",
      "properties": {
        "level": "platform",
        "type": "column",
        "platform": "6",
        "source": "PCIP Phase 2 Appendix A, sheet A-001, November 2020, PDF page 45"
      },
      "geometry": {
        "type": "Polygon",
        "coordinates": [[[-73.9936966, 40.7505885], [-73.9936903, 40.7505858], [-73.9936868, 40.7505906], [-73.9936931, 40.7505933], [-73.9936966, 40.7505885]]]
      }
    },
    {
      "type": "Feature",
      "properties": {
        "level": "platform",
        "type": "column",
        "platform": "6",
        "source": "PCIP Phase 2 Appendix A, sheet A-001, November 2020, PDF page 45"
      },
      "geometry": {
        "type": "Polygon",
        "coordinates": [[[-73.9938825, 40.7506671], [-73.9938762, 40.7506644], [-73.9938726, 40.7506692], [-73.9938789, 40.7506719], [-73.9938825, 40.7506671]]]
      }
    },
    {
      "type": "Feature",
      "properties": {
        "level": "platform",
        "type": "column",
        "platform": "6",
        "source": "PCIP Phase 2 Appendix A, sheet A-001, November 2020, PDF page 45"
      },
      "geometry": {
        "type": "Polygon",
        "coordinates": [[[-73.9938206, 40.7506409], [-73.9938143, 40.7506382], [-73.9938108, 40.750643], [-73.9938171, 40.7506456], [-73.9938206, 40.7506409]]]
      }
    },
    {
      "type": "Feature",
      "properties": {
        "level": "platform",
        "type": "column",
        "platform": "6",
        "source": "PCIP Phase 2 Appendix A, sheet A-001, November 2020, PDF page 45"
      },
      "geometry": {
        "type": "Polygon",
        "coordinates": [[[-73.9923123, 40.7499939], [-73.992305, 40.7499908], [-73.9923, 40.7499975], [-73.9923074, 40.7500006], [-73.9923123, 40.7499939]]]
      }
    },
    {
      "type": "Feature",
      "properties": {
        "level": "platform",
        "type": "column",
        "platform": "6",
        "source": "PCIP Phase 2 Appendix A, sheet A-001, November 2020, PDF page 45"
      },
      "geometry": {
        "type": "Polygon",
        "coordinates": [[[-73.9929359, 40.750257], [-73.9929296, 40.7502543], [-73.9929261, 40.7502591], [-73.9929324, 40.7502618], [-73.9929359, 40.750257]]]
      }
    },
    {
      "type": "Feature",
      "properties": {
        "level": "platform",
        "type": "column",
        "platform": "6",
        "source": "PCIP Phase 2 Appendix A, sheet A-001, November 2020, PDF page 45"
      },
      "geometry": {
        "type": "Polygon",
        "coordinates": [[[-73.9929067, 40.7502446], [-73.9929002, 40.7502418], [-73.9928966, 40.7502466], [-73.9929031, 40.7502494], [-73.9929067, 40.7502446]]]
      }
    },
    {
      "type": "Feature",
      "properties": {
        "level": "platform",
        "type": "column",
        "platform": "6",
        "source": "PCIP Phase 2 Appendix A, sheet A-001, November 2020, PDF page 45"
      },
      "geometry": {
        "type": "Polygon",
        "coordinates": [[[-73.9928953, 40.7502398], [-73.992889, 40.7502371], [-73.9928855, 40.7502419], [-73.9928918, 40.7502446], [-73.9928953, 40.7502398]]]
      }
    },
    {
      "type": "Feature",
      "properties": {
        "level": "platform",
        "type": "column",
        "platform": "6",
        "source": "PCIP Phase 2 Appendix A, sheet A-001, November 2020, PDF page 45"
      },
      "geometry": {
        "type": "Polygon",
        "coordinates": [[[-73.9930839, 40.7503195], [-73.9930776, 40.7503169], [-73.9930741, 40.7503217], [-73.9930804, 40.7503243], [-73.9930839, 40.7503195]]]
      }
    },
    {
      "type": "Feature",
      "properties": {
        "level": "platform",
        "type": "column",
        "platform": "6",
        "source": "PCIP Phase 2 Appendix A, sheet A-001, November 2020, PDF page 45"
      },
      "geometry": {
        "type": "Polygon",
        "coordinates": [[[-73.9930162, 40.7502908], [-73.9930099, 40.7502882], [-73.9930063, 40.7502929], [-73.9930127, 40.7502956], [-73.9930162, 40.7502908]]]
      }
    },
    {
      "type": "Feature",
      "properties": {
        "level": "platform",
        "type": "column",
        "platform": "6",
        "source": "PCIP Phase 2 Appendix A, sheet A-001, November 2020, PDF page 45"
      },
      "geometry": {
        "type": "Polygon",
        "coordinates": [[[-73.9932166, 40.7503756], [-73.9932101, 40.7503728], [-73.9932065, 40.7503776], [-73.993213, 40.7503804], [-73.9932166, 40.7503756]]]
      }
    },
    {
      "type": "Feature",
      "properties": {
        "level": "platform",
        "type": "column",
        "platform": "6",
        "source": "PCIP Phase 2 Appendix A, sheet A-001, November 2020, PDF page 45"
      },
      "geometry": {
        "type": "Polygon",
        "coordinates": [[[-73.9931486, 40.7503468], [-73.9931423, 40.7503441], [-73.9931388, 40.7503489], [-73.9931451, 40.7503515], [-73.9931486, 40.7503468]]]
      }
    },
    {
      "type": "Feature",
      "properties": {
        "level": "platform",
        "type": "column",
        "platform": "6",
        "source": "PCIP Phase 2 Appendix A, sheet A-001, November 2020, PDF page 45"
      },
      "geometry": {
        "type": "Polygon",
        "coordinates": [[[-73.9946692, 40.7509921], [-73.9946638, 40.7509897], [-73.9946606, 40.750994], [-73.9946661, 40.7509964], [-73.9946692, 40.7509921]]]
      }
    },
    {
      "type": "Feature",
      "properties": {
        "level": "platform",
        "type": "column",
        "platform": "6",
        "source": "PCIP Phase 2 Appendix A, sheet A-001, November 2020, PDF page 45"
      },
      "geometry": {
        "type": "Polygon",
        "coordinates": [[[-73.9932931, 40.7504078], [-73.9932867, 40.7504051], [-73.9932832, 40.7504099], [-73.9932895, 40.7504126], [-73.9932931, 40.7504078]]]
      }
    },
    {
      "type": "Feature",
      "properties": {
        "level": "platform",
        "type": "column",
        "platform": "6",
        "source": "PCIP Phase 2 Appendix A, sheet A-001, November 2020, PDF page 45"
      },
      "geometry": {
        "type": "Polygon",
        "coordinates": [[[-73.9939443, 40.7506818], [-73.993938, 40.7506791], [-73.9939343, 40.750684], [-73.9939406, 40.7506867], [-73.9939443, 40.7506818]]]
      }
    },
    {
      "type": "Feature",
      "properties": {
        "level": "platform",
        "type": "column",
        "platform": "6",
        "source": "PCIP Phase 2 Appendix A, sheet A-001, November 2020, PDF page 45"
      },
      "geometry": {
        "type": "Polygon",
        "coordinates": [[[-73.9937856, 40.7506135], [-73.9937785, 40.7506104], [-73.9937743, 40.750616], [-73.9937815, 40.750619], [-73.9937856, 40.7506135]]]
      }
    },
    {
      "type": "Feature",
      "properties": {
        "level": "platform",
        "type": "column",
        "platform": "6",
        "source": "PCIP Phase 2 Appendix A, sheet A-001, November 2020, PDF page 45"
      },
      "geometry": {
        "type": "Polygon",
        "coordinates": [[[-73.9933632, 40.7504269], [-73.9933569, 40.7504242], [-73.9933534, 40.750429], [-73.9933597, 40.7504316], [-73.9933632, 40.7504269]]]
      }
    },
    {
      "type": "Feature",
      "properties": {
        "level": "platform",
        "type": "column",
        "platform": "6",
        "source": "PCIP Phase 2 Appendix A, sheet A-001, November 2020, PDF page 45"
      },
      "geometry": {
        "type": "Polygon",
        "coordinates": [[[-73.9937084, 40.7505726], [-73.9937021, 40.7505699], [-73.9936985, 40.7505747], [-73.9937048, 40.7505773], [-73.9937084, 40.7505726]]]
      }
    },
    {
      "type": "Feature",
      "properties": {
        "level": "platform",
        "type": "column",
        "platform": "6",
        "source": "PCIP Phase 2 Appendix A, sheet A-001, November 2020, PDF page 45"
      },
      "geometry": {
        "type": "Polygon",
        "coordinates": [[[-73.9936472, 40.7505466], [-73.9936408, 40.7505439], [-73.9936373, 40.7505487], [-73.9936436, 40.7505514], [-73.9936472, 40.7505466]]]
      }
    },
    {
      "type": "Feature",
      "properties": {
        "level": "platform",
        "type": "column",
        "platform": "6",
        "source": "PCIP Phase 2 Appendix A, sheet A-001, November 2020, PDF page 45"
      },
      "geometry": {
        "type": "Polygon",
        "coordinates": [[[-73.9934946, 40.7504819], [-73.9934883, 40.7504793], [-73.9934848, 40.7504841], [-73.9934911, 40.7504867], [-73.9934946, 40.7504819]]]
      }
    },
    {
      "type": "Feature",
      "properties": {
        "level": "platform",
        "type": "column",
        "platform": "6",
        "source": "PCIP Phase 2 Appendix A, sheet A-001, November 2020, PDF page 45"
      },
      "geometry": {
        "type": "Polygon",
        "coordinates": [[[-73.9934582, 40.7504665], [-73.9934519, 40.7504638], [-73.9934484, 40.7504686], [-73.9934547, 40.7504713], [-73.9934582, 40.7504665]]]
      }
    },
    {
      "type": "Feature",
      "properties": {
        "level": "platform",
        "type": "column",
        "platform": "6",
        "source": "PCIP Phase 2 Appendix A, sheet A-001, November 2020, PDF page 45"
      },
      "geometry": {
        "type": "Polygon",
        "coordinates": [[[-73.9938324, 40.7506249], [-73.9938261, 40.7506223], [-73.9938225, 40.750627], [-73.9938289, 40.7506297], [-73.9938324, 40.7506249]]]
      }
    },
    {
      "type": "Feature",
      "properties": {
        "level": "platform",
        "type": "column",
        "platform": "6",
        "source": "PCIP Phase 2 Appendix A, sheet A-001, November 2020, PDF page 45"
      },
      "geometry": {
        "type": "Polygon",
        "coordinates": [[[-73.9937672, 40.7505973], [-73.9937609, 40.7505946], [-73.9937573, 40.7505994], [-73.9937636, 40.7506021], [-73.9937672, 40.7505973]]]
      }
    },
    {
      "type": "Feature",
      "properties": {
        "level": "platform",
        "type": "column",
        "platform": "6",
        "source": "PCIP Phase 2 Appendix A, sheet A-001, November 2020, PDF page 45"
      },
      "geometry": {
        "type": "Polygon",
        "coordinates": [[[-73.9935837, 40.7505195], [-73.9935774, 40.7505168], [-73.9935739, 40.7505216], [-73.9935802, 40.7505243], [-73.9935837, 40.7505195]]]
      }
    },
    {
      "type": "Feature",
      "properties": {
        "level": "platform",
        "type": "column",
        "platform": "6",
        "source": "PCIP Phase 2 Appendix A, sheet A-001, November 2020, PDF page 45"
      },
      "geometry": {
        "type": "Polygon",
        "coordinates": [[[-73.9938944, 40.750651], [-73.993888, 40.7506483], [-73.9938845, 40.7506531], [-73.9938908, 40.7506558], [-73.9938944, 40.750651]]]
      }
    },
    {
      "type": "Feature",
      "properties": {
        "level": "platform",
        "type": "column",
        "platform": "6",
        "source": "PCIP Phase 2 Appendix A, sheet A-001, November 2020, PDF page 45"
      },
      "geometry": {
        "type": "Polygon",
        "coordinates": [[[-73.9928958, 40.7502253], [-73.9928886, 40.7502223], [-73.9928846, 40.7502277], [-73.9928918, 40.7502308], [-73.9928958, 40.7502253]]]
      }
    },
    {
      "type": "Feature",
      "properties": {
        "level": "platform",
        "type": "column",
        "platform": "5",
        "source": "PCIP Phase 2 Appendix A, sheet A-001, November 2020, PDF page 45"
      },
      "geometry": {
        "type": "Polygon",
        "coordinates": [[[-73.992251, 40.7498513], [-73.9922447, 40.7498487], [-73.9922412, 40.7498534], [-73.9922475, 40.7498561], [-73.992251, 40.7498513]]]
      }
    },
    {
      "type": "Feature",
      "properties": {
        "level": "platform",
        "type": "column",
        "platform": "5",
        "source": "PCIP Phase 2 Appendix A, sheet A-001, November 2020, PDF page 45"
      },
      "geometry": {
        "type": "Polygon",
        "coordinates": [[[-73.9924852, 40.7499502], [-73.9924787, 40.7499474], [-73.9924751, 40.7499522], [-73.9924817, 40.749955], [-73.9924852, 40.7499502]]]
      }
    },
    {
      "type": "Feature",
      "properties": {
        "level": "platform",
        "type": "column",
        "platform": "5",
        "source": "PCIP Phase 2 Appendix A, sheet A-001, November 2020, PDF page 45"
      },
      "geometry": {
        "type": "Polygon",
        "coordinates": [[[-73.992429, 40.7499264], [-73.9924227, 40.7499237], [-73.9924192, 40.7499285], [-73.9924255, 40.7499312], [-73.992429, 40.7499264]]]
      }
    },
    {
      "type": "Feature",
      "properties": {
        "level": "platform",
        "type": "column",
        "platform": "5",
        "source": "PCIP Phase 2 Appendix A, sheet A-001, November 2020, PDF page 45"
      },
      "geometry": {
        "type": "Polygon",
        "coordinates": [[[-73.9926185, 40.7500065], [-73.9926122, 40.7500038], [-73.9926086, 40.7500086], [-73.992615, 40.7500113], [-73.9926185, 40.7500065]]]
      }
    },
    {
      "type": "Feature",
      "properties": {
        "level": "platform",
        "type": "column",
        "platform": "5",
        "source": "PCIP Phase 2 Appendix A, sheet A-001, November 2020, PDF page 45"
      },
      "geometry": {
        "type": "Polygon",
        "coordinates": [[[-73.9925554, 40.7499797], [-73.9925491, 40.7499771], [-73.9925455, 40.7499818], [-73.9925518, 40.7499845], [-73.9925554, 40.7499797]]]
      }
    },
    {
      "type": "Feature",
      "properties": {
        "level": "platform",
        "type": "column",
        "platform": "5",
        "source": "PCIP Phase 2 Appendix A, sheet A-001, November 2020, PDF page 45"
      },
      "geometry": {
        "type": "Polygon",
        "coordinates": [[[-73.9926851, 40.7500345], [-73.9926788, 40.7500318], [-73.9926752, 40.7500366], [-73.9926815, 40.7500393], [-73.9926851, 40.7500345]]]
      }
    },
    {
      "type": "Feature",
      "properties": {
        "level": "platform",
        "type": "column",
        "platform": "5",
        "source": "PCIP Phase 2 Appendix A, sheet A-001, November 2020, PDF page 45"
      },
      "geometry": {
        "type": "Polygon",
        "coordinates": [[[-73.992996, 40.7501588], [-73.9929876, 40.7501552], [-73.9929829, 40.7501616], [-73.9929913, 40.7501652], [-73.992996, 40.7501588]]]
      }
    },
    {
      "type": "Feature",
      "properties": {
        "level": "platform",
        "type": "column",
        "platform": "5",
        "source": "PCIP Phase 2 Appendix A, sheet A-001, November 2020, PDF page 45"
      },
      "geometry": {
        "type": "Polygon",
        "coordinates": [[[-73.9922835, 40.7498542], [-73.9922771, 40.7498515], [-73.9922736, 40.7498563], [-73.9922799, 40.749859], [-73.9922835, 40.7498542]]]
      }
    },
    {
      "type": "Feature",
      "properties": {
        "level": "platform",
        "type": "column",
        "platform": "5",
        "source": "PCIP Phase 2 Appendix A, sheet A-001, November 2020, PDF page 45"
      },
      "geometry": {
        "type": "Polygon",
        "coordinates": [[[-73.9937113, 40.7504593], [-73.993705, 40.7504567], [-73.9937015, 40.7504614], [-73.9937078, 40.7504641], [-73.9937113, 40.7504593]]]
      }
    },
    {
      "type": "Feature",
      "properties": {
        "level": "platform",
        "type": "column",
        "platform": "5",
        "source": "PCIP Phase 2 Appendix A, sheet A-001, November 2020, PDF page 45"
      },
      "geometry": {
        "type": "Polygon",
        "coordinates": [[[-73.9936478, 40.7504324], [-73.9936415, 40.7504297], [-73.993638, 40.7504345], [-73.9936443, 40.7504372], [-73.9936478, 40.7504324]]]
      }
    },
    {
      "type": "Feature",
      "properties": {
        "level": "platform",
        "type": "column",
        "platform": "5",
        "source": "PCIP Phase 2 Appendix A, sheet A-001, November 2020, PDF page 45"
      },
      "geometry": {
        "type": "Polygon",
        "coordinates": [[[-73.9938314, 40.75051], [-73.9938251, 40.7505073], [-73.9938215, 40.7505121], [-73.9938278, 40.7505148], [-73.9938314, 40.75051]]]
      }
    },
    {
      "type": "Feature",
      "properties": {
        "level": "platform",
        "type": "column",
        "platform": "5",
        "source": "PCIP Phase 2 Appendix A, sheet A-001, November 2020, PDF page 45"
      },
      "geometry": {
        "type": "Polygon",
        "coordinates": [[[-73.9937727, 40.7504851], [-73.9937664, 40.7504825], [-73.9937628, 40.7504872], [-73.9937691, 40.7504899], [-73.9937727, 40.7504851]]]
      }
    },
    {
      "type": "Feature",
      "properties": {
        "level": "platform",
        "type": "column",
        "platform": "5",
        "source": "PCIP Phase 2 Appendix A, sheet A-001, November 2020, PDF page 45"
      },
      "geometry": {
        "type": "Polygon",
        "coordinates": [[[-73.9928142, 40.75008], [-73.9928089, 40.7500778], [-73.9928061, 40.7500816], [-73.9928113, 40.7500839], [-73.9928142, 40.75008]]]
      }
    },
    {
      "type": "Feature",
      "properties": {
        "level": "platform",
        "type": "column",
        "platform": "5",
        "source": "PCIP Phase 2 Appendix A, sheet A-001, November 2020, PDF page 45"
      },
      "geometry": {
        "type": "Polygon",
        "coordinates": [[[-73.9939585, 40.7505637], [-73.9939522, 40.7505611], [-73.9939487, 40.7505658], [-73.993955, 40.7505685], [-73.9939585, 40.7505637]]]
      }
    },
    {
      "type": "Feature",
      "properties": {
        "level": "platform",
        "type": "column",
        "platform": "5",
        "source": "PCIP Phase 2 Appendix A, sheet A-001, November 2020, PDF page 45"
      },
      "geometry": {
        "type": "Polygon",
        "coordinates": [[[-73.9938967, 40.7505375], [-73.9938904, 40.7505348], [-73.9938869, 40.7505396], [-73.9938932, 40.7505423], [-73.9938967, 40.7505375]]]
      }
    },
    {
      "type": "Feature",
      "properties": {
        "level": "platform",
        "type": "column",
        "platform": "5",
        "source": "PCIP Phase 2 Appendix A, sheet A-001, November 2020, PDF page 45"
      },
      "geometry": {
        "type": "Polygon",
        "coordinates": [[[-73.993428, 40.7503388], [-73.9934217, 40.7503361], [-73.9934182, 40.7503409], [-73.9934245, 40.7503436], [-73.993428, 40.7503388]]]
      }
    },
    {
      "type": "Feature",
      "properties": {
        "level": "platform",
        "type": "column",
        "platform": "5",
        "source": "PCIP Phase 2 Appendix A, sheet A-001, November 2020, PDF page 45"
      },
      "geometry": {
        "type": "Polygon",
        "coordinates": [[[-73.9935592, 40.7503942], [-73.9935529, 40.7503915], [-73.9935493, 40.7503963], [-73.9935556, 40.750399], [-73.9935592, 40.7503942]]]
      }
    },
    {
      "type": "Feature",
      "properties": {
        "level": "platform",
        "type": "column",
        "platform": "5",
        "source": "PCIP Phase 2 Appendix A, sheet A-001, November 2020, PDF page 45"
      },
      "geometry": {
        "type": "Polygon",
        "coordinates": [[[-73.9935171, 40.7503764], [-73.9935108, 40.7503737], [-73.9935073, 40.7503785], [-73.9935136, 40.7503812], [-73.9935171, 40.7503764]]]
      }
    },
    {
      "type": "Feature",
      "properties": {
        "level": "platform",
        "type": "column",
        "platform": "5",
        "source": "PCIP Phase 2 Appendix A, sheet A-001, November 2020, PDF page 45"
      },
      "geometry": {
        "type": "Polygon",
        "coordinates": [[[-73.9924137, 40.7499038], [-73.9924074, 40.7499011], [-73.9924039, 40.7499059], [-73.9924102, 40.7499086], [-73.9924137, 40.7499038]]]
      }
    },
    {
      "type": "Feature",
      "properties": {
        "level": "platform",
        "type": "column",
        "platform": "5",
        "source": "PCIP Phase 2 Appendix A, sheet A-001, November 2020, PDF page 45"
      },
      "geometry": {
        "type": "Polygon",
        "coordinates": [[[-73.9923396, 40.7498724], [-73.9923333, 40.7498697], [-73.9923298, 40.7498745], [-73.9923361, 40.7498772], [-73.9923396, 40.7498724]]]
      }
    },
    {
      "type": "Feature",
      "properties": {
        "level": "platform",
        "type": "column",
        "platform": "5",
        "source": "PCIP Phase 2 Appendix A, sheet A-001, November 2020, PDF page 45"
      },
      "geometry": {
        "type": "Polygon",
        "coordinates": [[[-73.9922427, 40.7498241], [-73.9922332, 40.7498201], [-73.9922276, 40.7498278], [-73.992237, 40.7498318], [-73.9922427, 40.7498241]]]
      }
    },
    {
      "type": "Feature",
      "properties": {
        "level": "platform",
        "type": "column",
        "platform": "5",
        "source": "PCIP Phase 2 Appendix A, sheet A-001, November 2020, PDF page 45"
      },
      "geometry": {
        "type": "Polygon",
        "coordinates": [[[-73.9922642, 40.7498335], [-73.9922579, 40.7498308], [-73.9922544, 40.7498356], [-73.9922607, 40.7498383], [-73.9922642, 40.7498335]]]
      }
    },
    {
      "type": "Feature",
      "properties": {
        "level": "platform",
        "type": "column",
        "platform": "5",
        "source": "PCIP Phase 2 Appendix A, sheet A-001, November 2020, PDF page 45"
      },
      "geometry": {
        "type": "Polygon",
        "coordinates": [[[-73.9924249, 40.7499014], [-73.9924185, 40.7498987], [-73.992415, 40.7499035], [-73.9924213, 40.7499062], [-73.9924249, 40.7499014]]]
      }
    },
    {
      "type": "Feature",
      "properties": {
        "level": "platform",
        "type": "column",
        "platform": "5",
        "source": "PCIP Phase 2 Appendix A, sheet A-001, November 2020, PDF page 45"
      },
      "geometry": {
        "type": "Polygon",
        "coordinates": [[[-73.9933475, 40.7502892], [-73.993338, 40.7502852], [-73.9933326, 40.7502925], [-73.9933421, 40.7502965], [-73.9933475, 40.7502892]]]
      }
    },
    {
      "type": "Feature",
      "properties": {
        "level": "platform",
        "type": "column",
        "platform": "5",
        "source": "PCIP Phase 2 Appendix A, sheet A-001, November 2020, PDF page 45"
      },
      "geometry": {
        "type": "Polygon",
        "coordinates": [[[-73.992523, 40.7499428], [-73.9925167, 40.7499401], [-73.9925132, 40.7499449], [-73.9925195, 40.7499476], [-73.992523, 40.7499428]]]
      }
    },
    {
      "type": "Feature",
      "properties": {
        "level": "platform",
        "type": "column",
        "platform": "5",
        "source": "PCIP Phase 2 Appendix A, sheet A-001, November 2020, PDF page 45"
      },
      "geometry": {
        "type": "Polygon",
        "coordinates": [[[-73.992329, 40.7498606], [-73.9923227, 40.7498579], [-73.9923192, 40.7498627], [-73.9923255, 40.7498653], [-73.992329, 40.7498606]]]
      }
    },
    {
      "type": "Feature",
      "properties": {
        "level": "platform",
        "type": "column",
        "platform": "5",
        "source": "PCIP Phase 2 Appendix A, sheet A-001, November 2020, PDF page 45"
      },
      "geometry": {
        "type": "Polygon",
        "coordinates": [[[-73.9926188, 40.7499832], [-73.9926125, 40.7499805], [-73.992609, 40.7499853], [-73.9926153, 40.749988], [-73.9926188, 40.7499832]]]
      }
    },
    {
      "type": "Feature",
      "properties": {
        "level": "platform",
        "type": "column",
        "platform": "5",
        "source": "PCIP Phase 2 Appendix A, sheet A-001, November 2020, PDF page 45"
      },
      "geometry": {
        "type": "Polygon",
        "coordinates": [[[-73.9929183, 40.75011], [-73.9929118, 40.7501072], [-73.9929083, 40.750112], [-73.9929148, 40.7501147], [-73.9929183, 40.75011]]]
      }
    },
    {
      "type": "Feature",
      "properties": {
        "level": "platform",
        "type": "column",
        "platform": "5",
        "source": "PCIP Phase 2 Appendix A, sheet A-001, November 2020, PDF page 45"
      },
      "geometry": {
        "type": "Polygon",
        "coordinates": [[[-73.9927153, 40.7500239], [-73.992709, 40.7500212], [-73.9927055, 40.750026], [-73.9927118, 40.7500287], [-73.9927153, 40.7500239]]]
      }
    },
    {
      "type": "Feature",
      "properties": {
        "level": "platform",
        "type": "column",
        "platform": "5",
        "source": "PCIP Phase 2 Appendix A, sheet A-001, November 2020, PDF page 45"
      },
      "geometry": {
        "type": "Polygon",
        "coordinates": [[[-73.9929759, 40.7501341], [-73.9929695, 40.7501315], [-73.992966, 40.7501362], [-73.9929723, 40.7501389], [-73.9929759, 40.7501341]]]
      }
    },
    {
      "type": "Feature",
      "properties": {
        "level": "platform",
        "type": "column",
        "platform": "5",
        "source": "PCIP Phase 2 Appendix A, sheet A-001, November 2020, PDF page 45"
      },
      "geometry": {
        "type": "Polygon",
        "coordinates": [[[-73.9928867, 40.7500951], [-73.9928796, 40.7500921], [-73.9928755, 40.7500977], [-73.9928826, 40.7501007], [-73.9928867, 40.7500951]]]
      }
    },
    {
      "type": "Feature",
      "properties": {
        "level": "platform",
        "type": "column",
        "platform": "5",
        "source": "PCIP Phase 2 Appendix A, sheet A-001, November 2020, PDF page 45"
      },
      "geometry": {
        "type": "Polygon",
        "coordinates": [[[-73.9933718, 40.7503016], [-73.9933655, 40.7502989], [-73.9933619, 40.7503037], [-73.9933683, 40.7503064], [-73.9933718, 40.7503016]]]
      }
    },
    {
      "type": "Feature",
      "properties": {
        "level": "platform",
        "type": "column",
        "platform": "5",
        "source": "PCIP Phase 2 Appendix A, sheet A-001, November 2020, PDF page 45"
      },
      "geometry": {
        "type": "Polygon",
        "coordinates": [[[-73.9951375, 40.75105], [-73.995131, 40.7510472], [-73.9951275, 40.751052], [-73.995134, 40.7510547], [-73.9951375, 40.75105]]]
      }
    },
    {
      "type": "Feature",
      "properties": {
        "level": "platform",
        "type": "column",
        "platform": "5",
        "source": "PCIP Phase 2 Appendix A, sheet A-001, November 2020, PDF page 45"
      },
      "geometry": {
        "type": "Polygon",
        "coordinates": [[[-73.992473, 40.7499099], [-73.9924659, 40.7499068], [-73.9924619, 40.7499123], [-73.992469, 40.7499153], [-73.992473, 40.7499099]]]
      }
    },
    {
      "type": "Feature",
      "properties": {
        "level": "platform",
        "type": "column",
        "platform": "5",
        "source": "PCIP Phase 2 Appendix A, sheet A-001, November 2020, PDF page 45"
      },
      "geometry": {
        "type": "Polygon",
        "coordinates": [[[-73.9934419, 40.75032], [-73.9934354, 40.7503172], [-73.9934318, 40.750322], [-73.9934384, 40.7503248], [-73.9934419, 40.75032]]]
      }
    },
    {
      "type": "Feature",
      "properties": {
        "level": "platform",
        "type": "column",
        "platform": "5",
        "source": "PCIP Phase 2 Appendix A, sheet A-001, November 2020, PDF page 45"
      },
      "geometry": {
        "type": "Polygon",
        "coordinates": [[[-73.9937868, 40.750466], [-73.9937805, 40.7504633], [-73.993777, 40.7504681], [-73.9937833, 40.7504708], [-73.9937868, 40.750466]]]
      }
    },
    {
      "type": "Feature",
      "properties": {
        "level": "platform",
        "type": "column",
        "platform": "5",
        "source": "PCIP Phase 2 Appendix A, sheet A-001, November 2020, PDF page 45"
      },
      "geometry": {
        "type": "Polygon",
        "coordinates": [[[-73.9937256, 40.7504401], [-73.9937193, 40.7504374], [-73.9937157, 40.7504422], [-73.9937221, 40.7504448], [-73.9937256, 40.7504401]]]
      }
    },
    {
      "type": "Feature",
      "properties": {
        "level": "platform",
        "type": "column",
        "platform": "5",
        "source": "PCIP Phase 2 Appendix A, sheet A-001, November 2020, PDF page 45"
      },
      "geometry": {
        "type": "Polygon",
        "coordinates": [[[-73.9935731, 40.7503754], [-73.9935668, 40.7503727], [-73.9935632, 40.7503775], [-73.9935695, 40.7503802], [-73.9935731, 40.7503754]]]
      }
    },
    {
      "type": "Feature",
      "properties": {
        "level": "platform",
        "type": "column",
        "platform": "5",
        "source": "PCIP Phase 2 Appendix A, sheet A-001, November 2020, PDF page 45"
      },
      "geometry": {
        "type": "Polygon",
        "coordinates": [[[-73.993531, 40.7503576], [-73.9935247, 40.7503549], [-73.9935211, 40.7503597], [-73.9935275, 40.7503623], [-73.993531, 40.7503576]]]
      }
    },
    {
      "type": "Feature",
      "properties": {
        "level": "platform",
        "type": "column",
        "platform": "5",
        "source": "PCIP Phase 2 Appendix A, sheet A-001, November 2020, PDF page 45"
      },
      "geometry": {
        "type": "Polygon",
        "coordinates": [[[-73.9939108, 40.7505184], [-73.9939045, 40.7505157], [-73.993901, 40.7505205], [-73.9939073, 40.7505232], [-73.9939108, 40.7505184]]]
      }
    },
    {
      "type": "Feature",
      "properties": {
        "level": "platform",
        "type": "column",
        "platform": "5",
        "source": "PCIP Phase 2 Appendix A, sheet A-001, November 2020, PDF page 45"
      },
      "geometry": {
        "type": "Polygon",
        "coordinates": [[[-73.9938456, 40.7504907], [-73.9938393, 40.7504881], [-73.9938358, 40.7504928], [-73.9938421, 40.7504955], [-73.9938456, 40.7504907]]]
      }
    },
    {
      "type": "Feature",
      "properties": {
        "level": "platform",
        "type": "column",
        "platform": "5",
        "source": "PCIP Phase 2 Appendix A, sheet A-001, November 2020, PDF page 45"
      },
      "geometry": {
        "type": "Polygon",
        "coordinates": [[[-73.9939728, 40.7505444], [-73.9939665, 40.7505418], [-73.9939629, 40.7505466], [-73.9939693, 40.7505492], [-73.9939728, 40.7505444]]]
      }
    },
    {
      "type": "Feature",
      "properties": {
        "level": "platform",
        "type": "column",
        "platform": "5",
        "source": "PCIP Phase 2 Appendix A, sheet A-001, November 2020, PDF page 45"
      },
      "geometry": {
        "type": "Polygon",
        "coordinates": [[[-73.99406, 40.7505812], [-73.9940537, 40.7505785], [-73.99405, 40.7505835], [-73.9940564, 40.7505861], [-73.99406, 40.7505812]]]
      }
    },
    {
      "type": "Feature",
      "properties": {
        "level": "platform",
        "type": "column",
        "platform": "5",
        "source": "PCIP Phase 2 Appendix A, sheet A-001, November 2020, PDF page 45"
      },
      "geometry": {
        "type": "Polygon",
        "coordinates": [[[-73.9936625, 40.7504125], [-73.9936562, 40.7504098], [-73.9936527, 40.7504146], [-73.993659, 40.7504173], [-73.9936625, 40.7504125]]]
      }
    },
    {
      "type": "Feature",
      "properties": {
        "level": "platform",
        "type": "column",
        "platform": "5",
        "source": "PCIP Phase 2 Appendix A, sheet A-001, November 2020, PDF page 45"
      },
      "geometry": {
        "type": "Polygon",
        "coordinates": [[[-73.9928287, 40.75006], [-73.9928236, 40.7500579], [-73.9928208, 40.7500617], [-73.9928258, 40.7500638], [-73.9928287, 40.75006]]]
      }
    },
    {
      "type": "Feature",
      "properties": {
        "level": "platform",
        "type": "column",
        "platform": "5",
        "source": "PCIP Phase 2 Appendix A, sheet A-001, November 2020, PDF page 45"
      },
      "geometry": {
        "type": "Polygon",
        "coordinates": [[[-73.9936766, 40.7504166], [-73.9936695, 40.7504136], [-73.9936655, 40.750419], [-73.9936726, 40.750422], [-73.9936766, 40.7504166]]]
      }
    },
    {
      "type": "Feature",
      "properties": {
        "level": "platform",
        "type": "column",
        "platform": "5",
        "source": "PCIP Phase 2 Appendix A, sheet A-001, November 2020, PDF page 45"
      },
      "geometry": {
        "type": "Polygon",
        "coordinates": [[[-73.9923398, 40.7498471], [-73.9923335, 40.7498444], [-73.99233, 40.7498492], [-73.9923363, 40.7498519], [-73.9923398, 40.7498471]]]
      }
    },
    {
      "type": "Feature",
      "properties": {
        "level": "platform",
        "type": "column",
        "platform": "5",
        "source": "PCIP Phase 2 Appendix A, sheet A-001, November 2020, PDF page 45"
      },
      "geometry": {
        "type": "Polygon",
        "coordinates": [[[-73.9927261, 40.7500082], [-73.9927208, 40.7500059], [-73.9927181, 40.7500096], [-73.9927234, 40.7500118], [-73.9927261, 40.7500082]]]
      }
    },
    {
      "type": "Feature",
      "properties": {
        "level": "platform",
        "type": "column",
        "platform": "4",
        "source": "PCIP Phase 2 Appendix A, sheet A-001, November 2020, PDF page 45"
      },
      "geometry": {
        "type": "Polygon",
        "coordinates": [[[-73.9925194, 40.7498142], [-73.992513, 40.7498115], [-73.9925095, 40.7498163], [-73.9925158, 40.749819], [-73.9925194, 40.7498142]]]
      }
    },
    {
      "type": "Feature",
      "properties": {
        "level": "platform",
        "type": "column",
        "platform": "4",
        "source": "PCIP Phase 2 Appendix A, sheet A-001, November 2020, PDF page 45"
      },
      "geometry": {
        "type": "Polygon",
        "coordinates": [[[-73.9924962, 40.7498044], [-73.9924899, 40.7498017], [-73.9924864, 40.7498065], [-73.9924927, 40.7498092], [-73.9924962, 40.7498044]]]
      }
    },
    {
      "type": "Feature",
      "properties": {
        "level": "platform",
        "type": "column",
        "platform": "4",
        "source": "PCIP Phase 2 Appendix A, sheet A-001, November 2020, PDF page 45"
      },
      "geometry": {
        "type": "Polygon",
        "coordinates": [[[-73.9927666, 40.7499186], [-73.99276, 40.7499158], [-73.9927565, 40.7499206], [-73.992763, 40.7499234], [-73.9927666, 40.7499186]]]
      }
    },
    {
      "type": "Feature",
      "properties": {
        "level": "platform",
        "type": "column",
        "platform": "4",
        "source": "PCIP Phase 2 Appendix A, sheet A-001, November 2020, PDF page 45"
      },
      "geometry": {
        "type": "Polygon",
        "coordinates": [[[-73.9925817, 40.7498402], [-73.9925751, 40.7498374], [-73.9925716, 40.7498422], [-73.9925781, 40.749845], [-73.9925817, 40.7498402]]]
      }
    },
    {
      "type": "Feature",
      "properties": {
        "level": "platform",
        "type": "column",
        "platform": "4",
        "source": "PCIP Phase 2 Appendix A, sheet A-001, November 2020, PDF page 45"
      },
      "geometry": {
        "type": "Polygon",
        "coordinates": [[[-73.9926434, 40.7498662], [-73.9926371, 40.7498635], [-73.9926336, 40.7498683], [-73.9926399, 40.749871], [-73.9926434, 40.7498662]]]
      }
    },
    {
      "type": "Feature",
      "properties": {
        "level": "platform",
        "type": "column",
        "platform": "4",
        "source": "PCIP Phase 2 Appendix A, sheet A-001, November 2020, PDF page 45"
      },
      "geometry": {
        "type": "Polygon",
        "coordinates": [[[-73.9927854, 40.7499278], [-73.99278, 40.7499255], [-73.9927772, 40.7499292], [-73.9927827, 40.7499315], [-73.9927854, 40.7499278]]]
      }
    },
    {
      "type": "Feature",
      "properties": {
        "level": "platform",
        "type": "column",
        "platform": "4",
        "source": "PCIP Phase 2 Appendix A, sheet A-001, November 2020, PDF page 45"
      },
      "geometry": {
        "type": "Polygon",
        "coordinates": [[[-73.9925949, 40.7498448], [-73.9925886, 40.7498421], [-73.992585, 40.7498469], [-73.9925913, 40.7498495], [-73.9925949, 40.7498448]]]
      }
    },
    {
      "type": "Feature",
      "properties": {
        "level": "platform",
        "type": "column",
        "platform": "4",
        "source": "PCIP Phase 2 Appendix A, sheet A-001, November 2020, PDF page 45"
      },
      "geometry": {
        "type": "Polygon",
        "coordinates": [[[-73.9943005, 40.750563], [-73.9942942, 40.7505604], [-73.9942907, 40.7505651], [-73.994297, 40.7505678], [-73.9943005, 40.750563]]]
      }
    },
    {
      "type": "Feature",
      "properties": {
        "level": "platform",
        "type": "column",
        "platform": "4",
        "source": "PCIP Phase 2 Appendix A, sheet A-001, November 2020, PDF page 45"
      },
      "geometry": {
        "type": "Polygon",
        "coordinates": [[[-73.9935105, 40.7502267], [-73.993504, 40.7502239], [-73.9935005, 40.7502287], [-73.993507, 40.7502315], [-73.9935105, 40.7502267]]]
      }
    },
    {
      "type": "Feature",
      "properties": {
        "level": "platform",
        "type": "column",
        "platform": "4",
        "source": "PCIP Phase 2 Appendix A, sheet A-001, November 2020, PDF page 45"
      },
      "geometry": {
        "type": "Polygon",
        "coordinates": [[[-73.9941275, 40.750488], [-73.9941209, 40.7504852], [-73.9941173, 40.7504902], [-73.9941238, 40.750493], [-73.9941275, 40.750488]]]
      }
    },
    {
      "type": "Feature",
      "properties": {
        "level": "platform",
        "type": "column",
        "platform": "4",
        "source": "PCIP Phase 2 Appendix A, sheet A-001, November 2020, PDF page 45"
      },
      "geometry": {
        "type": "Polygon",
        "coordinates": [[[-73.9936357, 40.7502793], [-73.9936294, 40.7502767], [-73.9936259, 40.7502814], [-73.9936322, 40.7502841], [-73.9936357, 40.7502793]]]
      }
    },
    {
      "type": "Feature",
      "properties": {
        "level": "platform",
        "type": "column",
        "platform": "4",
        "source": "PCIP Phase 2 Appendix A, sheet A-001, November 2020, PDF page 45"
      },
      "geometry": {
        "type": "Polygon",
        "coordinates": [[[-73.9935897, 40.7502598], [-73.9935834, 40.7502571], [-73.9935798, 40.7502619], [-73.9935861, 40.7502646], [-73.9935897, 40.7502598]]]
      }
    },
    {
      "type": "Feature",
      "properties": {
        "level": "platform",
        "type": "column",
        "platform": "4",
        "source": "PCIP Phase 2 Appendix A, sheet A-001, November 2020, PDF page 45"
      },
      "geometry": {
        "type": "Polygon",
        "coordinates": [[[-73.9937309, 40.7503195], [-73.9937244, 40.7503167], [-73.9937209, 40.7503215], [-73.9937274, 40.7503243], [-73.9937309, 40.7503195]]]
      }
    },
    {
      "type": "Feature",
      "properties": {
        "level": "platform",
        "type": "column",
        "platform": "4",
        "source": "PCIP Phase 2 Appendix A, sheet A-001, November 2020, PDF page 45"
      },
      "geometry": {
        "type": "Polygon",
        "coordinates": [[[-73.9936992, 40.750306], [-73.9936929, 40.7503033], [-73.9936893, 40.7503081], [-73.9936957, 40.7503108], [-73.9936992, 40.750306]]]
      }
    },
    {
      "type": "Feature",
      "properties": {
        "level": "platform",
        "type": "column",
        "platform": "4",
        "source": "PCIP Phase 2 Appendix A, sheet A-001, November 2020, PDF page 45"
      },
      "geometry": {
        "type": "Polygon",
        "coordinates": [[[-73.9937946, 40.7503463], [-73.9937883, 40.7503436], [-73.9937848, 40.7503484], [-73.9937911, 40.750351], [-73.9937946, 40.7503463]]]
      }
    },
    {
      "type": "Feature",
      "properties": {
        "level": "platform",
        "type": "column",
        "platform": "4",
        "source": "PCIP Phase 2 Appendix A, sheet A-001, November 2020, PDF page 45"
      },
      "geometry": {
        "type": "Polygon",
        "coordinates": [[[-73.9939146, 40.7503969], [-73.9939083, 40.7503943], [-73.9939048, 40.750399], [-73.9939111, 40.7504017], [-73.9939146, 40.7503969]]]
      }
    },
    {
      "type": "Feature",
      "properties": {
        "level": "platform",
        "type": "column",
        "platform": "4",
        "source": "PCIP Phase 2 Appendix A, sheet A-001, November 2020, PDF page 45"
      },
      "geometry": {
        "type": "Polygon",
        "coordinates": [[[-73.9938559, 40.7503721], [-73.9938496, 40.7503694], [-73.9938461, 40.7503742], [-73.9938524, 40.7503768], [-73.9938559, 40.7503721]]]
      }
    },
    {
      "type": "Feature",
      "properties": {
        "level": "platform",
        "type": "column",
        "platform": "4",
        "source": "PCIP Phase 2 Appendix A, sheet A-001, November 2020, PDF page 45"
      },
      "geometry": {
        "type": "Polygon",
        "coordinates": [[[-73.9940418, 40.7504506], [-73.9940355, 40.750448], [-73.994032, 40.7504528], [-73.9940383, 40.7504554], [-73.9940418, 40.7504506]]]
      }
    },
    {
      "type": "Feature",
      "properties": {
        "level": "platform",
        "type": "column",
        "platform": "4",
        "source": "PCIP Phase 2 Appendix A, sheet A-001, November 2020, PDF page 45"
      },
      "geometry": {
        "type": "Polygon",
        "coordinates": [[[-73.99398, 40.7504244], [-73.9939736, 40.7504218], [-73.9939701, 40.7504265], [-73.9939764, 40.7504292], [-73.99398, 40.7504244]]]
      }
    },
    {
      "type": "Feature",
      "properties": {
        "level": "platform",
        "type": "column",
        "platform": "4",
        "source": "PCIP Phase 2 Appendix A, sheet A-001, November 2020, PDF page 45"
      },
      "geometry": {
        "type": "Polygon",
        "coordinates": [[[-73.9931361, 40.7500623], [-73.9931277, 40.7500587], [-73.993123, 40.7500651], [-73.9931314, 40.7500687], [-73.9931361, 40.7500623]]]
      }
    },
    {
      "type": "Feature",
      "properties": {
        "level": "platform",
        "type": "column",
        "platform": "4",
        "source": "PCIP Phase 2 Appendix A, sheet A-001, November 2020, PDF page 45"
      },
      "geometry": {
        "type": "Polygon",
        "coordinates": [[[-73.995154, 40.7509178], [-73.9951474, 40.750915], [-73.9951438, 40.7509199], [-73.9951503, 40.7509227], [-73.995154, 40.7509178]]]
      }
    },
    {
      "type": "Feature",
      "properties": {
        "level": "platform",
        "type": "column",
        "platform": "4",
        "source": "PCIP Phase 2 Appendix A, sheet A-001, November 2020, PDF page 45"
      },
      "geometry": {
        "type": "Polygon",
        "coordinates": [[[-73.9952152, 40.7509437], [-73.9952089, 40.750941], [-73.9952053, 40.7509458], [-73.9952117, 40.7509485], [-73.9952152, 40.7509437]]]
      }
    },
    {
      "type": "Feature",
      "properties": {
        "level": "platform",
        "type": "column",
        "platform": "4",
        "source": "PCIP Phase 2 Appendix A, sheet A-001, November 2020, PDF page 45"
      },
      "geometry": {
        "type": "Polygon",
        "coordinates": [[[-73.9941058, 40.7504732], [-73.9940995, 40.7504705], [-73.994096, 40.7504753], [-73.9941023, 40.750478], [-73.9941058, 40.7504732]]]
      }
    },
    {
      "type": "Feature",
      "properties": {
        "level": "platform",
        "type": "column",
        "platform": "4",
        "source": "PCIP Phase 2 Appendix A, sheet A-001, November 2020, PDF page 45"
      },
      "geometry": {
        "type": "Polygon",
        "coordinates": [[[-73.9954115, 40.7510265], [-73.995405, 40.7510237], [-73.9954014, 40.7510285], [-73.9954079, 40.7510313], [-73.9954115, 40.7510265]]]
      }
    },
    {
      "type": "Feature",
      "properties": {
        "level": "platform",
        "type": "column",
        "platform": "4",
        "source": "PCIP Phase 2 Appendix A, sheet A-001, November 2020, PDF page 45"
      },
      "geometry": {
        "type": "Polygon",
        "coordinates": [[[-73.9935422, 40.7502332], [-73.9935363, 40.7502307], [-73.993533, 40.7502352], [-73.9935389, 40.7502377], [-73.9935422, 40.7502332]]]
      }
    },
    {
      "type": "Feature",
      "properties": {
        "level": "platform",
        "type": "column",
        "platform": "4",
        "source": "PCIP Phase 2 Appendix A, sheet A-001, November 2020, PDF page 45"
      },
      "geometry": {
        "type": "Polygon",
        "coordinates": [[[-73.9926987, 40.7498739], [-73.9926924, 40.7498713], [-73.9926889, 40.749876], [-73.9926952, 40.7498787], [-73.9926987, 40.7498739]]]
      }
    },
    {
      "type": "Feature",
      "properties": {
        "level": "platform",
        "type": "column",
        "platform": "4",
        "source": "PCIP Phase 2 Appendix A, sheet A-001, November 2020, PDF page 45"
      },
      "geometry": {
        "type": "Polygon",
        "coordinates": [[[-73.9930944, 40.7500402], [-73.9930881, 40.7500375], [-73.9930845, 40.7500425], [-73.9930908, 40.7500452], [-73.9930944, 40.7500402]]]
      }
    },
    {
      "type": "Feature",
      "properties": {
        "level": "platform",
        "type": "column",
        "platform": "4",
        "source": "PCIP Phase 2 Appendix A, sheet A-001, November 2020, PDF page 45"
      },
      "geometry": {
        "type": "Polygon",
        "coordinates": [[[-73.9931783, 40.7500756], [-73.9931719, 40.7500729], [-73.9931683, 40.7500778], [-73.9931746, 40.7500805], [-73.9931783, 40.7500756]]]
      }
    },
    {
      "type": "Feature",
      "properties": {
        "level": "platform",
        "type": "column",
        "platform": "4",
        "source": "PCIP Phase 2 Appendix A, sheet A-001, November 2020, PDF page 45"
      },
      "geometry": {
        "type": "Polygon",
        "coordinates": [[[-73.9932433, 40.7501031], [-73.993237, 40.7501004], [-73.9932334, 40.7501052], [-73.9932397, 40.7501079], [-73.9932433, 40.7501031]]]
      }
    },
    {
      "type": "Feature",
      "properties": {
        "level": "platform",
        "type": "column",
        "platform": "4",
        "source": "PCIP Phase 2 Appendix A, sheet A-001, November 2020, PDF page 45"
      },
      "geometry": {
        "type": "Polygon",
        "coordinates": [[[-73.9933751, 40.7501584], [-73.9933688, 40.7501557], [-73.9933653, 40.7501605], [-73.9933716, 40.7501632], [-73.9933751, 40.7501584]]]
      }
    },
    {
      "type": "Feature",
      "properties": {
        "level": "platform",
        "type": "column",
        "platform": "4",
        "source": "PCIP Phase 2 Appendix A, sheet A-001, November 2020, PDF page 45"
      },
      "geometry": {
        "type": "Polygon",
        "coordinates": [[[-73.9933082, 40.75013], [-73.9933019, 40.7501273], [-73.9932984, 40.7501321], [-73.9933047, 40.7501348], [-73.9933082, 40.75013]]]
      }
    },
    {
      "type": "Feature",
      "properties": {
        "level": "platform",
        "type": "column",
        "platform": "4",
        "source": "PCIP Phase 2 Appendix A, sheet A-001, November 2020, PDF page 45"
      },
      "geometry": {
        "type": "Polygon",
        "coordinates": [[[-73.9928819, 40.7499476], [-73.9928747, 40.7499446], [-73.9928707, 40.74995], [-73.9928779, 40.749953], [-73.9928819, 40.7499476]]]
      }
    },
    {
      "type": "Feature",
      "properties": {
        "level": "platform",
        "type": "column",
        "platform": "4",
        "source": "PCIP Phase 2 Appendix A, sheet A-001, November 2020, PDF page 45"
      },
      "geometry": {
        "type": "Polygon",
        "coordinates": [[[-73.9927172, 40.7498774], [-73.9927109, 40.7498747], [-73.9927073, 40.7498795], [-73.9927137, 40.7498821], [-73.9927172, 40.7498774]]]
      }
    },
    {
      "type": "Feature",
      "properties": {
        "level": "platform",
        "type": "column",
        "platform": "4",
        "source": "PCIP Phase 2 Appendix A, sheet A-001, November 2020, PDF page 45"
      },
      "geometry": {
        "type": "Polygon",
        "coordinates": [[[-73.9939464, 40.7503962], [-73.9939392, 40.7503931], [-73.9939352, 40.7503986], [-73.9939424, 40.7504016], [-73.9939464, 40.7503962]]]
      }
    },
    {
      "type": "Feature",
      "properties": {
        "level": "platform",
        "type": "column",
        "platform": "4",
        "source": "PCIP Phase 2 Appendix A, sheet A-001, November 2020, PDF page 45"
      },
      "geometry": {
        "type": "Polygon",
        "coordinates": [[[-73.9927985, 40.7499097], [-73.9927933, 40.7499075], [-73.9927905, 40.7499112], [-73.9927958, 40.7499134], [-73.9927985, 40.7499097]]]
      }
    },
    {
      "type": "Feature",
      "properties": {
        "level": "platform",
        "type": "column",
        "platform": "4",
        "source": "PCIP Phase 2 Appendix A, sheet A-001, November 2020, PDF page 45"
      },
      "geometry": {
        "type": "Polygon",
        "coordinates": [[[-73.993548, 40.7502254], [-73.9935421, 40.7502229], [-73.9935388, 40.7502273], [-73.9935447, 40.7502298], [-73.993548, 40.7502254]]]
      }
    },
    {
      "type": "Feature",
      "properties": {
        "level": "platform",
        "type": "column",
        "platform": "4",
        "source": "PCIP Phase 2 Appendix A, sheet A-001, November 2020, PDF page 45"
      },
      "geometry": {
        "type": "Polygon",
        "coordinates": [[[-73.9930042, 40.7499926], [-73.9929979, 40.7499899], [-73.9929942, 40.7499948], [-73.9930006, 40.7499975], [-73.9930042, 40.7499926]]]
      }
    },
    {
      "type": "Feature",
      "properties": {
        "level": "platform",
        "type": "column",
        "platform": "4",
        "source": "PCIP Phase 2 Appendix A, sheet A-001, November 2020, PDF page 45"
      },
      "geometry": {
        "type": "Polygon",
        "coordinates": [[[-73.9929091, 40.7499518], [-73.9929028, 40.7499492], [-73.9928993, 40.7499539], [-73.9929056, 40.7499566], [-73.9929091, 40.7499518]]]
      }
    },
    {
      "type": "Feature",
      "properties": {
        "level": "platform",
        "type": "column",
        "platform": "4",
        "source": "PCIP Phase 2 Appendix A, sheet A-001, November 2020, PDF page 45"
      },
      "geometry": {
        "type": "Polygon",
        "coordinates": [[[-73.9935242, 40.7502078], [-73.9935179, 40.7502051], [-73.9935144, 40.7502099], [-73.9935207, 40.7502126], [-73.9935242, 40.7502078]]]
      }
    },
    {
      "type": "Feature",
      "properties": {
        "level": "platform",
        "type": "column",
        "platform": "4",
        "source": "PCIP Phase 2 Appendix A, sheet A-001, November 2020, PDF page 45"
      },
      "geometry": {
        "type": "Polygon",
        "coordinates": [[[-73.993713, 40.7502876], [-73.9937067, 40.7502849], [-73.9937032, 40.7502897], [-73.9937095, 40.7502924], [-73.993713, 40.7502876]]]
      }
    },
    {
      "type": "Feature",
      "properties": {
        "level": "platform",
        "type": "column",
        "platform": "4",
        "source": "PCIP Phase 2 Appendix A, sheet A-001, November 2020, PDF page 45"
      },
      "geometry": {
        "type": "Polygon",
        "coordinates": [[[-73.993808, 40.7503277], [-73.9938017, 40.750325], [-73.9937982, 40.7503298], [-73.9938045, 40.7503325], [-73.993808, 40.7503277]]]
      }
    },
    {
      "type": "Feature",
      "properties": {
        "level": "platform",
        "type": "column",
        "platform": "4",
        "source": "PCIP Phase 2 Appendix A, sheet A-001, November 2020, PDF page 45"
      },
      "geometry": {
        "type": "Polygon",
        "coordinates": [[[-73.9937447, 40.7503008], [-73.9937384, 40.7502982], [-73.9937349, 40.7503029], [-73.9937412, 40.7503056], [-73.9937447, 40.7503008]]]
      }
    },
    {
      "type": "Feature",
      "properties": {
        "level": "platform",
        "type": "column",
        "platform": "4",
        "source": "PCIP Phase 2 Appendix A, sheet A-001, November 2020, PDF page 45"
      },
      "geometry": {
        "type": "Polygon",
        "coordinates": [[[-73.9936034, 40.7502409], [-73.993597, 40.7502382], [-73.9935935, 40.750243], [-73.9935998, 40.7502457], [-73.9936034, 40.7502409]]]
      }
    },
    {
      "type": "Feature",
      "properties": {
        "level": "platform",
        "type": "column",
        "platform": "4",
        "source": "PCIP Phase 2 Appendix A, sheet A-001, November 2020, PDF page 45"
      },
      "geometry": {
        "type": "Polygon",
        "coordinates": [[[-73.9939283, 40.7503785], [-73.993922, 40.7503758], [-73.9939184, 40.7503806], [-73.9939247, 40.7503832], [-73.9939283, 40.7503785]]]
      }
    },
    {
      "type": "Feature",
      "properties": {
        "level": "platform",
        "type": "column",
        "platform": "4",
        "source": "PCIP Phase 2 Appendix A, sheet A-001, November 2020, PDF page 45"
      },
      "geometry": {
        "type": "Polygon",
        "coordinates": [[[-73.9938696, 40.7503536], [-73.9938633, 40.7503509], [-73.9938597, 40.7503557], [-73.9938661, 40.7503584], [-73.9938696, 40.7503536]]]
      }
    },
    {
      "type": "Feature",
      "properties": {
        "level": "platform",
        "type": "column",
        "platform": "4",
        "source": "PCIP Phase 2 Appendix A, sheet A-001, November 2020, PDF page 45"
      },
      "geometry": {
        "type": "Polygon",
        "coordinates": [[[-73.9936498, 40.7502604], [-73.9936434, 40.7502577], [-73.9936399, 40.7502625], [-73.9936462, 40.7502652], [-73.9936498, 40.7502604]]]
      }
    },
    {
      "type": "Feature",
      "properties": {
        "level": "platform",
        "type": "column",
        "platform": "4",
        "source": "PCIP Phase 2 Appendix A, sheet A-001, November 2020, PDF page 45"
      },
      "geometry": {
        "type": "Polygon",
        "coordinates": [[[-73.9949809, 40.7508245], [-73.9949746, 40.7508218], [-73.9949709, 40.7508268], [-73.9949772, 40.7508294], [-73.9949809, 40.7508245]]]
      }
    },
    {
      "type": "Feature",
      "properties": {
        "level": "platform",
        "type": "column",
        "platform": "4",
        "source": "PCIP Phase 2 Appendix A, sheet A-001, November 2020, PDF page 45"
      },
      "geometry": {
        "type": "Polygon",
        "coordinates": [[[-73.9940552, 40.7504321], [-73.9940489, 40.7504294], [-73.9940454, 40.7504342], [-73.9940517, 40.7504369], [-73.9940552, 40.7504321]]]
      }
    },
    {
      "type": "Feature",
      "properties": {
        "level": "platform",
        "type": "column",
        "platform": "4",
        "source": "PCIP Phase 2 Appendix A, sheet A-001, November 2020, PDF page 45"
      },
      "geometry": {
        "type": "Polygon",
        "coordinates": [[[-73.9939934, 40.7504059], [-73.9939871, 40.7504032], [-73.9939836, 40.750408], [-73.9939899, 40.7504106], [-73.9939934, 40.7504059]]]
      }
    },
    {
      "type": "Feature",
      "properties": {
        "level": "platform",
        "type": "column",
        "platform": "4",
        "source": "PCIP Phase 2 Appendix A, sheet A-001, November 2020, PDF page 45"
      },
      "geometry": {
        "type": "Polygon",
        "coordinates": [[[-73.994117, 40.750458], [-73.9941107, 40.7504554], [-73.9941072, 40.7504602], [-73.9941135, 40.7504628], [-73.994117, 40.750458]]]
      }
    },
    {
      "type": "Feature",
      "properties": {
        "level": "platform",
        "type": "column",
        "platform": "3",
        "source": "PCIP Phase 2 Appendix A, sheet A-001, November 2020, PDF page 45"
      },
      "geometry": {
        "type": "Polygon",
        "coordinates": [[[-73.9927221, 40.7497589], [-73.9927158, 40.7497562], [-73.9927123, 40.749761], [-73.9927186, 40.7497637], [-73.9927221, 40.7497589]]]
      }
    },
    {
      "type": "Feature",
      "properties": {
        "level": "platform",
        "type": "column",
        "platform": "3",
        "source": "PCIP Phase 2 Appendix A, sheet A-001, November 2020, PDF page 45"
      },
      "geometry": {
        "type": "Polygon",
        "coordinates": [[[-73.9933081, 40.7499948], [-73.9932993, 40.749991], [-73.9932943, 40.7499977], [-73.9933032, 40.7500015], [-73.9933081, 40.7499948]]]
      }
    },
    {
      "type": "Feature",
      "properties": {
        "level": "platform",
        "type": "column",
        "platform": "3",
        "source": "PCIP Phase 2 Appendix A, sheet A-001, November 2020, PDF page 45"
      },
      "geometry": {
        "type": "Polygon",
        "coordinates": [[[-73.9928724, 40.7498115], [-73.9928661, 40.7498089], [-73.9928626, 40.7498137], [-73.9928689, 40.7498163], [-73.9928724, 40.7498115]]]
      }
    },
    {
      "type": "Feature",
      "properties": {
        "level": "platform",
        "type": "column",
        "platform": "3",
        "source": "PCIP Phase 2 Appendix A, sheet A-001, November 2020, PDF page 45"
      },
      "geometry": {
        "type": "Polygon",
        "coordinates": [[[-73.9930755, 40.7498972], [-73.9930692, 40.7498945], [-73.9930656, 40.7498993], [-73.9930719, 40.749902], [-73.9930755, 40.7498972]]]
      }
    },
    {
      "type": "Feature",
      "properties": {
        "level": "platform",
        "type": "column",
        "platform": "3",
        "source": "PCIP Phase 2 Appendix A, sheet A-001, November 2020, PDF page 45"
      },
      "geometry": {
        "type": "Polygon",
        "coordinates": [[[-73.9932273, 40.7499613], [-73.993221, 40.7499587], [-73.9932174, 40.7499634], [-73.9932237, 40.7499661], [-73.9932273, 40.7499613]]]
      }
    },
    {
      "type": "Feature",
      "properties": {
        "level": "platform",
        "type": "column",
        "platform": "3",
        "source": "PCIP Phase 2 Appendix A, sheet A-001, November 2020, PDF page 45"
      },
      "geometry": {
        "type": "Polygon",
        "coordinates": [[[-73.9932104, 40.7499542], [-73.9932041, 40.7499515], [-73.9932006, 40.7499563], [-73.9932069, 40.749959], [-73.9932104, 40.7499542]]]
      }
    },
    {
      "type": "Feature",
      "properties": {
        "level": "platform",
        "type": "column",
        "platform": "3",
        "source": "PCIP Phase 2 Appendix A, sheet A-001, November 2020, PDF page 45"
      },
      "geometry": {
        "type": "Polygon",
        "coordinates": [[[-73.9931713, 40.7499376], [-73.993165, 40.7499349], [-73.9931615, 40.7499397], [-73.9931678, 40.7499424], [-73.9931713, 40.7499376]]]
      }
    },
    {
      "type": "Feature",
      "properties": {
        "level": "platform",
        "type": "column",
        "platform": "3",
        "source": "PCIP Phase 2 Appendix A, sheet A-001, November 2020, PDF page 45"
      },
      "geometry": {
        "type": "Polygon",
        "coordinates": [[[-73.9932787, 40.7499829], [-73.9932724, 40.7499803], [-73.9932689, 40.7499851], [-73.9932752, 40.7499877], [-73.9932787, 40.7499829]]]
      }
    },
    {
      "type": "Feature",
      "properties": {
        "level": "platform",
        "type": "column",
        "platform": "3",
        "source": "PCIP Phase 2 Appendix A, sheet A-001, November 2020, PDF page 45"
      },
      "geometry": {
        "type": "Polygon",
        "coordinates": [[[-73.9929796, 40.7498561], [-73.9929733, 40.7498534], [-73.9929697, 40.7498582], [-73.992976, 40.7498609], [-73.9929796, 40.7498561]]]
      }
    },
    {
      "type": "Feature",
      "properties": {
        "level": "platform",
        "type": "column",
        "platform": "3",
        "source": "PCIP Phase 2 Appendix A, sheet A-001, November 2020, PDF page 45"
      },
      "geometry": {
        "type": "Polygon",
        "coordinates": [[[-73.9934993, 40.7500763], [-73.993493, 40.7500736], [-73.9934895, 40.7500784], [-73.9934958, 40.750081], [-73.9934993, 40.7500763]]]
      }
    },
    {
      "type": "Feature",
      "properties": {
        "level": "platform",
        "type": "column",
        "platform": "3",
        "source": "PCIP Phase 2 Appendix A, sheet A-001, November 2020, PDF page 45"
      },
      "geometry": {
        "type": "Polygon",
        "coordinates": [[[-73.9934753, 40.7500661], [-73.993469, 40.7500634], [-73.9934655, 40.7500682], [-73.9934718, 40.7500709], [-73.9934753, 40.7500661]]]
      }
    },
    {
      "type": "Feature",
      "properties": {
        "level": "platform",
        "type": "column",
        "platform": "3",
        "source": "PCIP Phase 2 Appendix A, sheet A-001, November 2020, PDF page 45"
      },
      "geometry": {
        "type": "Polygon",
        "coordinates": [[[-73.9934301, 40.7500469], [-73.9934238, 40.7500442], [-73.9934202, 40.750049], [-73.9934266, 40.7500517], [-73.9934301, 40.7500469]]]
      }
    },
    {
      "type": "Feature",
      "properties": {
        "level": "platform",
        "type": "column",
        "platform": "3",
        "source": "PCIP Phase 2 Appendix A, sheet A-001, November 2020, PDF page 45"
      },
      "geometry": {
        "type": "Polygon",
        "coordinates": [[[-73.9933838, 40.7500273], [-73.9933775, 40.7500246], [-73.993374, 40.7500294], [-73.9933803, 40.7500321], [-73.9933838, 40.7500273]]]
      }
    },
    {
      "type": "Feature",
      "properties": {
        "level": "platform",
        "type": "column",
        "platform": "3",
        "source": "PCIP Phase 2 Appendix A, sheet A-001, November 2020, PDF page 45"
      },
      "geometry": {
        "type": "Polygon",
        "coordinates": [[[-73.993319, 40.7499998], [-73.9933127, 40.7499971], [-73.9933092, 40.7500019], [-73.9933155, 40.7500046], [-73.993319, 40.7499998]]]
      }
    },
    {
      "type": "Feature",
      "properties": {
        "level": "platform",
        "type": "column",
        "platform": "3",
        "source": "PCIP Phase 2 Appendix A, sheet A-001, November 2020, PDF page 45"
      },
      "geometry": {
        "type": "Polygon",
        "coordinates": [[[-73.993532, 40.7500899], [-73.9935257, 40.7500872], [-73.9935221, 40.7500922], [-73.9935284, 40.7500949], [-73.993532, 40.7500899]]]
      }
    },
    {
      "type": "Feature",
      "properties": {
        "level": "platform",
        "type": "column",
        "platform": "3",
        "source": "PCIP Phase 2 Appendix A, sheet A-001, November 2020, PDF page 45"
      },
      "geometry": {
        "type": "Polygon",
        "coordinates": [[[-73.9935921, 40.7501152], [-73.9935858, 40.7501125], [-73.9935822, 40.7501173], [-73.9935886, 40.75012], [-73.9935921, 40.7501152]]]
      }
    },
    {
      "type": "Feature",
      "properties": {
        "level": "platform",
        "type": "column",
        "platform": "3",
        "source": "PCIP Phase 2 Appendix A, sheet A-001, November 2020, PDF page 45"
      },
      "geometry": {
        "type": "Polygon",
        "coordinates": [[[-73.9936774, 40.7501511], [-73.9936711, 40.7501485], [-73.9936676, 40.7501532], [-73.9936739, 40.7501559], [-73.9936774, 40.7501511]]]
      }
    },
    {
      "type": "Feature",
      "properties": {
        "level": "platform",
        "type": "column",
        "platform": "3",
        "source": "PCIP Phase 2 Appendix A, sheet A-001, November 2020, PDF page 45"
      },
      "geometry": {
        "type": "Polygon",
        "coordinates": [[[-73.9938128, 40.7502083], [-73.9938065, 40.7502056], [-73.9938029, 40.7502104], [-73.9938093, 40.7502131], [-73.9938128, 40.7502083]]]
      }
    },
    {
      "type": "Feature",
      "properties": {
        "level": "platform",
        "type": "column",
        "platform": "3",
        "source": "PCIP Phase 2 Appendix A, sheet A-001, November 2020, PDF page 45"
      },
      "geometry": {
        "type": "Polygon",
        "coordinates": [[[-73.9939417, 40.7502627], [-73.9939353, 40.7502601], [-73.9939318, 40.7502648], [-73.9939381, 40.7502675], [-73.9939417, 40.7502627]]]
      }
    },
    {
      "type": "Feature",
      "properties": {
        "level": "platform",
        "type": "column",
        "platform": "3",
        "source": "PCIP Phase 2 Appendix A, sheet A-001, November 2020, PDF page 45"
      },
      "geometry": {
        "type": "Polygon",
        "coordinates": [[[-73.9939011, 40.7502455], [-73.9938947, 40.7502429], [-73.9938912, 40.7502476], [-73.9938975, 40.7502503], [-73.9939011, 40.7502455]]]
      }
    },
    {
      "type": "Feature",
      "properties": {
        "level": "platform",
        "type": "column",
        "platform": "3",
        "source": "PCIP Phase 2 Appendix A, sheet A-001, November 2020, PDF page 45"
      },
      "geometry": {
        "type": "Polygon",
        "coordinates": [[[-73.9938762, 40.750235], [-73.9938699, 40.7502323], [-73.9938664, 40.7502371], [-73.9938727, 40.7502398], [-73.9938762, 40.750235]]]
      }
    },
    {
      "type": "Feature",
      "properties": {
        "level": "platform",
        "type": "column",
        "platform": "3",
        "source": "PCIP Phase 2 Appendix A, sheet A-001, November 2020, PDF page 45"
      },
      "geometry": {
        "type": "Polygon",
        "coordinates": [[[-73.9940615, 40.7503133], [-73.9940552, 40.7503107], [-73.9940516, 40.7503154], [-73.9940579, 40.7503181], [-73.9940615, 40.7503133]]]
      }
    },
    {
      "type": "Feature",
      "properties": {
        "level": "platform",
        "type": "column",
        "platform": "3",
        "source": "PCIP Phase 2 Appendix A, sheet A-001, November 2020, PDF page 45"
      },
      "geometry": {
        "type": "Polygon",
        "coordinates": [[[-73.9940493, 40.7503082], [-73.994043, 40.7503055], [-73.9940394, 40.7503103], [-73.9940457, 40.7503129], [-73.9940493, 40.7503082]]]
      }
    },
    {
      "type": "Feature",
      "properties": {
        "level": "platform",
        "type": "column",
        "platform": "3",
        "source": "PCIP Phase 2 Appendix A, sheet A-001, November 2020, PDF page 45"
      },
      "geometry": {
        "type": "Polygon",
        "coordinates": [[[-73.9940366, 40.7503028], [-73.9940303, 40.7503001], [-73.9940268, 40.7503049], [-73.9940331, 40.7503076], [-73.9940366, 40.7503028]]]
      }
    },
    {
      "type": "Feature",
      "properties": {
        "level": "platform",
        "type": "column",
        "platform": "3",
        "source": "PCIP Phase 2 Appendix A, sheet A-001, November 2020, PDF page 45"
      },
      "geometry": {
        "type": "Polygon",
        "coordinates": [[[-73.9940165, 40.7502942], [-73.9940101, 40.7502916], [-73.9940066, 40.7502964], [-73.9940129, 40.750299], [-73.9940165, 40.7502942]]]
      }
    },
    {
      "type": "Feature",
      "properties": {
        "level": "platform",
        "type": "column",
        "platform": "3",
        "source": "PCIP Phase 2 Appendix A, sheet A-001, November 2020, PDF page 45"
      },
      "geometry": {
        "type": "Polygon",
        "coordinates": [[[-73.9939965, 40.7502858], [-73.9939902, 40.7502831], [-73.9939866, 40.7502879], [-73.9939929, 40.7502906], [-73.9939965, 40.7502858]]]
      }
    },
    {
      "type": "Feature",
      "properties": {
        "level": "platform",
        "type": "column",
        "platform": "3",
        "source": "PCIP Phase 2 Appendix A, sheet A-001, November 2020, PDF page 45"
      },
      "geometry": {
        "type": "Polygon",
        "coordinates": [[[-73.9927929, 40.7497745], [-73.9927864, 40.7497717], [-73.9927829, 40.7497765], [-73.9927894, 40.7497793], [-73.9927929, 40.7497745]]]
      }
    },
    {
      "type": "Feature",
      "properties": {
        "level": "platform",
        "type": "column",
        "platform": "3",
        "source": "PCIP Phase 2 Appendix A, sheet A-001, November 2020, PDF page 45"
      },
      "geometry": {
        "type": "Polygon",
        "coordinates": [[[-73.9928549, 40.7498005], [-73.9928486, 40.7497979], [-73.992845, 40.7498026], [-73.9928513, 40.7498053], [-73.9928549, 40.7498005]]]
      }
    },
    {
      "type": "Feature",
      "properties": {
        "level": "platform",
        "type": "column",
        "platform": "3",
        "source": "PCIP Phase 2 Appendix A, sheet A-001, November 2020, PDF page 45"
      },
      "geometry": {
        "type": "Polygon",
        "coordinates": [[[-73.9954909, 40.7509175], [-73.9954846, 40.7509148], [-73.995481, 40.7509197], [-73.9954873, 40.7509224], [-73.9954909, 40.7509175]]]
      }
    },
    {
      "type": "Feature",
      "properties": {
        "level": "platform",
        "type": "column",
        "platform": "3",
        "source": "PCIP Phase 2 Appendix A, sheet A-001, November 2020, PDF page 45"
      },
      "geometry": {
        "type": "Polygon",
        "coordinates": [[[-73.9929609, 40.7498403], [-73.9929538, 40.7498372], [-73.9929497, 40.7498426], [-73.9929569, 40.7498457], [-73.9929609, 40.7498403]]]
      }
    },
    {
      "type": "Feature",
      "properties": {
        "level": "platform",
        "type": "column",
        "platform": "3",
        "source": "PCIP Phase 2 Appendix A, sheet A-001, November 2020, PDF page 45"
      },
      "geometry": {
        "type": "Polygon",
        "coordinates": [[[-73.9940299, 40.7502843], [-73.9940219, 40.7502809], [-73.9940174, 40.7502869], [-73.9940254, 40.7502903], [-73.9940299, 40.7502843]]]
      }
    },
    {
      "type": "Feature",
      "properties": {
        "level": "platform",
        "type": "column",
        "platform": "3",
        "source": "PCIP Phase 2 Appendix A, sheet A-001, November 2020, PDF page 45"
      },
      "geometry": {
        "type": "Polygon",
        "coordinates": [[[-73.9952419, 40.7507976], [-73.9952356, 40.750795], [-73.995232, 40.7507997], [-73.9952383, 40.7508024], [-73.9952419, 40.7507976]]]
      }
    },
    {
      "type": "Feature",
      "properties": {
        "level": "platform",
        "type": "column",
        "platform": "3",
        "source": "PCIP Phase 2 Appendix A, sheet A-001, November 2020, PDF page 45"
      },
      "geometry": {
        "type": "Polygon",
        "coordinates": [[[-73.9950616, 40.7507137], [-73.9950553, 40.750711], [-73.9950518, 40.7507158], [-73.9950581, 40.7507185], [-73.9950616, 40.7507137]]]
      }
    },
    {
      "type": "Feature",
      "properties": {
        "level": "platform",
        "type": "column",
        "platform": "3",
        "source": "PCIP Phase 2 Appendix A, sheet A-001, November 2020, PDF page 45"
      },
      "geometry": {
        "type": "Polygon",
        "coordinates": [[[-73.9951972, 40.750771], [-73.9951909, 40.7507683], [-73.9951874, 40.7507731], [-73.9951937, 40.7507757], [-73.9951972, 40.750771]]]
      }
    },
    {
      "type": "Feature",
      "properties": {
        "level": "platform",
        "type": "column",
        "platform": "3",
        "source": "PCIP Phase 2 Appendix A, sheet A-001, November 2020, PDF page 45"
      },
      "geometry": {
        "type": "Polygon",
        "coordinates": [[[-73.9941377, 40.7503201], [-73.9941314, 40.7503174], [-73.9941278, 40.7503222], [-73.9941342, 40.7503249], [-73.9941377, 40.7503201]]]
      }
    },
    {
      "type": "Feature",
      "properties": {
        "level": "platform",
        "type": "column",
        "platform": "3",
        "source": "PCIP Phase 2 Appendix A, sheet A-001, November 2020, PDF page 45"
      },
      "geometry": {
        "type": "Polygon",
        "coordinates": [[[-73.9937417, 40.7501516], [-73.9937354, 40.7501489], [-73.9937319, 40.7501537], [-73.9937382, 40.7501564], [-73.9937417, 40.7501516]]]
      }
    },
    {
      "type": "Feature",
      "properties": {
        "level": "platform",
        "type": "column",
        "platform": "3",
        "source": "PCIP Phase 2 Appendix A, sheet A-001, November 2020, PDF page 45"
      },
      "geometry": {
        "type": "Polygon",
        "coordinates": [[[-73.9938912, 40.7502148], [-73.9938849, 40.7502121], [-73.9938813, 40.7502169], [-73.9938877, 40.7502195], [-73.9938912, 40.7502148]]]
      }
    },
    {
      "type": "Feature",
      "properties": {
        "level": "platform",
        "type": "column",
        "platform": "3",
        "source": "PCIP Phase 2 Appendix A, sheet A-001, November 2020, PDF page 45"
      },
      "geometry": {
        "type": "Polygon",
        "coordinates": [[[-73.9938279, 40.7501879], [-73.9938216, 40.7501852], [-73.993818, 40.75019], [-73.9938243, 40.7501927], [-73.9938279, 40.7501879]]]
      }
    },
    {
      "type": "Feature",
      "properties": {
        "level": "platform",
        "type": "column",
        "platform": "3",
        "source": "PCIP Phase 2 Appendix A, sheet A-001, November 2020, PDF page 45"
      },
      "geometry": {
        "type": "Polygon",
        "coordinates": [[[-73.9940114, 40.7502655], [-73.9940051, 40.7502629], [-73.9940015, 40.7502678], [-73.9940078, 40.7502705], [-73.9940114, 40.7502655]]]
      }
    },
    {
      "type": "Feature",
      "properties": {
        "level": "platform",
        "type": "column",
        "platform": "3",
        "source": "PCIP Phase 2 Appendix A, sheet A-001, November 2020, PDF page 45"
      },
      "geometry": {
        "type": "Polygon",
        "coordinates": [[[-73.9939567, 40.7502423], [-73.9939504, 40.7502397], [-73.9939469, 40.7502445], [-73.9939532, 40.7502471], [-73.9939567, 40.7502423]]]
      }
    },
    {
      "type": "Feature",
      "properties": {
        "level": "platform",
        "type": "column",
        "platform": "3",
        "source": "PCIP Phase 2 Appendix A, sheet A-001, November 2020, PDF page 45"
      },
      "geometry": {
        "type": "Polygon",
        "coordinates": [[[-73.9940765, 40.7502929], [-73.9940702, 40.7502903], [-73.9940667, 40.750295], [-73.994073, 40.7502977], [-73.9940765, 40.7502929]]]
      }
    },
    {
      "type": "Feature",
      "properties": {
        "level": "platform",
        "type": "column",
        "platform": "3",
        "source": "PCIP Phase 2 Appendix A, sheet A-001, November 2020, PDF page 45"
      },
      "geometry": {
        "type": "Polygon",
        "coordinates": [[[-73.9942281, 40.7503522], [-73.9942218, 40.7503495], [-73.9942183, 40.7503543], [-73.9942246, 40.7503569], [-73.9942281, 40.7503522]]]
      }
    },
    {
      "type": "Feature",
      "properties": {
        "level": "platform",
        "type": "column",
        "platform": "3",
        "source": "PCIP Phase 2 Appendix A, sheet A-001, November 2020, PDF page 45"
      },
      "geometry": {
        "type": "Polygon",
        "coordinates": [[[-73.9942132, 40.7503458], [-73.9942068, 40.7503432], [-73.9942033, 40.7503479], [-73.9942096, 40.7503506], [-73.9942132, 40.7503458]]]
      }
    },
    {
      "type": "Feature",
      "properties": {
        "level": "platform",
        "type": "column",
        "platform": "3",
        "source": "PCIP Phase 2 Appendix A, sheet A-001, November 2020, PDF page 45"
      },
      "geometry": {
        "type": "Polygon",
        "coordinates": [[[-73.9933927, 40.749998], [-73.9933864, 40.7499953], [-73.9933829, 40.7500001], [-73.9933892, 40.7500028], [-73.9933927, 40.749998]]]
      }
    },
    {
      "type": "Feature",
      "properties": {
        "level": "platform",
        "type": "column",
        "platform": "2",
        "source": "PCIP Phase 2 Appendix A, sheet A-001, November 2020, PDF page 45"
      },
      "geometry": {
        "type": "Polygon",
        "coordinates": [[[-73.9924429, 40.7494978], [-73.9924364, 40.749495], [-73.9924328, 40.7494998], [-73.9924393, 40.7495026], [-73.9924429, 40.7494978]]]
      }
    },
    {
      "type": "Feature",
      "properties": {
        "level": "platform",
        "type": "column",
        "platform": "2",
        "source": "PCIP Phase 2 Appendix A, sheet A-001, November 2020, PDF page 45"
      },
      "geometry": {
        "type": "Polygon",
        "coordinates": [[[-73.9923749, 40.749469], [-73.9923686, 40.7494663], [-73.9923651, 40.7494711], [-73.9923714, 40.7494738], [-73.9923749, 40.749469]]]
      }
    },
    {
      "type": "Feature",
      "properties": {
        "level": "platform",
        "type": "column",
        "platform": "2",
        "source": "PCIP Phase 2 Appendix A, sheet A-001, November 2020, PDF page 45"
      },
      "geometry": {
        "type": "Polygon",
        "coordinates": [[[-73.9925543, 40.7495448], [-73.992548, 40.7495421], [-73.9925444, 40.7495469], [-73.9925507, 40.7495496], [-73.9925543, 40.7495448]]]
      }
    },
    {
      "type": "Feature",
      "properties": {
        "level": "platform",
        "type": "column",
        "platform": "2",
        "source": "PCIP Phase 2 Appendix A, sheet A-001, November 2020, PDF page 45"
      },
      "geometry": {
        "type": "Polygon",
        "coordinates": [[[-73.9924893, 40.7495173], [-73.992483, 40.7495146], [-73.9924794, 40.7495194], [-73.9924857, 40.749522], [-73.9924893, 40.7495173]]]
      }
    },
    {
      "type": "Feature",
      "properties": {
        "level": "platform",
        "type": "column",
        "platform": "2",
        "source": "PCIP Phase 2 Appendix A, sheet A-001, November 2020, PDF page 45"
      },
      "geometry": {
        "type": "Polygon",
        "coordinates": [[[-73.9926737, 40.7495952], [-73.9926674, 40.7495925], [-73.9926638, 40.7495973], [-73.9926701, 40.7496], [-73.9926737, 40.7495952]]]
      }
    },
    {
      "type": "Feature",
      "properties": {
        "level": "platform",
        "type": "column",
        "platform": "2",
        "source": "PCIP Phase 2 Appendix A, sheet A-001, November 2020, PDF page 45"
      },
      "geometry": {
        "type": "Polygon",
        "coordinates": [[[-73.9926179, 40.7495716], [-73.9926116, 40.7495689], [-73.9926081, 40.7495737], [-73.9926144, 40.7495764], [-73.9926179, 40.7495716]]]
      }
    },
    {
      "type": "Feature",
      "properties": {
        "level": "platform",
        "type": "column",
        "platform": "2",
        "source": "PCIP Phase 2 Appendix A, sheet A-001, November 2020, PDF page 45"
      },
      "geometry": {
        "type": "Polygon",
        "coordinates": [[[-73.9927903, 40.7496445], [-73.992784, 40.7496418], [-73.9927805, 40.7496466], [-73.9927868, 40.7496493], [-73.9927903, 40.7496445]]]
      }
    },
    {
      "type": "Feature",
      "properties": {
        "level": "platform",
        "type": "column",
        "platform": "2",
        "source": "PCIP Phase 2 Appendix A, sheet A-001, November 2020, PDF page 45"
      },
      "geometry": {
        "type": "Polygon",
        "coordinates": [[[-73.9927409, 40.7496235], [-73.9927346, 40.7496208], [-73.9927311, 40.7496256], [-73.9927374, 40.7496283], [-73.9927409, 40.7496235]]]
      }
    },
    {
      "type": "Feature",
      "properties": {
        "level": "platform",
        "type": "column",
        "platform": "2",
        "source": "PCIP Phase 2 Appendix A, sheet A-001, November 2020, PDF page 45"
      },
      "geometry": {
        "type": "Polygon",
        "coordinates": [[[-73.9929301, 40.7497035], [-73.9929238, 40.7497009], [-73.9929203, 40.7497056], [-73.9929266, 40.7497083], [-73.9929301, 40.7497035]]]
      }
    },
    {
      "type": "Feature",
      "properties": {
        "level": "platform",
        "type": "column",
        "platform": "2",
        "source": "PCIP Phase 2 Appendix A, sheet A-001, November 2020, PDF page 45"
      },
      "geometry": {
        "type": "Polygon",
        "coordinates": [[[-73.9928662, 40.7496764], [-73.9928599, 40.7496737], [-73.9928563, 40.7496785], [-73.9928627, 40.7496812], [-73.9928662, 40.7496764]]]
      }
    },
    {
      "type": "Feature",
      "properties": {
        "level": "platform",
        "type": "column",
        "platform": "2",
        "source": "PCIP Phase 2 Appendix A, sheet A-001, November 2020, PDF page 45"
      },
      "geometry": {
        "type": "Polygon",
        "coordinates": [[[-73.9935792, 40.7499756], [-73.9935729, 40.7499729], [-73.9935694, 40.7499777], [-73.9935757, 40.7499803], [-73.9935792, 40.7499756]]]
      }
    },
    {
      "type": "Feature",
      "properties": {
        "level": "platform",
        "type": "column",
        "platform": "2",
        "source": "PCIP Phase 2 Appendix A, sheet A-001, November 2020, PDF page 45"
      },
      "geometry": {
        "type": "Polygon",
        "coordinates": [[[-73.9934833, 40.7499341], [-73.993477, 40.7499314], [-73.9934735, 40.7499362], [-73.9934798, 40.7499389], [-73.9934833, 40.7499341]]]
      }
    },
    {
      "type": "Feature",
      "properties": {
        "level": "platform",
        "type": "column",
        "platform": "2",
        "source": "PCIP Phase 2 Appendix A, sheet A-001, November 2020, PDF page 45"
      },
      "geometry": {
        "type": "Polygon",
        "coordinates": [[[-73.993405, 40.7498973], [-73.9933961, 40.7498936], [-73.9933911, 40.7499004], [-73.9933999, 40.7499042], [-73.993405, 40.7498973]]]
      }
    },
    {
      "type": "Feature",
      "properties": {
        "level": "platform",
        "type": "column",
        "platform": "2",
        "source": "PCIP Phase 2 Appendix A, sheet A-001, November 2020, PDF page 45"
      },
      "geometry": {
        "type": "Polygon",
        "coordinates": [[[-73.9938038, 40.750062], [-73.9937975, 40.7500593], [-73.9937939, 40.7500641], [-73.9938002, 40.7500668], [-73.9938038, 40.750062]]]
      }
    },
    {
      "type": "Feature",
      "properties": {
        "level": "platform",
        "type": "column",
        "platform": "2",
        "source": "PCIP Phase 2 Appendix A, sheet A-001, November 2020, PDF page 45"
      },
      "geometry": {
        "type": "Polygon",
        "coordinates": [[[-73.9938943, 40.7500976], [-73.993888, 40.750095], [-73.9938844, 40.7500997], [-73.9938908, 40.7501024], [-73.9938943, 40.7500976]]]
      }
    },
    {
      "type": "Feature",
      "properties": {
        "level": "platform",
        "type": "column",
        "platform": "2",
        "source": "PCIP Phase 2 Appendix A, sheet A-001, November 2020, PDF page 45"
      },
      "geometry": {
        "type": "Polygon",
        "coordinates": [[[-73.9939825, 40.7501348], [-73.9939762, 40.7501322], [-73.9939727, 40.7501369], [-73.993979, 40.7501396], [-73.9939825, 40.7501348]]]
      }
    },
    {
      "type": "Feature",
      "properties": {
        "level": "platform",
        "type": "column",
        "platform": "2",
        "source": "PCIP Phase 2 Appendix A, sheet A-001, November 2020, PDF page 45"
      },
      "geometry": {
        "type": "Polygon",
        "coordinates": [[[-73.9939577, 40.7501243], [-73.9939514, 40.7501216], [-73.9939479, 40.7501264], [-73.9939542, 40.7501291], [-73.9939577, 40.7501243]]]
      }
    },
    {
      "type": "Feature",
      "properties": {
        "level": "platform",
        "type": "column",
        "platform": "2",
        "source": "PCIP Phase 2 Appendix A, sheet A-001, November 2020, PDF page 45"
      },
      "geometry": {
        "type": "Polygon",
        "coordinates": [[[-73.9939434, 40.7501183], [-73.9939371, 40.7501156], [-73.9939336, 40.7501204], [-73.9939399, 40.750123], [-73.9939434, 40.7501183]]]
      }
    },
    {
      "type": "Feature",
      "properties": {
        "level": "platform",
        "type": "column",
        "platform": "2",
        "source": "PCIP Phase 2 Appendix A, sheet A-001, November 2020, PDF page 45"
      },
      "geometry": {
        "type": "Polygon",
        "coordinates": [[[-73.9940233, 40.7501519], [-73.994017, 40.7501492], [-73.9940133, 40.7501542], [-73.9940196, 40.7501568], [-73.9940233, 40.7501519]]]
      }
    },
    {
      "type": "Feature",
      "properties": {
        "level": "platform",
        "type": "column",
        "platform": "2",
        "source": "PCIP Phase 2 Appendix A, sheet A-001, November 2020, PDF page 45"
      },
      "geometry": {
        "type": "Polygon",
        "coordinates": [[[-73.9941181, 40.7501921], [-73.9941118, 40.7501894], [-73.9941083, 40.7501942], [-73.9941146, 40.7501969], [-73.9941181, 40.7501921]]]
      }
    },
    {
      "type": "Feature",
      "properties": {
        "level": "platform",
        "type": "column",
        "platform": "2",
        "source": "PCIP Phase 2 Appendix A, sheet A-001, November 2020, PDF page 45"
      },
      "geometry": {
        "type": "Polygon",
        "coordinates": [[[-73.9941431, 40.7502025], [-73.9941368, 40.7501998], [-73.9941331, 40.7502047], [-73.9941394, 40.7502074], [-73.9941431, 40.7502025]]]
      }
    },
    {
      "type": "Feature",
      "properties": {
        "level": "platform",
        "type": "column",
        "platform": "2",
        "source": "PCIP Phase 2 Appendix A, sheet A-001, November 2020, PDF page 45"
      },
      "geometry": {
        "type": "Polygon",
        "coordinates": [[[-73.9940782, 40.7501748], [-73.9940719, 40.7501721], [-73.9940681, 40.7501772], [-73.9940744, 40.7501799], [-73.9940782, 40.7501748]]]
      }
    },
    {
      "type": "Feature",
      "properties": {
        "level": "platform",
        "type": "column",
        "platform": "2",
        "source": "PCIP Phase 2 Appendix A, sheet A-001, November 2020, PDF page 45"
      },
      "geometry": {
        "type": "Polygon",
        "coordinates": [[[-73.9942049, 40.7502287], [-73.9941986, 40.750226], [-73.9941951, 40.7502308], [-73.9942014, 40.7502335], [-73.9942049, 40.7502287]]]
      }
    },
    {
      "type": "Feature",
      "properties": {
        "level": "platform",
        "type": "column",
        "platform": "2",
        "source": "PCIP Phase 2 Appendix A, sheet A-001, November 2020, PDF page 45"
      },
      "geometry": {
        "type": "Polygon",
        "coordinates": [[[-73.9941572, 40.7502085], [-73.9941509, 40.7502058], [-73.9941473, 40.7502106], [-73.9941536, 40.7502132], [-73.9941572, 40.7502085]]]
      }
    },
    {
      "type": "Feature",
      "properties": {
        "level": "platform",
        "type": "column",
        "platform": "2",
        "source": "PCIP Phase 2 Appendix A, sheet A-001, November 2020, PDF page 45"
      },
      "geometry": {
        "type": "Polygon",
        "coordinates": [[[-73.9942924, 40.7502656], [-73.994286, 40.7502629], [-73.9942825, 40.7502677], [-73.9942888, 40.7502703], [-73.9942924, 40.7502656]]]
      }
    },
    {
      "type": "Feature",
      "properties": {
        "level": "platform",
        "type": "column",
        "platform": "2",
        "source": "PCIP Phase 2 Appendix A, sheet A-001, November 2020, PDF page 45"
      },
      "geometry": {
        "type": "Polygon",
        "coordinates": [[[-73.994233, 40.7502404], [-73.9942267, 40.7502377], [-73.9942232, 40.7502425], [-73.9942295, 40.7502452], [-73.994233, 40.7502404]]]
      }
    },
    {
      "type": "Feature",
      "properties": {
        "level": "platform",
        "type": "column",
        "platform": "2",
        "source": "PCIP Phase 2 Appendix A, sheet A-001, November 2020, PDF page 45"
      },
      "geometry": {
        "type": "Polygon",
        "coordinates": [[[-73.9922566, 40.7493977], [-73.9922503, 40.749395], [-73.9922468, 40.7493998], [-73.9922531, 40.7494025], [-73.9922566, 40.7493977]]]
      }
    },
    {
      "type": "Feature",
      "properties": {
        "level": "platform",
        "type": "column",
        "platform": "2",
        "source": "PCIP Phase 2 Appendix A, sheet A-001, November 2020, PDF page 45"
      },
      "geometry": {
        "type": "Polygon",
        "coordinates": [[[-73.9931242, 40.7497643], [-73.9931171, 40.7497612], [-73.9931131, 40.7497666], [-73.9931202, 40.7497697], [-73.9931242, 40.7497643]]]
      }
    },
    {
      "type": "Feature",
      "properties": {
        "level": "platform",
        "type": "column",
        "platform": "2",
        "source": "PCIP Phase 2 Appendix A, sheet A-001, November 2020, PDF page 45"
      },
      "geometry": {
        "type": "Polygon",
        "coordinates": [[[-73.9923171, 40.7494227], [-73.9923108, 40.74942], [-73.9923073, 40.7494248], [-73.9923136, 40.7494275], [-73.9923171, 40.7494227]]]
      }
    },
    {
      "type": "Feature",
      "properties": {
        "level": "platform",
        "type": "column",
        "platform": "2",
        "source": "PCIP Phase 2 Appendix A, sheet A-001, November 2020, PDF page 45"
      },
      "geometry": {
        "type": "Polygon",
        "coordinates": [[[-73.9923791, 40.749448], [-73.9923728, 40.7494453], [-73.9923693, 40.7494501], [-73.9923756, 40.7494527], [-73.9923791, 40.749448]]]
      }
    },
    {
      "type": "Feature",
      "properties": {
        "level": "platform",
        "type": "column",
        "platform": "2",
        "source": "PCIP Phase 2 Appendix A, sheet A-001, November 2020, PDF page 45"
      },
      "geometry": {
        "type": "Polygon",
        "coordinates": [[[-73.9921958, 40.7493671], [-73.9921895, 40.7493644], [-73.9921859, 40.7493692], [-73.9921922, 40.7493719], [-73.9921958, 40.7493671]]]
      }
    },
    {
      "type": "Feature",
      "properties": {
        "level": "platform",
        "type": "column",
        "platform": "2",
        "source": "PCIP Phase 2 Appendix A, sheet A-001, November 2020, PDF page 45"
      },
      "geometry": {
        "type": "Polygon",
        "coordinates": [[[-73.9941097, 40.7501743], [-73.9941026, 40.7501713], [-73.9940986, 40.7501767], [-73.9941057, 40.7501797], [-73.9941097, 40.7501743]]]
      }
    },
    {
      "type": "Feature",
      "properties": {
        "level": "platform",
        "type": "column",
        "platform": "2",
        "source": "PCIP Phase 2 Appendix A, sheet A-001, November 2020, PDF page 45"
      },
      "geometry": {
        "type": "Polygon",
        "coordinates": [[[-73.9937786, 40.7500258], [-73.9937721, 40.750023], [-73.9937685, 40.7500278], [-73.9937751, 40.7500306], [-73.9937786, 40.7500258]]]
      }
    },
    {
      "type": "Feature",
      "properties": {
        "level": "platform",
        "type": "column",
        "platform": "2",
        "source": "PCIP Phase 2 Appendix A, sheet A-001, November 2020, PDF page 45"
      },
      "geometry": {
        "type": "Polygon",
        "coordinates": [[[-73.9938182, 40.7500424], [-73.9938119, 40.7500397], [-73.9938083, 40.7500446], [-73.9938146, 40.7500473], [-73.9938182, 40.7500424]]]
      }
    },
    {
      "type": "Feature",
      "properties": {
        "level": "platform",
        "type": "column",
        "platform": "2",
        "source": "PCIP Phase 2 Appendix A, sheet A-001, November 2020, PDF page 45"
      },
      "geometry": {
        "type": "Polygon",
        "coordinates": [[[-73.9940921, 40.750156], [-73.9940858, 40.7501533], [-73.9940819, 40.7501585], [-73.9940882, 40.7501612], [-73.9940921, 40.750156]]]
      }
    },
    {
      "type": "Feature",
      "properties": {
        "level": "platform",
        "type": "column",
        "platform": "2",
        "source": "PCIP Phase 2 Appendix A, sheet A-001, November 2020, PDF page 45"
      },
      "geometry": {
        "type": "Polygon",
        "coordinates": [[[-73.9939227, 40.7500846], [-73.9939164, 40.7500819], [-73.9939129, 40.7500867], [-73.9939192, 40.7500894], [-73.9939227, 40.7500846]]]
      }
    },
    {
      "type": "Feature",
      "properties": {
        "level": "platform",
        "type": "column",
        "platform": "2",
        "source": "PCIP Phase 2 Appendix A, sheet A-001, November 2020, PDF page 45"
      },
      "geometry": {
        "type": "Polygon",
        "coordinates": [[[-73.9939719, 40.7501052], [-73.9939655, 40.7501025], [-73.993962, 40.7501073], [-73.9939683, 40.75011], [-73.9939719, 40.7501052]]]
      }
    },
    {
      "type": "Feature",
      "properties": {
        "level": "platform",
        "type": "column",
        "platform": "2",
        "source": "PCIP Phase 2 Appendix A, sheet A-001, November 2020, PDF page 45"
      },
      "geometry": {
        "type": "Polygon",
        "coordinates": [[[-73.9940373, 40.7501329], [-73.9940308, 40.7501302], [-73.9940272, 40.7501349], [-73.9940337, 40.7501377], [-73.9940373, 40.7501329]]]
      }
    },
    {
      "type": "Feature",
      "properties": {
        "level": "platform",
        "type": "column",
        "platform": "2",
        "source": "PCIP Phase 2 Appendix A, sheet A-001, November 2020, PDF page 45"
      },
      "geometry": {
        "type": "Polygon",
        "coordinates": [[[-73.9941712, 40.7501895], [-73.9941647, 40.7501867], [-73.9941611, 40.7501915], [-73.9941677, 40.7501943], [-73.9941712, 40.7501895]]]
      }
    },
    {
      "type": "Feature",
      "properties": {
        "level": "platform",
        "type": "column",
        "platform": "2",
        "source": "PCIP Phase 2 Appendix A, sheet A-001, November 2020, PDF page 45"
      },
      "geometry": {
        "type": "Polygon",
        "coordinates": [[[-73.9941571, 40.7501835], [-73.9941508, 40.7501808], [-73.9941472, 40.7501856], [-73.9941536, 40.7501883], [-73.9941571, 40.7501835]]]
      }
    },
    {
      "type": "Feature",
      "properties": {
        "level": "platform",
        "type": "column",
        "platform": "2",
        "source": "PCIP Phase 2 Appendix A, sheet A-001, November 2020, PDF page 45"
      },
      "geometry": {
        "type": "Polygon",
        "coordinates": [[[-73.9941323, 40.750173], [-73.994126, 40.7501703], [-73.9941224, 40.7501751], [-73.9941287, 40.7501778], [-73.9941323, 40.750173]]]
      }
    },
    {
      "type": "Feature",
      "properties": {
        "level": "platform",
        "type": "column",
        "platform": "2",
        "source": "PCIP Phase 2 Appendix A, sheet A-001, November 2020, PDF page 45"
      },
      "geometry": {
        "type": "Polygon",
        "coordinates": [[[-73.9943064, 40.7502466], [-73.9942998, 40.7502438], [-73.9942963, 40.7502486], [-73.9943028, 40.7502514], [-73.9943064, 40.7502466]]]
      }
    },
    {
      "type": "Feature",
      "properties": {
        "level": "platform",
        "type": "column",
        "platform": "2",
        "source": "PCIP Phase 2 Appendix A, sheet A-001, November 2020, PDF page 45"
      },
      "geometry": {
        "type": "Polygon",
        "coordinates": [[[-73.9942191, 40.7502096], [-73.9942127, 40.7502069], [-73.9942092, 40.7502117], [-73.9942155, 40.7502144], [-73.9942191, 40.7502096]]]
      }
    },
    {
      "type": "Feature",
      "properties": {
        "level": "platform",
        "type": "column",
        "platform": "2",
        "source": "PCIP Phase 2 Appendix A, sheet A-001, November 2020, PDF page 45"
      },
      "geometry": {
        "type": "Polygon",
        "coordinates": [[[-73.9933653, 40.7498459], [-73.993359, 40.7498433], [-73.9933554, 40.7498481], [-73.9933617, 40.7498507], [-73.9933653, 40.7498459]]]
      }
    },
    {
      "type": "Feature",
      "properties": {
        "level": "platform",
        "type": "column",
        "platform": "2",
        "source": "PCIP Phase 2 Appendix A, sheet A-001, November 2020, PDF page 45"
      },
      "geometry": {
        "type": "Polygon",
        "coordinates": [[[-73.993085, 40.7497242], [-73.9930785, 40.7497214], [-73.993075, 40.7497262], [-73.9930815, 40.749729], [-73.993085, 40.7497242]]]
      }
    },
    {
      "type": "Feature",
      "properties": {
        "level": "platform",
        "type": "column",
        "platform": "2",
        "source": "PCIP Phase 2 Appendix A, sheet A-001, November 2020, PDF page 45"
      },
      "geometry": {
        "type": "Polygon",
        "coordinates": [[[-73.9931741, 40.7497618], [-73.9931678, 40.7497591], [-73.9931643, 40.7497639], [-73.9931706, 40.7497666], [-73.9931741, 40.7497618]]]
      }
    },
    {
      "type": "Feature",
      "properties": {
        "level": "platform",
        "type": "column",
        "platform": "2",
        "source": "PCIP Phase 2 Appendix A, sheet A-001, November 2020, PDF page 45"
      },
      "geometry": {
        "type": "Polygon",
        "coordinates": [[[-73.9932658, 40.7498004], [-73.9932595, 40.7497977], [-73.9932559, 40.7498025], [-73.9932622, 40.7498052], [-73.9932658, 40.7498004]]]
      }
    },
    {
      "type": "Feature",
      "properties": {
        "level": "platform",
        "type": "column",
        "platform": "2",
        "source": "PCIP Phase 2 Appendix A, sheet A-001, November 2020, PDF page 45"
      },
      "geometry": {
        "type": "Polygon",
        "coordinates": [[[-73.9934835, 40.7498923], [-73.9934772, 40.7498896], [-73.9934737, 40.7498944], [-73.99348, 40.7498971], [-73.9934835, 40.7498923]]]
      }
    },
    {
      "type": "Feature",
      "properties": {
        "level": "platform",
        "type": "column",
        "platform": "2",
        "source": "PCIP Phase 2 Appendix A, sheet A-001, November 2020, PDF page 45"
      },
      "geometry": {
        "type": "Polygon",
        "coordinates": [[[-73.9936805, 40.7499756], [-73.993674, 40.7499729], [-73.9936705, 40.7499776], [-73.993677, 40.7499804], [-73.9936805, 40.7499756]]]
      }
    },
    {
      "type": "Feature",
      "properties": {
        "level": "platform",
        "type": "column",
        "platform": "2",
        "source": "PCIP Phase 2 Appendix A, sheet A-001, November 2020, PDF page 45"
      },
      "geometry": {
        "type": "Polygon",
        "coordinates": [[[-73.9936033, 40.7499429], [-73.993597, 40.7499402], [-73.9935935, 40.749945], [-73.9935998, 40.7499477], [-73.9936033, 40.7499429]]]
      }
    },
    {
      "type": "Feature",
      "properties": {
        "level": "platform",
        "type": "column",
        "platform": "",
        "source": "PCIP Phase 2 Appendix A, sheet A-001, November 2020, PDF page 45"
      },
      "geometry": {
        "type": "Polygon",
        "coordinates": [[[-73.9922971, 40.7493425], [-73.9922908, 40.7493398], [-73.9922873, 40.7493446], [-73.9922936, 40.7493472], [-73.9922971, 40.7493425]]]
      }
    },
    {
      "type": "Feature",
      "properties": {
        "level": "platform",
        "type": "column",
        "platform": "",
        "source": "PCIP Phase 2 Appendix A, sheet A-001, November 2020, PDF page 45"
      },
      "geometry": {
        "type": "Polygon",
        "coordinates": [[[-73.9922344, 40.7493148], [-73.9922281, 40.7493121], [-73.9922245, 40.7493169], [-73.9922309, 40.7493196], [-73.9922344, 40.7493148]]]
      }
    },
    {
      "type": "Feature",
      "properties": {
        "level": "platform",
        "type": "column",
        "platform": "1",
        "source": "PCIP Phase 2 Appendix A, sheet A-001, November 2020, PDF page 45"
      },
      "geometry": {
        "type": "Polygon",
        "coordinates": [[[-73.9922636, 40.7492749], [-73.9922573, 40.7492722], [-73.9922538, 40.749277], [-73.9922601, 40.7492797], [-73.9922636, 40.7492749]]]
      }
    },
    {
      "type": "Feature",
      "properties": {
        "level": "platform",
        "type": "column",
        "platform": "1",
        "source": "PCIP Phase 2 Appendix A, sheet A-001, November 2020, PDF page 45"
      },
      "geometry": {
        "type": "Polygon",
        "coordinates": [[[-73.9923306, 40.7492968], [-73.9923243, 40.7492941], [-73.9923207, 40.7492989], [-73.992327, 40.7493016], [-73.9923306, 40.7492968]]]
      }
    },
    {
      "type": "Feature",
      "properties": {
        "level": "platform",
        "type": "column",
        "platform": "1",
        "source": "PCIP Phase 2 Appendix A, sheet A-001, November 2020, PDF page 45"
      },
      "geometry": {
        "type": "Polygon",
        "coordinates": [[[-73.9941027, 40.7500443], [-73.9940964, 40.7500416], [-73.9940929, 40.7500464], [-73.9940992, 40.7500491], [-73.9941027, 40.7500443]]]
      }
    },
    {
      "type": "Feature",
      "properties": {
        "level": "platform",
        "type": "column",
        "platform": "1",
        "source": "PCIP Phase 2 Appendix A, sheet A-001, November 2020, PDF page 45"
      },
      "geometry": {
        "type": "Polygon",
        "coordinates": [[[-73.9940369, 40.7500164], [-73.9940306, 40.7500137], [-73.994027, 40.7500185], [-73.9940334, 40.7500212], [-73.9940369, 40.7500164]]]
      }
    },
    {
      "type": "Feature",
      "properties": {
        "level": "platform",
        "type": "column",
        "platform": "1",
        "source": "PCIP Phase 2 Appendix A, sheet A-001, November 2020, PDF page 45"
      },
      "geometry": {
        "type": "Polygon",
        "coordinates": [[[-73.9942223, 40.7500948], [-73.994216, 40.7500921], [-73.9942125, 40.7500969], [-73.9942188, 40.7500996], [-73.9942223, 40.7500948]]]
      }
    },
    {
      "type": "Feature",
      "properties": {
        "level": "platform",
        "type": "column",
        "platform": "1",
        "source": "PCIP Phase 2 Appendix A, sheet A-001, November 2020, PDF page 45"
      },
      "geometry": {
        "type": "Polygon",
        "coordinates": [[[-73.9941569, 40.7500671], [-73.9941506, 40.7500644], [-73.9941471, 40.7500692], [-73.9941534, 40.7500719], [-73.9941569, 40.7500671]]]
      }
    },
    {
      "type": "Feature",
      "properties": {
        "level": "platform",
        "type": "column",
        "platform": "1",
        "source": "PCIP Phase 2 Appendix A, sheet A-001, November 2020, PDF page 45"
      },
      "geometry": {
        "type": "Polygon",
        "coordinates": [[[-73.9923948, 40.7493175], [-73.9923885, 40.7493149], [-73.992385, 40.7493196], [-73.9923913, 40.7493223], [-73.9923948, 40.7493175]]]
      }
    },
    {
      "type": "Feature",
      "properties": {
        "level": "platform",
        "type": "column",
        "platform": "1",
        "source": "PCIP Phase 2 Appendix A, sheet A-001, November 2020, PDF page 45"
      },
      "geometry": {
        "type": "Polygon",
        "coordinates": [[[-73.992461, 40.7493368], [-73.9924547, 40.7493341], [-73.9924511, 40.7493389], [-73.9924574, 40.7493416], [-73.992461, 40.7493368]]]
      }
    },
    {
      "type": "Feature",
      "properties": {
        "level": "platform",
        "type": "column",
        "platform": "1",
        "source": "PCIP Phase 2 Appendix A, sheet A-001, November 2020, PDF page 45"
      },
      "geometry": {
        "type": "Polygon",
        "coordinates": [[[-73.9932335, 40.7496631], [-73.9932264, 40.74966], [-73.9932224, 40.7496654], [-73.9932295, 40.7496685], [-73.9932335, 40.7496631]]]
      }
    },
    {
      "type": "Feature",
      "properties": {
        "level": "platform",
        "type": "column",
        "platform": "1",
        "source": "PCIP Phase 2 Appendix A, sheet A-001, November 2020, PDF page 45"
      },
      "geometry": {
        "type": "Polygon",
        "coordinates": [[[-73.9932983, 40.7496905], [-73.993292, 40.7496879], [-73.9932885, 40.7496926], [-73.9932948, 40.7496953], [-73.9932983, 40.7496905]]]
      }
    },
    {
      "type": "Feature",
      "properties": {
        "level": "platform",
        "type": "column",
        "platform": "1",
        "source": "PCIP Phase 2 Appendix A, sheet A-001, November 2020, PDF page 45"
      },
      "geometry": {
        "type": "Polygon",
        "coordinates": [[[-73.9931869, 40.7496431], [-73.9931806, 40.7496404], [-73.9931771, 40.7496452], [-73.9931834, 40.7496479], [-73.9931869, 40.7496431]]]
      }
    },
    {
      "type": "Feature",
      "properties": {
        "level": "platform",
        "type": "column",
        "platform": "1",
        "source": "PCIP Phase 2 Appendix A, sheet A-001, November 2020, PDF page 45"
      },
      "geometry": {
        "type": "Polygon",
        "coordinates": [[[-73.9935516, 40.7497975], [-73.9935453, 40.7497948], [-73.9935418, 40.7497996], [-73.9935481, 40.7498023], [-73.9935516, 40.7497975]]]
      }
    },
    {
      "type": "Feature",
      "properties": {
        "level": "platform",
        "type": "column",
        "platform": "1",
        "source": "PCIP Phase 2 Appendix A, sheet A-001, November 2020, PDF page 45"
      },
      "geometry": {
        "type": "Polygon",
        "coordinates": [[[-73.9934882, 40.7497704], [-73.9934819, 40.7497677], [-73.9934784, 40.7497725], [-73.9934847, 40.7497752], [-73.9934882, 40.7497704]]]
      }
    },
    {
      "type": "Feature",
      "properties": {
        "level": "platform",
        "type": "column",
        "platform": "1",
        "source": "PCIP Phase 2 Appendix A, sheet A-001, November 2020, PDF page 45"
      },
      "geometry": {
        "type": "Polygon",
        "coordinates": [[[-73.9937391, 40.7498766], [-73.9937328, 40.7498739], [-73.9937292, 40.7498787], [-73.9937356, 40.7498813], [-73.9937391, 40.7498766]]]
      }
    },
    {
      "type": "Feature",
      "properties": {
        "level": "platform",
        "type": "column",
        "platform": "1",
        "source": "PCIP Phase 2 Appendix A, sheet A-001, November 2020, PDF page 45"
      },
      "geometry": {
        "type": "Polygon",
        "coordinates": [[[-73.9941855, 40.750065], [-73.9941784, 40.750062], [-73.9941744, 40.7500674], [-73.9941815, 40.7500704], [-73.9941855, 40.750065]]]
      }
    },
    {
      "type": "Feature",
      "properties": {
        "level": "platform",
        "type": "column",
        "platform": "1",
        "source": "PCIP Phase 2 Appendix A, sheet A-001, November 2020, PDF page 45"
      },
      "geometry": {
        "type": "Polygon",
        "coordinates": [[[-73.993797, 40.7499007], [-73.9937906, 40.749898], [-73.9937871, 40.7499028], [-73.9937934, 40.7499055], [-73.993797, 40.7499007]]]
      }
    },
    {
      "type": "Feature",
      "properties": {
        "level": "platform",
        "type": "column",
        "platform": "1",
        "source": "PCIP Phase 2 Appendix A, sheet A-001, November 2020, PDF page 45"
      },
      "geometry": {
        "type": "Polygon",
        "coordinates": [[[-73.9933969, 40.7497306], [-73.9933906, 40.749728], [-73.993387, 40.7497327], [-73.9933933, 40.7497354], [-73.9933969, 40.7497306]]]
      }
    },
    {
      "type": "Feature",
      "properties": {
        "level": "platform",
        "type": "column",
        "platform": "1",
        "source": "PCIP Phase 2 Appendix A, sheet A-001, November 2020, PDF page 45"
      },
      "geometry": {
        "type": "Polygon",
        "coordinates": [[[-73.9936447, 40.7498353], [-73.9936384, 40.7498326], [-73.9936349, 40.7498374], [-73.9936412, 40.7498401], [-73.9936447, 40.7498353]]]
      }
    },
    {
      "type": "Feature",
      "properties": {
        "level": "platform",
        "type": "column",
        "platform": "1",
        "source": "PCIP Phase 2 Appendix A, sheet A-001, November 2020, PDF page 45"
      },
      "geometry": {
        "type": "Polygon",
        "coordinates": [[[-73.9939873, 40.7499709], [-73.993981, 40.7499682], [-73.9939775, 40.749973], [-73.9939838, 40.7499757], [-73.9939873, 40.7499709]]]
      }
    },
    {
      "type": "Feature",
      "properties": {
        "level": "platform",
        "type": "column",
        "platform": "1",
        "source": "PCIP Phase 2 Appendix A, sheet A-001, November 2020, PDF page 45"
      },
      "geometry": {
        "type": "Polygon",
        "coordinates": [[[-73.9941452, 40.7500376], [-73.9941374, 40.7500343], [-73.9941339, 40.7500391], [-73.9941417, 40.7500424], [-73.9941452, 40.7500376]]]
      }
    },
    {
      "type": "Feature",
      "properties": {
        "level": "platform",
        "type": "column",
        "platform": "1",
        "source": "PCIP Phase 2 Appendix A, sheet A-001, November 2020, PDF page 45"
      },
      "geometry": {
        "type": "Polygon",
        "coordinates": [[[-73.9940756, 40.7500081], [-73.9940693, 40.7500055], [-73.9940658, 40.7500102], [-73.9940721, 40.7500129], [-73.9940756, 40.7500081]]]
      }
    },
    {
      "type": "Feature",
      "properties": {
        "level": "platform",
        "type": "column",
        "platform": "1",
        "source": "PCIP Phase 2 Appendix A, sheet A-001, November 2020, PDF page 45"
      },
      "geometry": {
        "type": "Polygon",
        "coordinates": [[[-73.9938675, 40.7499199], [-73.9938612, 40.7499172], [-73.9938577, 40.749922], [-73.993864, 40.7499247], [-73.9938675, 40.7499199]]]
      }
    },
    {
      "type": "Feature",
      "properties": {
        "level": "platform",
        "type": "column",
        "platform": "1",
        "source": "PCIP Phase 2 Appendix A, sheet A-001, November 2020, PDF page 45"
      },
      "geometry": {
        "type": "Polygon",
        "coordinates": [[[-73.9942114, 40.7500655], [-73.9942051, 40.7500628], [-73.9942016, 40.7500676], [-73.9942079, 40.7500703], [-73.9942114, 40.7500655]]]
      }
    },
    {
      "type": "Feature",
      "properties": {
        "level": "platform",
        "type": "column",
        "platform": "1",
        "source": "PCIP Phase 2 Appendix A, sheet A-001, November 2020, PDF page 45"
      },
      "geometry": {
        "type": "Polygon",
        "coordinates": [[[-73.9942982, 40.7501021], [-73.9942919, 40.7500994], [-73.9942884, 40.7501042], [-73.9942947, 40.7501069], [-73.9942982, 40.7501021]]]
      }
    },
    {
      "type": "Feature",
      "properties": {
        "level": "platform",
        "type": "column",
        "platform": "1",
        "source": "PCIP Phase 2 Appendix A, sheet A-001, November 2020, PDF page 45"
      },
      "geometry": {
        "type": "Polygon",
        "coordinates": [[[-73.9943854, 40.7501388], [-73.9943791, 40.7501362], [-73.9943756, 40.7501409], [-73.9943819, 40.7501436], [-73.9943854, 40.7501388]]]
      }
    },
    {
      "type": "Feature",
      "properties": {
        "level": "platform",
        "type": "elevator",
        "platform": "8",
        "source": "PCIP Phase 2 Appendix A, sheet A-001, November 2020, PDF page 45"
      },
      "geometry": {
        "type": "Polygon",
        "coordinates": [[[-73.9948247, 40.7513361], [-73.9947945, 40.7513233], [-73.9947822, 40.7513398], [-73.9948125, 40.7513527], [-73.9948247, 40.7513361]]]
      }
    },
    {
      "type": "Feature",
      "properties": {
        "level": "platform",
        "type": "elevator",
        "platform": "8",
        "source": "PCIP Phase 2 Appendix A, sheet A-001, November 2020, PDF page 45"
      },
      "geometry": {
        "type": "Polygon",
        "coordinates": [[[-73.9930592, 40.7505853], [-73.9930354, 40.7505752], [-73.9930224, 40.7505927], [-73.9930462, 40.7506028], [-73.9930592, 40.7505853]]]
      }
    },
    {
      "type": "Feature",
      "properties": {
        "level": "platform",
        "type": "elevator",
        "platform": "8",
        "source": "PCIP Phase 2 Appendix A, sheet A-001, November 2020, PDF page 45"
      },
      "geometry": {
        "type": "Polygon",
        "coordinates": [[[-73.9935864, 40.7508103], [-73.993554, 40.7507965], [-73.9935445, 40.7508093], [-73.9935769, 40.750823], [-73.9935864, 40.7508103]]]
      }
    },
    {
      "type": "Feature",
      "properties": {
        "level": "platform",
        "type": "elevator",
        "platform": "7",
        "source": "PCIP Phase 2 Appendix A, sheet A-001, November 2020, PDF page 45"
      },
      "geometry": {
        "type": "Polygon",
        "coordinates": [[[-73.9949052, 40.7512269], [-73.9948749, 40.751214], [-73.9948626, 40.7512306], [-73.9948929, 40.7512434], [-73.9949052, 40.7512269]]]
      }
    },
    {
      "type": "Feature",
      "properties": {
        "level": "platform",
        "type": "elevator",
        "platform": "7",
        "source": "PCIP Phase 2 Appendix A, sheet A-001, November 2020, PDF page 45"
      },
      "geometry": {
        "type": "Polygon",
        "coordinates": [[[-73.9931407, 40.7504746], [-73.9931169, 40.7504645], [-73.9931039, 40.7504821], [-73.9931277, 40.7504921], [-73.9931407, 40.7504746]]]
      }
    },
    {
      "type": "Feature",
      "properties": {
        "level": "platform",
        "type": "elevator",
        "platform": "7",
        "source": "PCIP Phase 2 Appendix A, sheet A-001, November 2020, PDF page 45"
      },
      "geometry": {
        "type": "Polygon",
        "coordinates": [[[-73.9936664, 40.7507012], [-73.9936342, 40.7506876], [-73.9936247, 40.7507003], [-73.9936569, 40.750714], [-73.9936664, 40.7507012]]]
      }
    },
    {
      "type": "Feature",
      "properties": {
        "level": "platform",
        "type": "elevator",
        "platform": "6",
        "source": "PCIP Phase 2 Appendix A, sheet A-001, November 2020, PDF page 45"
      },
      "geometry": {
        "type": "Polygon",
        "coordinates": [[[-73.9949835, 40.7511205], [-73.9949532, 40.7511076], [-73.994941, 40.7511242], [-73.9949713, 40.751137], [-73.9949835, 40.7511205]]]
      }
    },
    {
      "type": "Feature",
      "properties": {
        "level": "platform",
        "type": "elevator",
        "platform": "6",
        "source": "PCIP Phase 2 Appendix A, sheet A-001, November 2020, PDF page 45"
      },
      "geometry": {
        "type": "Polygon",
        "coordinates": [[[-73.9928699, 40.7502238], [-73.9928446, 40.7502131], [-73.992834, 40.7502274], [-73.9928593, 40.7502381], [-73.9928699, 40.7502238]]]
      }
    },
    {
      "type": "Feature",
      "properties": {
        "level": "platform",
        "type": "elevator",
        "platform": "6",
        "source": "PCIP Phase 2 Appendix A, sheet A-001, November 2020, PDF page 45"
      },
      "geometry": {
        "type": "Polygon",
        "coordinates": [[[-73.9937468, 40.750593], [-73.9937216, 40.7505823], [-73.993711, 40.7505967], [-73.9937362, 40.7506074], [-73.9937468, 40.750593]]]
      }
    },
    {
      "type": "Feature",
      "properties": {
        "level": "platform",
        "type": "elevator",
        "platform": "5",
        "source": "PCIP Phase 2 Appendix A, sheet A-001, November 2020, PDF page 45"
      },
      "geometry": {
        "type": "Polygon",
        "coordinates": [[[-73.9928526, 40.7500752], [-73.9928311, 40.7500661], [-73.9928192, 40.7500822], [-73.9928407, 40.7500913], [-73.9928526, 40.7500752]]]
      }
    },
    {
      "type": "Feature",
      "properties": {
        "level": "platform",
        "type": "elevator",
        "platform": "5",
        "source": "PCIP Phase 2 Appendix A, sheet A-001, November 2020, PDF page 45"
      },
      "geometry": {
        "type": "Polygon",
        "coordinates": [[[-73.9950648, 40.7510101], [-73.9950345, 40.7509973], [-73.9950222, 40.7510138], [-73.9950525, 40.7510267], [-73.9950648, 40.7510101]]]
      }
    },
    {
      "type": "Feature",
      "properties": {
        "level": "platform",
        "type": "elevator",
        "platform": "4",
        "source": "PCIP Phase 2 Appendix A, sheet A-001, November 2020, PDF page 45"
      },
      "geometry": {
        "type": "Polygon",
        "coordinates": [[[-73.9951452, 40.7509008], [-73.9951149, 40.750888], [-73.9951026, 40.7509046], [-73.9951329, 40.7509174], [-73.9951452, 40.7509008]]]
      }
    },
    {
      "type": "Feature",
      "properties": {
        "level": "platform",
        "type": "elevator",
        "platform": "4",
        "source": "PCIP Phase 2 Appendix A, sheet A-001, November 2020, PDF page 45"
      },
      "geometry": {
        "type": "Polygon",
        "coordinates": [[[-73.9929364, 40.7499651], [-73.9929114, 40.7499544], [-73.9928995, 40.7499705], [-73.9929245, 40.7499812], [-73.9929364, 40.7499651]]]
      }
    },
    {
      "type": "Feature",
      "properties": {
        "level": "platform",
        "type": "elevator",
        "platform": "4",
        "source": "PCIP Phase 2 Appendix A, sheet A-001, November 2020, PDF page 45"
      },
      "geometry": {
        "type": "Polygon",
        "coordinates": [[[-73.993908, 40.7503753], [-73.9938827, 40.7503646], [-73.9938717, 40.7503796], [-73.9938969, 40.7503903], [-73.993908, 40.7503753]]]
      }
    },
    {
      "type": "Feature",
      "properties": {
        "level": "platform",
        "type": "elevator",
        "platform": "4",
        "source": "PCIP Phase 2 Appendix A, sheet A-001, November 2020, PDF page 45"
      },
      "geometry": {
        "type": "Polygon",
        "coordinates": [[[-73.9933374, 40.7501227], [-73.9933121, 40.750112], [-73.9933015, 40.7501263], [-73.9933268, 40.750137], [-73.9933374, 40.7501227]]]
      }
    },
    {
      "type": "Feature",
      "properties": {
        "level": "platform",
        "type": "elevator",
        "platform": "3",
        "source": "PCIP Phase 2 Appendix A, sheet A-001, November 2020, PDF page 45"
      },
      "geometry": {
        "type": "Polygon",
        "coordinates": [[[-73.9930171, 40.7498555], [-73.992992, 40.7498449], [-73.99298, 40.7498611], [-73.9930051, 40.7498717], [-73.9930171, 40.7498555]]]
      }
    },
    {
      "type": "Feature",
      "properties": {
        "level": "platform",
        "type": "elevator",
        "platform": "3",
        "source": "PCIP Phase 2 Appendix A, sheet A-001, November 2020, PDF page 45"
      },
      "geometry": {
        "type": "Polygon",
        "coordinates": [[[-73.9934128, 40.7500201], [-73.9933876, 40.7500094], [-73.993377, 40.7500238], [-73.9934022, 40.7500345], [-73.9934128, 40.7500201]]]
      }
    },
    {
      "type": "Feature",
      "properties": {
        "level": "platform",
        "type": "elevator",
        "platform": "3",
        "source": "PCIP Phase 2 Appendix A, sheet A-001, November 2020, PDF page 45"
      },
      "geometry": {
        "type": "Polygon",
        "coordinates": [[[-73.9939908, 40.7502628], [-73.9939655, 40.7502521], [-73.9939543, 40.7502673], [-73.9939796, 40.750278], [-73.9939908, 40.7502628]]]
      }
    },
    {
      "type": "Feature",
      "properties": {
        "level": "platform",
        "type": "elevator",
        "platform": "2",
        "source": "PCIP Phase 2 Appendix A, sheet A-001, November 2020, PDF page 45"
      },
      "geometry": {
        "type": "Polygon",
        "coordinates": [[[-73.9934888, 40.7499169], [-73.9934636, 40.7499062], [-73.993453, 40.7499206], [-73.9934782, 40.7499313], [-73.9934888, 40.7499169]]]
      }
    },
    {
      "type": "Feature",
      "properties": {
        "level": "platform",
        "type": "elevator",
        "platform": "2",
        "source": "PCIP Phase 2 Appendix A, sheet A-001, November 2020, PDF page 45"
      },
      "geometry": {
        "type": "Polygon",
        "coordinates": [[[-73.993094, 40.7497458], [-73.9930723, 40.7497366], [-73.9930622, 40.7497503], [-73.9930838, 40.7497595], [-73.993094, 40.7497458]]]
      }
    },
    {
      "type": "Feature",
      "properties": {
        "level": "platform",
        "type": "elevator",
        "platform": "2",
        "source": "PCIP Phase 2 Appendix A, sheet A-001, November 2020, PDF page 45"
      },
      "geometry": {
        "type": "Polygon",
        "coordinates": [[[-73.9940711, 40.7501537], [-73.9940458, 40.750143], [-73.9940352, 40.7501574], [-73.9940605, 40.7501681], [-73.9940711, 40.7501537]]]
      }
    },
    {
      "type": "Feature",
      "properties": {
        "level": "platform",
        "type": "elevator",
        "platform": "1",
        "source": "PCIP Phase 2 Appendix A, sheet A-001, November 2020, PDF page 45"
      },
      "geometry": {
        "type": "Polygon",
        "coordinates": [[[-73.993563, 40.7498224], [-73.9935378, 40.7498117], [-73.9935263, 40.7498273], [-73.9935515, 40.749838], [-73.993563, 40.7498224]]]
      }
    },
    {
      "type": "Feature",
      "properties": {
        "level": "platform",
        "type": "elevator",
        "platform": "1",
        "source": "PCIP Phase 2 Appendix A, sheet A-001, November 2020, PDF page 45"
      },
      "geometry": {
        "type": "Polygon",
        "coordinates": [[[-73.9935914, 40.7498345], [-73.9935662, 40.7498238], [-73.9935548, 40.7498392], [-73.99358, 40.7498499], [-73.9935914, 40.7498345]]]
      }
    },
    {
      "type": "Feature",
      "properties": {
        "level": "platform",
        "type": "elevator",
        "platform": "1",
        "source": "PCIP Phase 2 Appendix A, sheet A-001, November 2020, PDF page 45"
      },
      "geometry": {
        "type": "Polygon",
        "coordinates": [[[-73.9935094, 40.7497892], [-73.9934841, 40.7497785], [-73.9934727, 40.749794], [-73.993498, 40.7498047], [-73.9935094, 40.7497892]]]
      }
    },
    {
      "type": "Feature",
      "properties": {
        "level": "platform",
        "type": "elevator",
        "platform": "1",
        "source": "PCIP Phase 2 Appendix A, sheet A-001, November 2020, PDF page 45"
      },
      "geometry": {
        "type": "Polygon",
        "coordinates": [[[-73.9941491, 40.7500447], [-73.9941216, 40.7500331], [-73.9941105, 40.750048], [-73.994138, 40.7500597], [-73.9941491, 40.7500447]]]
      }
    },
    {
      "type": "Feature",
      "properties": {
        "level": "platform",
        "type": "elevator",
        "platform": "1",
        "source": "PCIP Phase 2 Appendix A, sheet A-001, November 2020, PDF page 45"
      },
      "geometry": {
        "type": "Polygon",
        "coordinates": [[[-73.9931746, 40.7496324], [-73.9931536, 40.7496235], [-73.9931435, 40.7496372], [-73.9931645, 40.7496462], [-73.9931746, 40.7496324]]]
      }
    },
    {
      "type": "Feature",
      "properties": {
        "level": "platform",
        "type": "wall",
        "platform": "1",
        "color": "#787878",
        "source": "PCIP Phase 2 Appendix A, sheet A-001, November 2020, PDF page 45"
      },
      "geometry": {
        "type": "LineString",
        "coordinates": [[-73.9936415, 40.7498348], [-73.9935152, 40.7497814]]
      }
    },
    {
      "type": "Feature",
      "properties": {
        "level": "platform",
        "type": "wall",
        "platform": "1",
        "color": "#787878",
        "source": "PCIP Phase 2 Appendix A, sheet A-001, November 2020, PDF page 45"
      },
      "geometry": {
        "type": "LineString",
        "coordinates": [[-73.9936415, 40.7498348], [-73.9936382, 40.7498392], [-73.9936313, 40.7498486], [-73.9936295, 40.749851]]
      }
    },
    {
      "type": "Feature",
      "properties": {
        "level": "platform",
        "type": "wall",
        "platform": "1",
        "color": "#787878",
        "source": "PCIP Phase 2 Appendix A, sheet A-001, November 2020, PDF page 45"
      },
      "geometry": {
        "type": "LineString",
        "coordinates": [[-73.9936295, 40.749851], [-73.9935913, 40.749835]]
      }
    },
    {
      "type": "Feature",
      "properties": {
        "level": "platform",
        "type": "wall",
        "platform": "1",
        "color": "#787878",
        "source": "PCIP Phase 2 Appendix A, sheet A-001, November 2020, PDF page 45"
      },
      "geometry": {
        "type": "LineString",
        "coordinates": [[-73.993549, 40.7497972], [-73.9936407, 40.7498359]]
      }
    },
    {
      "type": "Feature",
      "properties": {
        "level": "platform",
        "type": "wall",
        "platform": "2",
        "color": "#787878",
        "source": "PCIP Phase 2 Appendix A, sheet A-001, November 2020, PDF page 45"
      },
      "geometry": {
        "type": "LineString",
        "coordinates": [[-73.9935471, 40.7499603], [-73.9935074, 40.7499434], [-73.9934798, 40.7499317], [-73.9934798, 40.7499317]]
      }
    },
    {
      "type": "Feature",
      "properties": {
        "level": "platform",
        "type": "wall",
        "platform": "1",
        "color": "#787878",
        "source": "PCIP Phase 2 Appendix A, sheet A-001, November 2020, PDF page 45"
      },
      "geometry": {
        "type": "LineString",
        "coordinates": [[-73.99363, 40.7498477], [-73.9935661, 40.7498206], [-73.9935516, 40.7498144], [-73.99354, 40.7498095]]
      }
    },
    {
      "type": "Feature",
      "properties": {
        "level": "platform",
        "type": "wall",
        "platform": "3",
        "color": "#787878",
        "source": "PCIP Phase 2 Appendix A, sheet A-001, November 2020, PDF page 45"
      },
      "geometry": {
        "type": "LineString",
        "coordinates": [[-73.9934709, 40.7500631], [-73.9934039, 40.7500349]]
      }
    },
    {
      "type": "Feature",
      "properties": {
        "level": "platform",
        "type": "wall",
        "platform": "5",
        "color": "#787878",
        "source": "PCIP Phase 2 Appendix A, sheet A-001, November 2020, PDF page 45"
      },
      "geometry": {
        "type": "LineString",
        "coordinates": [[-73.9932905, 40.750274], [-73.9932167, 40.7502427]]
      }
    },
    {
      "type": "Feature",
      "properties": {
        "level": "platform",
        "type": "wall",
        "platform": "4",
        "color": "#787878",
        "source": "PCIP Phase 2 Appendix A, sheet A-001, November 2020, PDF page 45"
      },
      "geometry": {
        "type": "LineString",
        "coordinates": [[-73.9933387, 40.7501235], [-73.9933425, 40.7501251], [-73.9933865, 40.7501437], [-73.9933865, 40.7501437]]
      }
    },
    {
      "type": "Feature",
      "properties": {
        "level": "platform",
        "type": "wall",
        "platform": "4",
        "color": "#787878",
        "source": "PCIP Phase 2 Appendix A, sheet A-001, November 2020, PDF page 45"
      },
      "geometry": {
        "type": "LineString",
        "coordinates": [[-73.9933872, 40.7501424], [-73.9933381, 40.7501217]]
      }
    },
    {
      "type": "Feature",
      "properties": {
        "level": "platform",
        "type": "wall",
        "platform": "5",
        "color": "#787878",
        "source": "PCIP Phase 2 Appendix A, sheet A-001, November 2020, PDF page 45"
      },
      "geometry": {
        "type": "LineString",
        "coordinates": [[-73.9932136, 40.7502431], [-73.9932884, 40.7502746]]
      }
    },
    {
      "type": "Feature",
      "properties": {
        "level": "platform",
        "type": "wall",
        "platform": "7",
        "color": "#787878",
        "source": "PCIP Phase 2 Appendix A, sheet A-001, November 2020, PDF page 45"
      },
      "geometry": {
        "type": "LineString",
        "coordinates": [[-73.9931474, 40.7504647], [-73.9931218, 40.7504538]]
      }
    },
    {
      "type": "Feature",
      "properties": {
        "level": "platform",
        "type": "wall",
        "platform": "5",
        "color": "#787878",
        "source": "PCIP Phase 2 Appendix A, sheet A-001, November 2020, PDF page 45"
      },
      "geometry": {
        "type": "LineString",
        "coordinates": [[-73.9932136, 40.7502431], [-73.993288, 40.7502744]]
      }
    },
    {
      "type": "Feature",
      "properties": {
        "level": "platform",
        "type": "wall",
        "platform": "5",
        "color": "#787878",
        "source": "PCIP Phase 2 Appendix A, sheet A-001, November 2020, PDF page 45"
      },
      "geometry": {
        "type": "LineString",
        "coordinates": [[-73.9932075, 40.7502577], [-73.993278, 40.7502876]]
      }
    },
    {
      "type": "Feature",
      "properties": {
        "level": "platform",
        "type": "wall",
        "platform": "5",
        "color": "#787878",
        "source": "PCIP Phase 2 Appendix A, sheet A-001, November 2020, PDF page 45"
      },
      "geometry": {
        "type": "LineString",
        "coordinates": [[-73.993278, 40.7502876], [-73.9932756, 40.7502907]]
      }
    },
    {
      "type": "Feature",
      "properties": {
        "level": "platform",
        "type": "wall",
        "platform": "5",
        "color": "#787878",
        "source": "PCIP Phase 2 Appendix A, sheet A-001, November 2020, PDF page 45"
      },
      "geometry": {
        "type": "LineString",
        "coordinates": [[-73.9932756, 40.7502907], [-73.9932051, 40.750261]]
      }
    },
    {
      "type": "Feature",
      "properties": {
        "level": "platform",
        "type": "wall",
        "platform": "6",
        "color": "#787878",
        "source": "PCIP Phase 2 Appendix A, sheet A-001, November 2020, PDF page 45"
      },
      "geometry": {
        "type": "LineString",
        "coordinates": [[-73.9932014, 40.7503849], [-73.993205, 40.7503864]]
      }
    },
    {
      "type": "Feature",
      "properties": {
        "level": "platform",
        "type": "wall",
        "platform": "6",
        "color": "#787878",
        "source": "PCIP Phase 2 Appendix A, sheet A-001, November 2020, PDF page 45"
      },
      "geometry": {
        "type": "LineString",
        "coordinates": [[-73.993205, 40.7503864], [-73.9932008, 40.7503921], [-73.9932007, 40.7503923]]
      }
    },
    {
      "type": "Feature",
      "properties": {
        "level": "platform",
        "type": "wall",
        "platform": "5",
        "color": "#787878",
        "source": "PCIP Phase 2 Appendix A, sheet A-001, November 2020, PDF page 45"
      },
      "geometry": {
        "type": "LineString",
        "coordinates": [[-73.9932771, 40.7502855], [-73.9932018, 40.7502538]]
      }
    },
    {
      "type": "Feature",
      "properties": {
        "level": "platform",
        "type": "wall",
        "platform": "5",
        "color": "#787878",
        "source": "PCIP Phase 2 Appendix A, sheet A-001, November 2020, PDF page 45"
      },
      "geometry": {
        "type": "LineString",
        "coordinates": [[-73.9932771, 40.7502855], [-73.9932084, 40.7502566]]
      }
    },
    {
      "type": "Feature",
      "properties": {
        "level": "platform",
        "type": "wall",
        "platform": "5",
        "color": "#787878",
        "source": "PCIP Phase 2 Appendix A, sheet A-001, November 2020, PDF page 45"
      },
      "geometry": {
        "type": "LineString",
        "coordinates": [[-73.9932039, 40.7502626], [-73.9932721, 40.7502913]]
      }
    },
    {
      "type": "Feature",
      "properties": {
        "level": "platform",
        "type": "wall",
        "platform": "5",
        "color": "#787878",
        "source": "PCIP Phase 2 Appendix A, sheet A-001, November 2020, PDF page 45"
      },
      "geometry": {
        "type": "LineString",
        "coordinates": [[-73.9932039, 40.7502626], [-73.9932721, 40.7502913]]
      }
    },
    {
      "type": "Feature",
      "properties": {
        "level": "platform",
        "type": "wall",
        "platform": "6",
        "color": "#787878",
        "source": "PCIP Phase 2 Appendix A, sheet A-001, November 2020, PDF page 45"
      },
      "geometry": {
        "type": "LineString",
        "coordinates": [[-73.993207, 40.7503774], [-73.9932014, 40.7503849]]
      }
    },
    {
      "type": "Feature",
      "properties": {
        "level": "platform",
        "type": "wall",
        "platform": "1",
        "color": "#787878",
        "source": "PCIP Phase 2 Appendix A, sheet A-001, November 2020, PDF page 45"
      },
      "geometry": {
        "type": "LineString",
        "coordinates": [[-73.993609, 40.7498227], [-73.9935749, 40.7498082]]
      }
    },
    {
      "type": "Feature",
      "properties": {
        "level": "platform",
        "type": "wall",
        "platform": "1",
        "color": "#787878",
        "source": "PCIP Phase 2 Appendix A, sheet A-001, November 2020, PDF page 45"
      },
      "geometry": {
        "type": "LineString",
        "coordinates": [[-73.9936089, 40.7498228], [-73.9935747, 40.7498085]]
      }
    },
    {
      "type": "Feature",
      "properties": {
        "level": "platform",
        "type": "wall",
        "platform": "1",
        "color": "#787878",
        "source": "PCIP Phase 2 Appendix A, sheet A-001, November 2020, PDF page 45"
      },
      "geometry": {
        "type": "LineString",
        "coordinates": [[-73.9936045, 40.7498287], [-73.9935676, 40.7498133]]
      }
    },
    {
      "type": "Feature",
      "properties": {
        "level": "platform",
        "type": "wall",
        "platform": "1",
        "color": "#787878",
        "source": "PCIP Phase 2 Appendix A, sheet A-001, November 2020, PDF page 45"
      },
      "geometry": {
        "type": "LineString",
        "coordinates": [[-73.9936002, 40.7498346], [-73.9935663, 40.7498203]]
      }
    },
    {
      "type": "Feature",
      "properties": {
        "level": "platform",
        "type": "wall",
        "platform": "1",
        "color": "#787878",
        "source": "PCIP Phase 2 Appendix A, sheet A-001, November 2020, PDF page 45"
      },
      "geometry": {
        "type": "LineString",
        "coordinates": [[-73.9936001, 40.7498348], [-73.9935661, 40.7498206]]
      }
    },
    {
      "type": "Feature",
      "properties": {
        "level": "platform",
        "type": "wall",
        "platform": "1",
        "color": "#787878",
        "source": "PCIP Phase 2 Appendix A, sheet A-001, November 2020, PDF page 45"
      },
      "geometry": {
        "type": "LineString",
        "coordinates": [[-73.9935355, 40.7498093], [-73.9935944, 40.7498342]]
      }
    },
    {
      "type": "Feature",
      "properties": {
        "level": "platform",
        "type": "wall",
        "platform": "3",
        "color": "#787878",
        "source": "PCIP Phase 2 Appendix A, sheet A-001, November 2020, PDF page 45"
      },
      "geometry": {
        "type": "LineString",
        "coordinates": [[-73.9934343, 40.7500479], [-73.9934038, 40.7500349]]
      }
    },
    {
      "type": "Feature",
      "properties": {
        "level": "platform",
        "type": "wall",
        "platform": "3",
        "color": "#787878",
        "source": "PCIP Phase 2 Appendix A, sheet A-001, November 2020, PDF page 45"
      },
      "geometry": {
        "type": "LineString",
        "coordinates": [[-73.993403, 40.7500361], [-73.9934335, 40.750049]]
      }
    },
    {
      "type": "Feature",
      "properties": {
        "level": "platform",
        "type": "wall",
        "platform": "3",
        "color": "#787878",
        "source": "PCIP Phase 2 Appendix A, sheet A-001, November 2020, PDF page 45"
      },
      "geometry": {
        "type": "LineString",
        "coordinates": [[-73.9934042, 40.7500349], [-73.9934317, 40.7500466]]
      }
    },
    {
      "type": "Feature",
      "properties": {
        "level": "platform",
        "type": "wall",
        "platform": "3",
        "color": "#787878",
        "source": "PCIP Phase 2 Appendix A, sheet A-001, November 2020, PDF page 45"
      },
      "geometry": {
        "type": "LineString",
        "coordinates": [[-73.9934318, 40.7500464], [-73.9934045, 40.7500348]]
      }
    },
    {
      "type": "Feature",
      "properties": {
        "level": "platform",
        "type": "wall",
        "platform": "2",
        "color": "#787878",
        "source": "PCIP Phase 2 Appendix A, sheet A-001, November 2020, PDF page 45"
      },
      "geometry": {
        "type": "LineString",
        "coordinates": [[-73.9935076, 40.7499431], [-73.9934805, 40.7499316], [-73.9934916, 40.7499165]]
      }
    },
    {
      "type": "Feature",
      "properties": {
        "level": "platform",
        "type": "wall",
        "platform": "2",
        "color": "#787878",
        "source": "PCIP Phase 2 Appendix A, sheet A-001, November 2020, PDF page 45"
      },
      "geometry": {
        "type": "LineString",
        "coordinates": [[-73.9934801, 40.7499317], [-73.9935075, 40.7499433]]
      }
    },
    {
      "type": "Feature",
      "properties": {
        "level": "platform",
        "type": "wall",
        "platform": "2",
        "color": "#787878",
        "source": "PCIP Phase 2 Appendix A, sheet A-001, November 2020, PDF page 45"
      },
      "geometry": {
        "type": "LineString",
        "coordinates": [[-73.9934789, 40.749933], [-73.9935065, 40.7499445]]
      }
    },
    {
      "type": "Feature",
      "properties": {
        "level": "platform",
        "type": "wall",
        "platform": "3",
        "color": "#787878",
        "source": "PCIP Phase 2 Appendix A, sheet A-001, November 2020, PDF page 45"
      },
      "geometry": {
        "type": "LineString",
        "coordinates": [[-73.993437, 40.7500312], [-73.9934369, 40.750032], [-73.9934375, 40.7500327], [-73.9934378, 40.7500334], [-73.9934385, 40.750034], [-73.9934393, 40.7500345]]
      }
    },
    {
      "type": "Feature",
      "properties": {
        "level": "platform",
        "type": "wall",
        "platform": "3",
        "color": "#787878",
        "source": "PCIP Phase 2 Appendix A, sheet A-001, November 2020, PDF page 45"
      },
      "geometry": {
        "type": "LineString",
        "coordinates": [[-73.9934405, 40.7500321], [-73.9934424, 40.7500239], [-73.9934425, 40.7500218], [-73.9934424, 40.7500201], [-73.9934419, 40.7500182], [-73.9934407, 40.7500165]]
      }
    },
    {
      "type": "Feature",
      "properties": {
        "level": "platform",
        "type": "wall",
        "platform": "2",
        "color": "#787878",
        "source": "PCIP Phase 2 Appendix A, sheet A-001, November 2020, PDF page 45"
      },
      "geometry": {
        "type": "LineString",
        "coordinates": [[-73.9935163, 40.749929], [-73.9935181, 40.7499206], [-73.9935185, 40.7499186], [-73.9935184, 40.7499169], [-73.9935181, 40.7499161]]
      }
    },
    {
      "type": "Feature",
      "properties": {
        "level": "platform",
        "type": "wall",
        "platform": "2",
        "color": "#787878",
        "source": "PCIP Phase 2 Appendix A, sheet A-001, November 2020, PDF page 45"
      },
      "geometry": {
        "type": "LineString",
        "coordinates": [[-73.993516, 40.7499197], [-73.9935137, 40.7499281], [-73.9935138, 40.7499288], [-73.9935138, 40.7499294], [-73.9935142, 40.74993], [-73.9935146, 40.7499306]]
      }
    },
    {
      "type": "Feature",
      "properties": {
        "level": "platform",
        "type": "wall",
        "platform": "2",
        "color": "#787878",
        "source": "PCIP Phase 2 Appendix A, sheet A-001, November 2020, PDF page 45"
      },
      "geometry": {
        "type": "LineString",
        "coordinates": [[-73.9935157, 40.7499288], [-73.9935155, 40.7499283], [-73.993518, 40.7499201]]
      }
    },
    {
      "type": "Feature",
      "properties": {
        "level": "platform",
        "type": "wall",
        "platform": "2",
        "color": "#787878",
        "source": "PCIP Phase 2 Appendix A, sheet A-001, November 2020, PDF page 45"
      },
      "geometry": {
        "type": "LineString",
        "coordinates": [[-73.9935135, 40.749928], [-73.9935136, 40.7499287], [-73.9935136, 40.7499293], [-73.9935139, 40.7499301], [-73.9935143, 40.7499307]]
      }
    },
    {
      "type": "Feature",
      "properties": {
        "level": "platform",
        "type": "wall",
        "platform": "3",
        "color": "#787878",
        "source": "PCIP Phase 2 Appendix A, sheet A-001, November 2020, PDF page 45"
      },
      "geometry": {
        "type": "LineString",
        "coordinates": [[-73.9934393, 40.7500311], [-73.9934413, 40.7500228]]
      }
    },
    {
      "type": "Feature",
      "properties": {
        "level": "platform",
        "type": "wall",
        "platform": "2",
        "color": "#787878",
        "source": "PCIP Phase 2 Appendix A, sheet A-001, November 2020, PDF page 45"
      },
      "geometry": {
        "type": "LineString",
        "coordinates": [[-73.993516, 40.7499197], [-73.9935138, 40.749928]]
      }
    },
    {
      "type": "Feature",
      "properties": {
        "level": "platform",
        "type": "wall",
        "platform": "3",
        "color": "#787878",
        "source": "PCIP Phase 2 Appendix A, sheet A-001, November 2020, PDF page 45"
      },
      "geometry": {
        "type": "LineString",
        "coordinates": [[-73.9934372, 40.7500313], [-73.9934394, 40.7500227]]
      }
    },
    {
      "type": "Feature",
      "properties": {
        "level": "platform",
        "type": "wall",
        "platform": "3",
        "color": "#787878",
        "source": "PCIP Phase 2 Appendix A, sheet A-001, November 2020, PDF page 45"
      },
      "geometry": {
        "type": "LineString",
        "coordinates": [[-73.9934372, 40.7500313], [-73.9934392, 40.7500225]]
      }
    },
    {
      "type": "Feature",
      "properties": {
        "level": "platform",
        "type": "wall",
        "platform": "4",
        "color": "#787878",
        "source": "PCIP Phase 2 Appendix A, sheet A-001, November 2020, PDF page 45"
      },
      "geometry": {
        "type": "LineString",
        "coordinates": [[-73.9933522, 40.7501464], [-73.993342, 40.7501552]]
      }
    },
    {
      "type": "Feature",
      "properties": {
        "level": "platform",
        "type": "wall",
        "platform": "2",
        "color": "#787878",
        "source": "PCIP Phase 2 Appendix A, sheet A-001, November 2020, PDF page 45"
      },
      "geometry": {
        "type": "LineString",
        "coordinates": [[-73.9935135, 40.749928], [-73.9935158, 40.7499196], [-73.9935161, 40.7499178], [-73.9935157, 40.749916], [-73.9935151, 40.7499143], [-73.9935141, 40.7499126], [-73.9935128, 40.749911], [-73.9935111, 40.7499099], [-73.9935093, 40.7499087]]
      }
    },
    {
      "type": "Feature",
      "properties": {
        "level": "platform",
        "type": "wall",
        "platform": "3",
        "color": "#787878",
        "source": "PCIP Phase 2 Appendix A, sheet A-001, November 2020, PDF page 45"
      },
      "geometry": {
        "type": "LineString",
        "coordinates": [[-73.9934394, 40.7500227], [-73.9934374, 40.750031]]
      }
    },
    {
      "type": "Feature",
      "properties": {
        "level": "platform",
        "type": "wall",
        "platform": "3",
        "color": "#787878",
        "source": "PCIP Phase 2 Appendix A, sheet A-001, November 2020, PDF page 45"
      },
      "geometry": {
        "type": "LineString",
        "coordinates": [[-73.993437, 40.7500312], [-73.993439, 40.7500225], [-73.9934393, 40.7500207], [-73.9934391, 40.7500189], [-73.9934385, 40.7500172], [-73.9934375, 40.7500155], [-73.9934362, 40.7500139], [-73.9934345, 40.7500126], [-73.9934325, 40.7500115]]
      }
    },
    {
      "type": "Feature",
      "properties": {
        "level": "platform",
        "type": "wall",
        "platform": "4",
        "color": "#787878",
        "source": "PCIP Phase 2 Appendix A, sheet A-001, November 2020, PDF page 45"
      },
      "geometry": {
        "type": "LineString",
        "coordinates": [[-73.9933609, 40.7501331], [-73.9933388, 40.7501237]]
      }
    },
    {
      "type": "Feature",
      "properties": {
        "level": "platform",
        "type": "wall",
        "platform": "4",
        "color": "#787878",
        "source": "PCIP Phase 2 Appendix A, sheet A-001, November 2020, PDF page 45"
      },
      "geometry": {
        "type": "LineString",
        "coordinates": [[-73.9933389, 40.750124], [-73.9933608, 40.7501333]]
      }
    },
    {
      "type": "Feature",
      "properties": {
        "level": "platform",
        "type": "wall",
        "platform": "2",
        "color": "#787878",
        "source": "PCIP Phase 2 Appendix A, sheet A-001, November 2020, PDF page 45"
      },
      "geometry": {
        "type": "LineString",
        "coordinates": [[-73.9935181, 40.7499199], [-73.9935182, 40.7499179], [-73.9935181, 40.7499161]]
      }
    },
    {
      "type": "Feature",
      "properties": {
        "level": "platform",
        "type": "wall",
        "platform": "4",
        "color": "#787878",
        "source": "PCIP Phase 2 Appendix A, sheet A-001, November 2020, PDF page 45"
      },
      "geometry": {
        "type": "LineString",
        "coordinates": [[-73.9933405, 40.750155], [-73.9933507, 40.7501461]]
      }
    },
    {
      "type": "Feature",
      "properties": {
        "level": "platform",
        "type": "wall",
        "platform": "3",
        "color": "#787878",
        "source": "PCIP Phase 2 Appendix A, sheet A-001, November 2020, PDF page 45"
      },
      "geometry": {
        "type": "LineString",
        "coordinates": [[-73.9934413, 40.7500228], [-73.9934414, 40.7500207], [-73.9934413, 40.7500186], [-73.9934407, 40.7500165]]
      }
    },
    {
      "type": "Feature",
      "properties": {
        "level": "platform",
        "type": "wall",
        "platform": "2",
        "color": "#787878",
        "source": "PCIP Phase 2 Appendix A, sheet A-001, November 2020, PDF page 45"
      },
      "geometry": {
        "type": "LineString",
        "coordinates": [[-73.9935163, 40.7499197], [-73.9935164, 40.7499177], [-73.9935163, 40.749916], [-73.9935157, 40.7499141], [-73.9935146, 40.7499124], [-73.9935131, 40.7499109], [-73.9935114, 40.7499096], [-73.9935094, 40.7499085]]
      }
    },
    {
      "type": "Feature",
      "properties": {
        "level": "platform",
        "type": "wall",
        "platform": "2",
        "color": "#787878",
        "source": "PCIP Phase 2 Appendix A, sheet A-001, November 2020, PDF page 45"
      },
      "geometry": {
        "type": "LineString",
        "coordinates": [[-73.993516, 40.7499197], [-73.993516, 40.7499197], [-73.9935163, 40.7499179], [-73.9935161, 40.7499159], [-73.9935154, 40.7499142], [-73.9935144, 40.7499125], [-73.9935131, 40.7499109], [-73.9935114, 40.7499096], [-73.9935094, 40.7499085]]
      }
    },
    {
      "type": "Feature",
      "properties": {
        "level": "platform",
        "type": "wall",
        "platform": "4",
        "color": "#787878",
        "source": "PCIP Phase 2 Appendix A, sheet A-001, November 2020, PDF page 45"
      },
      "geometry": {
        "type": "LineString",
        "coordinates": [[-73.9933321, 40.750159], [-73.993335, 40.7501588], [-73.9933376, 40.7501579], [-73.99334, 40.7501569], [-73.993342, 40.7501552]]
      }
    },
    {
      "type": "Feature",
      "properties": {
        "level": "platform",
        "type": "wall",
        "platform": "4",
        "color": "#787878",
        "source": "PCIP Phase 2 Appendix A, sheet A-001, November 2020, PDF page 45"
      },
      "geometry": {
        "type": "LineString",
        "coordinates": [[-73.9933495, 40.7501452], [-73.9933393, 40.7501541]]
      }
    },
    {
      "type": "Feature",
      "properties": {
        "level": "platform",
        "type": "wall",
        "platform": "4",
        "color": "#787878",
        "source": "PCIP Phase 2 Appendix A, sheet A-001, November 2020, PDF page 45"
      },
      "geometry": {
        "type": "LineString",
        "coordinates": [[-73.9933393, 40.7501541], [-73.993349, 40.7501454]]
      }
    },
    {
      "type": "Feature",
      "properties": {
        "level": "platform",
        "type": "wall",
        "platform": "4",
        "color": "#787878",
        "source": "PCIP Phase 2 Appendix A, sheet A-001, November 2020, PDF page 45"
      },
      "geometry": {
        "type": "LineString",
        "coordinates": [[-73.9933391, 40.750154], [-73.9933493, 40.7501451]]
      }
    },
    {
      "type": "Feature",
      "properties": {
        "level": "platform",
        "type": "wall",
        "platform": "3",
        "color": "#787878",
        "source": "PCIP Phase 2 Appendix A, sheet A-001, November 2020, PDF page 45"
      },
      "geometry": {
        "type": "LineString",
        "coordinates": [[-73.9934394, 40.7500227], [-73.9934395, 40.7500226], [-73.9934398, 40.7500207], [-73.9934395, 40.7500189], [-73.9934389, 40.750017], [-73.993438, 40.7500153], [-73.9934364, 40.7500136], [-73.9934349, 40.7500123], [-73.9934329, 40.7500113]]
      }
    },
    {
      "type": "Feature",
      "properties": {
        "level": "platform",
        "type": "wall",
        "platform": "4",
        "color": "#787878",
        "source": "PCIP Phase 2 Appendix A, sheet A-001, November 2020, PDF page 45"
      },
      "geometry": {
        "type": "LineString",
        "coordinates": [[-73.9933492, 40.7501449], [-73.993339, 40.7501537]]
      }
    },
    {
      "type": "Feature",
      "properties": {
        "level": "platform",
        "type": "wall",
        "platform": "2",
        "color": "#787878",
        "source": "PCIP Phase 2 Appendix A, sheet A-001, November 2020, PDF page 45"
      },
      "geometry": {
        "type": "LineString",
        "coordinates": [[-73.9935181, 40.7499161], [-73.9935181, 40.7499158], [-73.9935174, 40.7499138], [-73.9935161, 40.7499118], [-73.9935146, 40.7499101], [-73.9935127, 40.7499085], [-73.9935103, 40.7499072]]
      }
    },
    {
      "type": "Feature",
      "properties": {
        "level": "platform",
        "type": "wall",
        "platform": "2",
        "color": "#787878",
        "source": "PCIP Phase 2 Appendix A, sheet A-001, November 2020, PDF page 45"
      },
      "geometry": {
        "type": "LineString",
        "coordinates": [[-73.9935181, 40.7499161], [-73.9935178, 40.749915], [-73.9935167, 40.7499133], [-73.9935152, 40.7499118], [-73.9935135, 40.7499105], [-73.9935115, 40.7499094]]
      }
    },
    {
      "type": "Feature",
      "properties": {
        "level": "platform",
        "type": "wall",
        "platform": "3",
        "color": "#787878",
        "source": "PCIP Phase 2 Appendix A, sheet A-001, November 2020, PDF page 45"
      },
      "geometry": {
        "type": "LineString",
        "coordinates": [[-73.9934392, 40.7500225], [-73.9934396, 40.7500206], [-73.9934395, 40.7500189], [-73.9934388, 40.7500171], [-73.9934376, 40.7500154], [-73.9934363, 40.7500138], [-73.9934346, 40.7500124], [-73.9934326, 40.7500114]]
      }
    },
    {
      "type": "Feature",
      "properties": {
        "level": "platform",
        "type": "wall",
        "platform": "4",
        "color": "#787878",
        "source": "PCIP Phase 2 Appendix A, sheet A-001, November 2020, PDF page 45"
      },
      "geometry": {
        "type": "LineString",
        "coordinates": [[-73.9933312, 40.750159], [-73.9933325, 40.7501588], [-73.9933356, 40.750158], [-73.9933382, 40.7501567], [-73.9933405, 40.750155]]
      }
    },
    {
      "type": "Feature",
      "properties": {
        "level": "platform",
        "type": "wall",
        "platform": "4",
        "color": "#787878",
        "source": "PCIP Phase 2 Appendix A, sheet A-001, November 2020, PDF page 45"
      },
      "geometry": {
        "type": "LineString",
        "coordinates": [[-73.9933294, 40.7501578], [-73.9933322, 40.7501573], [-73.9933347, 40.7501565], [-73.9933372, 40.7501555], [-73.9933393, 40.7501541]]
      }
    },
    {
      "type": "Feature",
      "properties": {
        "level": "platform",
        "type": "wall",
        "platform": "4",
        "color": "#787878",
        "source": "PCIP Phase 2 Appendix A, sheet A-001, November 2020, PDF page 45"
      },
      "geometry": {
        "type": "LineString",
        "coordinates": [[-73.9933293, 40.750158], [-73.9933321, 40.7501575], [-73.9933346, 40.7501567], [-73.9933371, 40.7501556], [-73.9933393, 40.7501541]]
      }
    },
    {
      "type": "Feature",
      "properties": {
        "level": "platform",
        "type": "wall",
        "platform": "3",
        "color": "#787878",
        "source": "PCIP Phase 2 Appendix A, sheet A-001, November 2020, PDF page 45"
      },
      "geometry": {
        "type": "LineString",
        "coordinates": [[-73.9934407, 40.7500165], [-73.9934407, 40.7500165], [-73.9934393, 40.7500146], [-73.9934379, 40.7500128]]
      }
    },
    {
      "type": "Feature",
      "properties": {
        "level": "platform",
        "type": "wall",
        "platform": "3",
        "color": "#787878",
        "source": "PCIP Phase 2 Appendix A, sheet A-001, November 2020, PDF page 45"
      },
      "geometry": {
        "type": "LineString",
        "coordinates": [[-73.9934407, 40.7500165], [-73.9934407, 40.7500165], [-73.9934394, 40.7500149], [-73.9934376, 40.7500135], [-73.9934357, 40.7500124]]
      }
    },
    {
      "type": "Feature",
      "properties": {
        "level": "platform",
        "type": "wall",
        "platform": "4",
        "color": "#787878",
        "source": "PCIP Phase 2 Appendix A, sheet A-001, November 2020, PDF page 45"
      },
      "geometry": {
        "type": "LineString",
        "coordinates": [[-73.9933293, 40.7501576], [-73.993332, 40.7501573], [-73.9933347, 40.7501565], [-73.9933372, 40.7501555], [-73.9933391, 40.750154]]
      }
    },
    {
      "type": "Feature",
      "properties": {
        "level": "platform",
        "type": "wall",
        "platform": "4",
        "color": "#787878",
        "source": "PCIP Phase 2 Appendix A, sheet A-001, November 2020, PDF page 45"
      },
      "geometry": {
        "type": "LineString",
        "coordinates": [[-73.9933294, 40.7501574], [-73.9933321, 40.7501571], [-73.9933346, 40.7501563], [-73.9933369, 40.7501551], [-73.993339, 40.7501537]]
      }
    },
    {
      "type": "Feature",
      "properties": {
        "level": "platform",
        "type": "wall",
        "platform": "4",
        "color": "#787878",
        "source": "PCIP Phase 2 Appendix A, sheet A-001, November 2020, PDF page 45"
      },
      "geometry": {
        "type": "LineString",
        "coordinates": [[-73.993316, 40.7501557], [-73.993319, 40.750157], [-73.9933232, 40.7501583], [-73.9933277, 40.750159], [-73.9933312, 40.750159]]
      }
    },
    {
      "type": "Feature",
      "properties": {
        "level": "platform",
        "type": "wall",
        "platform": "4",
        "color": "#787878",
        "source": "PCIP Phase 2 Appendix A, sheet A-001, November 2020, PDF page 45"
      },
      "geometry": {
        "type": "LineString",
        "coordinates": [[-73.9933152, 40.7501568], [-73.9933196, 40.7501583], [-73.9933245, 40.7501591], [-73.9933294, 40.7501593]]
      }
    },
    {
      "type": "Feature",
      "properties": {
        "level": "platform",
        "type": "wall",
        "platform": "4",
        "color": "#787878",
        "source": "PCIP Phase 2 Appendix A, sheet A-001, November 2020, PDF page 45"
      },
      "geometry": {
        "type": "LineString",
        "coordinates": [[-73.9933156, 40.7501555], [-73.99332, 40.750157], [-73.9933245, 40.7501576], [-73.9933294, 40.7501578]]
      }
    },
    {
      "type": "Feature",
      "properties": {
        "level": "platform",
        "type": "wall",
        "platform": "4",
        "color": "#787878",
        "source": "PCIP Phase 2 Appendix A, sheet A-001, November 2020, PDF page 45"
      },
      "geometry": {
        "type": "LineString",
        "coordinates": [[-73.993316, 40.7501557], [-73.9933202, 40.7501571], [-73.9933247, 40.7501577], [-73.9933293, 40.750158]]
      }
    },
    {
      "type": "Feature",
      "properties": {
        "level": "platform",
        "type": "wall",
        "platform": "4",
        "color": "#787878",
        "source": "PCIP Phase 2 Appendix A, sheet A-001, November 2020, PDF page 45"
      },
      "geometry": {
        "type": "LineString",
        "coordinates": [[-73.9933158, 40.7501552], [-73.9933201, 40.7501566], [-73.9933248, 40.7501573], [-73.9933294, 40.7501574]]
      }
    },
    {
      "type": "Feature",
      "properties": {
        "level": "platform",
        "type": "wall",
        "platform": "4",
        "color": "#787878",
        "source": "PCIP Phase 2 Appendix A, sheet A-001, November 2020, PDF page 45"
      },
      "geometry": {
        "type": "LineString",
        "coordinates": [[-73.9933157, 40.7501554], [-73.9933199, 40.7501568], [-73.9933245, 40.7501576], [-73.9933293, 40.7501576]]
      }
    },
    {
      "type": "Feature",
      "properties": {
        "level": "platform",
        "type": "wall",
        "platform": "2",
        "color": "#787878",
        "source": "PCIP Phase 2 Appendix A, sheet A-001, November 2020, PDF page 45"
      },
      "geometry": {
        "type": "LineString",
        "coordinates": [[-73.9934726, 40.7498929], [-73.9934888, 40.7498998], [-73.9934999, 40.7499045], [-73.9935094, 40.7499085], [-73.9935094, 40.7499085], [-73.9935094, 40.7499085]]
      }
    },
    {
      "type": "Feature",
      "properties": {
        "level": "platform",
        "type": "wall",
        "platform": "2",
        "color": "#787878",
        "source": "PCIP Phase 2 Appendix A, sheet A-001, November 2020, PDF page 45"
      },
      "geometry": {
        "type": "LineString",
        "coordinates": [[-73.9935103, 40.7499072], [-73.9934735, 40.7498916]]
      }
    },
    {
      "type": "Feature",
      "properties": {
        "level": "platform",
        "type": "wall",
        "platform": "2",
        "color": "#787878",
        "source": "PCIP Phase 2 Appendix A, sheet A-001, November 2020, PDF page 45"
      },
      "geometry": {
        "type": "LineString",
        "coordinates": [[-73.9935093, 40.7499087], [-73.9934997, 40.7499048], [-73.9934913, 40.7499161]]
      }
    },
    {
      "type": "Feature",
      "properties": {
        "level": "platform",
        "type": "wall",
        "platform": "3",
        "color": "#787878",
        "source": "PCIP Phase 2 Appendix A, sheet A-001, November 2020, PDF page 45"
      },
      "geometry": {
        "type": "LineString",
        "coordinates": [[-73.9933956, 40.7499957], [-73.9934329, 40.7500113]]
      }
    },
    {
      "type": "Feature",
      "properties": {
        "level": "platform",
        "type": "wall",
        "platform": "3",
        "color": "#787878",
        "source": "PCIP Phase 2 Appendix A, sheet A-001, November 2020, PDF page 45"
      },
      "geometry": {
        "type": "LineString",
        "coordinates": [[-73.9933926, 40.7499944], [-73.9934327, 40.7500112]]
      }
    },
    {
      "type": "Feature",
      "properties": {
        "level": "platform",
        "type": "wall",
        "platform": "3",
        "color": "#787878",
        "source": "PCIP Phase 2 Appendix A, sheet A-001, November 2020, PDF page 45"
      },
      "geometry": {
        "type": "LineString",
        "coordinates": [[-73.9934326, 40.7500114], [-73.993424, 40.7500077]]
      }
    },
    {
      "type": "Feature",
      "properties": {
        "level": "platform",
        "type": "wall",
        "platform": "3",
        "color": "#787878",
        "source": "PCIP Phase 2 Appendix A, sheet A-001, November 2020, PDF page 45"
      },
      "geometry": {
        "type": "LineString",
        "coordinates": [[-73.9934325, 40.7500115], [-73.9934239, 40.7500079], [-73.9934129, 40.7500032]]
      }
    },
    {
      "type": "Feature",
      "properties": {
        "level": "platform",
        "type": "wall",
        "platform": "4",
        "color": "#787878",
        "source": "PCIP Phase 2 Appendix A, sheet A-001, November 2020, PDF page 45"
      },
      "geometry": {
        "type": "LineString",
        "coordinates": [[-73.9933374, 40.7501227], [-73.9933426, 40.7501249]]
      }
    },
    {
      "type": "Feature",
      "properties": {
        "level": "platform",
        "type": "wall",
        "platform": "1",
        "color": "#787878",
        "source": "PCIP Phase 2 Appendix A, sheet A-001, November 2020, PDF page 45"
      },
      "geometry": {
        "type": "LineString",
        "coordinates": [[-73.9935663, 40.7498203], [-73.9935518, 40.7498141]]
      }
    },
    {
      "type": "Feature",
      "properties": {
        "level": "platform",
        "type": "wall",
        "platform": "1",
        "color": "#787878",
        "source": "PCIP Phase 2 Appendix A, sheet A-001, November 2020, PDF page 45"
      },
      "geometry": {
        "type": "LineString",
        "coordinates": [[-73.9935749, 40.7498082], [-73.9935605, 40.7498023]]
      }
    },
    {
      "type": "Feature",
      "properties": {
        "level": "platform",
        "type": "wall",
        "platform": "4",
        "color": "#787878",
        "source": "PCIP Phase 2 Appendix A, sheet A-001, November 2020, PDF page 45"
      },
      "geometry": {
        "type": "LineString",
        "coordinates": [[-73.9932881, 40.7501456], [-73.9933152, 40.7501568]]
      }
    },
    {
      "type": "Feature",
      "properties": {
        "level": "platform",
        "type": "wall",
        "platform": "4",
        "color": "#787878",
        "source": "PCIP Phase 2 Appendix A, sheet A-001, November 2020, PDF page 45"
      },
      "geometry": {
        "type": "LineString",
        "coordinates": [[-73.9933244, 40.7501436], [-73.9933389, 40.750124]]
      }
    },
    {
      "type": "Feature",
      "properties": {
        "level": "platform",
        "type": "wall",
        "platform": "4",
        "color": "#787878",
        "source": "PCIP Phase 2 Appendix A, sheet A-001, November 2020, PDF page 45"
      },
      "geometry": {
        "type": "LineString",
        "coordinates": [[-73.9933156, 40.7501555], [-73.993287, 40.7501434]]
      }
    },
    {
      "type": "Feature",
      "properties": {
        "level": "platform",
        "type": "wall",
        "platform": "3",
        "color": "#787878",
        "source": "PCIP Phase 2 Appendix A, sheet A-001, November 2020, PDF page 45"
      },
      "geometry": {
        "type": "LineString",
        "coordinates": [[-73.9934045, 40.7500348], [-73.9934157, 40.7500197]]
      }
    },
    {
      "type": "Feature",
      "properties": {
        "level": "platform",
        "type": "wall",
        "platform": "4",
        "color": "#787878",
        "source": "PCIP Phase 2 Appendix A, sheet A-001, November 2020, PDF page 45"
      },
      "geometry": {
        "type": "LineString",
        "coordinates": [[-73.9933388, 40.7501237], [-73.9933275, 40.750139]]
      }
    },
    {
      "type": "Feature",
      "properties": {
        "level": "platform",
        "type": "wall",
        "platform": "4",
        "color": "#787878",
        "source": "PCIP Phase 2 Appendix A, sheet A-001, November 2020, PDF page 45"
      },
      "geometry": {
        "type": "LineString",
        "coordinates": [[-73.9933275, 40.750139], [-73.9933275, 40.750139], [-73.9933242, 40.7501435]]
      }
    },
    {
      "type": "Feature",
      "properties": {
        "level": "platform",
        "type": "wall",
        "platform": "4",
        "color": "#787878",
        "source": "PCIP Phase 2 Appendix A, sheet A-001, November 2020, PDF page 45"
      },
      "geometry": {
        "type": "LineString",
        "coordinates": [[-73.9933275, 40.750139], [-73.9933387, 40.7501235]]
      }
    },
    {
      "type": "Feature",
      "properties": {
        "level": "platform",
        "type": "wall",
        "platform": "4",
        "color": "#787878",
        "source": "PCIP Phase 2 Appendix A, sheet A-001, November 2020, PDF page 45"
      },
      "geometry": {
        "type": "LineString",
        "coordinates": [[-73.9933242, 40.7501435], [-73.9933129, 40.7501389]]
      }
    },
    {
      "type": "Feature",
      "properties": {
        "level": "platform",
        "type": "wall",
        "platform": "4",
        "color": "#787878",
        "source": "PCIP Phase 2 Appendix A, sheet A-001, November 2020, PDF page 45"
      },
      "geometry": {
        "type": "LineString",
        "coordinates": [[-73.9933156, 40.7501551], [-73.9933118, 40.7501535]]
      }
    },
    {
      "type": "Feature",
      "properties": {
        "level": "platform",
        "type": "wall",
        "platform": "4",
        "color": "#787878",
        "source": "PCIP Phase 2 Appendix A, sheet A-001, November 2020, PDF page 45"
      },
      "geometry": {
        "type": "LineString",
        "coordinates": [[-73.9933156, 40.7501551], [-73.993324, 40.7501438], [-73.9933202, 40.7501422]]
      }
    },
    {
      "type": "Feature",
      "properties": {
        "level": "platform",
        "type": "wall",
        "platform": "4",
        "color": "#787878",
        "source": "PCIP Phase 2 Appendix A, sheet A-001, November 2020, PDF page 45"
      },
      "geometry": {
        "type": "LineString",
        "coordinates": [[-73.9933155, 40.7501553], [-73.9933043, 40.7501506]]
      }
    },
    {
      "type": "Feature",
      "properties": {
        "level": "platform",
        "type": "wall",
        "platform": "4",
        "color": "#787878",
        "source": "PCIP Phase 2 Appendix A, sheet A-001, November 2020, PDF page 45"
      },
      "geometry": {
        "type": "LineString",
        "coordinates": [[-73.9932958, 40.7501315], [-73.9933242, 40.7501435]]
      }
    },
    {
      "type": "Feature",
      "properties": {
        "level": "platform",
        "type": "wall",
        "platform": "3",
        "color": "#787878",
        "source": "PCIP Phase 2 Appendix A, sheet A-001, November 2020, PDF page 45"
      },
      "geometry": {
        "type": "LineString",
        "coordinates": [[-73.9934155, 40.7500196], [-73.9934042, 40.7500349]]
      }
    },
    {
      "type": "Feature",
      "properties": {
        "level": "platform",
        "type": "wall",
        "platform": "1",
        "color": "#787878",
        "source": "PCIP Phase 2 Appendix A, sheet A-001, November 2020, PDF page 45"
      },
      "geometry": {
        "type": "LineString",
        "coordinates": [[-73.993572, 40.7498074], [-73.9935676, 40.7498133]]
      }
    },
    {
      "type": "Feature",
      "properties": {
        "level": "platform",
        "type": "wall",
        "platform": "1",
        "color": "#787878",
        "source": "PCIP Phase 2 Appendix A, sheet A-001, November 2020, PDF page 45"
      },
      "geometry": {
        "type": "LineString",
        "coordinates": [[-73.9935676, 40.7498133], [-73.9935634, 40.749819]]
      }
    },
    {
      "type": "Feature",
      "properties": {
        "level": "platform",
        "type": "wall",
        "platform": "2",
        "color": "#787878",
        "source": "PCIP Phase 2 Appendix A, sheet A-001, November 2020, PDF page 45"
      },
      "geometry": {
        "type": "LineString",
        "coordinates": [[-73.9934914, 40.7499164], [-73.9934801, 40.7499317]]
      }
    },
    {
      "type": "Feature",
      "properties": {
        "level": "platform",
        "type": "wall",
        "platform": "3",
        "color": "#787878",
        "source": "PCIP Phase 2 Appendix A, sheet A-001, November 2020, PDF page 45"
      },
      "geometry": {
        "type": "LineString",
        "coordinates": [[-73.993424, 40.7500077], [-73.993413, 40.7500031]]
      }
    },
    {
      "type": "Feature",
      "properties": {
        "level": "platform",
        "type": "wall",
        "platform": "3",
        "color": "#787878",
        "source": "PCIP Phase 2 Appendix A, sheet A-001, November 2020, PDF page 45"
      },
      "geometry": {
        "type": "LineString",
        "coordinates": [[-73.9934155, 40.7500192], [-73.9934119, 40.7500177]]
      }
    },
    {
      "type": "Feature",
      "properties": {
        "level": "platform",
        "type": "wall",
        "platform": "3",
        "color": "#787878",
        "source": "PCIP Phase 2 Appendix A, sheet A-001, November 2020, PDF page 45"
      },
      "geometry": {
        "type": "LineString",
        "coordinates": [[-73.9934155, 40.7500192], [-73.9934237, 40.750008], [-73.9934202, 40.7500065]]
      }
    },
    {
      "type": "Feature",
      "properties": {
        "level": "platform",
        "type": "wall",
        "platform": "3",
        "color": "#787878",
        "source": "PCIP Phase 2 Appendix A, sheet A-001, November 2020, PDF page 45"
      },
      "geometry": {
        "type": "LineString",
        "coordinates": [[-73.9934154, 40.7500193], [-73.9934044, 40.7500147]]
      }
    },
    {
      "type": "Feature",
      "properties": {
        "level": "platform",
        "type": "wall",
        "platform": "3",
        "color": "#787878",
        "source": "PCIP Phase 2 Appendix A, sheet A-001, November 2020, PDF page 45"
      },
      "geometry": {
        "type": "LineString",
        "coordinates": [[-73.9934153, 40.7500195], [-73.9934043, 40.7500149], [-73.9933963, 40.7500115]]
      }
    },
    {
      "type": "Feature",
      "properties": {
        "level": "platform",
        "type": "wall",
        "platform": "3",
        "color": "#787878",
        "source": "PCIP Phase 2 Appendix A, sheet A-001, November 2020, PDF page 45"
      },
      "geometry": {
        "type": "LineString",
        "coordinates": [[-73.9934039, 40.7500349], [-73.9934153, 40.7500195]]
      }
    },
    {
      "type": "Feature",
      "properties": {
        "level": "platform",
        "type": "wall",
        "platform": "3",
        "color": "#787878",
        "source": "PCIP Phase 2 Appendix A, sheet A-001, November 2020, PDF page 45"
      },
      "geometry": {
        "type": "LineString",
        "coordinates": [[-73.9934039, 40.7500349], [-73.9933754, 40.7500229]]
      }
    },
    {
      "type": "Feature",
      "properties": {
        "level": "platform",
        "type": "wall",
        "platform": "3",
        "color": "#787878",
        "source": "PCIP Phase 2 Appendix A, sheet A-001, November 2020, PDF page 45"
      },
      "geometry": {
        "type": "LineString",
        "coordinates": [[-73.9933765, 40.7500252], [-73.9934029, 40.7500362]]
      }
    },
    {
      "type": "Feature",
      "properties": {
        "level": "platform",
        "type": "wall",
        "platform": "2",
        "color": "#787878",
        "source": "PCIP Phase 2 Appendix A, sheet A-001, November 2020, PDF page 45"
      },
      "geometry": {
        "type": "LineString",
        "coordinates": [[-73.9934998, 40.7499047], [-73.993496, 40.7499031]]
      }
    },
    {
      "type": "Feature",
      "properties": {
        "level": "platform",
        "type": "wall",
        "platform": "2",
        "color": "#787878",
        "source": "PCIP Phase 2 Appendix A, sheet A-001, November 2020, PDF page 45"
      },
      "geometry": {
        "type": "LineString",
        "coordinates": [[-73.9934913, 40.7499161], [-73.9934804, 40.7499115]]
      }
    },
    {
      "type": "Feature",
      "properties": {
        "level": "platform",
        "type": "wall",
        "platform": "2",
        "color": "#787878",
        "source": "PCIP Phase 2 Appendix A, sheet A-001, November 2020, PDF page 45"
      },
      "geometry": {
        "type": "LineString",
        "coordinates": [[-73.9934912, 40.7499163], [-73.9934803, 40.7499117], [-73.9934723, 40.7499083]]
      }
    },
    {
      "type": "Feature",
      "properties": {
        "level": "platform",
        "type": "wall",
        "platform": "2",
        "color": "#787878",
        "source": "PCIP Phase 2 Appendix A, sheet A-001, November 2020, PDF page 45"
      },
      "geometry": {
        "type": "LineString",
        "coordinates": [[-73.9934798, 40.7499317], [-73.9934912, 40.7499163]]
      }
    },
    {
      "type": "Feature",
      "properties": {
        "level": "platform",
        "type": "wall",
        "platform": "2",
        "color": "#787878",
        "source": "PCIP Phase 2 Appendix A, sheet A-001, November 2020, PDF page 45"
      },
      "geometry": {
        "type": "LineString",
        "coordinates": [[-73.9934798, 40.7499317], [-73.9934552, 40.7499213], [-73.9934552, 40.7499213], [-73.9934514, 40.7499197]]
      }
    },
    {
      "type": "Feature",
      "properties": {
        "level": "platform",
        "type": "wall",
        "platform": "2",
        "color": "#787878",
        "source": "PCIP Phase 2 Appendix A, sheet A-001, November 2020, PDF page 45"
      },
      "geometry": {
        "type": "LineString",
        "coordinates": [[-73.9934503, 40.7499211], [-73.9934787, 40.7499332]]
      }
    },
    {
      "type": "Feature",
      "properties": {
        "level": "platform",
        "type": "wall",
        "platform": "4",
        "color": "#787878",
        "source": "PCIP Phase 2 Appendix A, sheet A-001, November 2020, PDF page 45"
      },
      "geometry": {
        "type": "LineString",
        "coordinates": [[-73.9933382, 40.7501216], [-73.9933134, 40.7501111]]
      }
    },
    {
      "type": "Feature",
      "properties": {
        "level": "platform",
        "type": "wall",
        "platform": "4",
        "color": "#787878",
        "source": "PCIP Phase 2 Appendix A, sheet A-001, November 2020, PDF page 45"
      },
      "geometry": {
        "type": "LineString",
        "coordinates": [[-73.9933104, 40.7501113], [-73.9933374, 40.7501227]]
      }
    },
    {
      "type": "Feature",
      "properties": {
        "level": "platform",
        "type": "wall",
        "platform": "4",
        "color": "#787878",
        "source": "PCIP Phase 2 Appendix A, sheet A-001, November 2020, PDF page 45"
      },
      "geometry": {
        "type": "LineString",
        "coordinates": [[-73.9933374, 40.7501227], [-73.9933258, 40.7501383]]
      }
    },
    {
      "type": "Feature",
      "properties": {
        "level": "platform",
        "type": "wall",
        "platform": "4",
        "color": "#787878",
        "source": "PCIP Phase 2 Appendix A, sheet A-001, November 2020, PDF page 45"
      },
      "geometry": {
        "type": "LineString",
        "coordinates": [[-73.9933012, 40.7501279], [-73.9933258, 40.7501383]]
      }
    },
    {
      "type": "Feature",
      "properties": {
        "level": "platform",
        "type": "wall",
        "platform": "4",
        "color": "#787878",
        "source": "PCIP Phase 2 Appendix A, sheet A-001, November 2020, PDF page 45"
      },
      "geometry": {
        "type": "LineString",
        "coordinates": [[-73.9933258, 40.7501383], [-73.9933258, 40.7501383], [-73.9933235, 40.7501415]]
      }
    },
    {
      "type": "Feature",
      "properties": {
        "level": "platform",
        "type": "wall",
        "platform": "4",
        "color": "#787878",
        "source": "PCIP Phase 2 Appendix A, sheet A-001, November 2020, PDF page 45"
      },
      "geometry": {
        "type": "LineString",
        "coordinates": [[-73.9933235, 40.7501415], [-73.9932987, 40.7501312]]
      }
    },
    {
      "type": "Feature",
      "properties": {
        "level": "platform",
        "type": "wall",
        "platform": "1",
        "color": "#787878",
        "source": "PCIP Phase 2 Appendix A, sheet A-001, November 2020, PDF page 45"
      },
      "geometry": {
        "type": "LineString",
        "coordinates": [[-73.993569, 40.7498061], [-73.9935647, 40.749812]]
      }
    },
    {
      "type": "Feature",
      "properties": {
        "level": "platform",
        "type": "wall",
        "platform": "1",
        "color": "#787878",
        "source": "PCIP Phase 2 Appendix A, sheet A-001, November 2020, PDF page 45"
      },
      "geometry": {
        "type": "LineString",
        "coordinates": [[-73.9935647, 40.749812], [-73.9935604, 40.7498178]]
      }
    },
    {
      "type": "Feature",
      "properties": {
        "level": "platform",
        "type": "wall",
        "platform": "4",
        "color": "#787878",
        "source": "PCIP Phase 2 Appendix A, sheet A-001, November 2020, PDF page 45"
      },
      "geometry": {
        "type": "LineString",
        "coordinates": [[-73.9933202, 40.7501422], [-73.9933166, 40.7501407]]
      }
    },
    {
      "type": "Feature",
      "properties": {
        "level": "platform",
        "type": "wall",
        "platform": "4",
        "color": "#787878",
        "source": "PCIP Phase 2 Appendix A, sheet A-001, November 2020, PDF page 45"
      },
      "geometry": {
        "type": "LineString",
        "coordinates": [[-73.9933202, 40.7501422], [-73.9933118, 40.7501535]]
      }
    },
    {
      "type": "Feature",
      "properties": {
        "level": "platform",
        "type": "wall",
        "platform": "4",
        "color": "#787878",
        "source": "PCIP Phase 2 Appendix A, sheet A-001, November 2020, PDF page 45"
      },
      "geometry": {
        "type": "LineString",
        "coordinates": [[-73.9933118, 40.7501535], [-73.9933082, 40.750152]]
      }
    },
    {
      "type": "Feature",
      "properties": {
        "level": "platform",
        "type": "wall",
        "platform": "3",
        "color": "#787878",
        "source": "PCIP Phase 2 Appendix A, sheet A-001, November 2020, PDF page 45"
      },
      "geometry": {
        "type": "LineString",
        "coordinates": [[-73.9934202, 40.7500065], [-73.9934164, 40.7500049]]
      }
    },
    {
      "type": "Feature",
      "properties": {
        "level": "platform",
        "type": "wall",
        "platform": "3",
        "color": "#787878",
        "source": "PCIP Phase 2 Appendix A, sheet A-001, November 2020, PDF page 45"
      },
      "geometry": {
        "type": "LineString",
        "coordinates": [[-73.9934202, 40.7500065], [-73.9934119, 40.7500177]]
      }
    },
    {
      "type": "Feature",
      "properties": {
        "level": "platform",
        "type": "wall",
        "platform": "3",
        "color": "#787878",
        "source": "PCIP Phase 2 Appendix A, sheet A-001, November 2020, PDF page 45"
      },
      "geometry": {
        "type": "LineString",
        "coordinates": [[-73.9934119, 40.7500177], [-73.9934081, 40.750016]]
      }
    },
    {
      "type": "Feature",
      "properties": {
        "level": "platform",
        "type": "wall",
        "platform": "2",
        "color": "#787878",
        "source": "PCIP Phase 2 Appendix A, sheet A-001, November 2020, PDF page 45"
      },
      "geometry": {
        "type": "LineString",
        "coordinates": [[-73.993496, 40.7499031], [-73.9934878, 40.7499146]]
      }
    },
    {
      "type": "Feature",
      "properties": {
        "level": "platform",
        "type": "wall",
        "platform": "2",
        "color": "#787878",
        "source": "PCIP Phase 2 Appendix A, sheet A-001, November 2020, PDF page 45"
      },
      "geometry": {
        "type": "LineString",
        "coordinates": [[-73.993496, 40.7499031], [-73.9934924, 40.7499015]]
      }
    },
    {
      "type": "Feature",
      "properties": {
        "level": "platform",
        "type": "wall",
        "platform": "1",
        "color": "#787878",
        "source": "PCIP Phase 2 Appendix A, sheet A-001, November 2020, PDF page 45"
      },
      "geometry": {
        "type": "LineString",
        "coordinates": [[-73.9935661, 40.7498049], [-73.9935617, 40.7498108]]
      }
    },
    {
      "type": "Feature",
      "properties": {
        "level": "platform",
        "type": "wall",
        "platform": "1",
        "color": "#787878",
        "source": "PCIP Phase 2 Appendix A, sheet A-001, November 2020, PDF page 45"
      },
      "geometry": {
        "type": "LineString",
        "coordinates": [[-73.9935617, 40.7498108], [-73.9935575, 40.7498165]]
      }
    },
    {
      "type": "Feature",
      "properties": {
        "level": "platform",
        "type": "wall",
        "platform": "4",
        "color": "#787878",
        "source": "PCIP Phase 2 Appendix A, sheet A-001, November 2020, PDF page 45"
      },
      "geometry": {
        "type": "LineString",
        "coordinates": [[-73.9933166, 40.7501407], [-73.9933128, 40.7501391]]
      }
    },
    {
      "type": "Feature",
      "properties": {
        "level": "platform",
        "type": "wall",
        "platform": "4",
        "color": "#787878",
        "source": "PCIP Phase 2 Appendix A, sheet A-001, November 2020, PDF page 45"
      },
      "geometry": {
        "type": "LineString",
        "coordinates": [[-73.9933166, 40.7501407], [-73.9933082, 40.750152]]
      }
    },
    {
      "type": "Feature",
      "properties": {
        "level": "platform",
        "type": "wall",
        "platform": "4",
        "color": "#787878",
        "source": "PCIP Phase 2 Appendix A, sheet A-001, November 2020, PDF page 45"
      },
      "geometry": {
        "type": "LineString",
        "coordinates": [[-73.9933082, 40.750152], [-73.9933045, 40.7501504]]
      }
    },
    {
      "type": "Feature",
      "properties": {
        "level": "platform",
        "type": "wall",
        "platform": "3",
        "color": "#787878",
        "source": "PCIP Phase 2 Appendix A, sheet A-001, November 2020, PDF page 45"
      },
      "geometry": {
        "type": "LineString",
        "coordinates": [[-73.9934164, 40.7500049], [-73.9934128, 40.7500034]]
      }
    },
    {
      "type": "Feature",
      "properties": {
        "level": "platform",
        "type": "wall",
        "platform": "3",
        "color": "#787878",
        "source": "PCIP Phase 2 Appendix A, sheet A-001, November 2020, PDF page 45"
      },
      "geometry": {
        "type": "LineString",
        "coordinates": [[-73.9934164, 40.7500049], [-73.9934081, 40.750016]]
      }
    },
    {
      "type": "Feature",
      "properties": {
        "level": "platform",
        "type": "wall",
        "platform": "3",
        "color": "#787878",
        "source": "PCIP Phase 2 Appendix A, sheet A-001, November 2020, PDF page 45"
      },
      "geometry": {
        "type": "LineString",
        "coordinates": [[-73.9934081, 40.750016], [-73.9934046, 40.7500145]]
      }
    },
    {
      "type": "Feature",
      "properties": {
        "level": "platform",
        "type": "wall",
        "platform": "2",
        "color": "#787878",
        "source": "PCIP Phase 2 Appendix A, sheet A-001, November 2020, PDF page 45"
      },
      "geometry": {
        "type": "LineString",
        "coordinates": [[-73.9934924, 40.7499015], [-73.9934887, 40.7498999]]
      }
    },
    {
      "type": "Feature",
      "properties": {
        "level": "platform",
        "type": "wall",
        "platform": "2",
        "color": "#787878",
        "source": "PCIP Phase 2 Appendix A, sheet A-001, November 2020, PDF page 45"
      },
      "geometry": {
        "type": "LineString",
        "coordinates": [[-73.9934924, 40.7499015], [-73.993484, 40.749913]]
      }
    },
    {
      "type": "Feature",
      "properties": {
        "level": "platform",
        "type": "wall",
        "platform": "1",
        "color": "#787878",
        "source": "PCIP Phase 2 Appendix A, sheet A-001, November 2020, PDF page 45"
      },
      "geometry": {
        "type": "LineString",
        "coordinates": [[-73.9935589, 40.7498096], [-73.9935547, 40.7498153]]
      }
    },
    {
      "type": "Feature",
      "properties": {
        "level": "platform",
        "type": "wall",
        "platform": "1",
        "color": "#787878",
        "source": "PCIP Phase 2 Appendix A, sheet A-001, November 2020, PDF page 45"
      },
      "geometry": {
        "type": "LineString",
        "coordinates": [[-73.9935631, 40.7498036], [-73.9935589, 40.7498096]]
      }
    },
    {
      "type": "Feature",
      "properties": {
        "level": "platform",
        "type": "wall",
        "platform": "3",
        "color": "#787878",
        "source": "PCIP Phase 2 Appendix A, sheet A-001, November 2020, PDF page 45"
      },
      "geometry": {
        "type": "LineString",
        "coordinates": [[-73.9933946, 40.7500107], [-73.9933869, 40.7500074]]
      }
    },
    {
      "type": "Feature",
      "properties": {
        "level": "platform",
        "type": "wall",
        "platform": "2",
        "color": "#787878",
        "source": "PCIP Phase 2 Appendix A, sheet A-001, November 2020, PDF page 45"
      },
      "geometry": {
        "type": "LineString",
        "coordinates": [[-73.9934706, 40.7499075], [-73.9934627, 40.7499044]]
      }
    },
    {
      "type": "Feature",
      "properties": {
        "level": "platform",
        "type": "wall",
        "platform": "5",
        "color": "#787878",
        "source": "PCIP Phase 2 Appendix A, sheet A-001, November 2020, PDF page 45"
      },
      "geometry": {
        "type": "LineString",
        "coordinates": [[-73.993233, 40.7502233], [-73.9932294, 40.7502217], [-73.9932136, 40.7502431]]
      }
    },
    {
      "type": "Feature",
      "properties": {
        "level": "platform",
        "type": "wall",
        "platform": "5",
        "color": "#787878",
        "source": "PCIP Phase 2 Appendix A, sheet A-001, November 2020, PDF page 45"
      },
      "geometry": {
        "type": "LineString",
        "coordinates": [[-73.9932031, 40.7502558], [-73.9932075, 40.7502577]]
      }
    },
    {
      "type": "Feature",
      "properties": {
        "level": "platform",
        "type": "wall",
        "platform": "5",
        "color": "#787878",
        "source": "PCIP Phase 2 Appendix A, sheet A-001, November 2020, PDF page 45"
      },
      "geometry": {
        "type": "LineString",
        "coordinates": [[-73.9932075, 40.7502577], [-73.9932051, 40.750261]]
      }
    },
    {
      "type": "Feature",
      "properties": {
        "level": "platform",
        "type": "wall",
        "platform": "5",
        "color": "#787878",
        "source": "PCIP Phase 2 Appendix A, sheet A-001, November 2020, PDF page 45"
      },
      "geometry": {
        "type": "LineString",
        "coordinates": [[-73.9932051, 40.750261], [-73.9932006, 40.7502592]]
      }
    },
    {
      "type": "Feature",
      "properties": {
        "level": "platform",
        "type": "wall",
        "platform": "5",
        "color": "#787878",
        "source": "PCIP Phase 2 Appendix A, sheet A-001, November 2020, PDF page 45"
      },
      "geometry": {
        "type": "LineString",
        "coordinates": [[-73.9931974, 40.7502599], [-73.9932039, 40.7502626]]
      }
    },
    {
      "type": "Feature",
      "properties": {
        "level": "platform",
        "type": "wall",
        "platform": "3",
        "color": "#787878",
        "source": "PCIP Phase 2 Appendix A, sheet A-001, November 2020, PDF page 45"
      },
      "geometry": {
        "type": "LineString",
        "coordinates": [[-73.9933622, 40.7500412], [-73.9933658, 40.7500427]]
      }
    },
    {
      "type": "Feature",
      "properties": {
        "level": "platform",
        "type": "wall",
        "platform": "1",
        "color": "#787878",
        "source": "PCIP Phase 2 Appendix A, sheet A-001, November 2020, PDF page 45"
      },
      "geometry": {
        "type": "LineString",
        "coordinates": [[-73.9935434, 40.7497948], [-73.9935469, 40.7497964]]
      }
    },
    {
      "type": "Feature",
      "properties": {
        "level": "platform",
        "type": "wall",
        "platform": "4",
        "color": "#787878",
        "source": "PCIP Phase 2 Appendix A, sheet A-001, November 2020, PDF page 45"
      },
      "geometry": {
        "type": "LineString",
        "coordinates": [[-73.9933024, 40.7501221], [-73.9932958, 40.7501315]]
      }
    },
    {
      "type": "Feature",
      "properties": {
        "level": "platform",
        "type": "wall",
        "platform": "3",
        "color": "#787878",
        "source": "PCIP Phase 2 Appendix A, sheet A-001, November 2020, PDF page 45"
      },
      "geometry": {
        "type": "LineString",
        "coordinates": [[-73.9933754, 40.7500229], [-73.9933622, 40.7500412]]
      }
    },
    {
      "type": "Feature",
      "properties": {
        "level": "platform",
        "type": "wall",
        "platform": "3",
        "color": "#787878",
        "source": "PCIP Phase 2 Appendix A, sheet A-001, November 2020, PDF page 45"
      },
      "geometry": {
        "type": "LineString",
        "coordinates": [[-73.9933869, 40.7500074], [-73.9933833, 40.7500122]]
      }
    },
    {
      "type": "Feature",
      "properties": {
        "level": "platform",
        "type": "wall",
        "platform": "3",
        "color": "#787878",
        "source": "PCIP Phase 2 Appendix A, sheet A-001, November 2020, PDF page 45"
      },
      "geometry": {
        "type": "LineString",
        "coordinates": [[-73.9933694, 40.750031], [-73.9933744, 40.7500243]]
      }
    },
    {
      "type": "Feature",
      "properties": {
        "level": "platform",
        "type": "wall",
        "platform": "2",
        "color": "#787878",
        "source": "PCIP Phase 2 Appendix A, sheet A-001, November 2020, PDF page 45"
      },
      "geometry": {
        "type": "LineString",
        "coordinates": [[-73.9934627, 40.7499044], [-73.9934592, 40.7499092]]
      }
    },
    {
      "type": "Feature",
      "properties": {
        "level": "platform",
        "type": "wall",
        "platform": "2",
        "color": "#787878",
        "source": "PCIP Phase 2 Appendix A, sheet A-001, November 2020, PDF page 45"
      },
      "geometry": {
        "type": "LineString",
        "coordinates": [[-73.9934539, 40.7499164], [-73.9934503, 40.7499211]]
      }
    },
    {
      "type": "Feature",
      "properties": {
        "level": "platform",
        "type": "wall",
        "platform": "2",
        "color": "#787878",
        "source": "PCIP Phase 2 Appendix A, sheet A-001, November 2020, PDF page 45"
      },
      "geometry": {
        "type": "LineString",
        "coordinates": [[-73.9934454, 40.7499278], [-73.9934503, 40.7499211]]
      }
    },
    {
      "type": "Feature",
      "properties": {
        "level": "platform",
        "type": "wall",
        "platform": "4",
        "color": "#787878",
        "source": "PCIP Phase 2 Appendix A, sheet A-001, November 2020, PDF page 45"
      },
      "geometry": {
        "type": "LineString",
        "coordinates": [[-73.9932816, 40.7501495], [-73.9932863, 40.7501431]]
      }
    },
    {
      "type": "Feature",
      "properties": {
        "level": "platform",
        "type": "wall",
        "platform": "5",
        "color": "#787878",
        "source": "PCIP Phase 2 Appendix A, sheet A-001, November 2020, PDF page 45"
      },
      "geometry": {
        "type": "LineString",
        "coordinates": [[-73.9932006, 40.7502592], [-73.9932031, 40.7502558]]
      }
    },
    {
      "type": "Feature",
      "properties": {
        "level": "platform",
        "type": "wall",
        "platform": "3",
        "color": "#787878",
        "source": "PCIP Phase 2 Appendix A, sheet A-001, November 2020, PDF page 45"
      },
      "geometry": {
        "type": "LineString",
        "coordinates": [[-73.9933692, 40.7500305], [-73.993374, 40.7500242]]
      }
    },
    {
      "type": "Feature",
      "properties": {
        "level": "platform",
        "type": "wall",
        "platform": "2",
        "color": "#787878",
        "source": "PCIP Phase 2 Appendix A, sheet A-001, November 2020, PDF page 45"
      },
      "geometry": {
        "type": "LineString",
        "coordinates": [[-73.9934452, 40.7499273], [-73.9934499, 40.749921]]
      }
    },
    {
      "type": "Feature",
      "properties": {
        "level": "platform",
        "type": "wall",
        "platform": "4",
        "color": "#787878",
        "source": "PCIP Phase 2 Appendix A, sheet A-001, November 2020, PDF page 45"
      },
      "geometry": {
        "type": "LineString",
        "coordinates": [[-73.9932859, 40.750143], [-73.9932812, 40.7501493]]
      }
    },
    {
      "type": "Feature",
      "properties": {
        "level": "platform",
        "type": "wall",
        "platform": "1",
        "color": "#787878",
        "source": "PCIP Phase 2 Appendix A, sheet A-001, November 2020, PDF page 45"
      },
      "geometry": {
        "type": "LineString",
        "coordinates": [[-73.9935295, 40.7498128], [-73.9935342, 40.7498064]]
      }
    },
    {
      "type": "Feature",
      "properties": {
        "level": "platform",
        "type": "wall",
        "platform": "3",
        "color": "#787878",
        "source": "PCIP Phase 2 Appendix A, sheet A-001, November 2020, PDF page 45"
      },
      "geometry": {
        "type": "LineString",
        "coordinates": [[-73.9933733, 40.7500239], [-73.9933686, 40.7500303]]
      }
    },
    {
      "type": "Feature",
      "properties": {
        "level": "platform",
        "type": "wall",
        "platform": "2",
        "color": "#787878",
        "source": "PCIP Phase 2 Appendix A, sheet A-001, November 2020, PDF page 45"
      },
      "geometry": {
        "type": "LineString",
        "coordinates": [[-73.9934493, 40.7499207], [-73.9934446, 40.7499271]]
      }
    },
    {
      "type": "Feature",
      "properties": {
        "level": "platform",
        "type": "wall",
        "platform": "1",
        "color": "#787878",
        "source": "PCIP Phase 2 Appendix A, sheet A-001, November 2020, PDF page 45"
      },
      "geometry": {
        "type": "LineString",
        "coordinates": [[-73.9935336, 40.7498062], [-73.9935287, 40.7498129]]
      }
    },
    {
      "type": "Feature",
      "properties": {
        "level": "platform",
        "type": "wall",
        "platform": "1",
        "color": "#787878",
        "source": "PCIP Phase 2 Appendix A, sheet A-001, November 2020, PDF page 45"
      },
      "geometry": {
        "type": "LineString",
        "coordinates": [[-73.9935158, 40.7497832], [-73.9935423, 40.7497944]]
      }
    },
    {
      "type": "Feature",
      "properties": {
        "level": "platform",
        "type": "wall",
        "platform": "5",
        "color": "#787878",
        "source": "PCIP Phase 2 Appendix A, sheet A-001, November 2020, PDF page 45"
      },
      "geometry": {
        "type": "LineString",
        "coordinates": [[-73.9932018, 40.7502538], [-73.9931974, 40.7502599]]
      }
    },
    {
      "type": "Feature",
      "properties": {
        "level": "platform",
        "type": "wall",
        "platform": "1",
        "color": "#787878",
        "source": "PCIP Phase 2 Appendix A, sheet A-001, November 2020, PDF page 45"
      },
      "geometry": {
        "type": "LineString",
        "coordinates": [[-73.9934987, 40.7498067], [-73.9935158, 40.7497832]]
      }
    },
    {
      "type": "Feature",
      "properties": {
        "level": "platform",
        "type": "wall",
        "platform": "1",
        "color": "#787878",
        "source": "PCIP Phase 2 Appendix A, sheet A-001, November 2020, PDF page 45"
      },
      "geometry": {
        "type": "LineString",
        "coordinates": [[-73.9934892, 40.7498027], [-73.9934987, 40.7498067]]
      }
    },
    {
      "type": "Feature",
      "properties": {
        "level": "platform",
        "type": "wall",
        "platform": "1",
        "color": "#787878",
        "source": "PCIP Phase 2 Appendix A, sheet A-001, November 2020, PDF page 45"
      },
      "geometry": {
        "type": "LineString",
        "coordinates": [[-73.9935152, 40.7497814], [-73.9935103, 40.7497879]]
      }
    },
    {
      "type": "Feature",
      "properties": {
        "level": "platform",
        "type": "wall",
        "platform": "1",
        "color": "#787878",
        "source": "PCIP Phase 2 Appendix A, sheet A-001, November 2020, PDF page 45"
      },
      "geometry": {
        "type": "LineString",
        "coordinates": [[-73.9935103, 40.7497879], [-73.9935023, 40.7497846]]
      }
    },
    {
      "type": "Feature",
      "properties": {
        "level": "platform",
        "type": "wall",
        "platform": "1",
        "color": "#787878",
        "source": "PCIP Phase 2 Appendix A, sheet A-001, November 2020, PDF page 45"
      },
      "geometry": {
        "type": "LineString",
        "coordinates": [[-73.9935103, 40.7497879], [-73.993498, 40.7498047]]
      }
    },
    {
      "type": "Feature",
      "properties": {
        "level": "platform",
        "type": "wall",
        "platform": "1",
        "color": "#787878",
        "source": "PCIP Phase 2 Appendix A, sheet A-001, November 2020, PDF page 45"
      },
      "geometry": {
        "type": "LineString",
        "coordinates": [[-73.9935023, 40.7497846], [-73.9934929, 40.7497805]]
      }
    },
    {
      "type": "Feature",
      "properties": {
        "level": "platform",
        "type": "wall",
        "platform": "8",
        "color": "#787878",
        "source": "PCIP Phase 2 Appendix A, sheet A-001, November 2020, PDF page 45"
      },
      "geometry": {
        "type": "LineString",
        "coordinates": [[-73.9929374, 40.7505441], [-73.99295, 40.7505267]]
      }
    },
    {
      "type": "Feature",
      "properties": {
        "level": "platform",
        "type": "wall",
        "platform": "8",
        "color": "#787878",
        "source": "PCIP Phase 2 Appendix A, sheet A-001, November 2020, PDF page 45"
      },
      "geometry": {
        "type": "LineString",
        "coordinates": [[-73.9929409, 40.7505184], [-73.99295, 40.7505267]]
      }
    },
    {
      "type": "Feature",
      "properties": {
        "level": "platform",
        "type": "wall",
        "platform": "1",
        "color": "#787878",
        "source": "PCIP Phase 2 Appendix A, sheet A-001, November 2020, PDF page 45"
      },
      "geometry": {
        "type": "LineString",
        "coordinates": [[-73.9934703, 40.7497946], [-73.9934798, 40.7497986]]
      }
    },
    {
      "type": "Feature",
      "properties": {
        "level": "platform",
        "type": "wall",
        "platform": "1",
        "color": "#787878",
        "source": "PCIP Phase 2 Appendix A, sheet A-001, November 2020, PDF page 45"
      },
      "geometry": {
        "type": "LineString",
        "coordinates": [[-73.9934929, 40.7497805], [-73.9934929, 40.7497805], [-73.9934849, 40.7497772]]
      }
    },
    {
      "type": "Feature",
      "properties": {
        "level": "platform",
        "type": "wall",
        "platform": "1",
        "color": "#787878",
        "source": "PCIP Phase 2 Appendix A, sheet A-001, November 2020, PDF page 45"
      },
      "geometry": {
        "type": "LineString",
        "coordinates": [[-73.9934897, 40.7497706], [-73.9933928, 40.7497298]]
      }
    },
    {
      "type": "Feature",
      "properties": {
        "level": "platform",
        "type": "wall",
        "platform": "1",
        "color": "#787878",
        "source": "PCIP Phase 2 Appendix A, sheet A-001, November 2020, PDF page 45"
      },
      "geometry": {
        "type": "LineString",
        "coordinates": [[-73.9934844, 40.7497778], [-73.9934897, 40.7497706]]
      }
    },
    {
      "type": "Feature",
      "properties": {
        "level": "platform",
        "type": "wall",
        "platform": "1",
        "color": "#787878",
        "source": "PCIP Phase 2 Appendix A, sheet A-001, November 2020, PDF page 45"
      },
      "geometry": {
        "type": "LineString",
        "coordinates": [[-73.9934834, 40.7497765], [-73.9934703, 40.7497946]]
      }
    },
    {
      "type": "Feature",
      "properties": {
        "level": "platform",
        "type": "wall",
        "platform": "1",
        "color": "#787878",
        "source": "PCIP Phase 2 Appendix A, sheet A-001, November 2020, PDF page 45"
      },
      "geometry": {
        "type": "LineString",
        "coordinates": [[-73.9934602, 40.7497598], [-73.9934874, 40.7497711]]
      }
    },
    {
      "type": "Feature",
      "properties": {
        "level": "platform",
        "type": "wall",
        "platform": "1",
        "color": "#787878",
        "source": "PCIP Phase 2 Appendix A, sheet A-001, November 2020, PDF page 45"
      },
      "geometry": {
        "type": "LineString",
        "coordinates": [[-73.9934874, 40.7497711], [-73.9934834, 40.7497765]]
      }
    },
    {
      "type": "Feature",
      "properties": {
        "level": "platform",
        "type": "wall",
        "platform": "7",
        "color": "#787878",
        "source": "PCIP Phase 2 Appendix A, sheet A-001, November 2020, PDF page 45"
      },
      "geometry": {
        "type": "LineString",
        "coordinates": [[-73.9929894, 40.7504442], [-73.9929864, 40.7504352]]
      }
    },
    {
      "type": "Feature",
      "properties": {
        "level": "platform",
        "type": "wall",
        "platform": "7",
        "color": "#787878",
        "source": "PCIP Phase 2 Appendix A, sheet A-001, November 2020, PDF page 45"
      },
      "geometry": {
        "type": "LineString",
        "coordinates": [[-73.9929889, 40.7504444], [-73.9929861, 40.7504352]]
      }
    },
    {
      "type": "Feature",
      "properties": {
        "level": "platform",
        "type": "wall",
        "platform": "5",
        "color": "#787878",
        "source": "PCIP Phase 2 Appendix A, sheet A-001, November 2020, PDF page 45"
      },
      "geometry": {
        "type": "LineString",
        "coordinates": [[-73.9931656, 40.7501995], [-73.9931704, 40.7501984]]
      }
    },
    {
      "type": "Feature",
      "properties": {
        "level": "platform",
        "type": "wall",
        "platform": "5",
        "color": "#787878",
        "source": "PCIP Phase 2 Appendix A, sheet A-001, November 2020, PDF page 45"
      },
      "geometry": {
        "type": "LineString",
        "coordinates": [[-73.9931704, 40.7501984], [-73.9931656, 40.7501995]]
      }
    },
    {
      "type": "Feature",
      "properties": {
        "level": "platform",
        "type": "wall",
        "platform": "5",
        "color": "#787878",
        "source": "PCIP Phase 2 Appendix A, sheet A-001, November 2020, PDF page 45"
      },
      "geometry": {
        "type": "LineString",
        "coordinates": [[-73.9931703, 40.7501982], [-73.9931582, 40.750201]]
      }
    },
    {
      "type": "Feature",
      "properties": {
        "level": "platform",
        "type": "wall",
        "platform": "5",
        "color": "#787878",
        "source": "PCIP Phase 2 Appendix A, sheet A-001, November 2020, PDF page 45"
      },
      "geometry": {
        "type": "LineString",
        "coordinates": [[-73.9931702, 40.7501983], [-73.9931584, 40.7502011]]
      }
    },
    {
      "type": "Feature",
      "properties": {
        "level": "platform",
        "type": "wall",
        "platform": "5",
        "color": "#787878",
        "source": "PCIP Phase 2 Appendix A, sheet A-001, November 2020, PDF page 45"
      },
      "geometry": {
        "type": "LineString",
        "coordinates": [[-73.9931701, 40.7501981], [-73.9931582, 40.750201]]
      }
    },
    {
      "type": "Feature",
      "properties": {
        "level": "platform",
        "type": "wall",
        "platform": "5",
        "color": "#787878",
        "source": "PCIP Phase 2 Appendix A, sheet A-001, November 2020, PDF page 45"
      },
      "geometry": {
        "type": "LineString",
        "coordinates": [[-73.9931581, 40.7502008], [-73.9931702, 40.7501979]]
      }
    },
    {
      "type": "Feature",
      "properties": {
        "level": "platform",
        "type": "wall",
        "platform": "5",
        "color": "#787878",
        "source": "PCIP Phase 2 Appendix A, sheet A-001, November 2020, PDF page 45"
      },
      "geometry": {
        "type": "LineString",
        "coordinates": [[-73.9931656, 40.7501995], [-73.9931583, 40.7502012]]
      }
    },
    {
      "type": "Feature",
      "properties": {
        "level": "platform",
        "type": "wall",
        "platform": "5",
        "color": "#787878",
        "source": "PCIP Phase 2 Appendix A, sheet A-001, November 2020, PDF page 45"
      },
      "geometry": {
        "type": "LineString",
        "coordinates": [[-73.9931656, 40.7501995], [-73.9931583, 40.7502012], [-73.9931471, 40.7502053]]
      }
    },
    {
      "type": "Feature",
      "properties": {
        "level": "platform",
        "type": "wall",
        "platform": "7",
        "color": "#787878",
        "source": "PCIP Phase 2 Appendix A, sheet A-001, November 2020, PDF page 45"
      },
      "geometry": {
        "type": "LineString",
        "coordinates": [[-73.9929864, 40.7504352], [-73.9929893, 40.7504443], [-73.9929861, 40.7504352]]
      }
    },
    {
      "type": "Feature",
      "properties": {
        "level": "platform",
        "type": "wall",
        "platform": "5",
        "color": "#787878",
        "source": "PCIP Phase 2 Appendix A, sheet A-001, November 2020, PDF page 45"
      },
      "geometry": {
        "type": "LineString",
        "coordinates": [[-73.9931471, 40.7502053], [-73.9931583, 40.7502012]]
      }
    },
    {
      "type": "Feature",
      "properties": {
        "level": "platform",
        "type": "wall",
        "platform": "5",
        "color": "#787878",
        "source": "PCIP Phase 2 Appendix A, sheet A-001, November 2020, PDF page 45"
      },
      "geometry": {
        "type": "LineString",
        "coordinates": [[-73.9931584, 40.7502011], [-73.9931497, 40.7502043]]
      }
    },
    {
      "type": "Feature",
      "properties": {
        "level": "platform",
        "type": "wall",
        "platform": "5",
        "color": "#787878",
        "source": "PCIP Phase 2 Appendix A, sheet A-001, November 2020, PDF page 45"
      },
      "geometry": {
        "type": "LineString",
        "coordinates": [[-73.9931469, 40.7502048], [-73.9931581, 40.7502008]]
      }
    },
    {
      "type": "Feature",
      "properties": {
        "level": "platform",
        "type": "wall",
        "platform": "7",
        "color": "#787878",
        "source": "PCIP Phase 2 Appendix A, sheet A-001, November 2020, PDF page 45"
      },
      "geometry": {
        "type": "LineString",
        "coordinates": [[-73.9929851, 40.7504279], [-73.9929864, 40.7504351], [-73.992985, 40.7504258]]
      }
    },
    {
      "type": "Feature",
      "properties": {
        "level": "platform",
        "type": "wall",
        "platform": "7",
        "color": "#787878",
        "source": "PCIP Phase 2 Appendix A, sheet A-001, November 2020, PDF page 45"
      },
      "geometry": {
        "type": "LineString",
        "coordinates": [[-73.9929848, 40.750428], [-73.992986, 40.7504352], [-73.9929847, 40.7504258]]
      }
    },
    {
      "type": "Feature",
      "properties": {
        "level": "platform",
        "type": "wall",
        "platform": "5",
        "color": "#787878",
        "source": "PCIP Phase 2 Appendix A, sheet A-001, November 2020, PDF page 45"
      },
      "geometry": {
        "type": "LineString",
        "coordinates": [[-73.9931496, 40.750204], [-73.9931582, 40.750201], [-73.993147, 40.750205]]
      }
    },
    {
      "type": "Feature",
      "properties": {
        "level": "platform",
        "type": "wall",
        "platform": "4",
        "color": "#787878",
        "source": "PCIP Phase 2 Appendix A, sheet A-001, November 2020, PDF page 45"
      },
      "geometry": {
        "type": "LineString",
        "coordinates": [[-73.993225, 40.7500803], [-73.9932297, 40.7500739]]
      }
    },
    {
      "type": "Feature",
      "properties": {
        "level": "platform",
        "type": "wall",
        "platform": "4",
        "color": "#787878",
        "source": "PCIP Phase 2 Appendix A, sheet A-001, November 2020, PDF page 45"
      },
      "geometry": {
        "type": "LineString",
        "coordinates": [[-73.9932115, 40.7500986], [-73.9932162, 40.7500923]]
      }
    },
    {
      "type": "Feature",
      "properties": {
        "level": "platform",
        "type": "wall",
        "platform": "3",
        "color": "#787878",
        "source": "PCIP Phase 2 Appendix A, sheet A-001, November 2020, PDF page 45"
      },
      "geometry": {
        "type": "LineString",
        "coordinates": [[-73.9933007, 40.7499774], [-73.9933055, 40.7499711]]
      }
    },
    {
      "type": "Feature",
      "properties": {
        "level": "platform",
        "type": "wall",
        "platform": "3",
        "color": "#787878",
        "source": "PCIP Phase 2 Appendix A, sheet A-001, November 2020, PDF page 45"
      },
      "geometry": {
        "type": "LineString",
        "coordinates": [[-73.9932872, 40.7499958], [-73.9932919, 40.7499894]]
      }
    },
    {
      "type": "Feature",
      "properties": {
        "level": "platform",
        "type": "wall",
        "platform": "2",
        "color": "#787878",
        "source": "PCIP Phase 2 Appendix A, sheet A-001, November 2020, PDF page 45"
      },
      "geometry": {
        "type": "LineString",
        "coordinates": [[-73.9933766, 40.7498744], [-73.9933813, 40.749868]]
      }
    },
    {
      "type": "Feature",
      "properties": {
        "level": "platform",
        "type": "wall",
        "platform": "2",
        "color": "#787878",
        "source": "PCIP Phase 2 Appendix A, sheet A-001, November 2020, PDF page 45"
      },
      "geometry": {
        "type": "LineString",
        "coordinates": [[-73.993363, 40.7498927], [-73.9933678, 40.7498863]]
      }
    },
    {
      "type": "Feature",
      "properties": {
        "level": "platform",
        "type": "wall",
        "platform": "4",
        "color": "#787878",
        "source": "PCIP Phase 2 Appendix A, sheet A-001, November 2020, PDF page 45"
      },
      "geometry": {
        "type": "LineString",
        "coordinates": [[-73.9932158, 40.7500921], [-73.9932111, 40.7500985]]
      }
    },
    {
      "type": "Feature",
      "properties": {
        "level": "platform",
        "type": "wall",
        "platform": "1",
        "color": "#787878",
        "source": "PCIP Phase 2 Appendix A, sheet A-001, November 2020, PDF page 45"
      },
      "geometry": {
        "type": "LineString",
        "coordinates": [[-73.9934577, 40.7497642], [-73.9934571, 40.7497639], [-73.9934602, 40.7497598]]
      }
    },
    {
      "type": "Feature",
      "properties": {
        "level": "platform",
        "type": "wall",
        "platform": "1",
        "color": "#787878",
        "source": "PCIP Phase 2 Appendix A, sheet A-001, November 2020, PDF page 45"
      },
      "geometry": {
        "type": "LineString",
        "coordinates": [[-73.9934577, 40.7497642], [-73.9934606, 40.7497599]]
      }
    },
    {
      "type": "Feature",
      "properties": {
        "level": "platform",
        "type": "wall",
        "platform": "1",
        "color": "#787878",
        "source": "PCIP Phase 2 Appendix A, sheet A-001, November 2020, PDF page 45"
      },
      "geometry": {
        "type": "LineString",
        "coordinates": [[-73.9934489, 40.7497761], [-73.99338, 40.7497471]]
      }
    },
    {
      "type": "Feature",
      "properties": {
        "level": "platform",
        "type": "wall",
        "platform": "1",
        "color": "#787878",
        "source": "PCIP Phase 2 Appendix A, sheet A-001, November 2020, PDF page 45"
      },
      "geometry": {
        "type": "LineString",
        "coordinates": [[-73.9934429, 40.7497843], [-73.9934489, 40.7497761]]
      }
    },
    {
      "type": "Feature",
      "properties": {
        "level": "platform",
        "type": "wall",
        "platform": "3",
        "color": "#787878",
        "source": "PCIP Phase 2 Appendix A, sheet A-001, November 2020, PDF page 45"
      },
      "geometry": {
        "type": "LineString",
        "coordinates": [[-73.9932318, 40.7499484], [-73.9933001, 40.7499772]]
      }
    },
    {
      "type": "Feature",
      "properties": {
        "level": "platform",
        "type": "wall",
        "platform": "4",
        "color": "#787878",
        "source": "PCIP Phase 2 Appendix A, sheet A-001, November 2020, PDF page 45"
      },
      "geometry": {
        "type": "LineString",
        "coordinates": [[-73.993216, 40.7500907], [-73.9931466, 40.7500615]]
      }
    },
    {
      "type": "Feature",
      "properties": {
        "level": "platform",
        "type": "wall",
        "platform": "4",
        "color": "#787878",
        "source": "PCIP Phase 2 Appendix A, sheet A-001, November 2020, PDF page 45"
      },
      "geometry": {
        "type": "LineString",
        "coordinates": [[-73.9932151, 40.7500918], [-73.9931473, 40.7500633]]
      }
    },
    {
      "type": "Feature",
      "properties": {
        "level": "platform",
        "type": "wall",
        "platform": "4",
        "color": "#787878",
        "source": "PCIP Phase 2 Appendix A, sheet A-001, November 2020, PDF page 45"
      },
      "geometry": {
        "type": "LineString",
        "coordinates": [[-73.9932101, 40.7500987], [-73.9932151, 40.7500918]]
      }
    },
    {
      "type": "Feature",
      "properties": {
        "level": "platform",
        "type": "wall",
        "platform": "4",
        "color": "#787878",
        "source": "PCIP Phase 2 Appendix A, sheet A-001, November 2020, PDF page 45"
      },
      "geometry": {
        "type": "LineString",
        "coordinates": [[-73.9932031, 40.7501081], [-73.9932101, 40.7500987]]
      }
    },
    {
      "type": "Feature",
      "properties": {
        "level": "platform",
        "type": "wall",
        "platform": "4",
        "color": "#787878",
        "source": "PCIP Phase 2 Appendix A, sheet A-001, November 2020, PDF page 45"
      },
      "geometry": {
        "type": "LineString",
        "coordinates": [[-73.9931989, 40.7501063], [-73.9932031, 40.7501081]]
      }
    },
    {
      "type": "Feature",
      "properties": {
        "level": "platform",
        "type": "wall",
        "platform": "4",
        "color": "#787878",
        "source": "PCIP Phase 2 Appendix A, sheet A-001, November 2020, PDF page 45"
      },
      "geometry": {
        "type": "LineString",
        "coordinates": [[-73.9931546, 40.7500507], [-73.993224, 40.7500799]]
      }
    },
    {
      "type": "Feature",
      "properties": {
        "level": "platform",
        "type": "wall",
        "platform": "4",
        "color": "#787878",
        "source": "PCIP Phase 2 Appendix A, sheet A-001, November 2020, PDF page 45"
      },
      "geometry": {
        "type": "LineString",
        "coordinates": [[-73.9931561, 40.7500513], [-73.993224, 40.7500799]]
      }
    },
    {
      "type": "Feature",
      "properties": {
        "level": "platform",
        "type": "wall",
        "platform": "1",
        "color": "#787878",
        "source": "PCIP Phase 2 Appendix A, sheet A-001, November 2020, PDF page 45"
      },
      "geometry": {
        "type": "LineString",
        "coordinates": [[-73.9933888, 40.7497352], [-73.9934571, 40.7497639]]
      }
    },
    {
      "type": "Feature",
      "properties": {
        "level": "platform",
        "type": "wall",
        "platform": "3",
        "color": "#787878",
        "source": "PCIP Phase 2 Appendix A, sheet A-001, November 2020, PDF page 45"
      },
      "geometry": {
        "type": "LineString",
        "coordinates": [[-73.9933121, 40.7499602], [-73.9933026, 40.7499562]]
      }
    },
    {
      "type": "Feature",
      "properties": {
        "level": "platform",
        "type": "wall",
        "platform": "3",
        "color": "#787878",
        "source": "PCIP Phase 2 Appendix A, sheet A-001, November 2020, PDF page 45"
      },
      "geometry": {
        "type": "LineString",
        "coordinates": [[-73.9932997, 40.749977], [-73.9933121, 40.7499602]]
      }
    },
    {
      "type": "Feature",
      "properties": {
        "level": "platform",
        "type": "wall",
        "platform": "3",
        "color": "#787878",
        "source": "PCIP Phase 2 Appendix A, sheet A-001, November 2020, PDF page 45"
      },
      "geometry": {
        "type": "LineString",
        "coordinates": [[-73.9932909, 40.7499889], [-73.993222, 40.7499599]]
      }
    },
    {
      "type": "Feature",
      "properties": {
        "level": "platform",
        "type": "wall",
        "platform": "3",
        "color": "#787878",
        "source": "PCIP Phase 2 Appendix A, sheet A-001, November 2020, PDF page 45"
      },
      "geometry": {
        "type": "LineString",
        "coordinates": [[-73.9932909, 40.7499889], [-73.993223, 40.7499604]]
      }
    },
    {
      "type": "Feature",
      "properties": {
        "level": "platform",
        "type": "wall",
        "platform": "3",
        "color": "#787878",
        "source": "PCIP Phase 2 Appendix A, sheet A-001, November 2020, PDF page 45"
      },
      "geometry": {
        "type": "LineString",
        "coordinates": [[-73.9932909, 40.7499889], [-73.9932858, 40.7499958]]
      }
    },
    {
      "type": "Feature",
      "properties": {
        "level": "platform",
        "type": "wall",
        "platform": "3",
        "color": "#787878",
        "source": "PCIP Phase 2 Appendix A, sheet A-001, November 2020, PDF page 45"
      },
      "geometry": {
        "type": "LineString",
        "coordinates": [[-73.9932858, 40.7499958], [-73.9932827, 40.7499999], [-73.9932785, 40.7500057]]
      }
    },
    {
      "type": "Feature",
      "properties": {
        "level": "platform",
        "type": "wall",
        "platform": "3",
        "color": "#787878",
        "source": "PCIP Phase 2 Appendix A, sheet A-001, November 2020, PDF page 45"
      },
      "geometry": {
        "type": "LineString",
        "coordinates": [[-73.9932733, 40.7499959], [-73.9932827, 40.7499999]]
      }
    },
    {
      "type": "Feature",
      "properties": {
        "level": "platform",
        "type": "wall",
        "platform": "3",
        "color": "#787878",
        "source": "PCIP Phase 2 Appendix A, sheet A-001, November 2020, PDF page 45"
      },
      "geometry": {
        "type": "LineString",
        "coordinates": [[-73.993269, 40.7500017], [-73.9932785, 40.7500057]]
      }
    },
    {
      "type": "Feature",
      "properties": {
        "level": "platform",
        "type": "wall",
        "platform": "3",
        "color": "#787878",
        "source": "PCIP Phase 2 Appendix A, sheet A-001, November 2020, PDF page 45"
      },
      "geometry": {
        "type": "LineString",
        "coordinates": [[-73.9932308, 40.749948], [-73.9932997, 40.749977]]
      }
    },
    {
      "type": "Feature",
      "properties": {
        "level": "platform",
        "type": "wall",
        "platform": "2",
        "color": "#787878",
        "source": "PCIP Phase 2 Appendix A, sheet A-001, November 2020, PDF page 45"
      },
      "geometry": {
        "type": "LineString",
        "coordinates": [[-73.9933755, 40.7498739], [-73.9933879, 40.7498572]]
      }
    },
    {
      "type": "Feature",
      "properties": {
        "level": "platform",
        "type": "wall",
        "platform": "2",
        "color": "#787878",
        "source": "PCIP Phase 2 Appendix A, sheet A-001, November 2020, PDF page 45"
      },
      "geometry": {
        "type": "LineString",
        "coordinates": [[-73.9933078, 40.7498452], [-73.993308, 40.7498453], [-73.9933755, 40.7498739]]
      }
    },
    {
      "type": "Feature",
      "properties": {
        "level": "platform",
        "type": "wall",
        "platform": "2",
        "color": "#787878",
        "source": "PCIP Phase 2 Appendix A, sheet A-001, November 2020, PDF page 45"
      },
      "geometry": {
        "type": "LineString",
        "coordinates": [[-73.9933667, 40.7498859], [-73.9932992, 40.7498573], [-73.993299, 40.7498572]]
      }
    },
    {
      "type": "Feature",
      "properties": {
        "level": "platform",
        "type": "wall",
        "platform": "2",
        "color": "#787878",
        "source": "PCIP Phase 2 Appendix A, sheet A-001, November 2020, PDF page 45"
      },
      "geometry": {
        "type": "LineString",
        "coordinates": [[-73.9933667, 40.7498859], [-73.9933618, 40.7498926]]
      }
    },
    {
      "type": "Feature",
      "properties": {
        "level": "platform",
        "type": "wall",
        "platform": "2",
        "color": "#787878",
        "source": "PCIP Phase 2 Appendix A, sheet A-001, November 2020, PDF page 45"
      },
      "geometry": {
        "type": "LineString",
        "coordinates": [[-73.9933618, 40.7498926], [-73.9933587, 40.7498967]]
      }
    },
    {
      "type": "Feature",
      "properties": {
        "level": "platform",
        "type": "wall",
        "platform": "2",
        "color": "#787878",
        "source": "PCIP Phase 2 Appendix A, sheet A-001, November 2020, PDF page 45"
      },
      "geometry": {
        "type": "LineString",
        "coordinates": [[-73.9933492, 40.7498927], [-73.9933587, 40.7498967]]
      }
    },
    {
      "type": "Feature",
      "properties": {
        "level": "platform",
        "type": "wall",
        "platform": "1",
        "color": "#787878",
        "source": "PCIP Phase 2 Appendix A, sheet A-001, November 2020, PDF page 45"
      },
      "geometry": {
        "type": "LineString",
        "coordinates": [[-73.9934567, 40.7497637], [-73.9934595, 40.7497595]]
      }
    },
    {
      "type": "Feature",
      "properties": {
        "level": "platform",
        "type": "wall",
        "platform": "7",
        "color": "#787878",
        "source": "PCIP Phase 2 Appendix A, sheet A-001, November 2020, PDF page 45"
      },
      "geometry": {
        "type": "LineString",
        "coordinates": [[-73.9929571, 40.7504389], [-73.9929559, 40.7504312]]
      }
    },
    {
      "type": "Feature",
      "properties": {
        "level": "platform",
        "type": "wall",
        "platform": "7",
        "color": "#787878",
        "source": "PCIP Phase 2 Appendix A, sheet A-001, November 2020, PDF page 45"
      },
      "geometry": {
        "type": "LineString",
        "coordinates": [[-73.9929566, 40.7504388], [-73.9929555, 40.7504313]]
      }
    },
    {
      "type": "Feature",
      "properties": {
        "level": "platform",
        "type": "wall",
        "platform": "5",
        "color": "#787878",
        "source": "PCIP Phase 2 Appendix A, sheet A-001, November 2020, PDF page 45"
      },
      "geometry": {
        "type": "LineString",
        "coordinates": [[-73.9931472, 40.7501804], [-73.9931382, 40.7501837]]
      }
    },
    {
      "type": "Feature",
      "properties": {
        "level": "platform",
        "type": "wall",
        "platform": "5",
        "color": "#787878",
        "source": "PCIP Phase 2 Appendix A, sheet A-001, November 2020, PDF page 45"
      },
      "geometry": {
        "type": "LineString",
        "coordinates": [[-73.9931471, 40.7501806], [-73.9931347, 40.750185]]
      }
    },
    {
      "type": "Feature",
      "properties": {
        "level": "platform",
        "type": "wall",
        "platform": "4",
        "color": "#787878",
        "source": "PCIP Phase 2 Appendix A, sheet A-001, November 2020, PDF page 45"
      },
      "geometry": {
        "type": "LineString",
        "coordinates": [[-73.9932227, 40.7500779], [-73.9931555, 40.7500496]]
      }
    },
    {
      "type": "Feature",
      "properties": {
        "level": "platform",
        "type": "wall",
        "platform": "5",
        "color": "#787878",
        "source": "PCIP Phase 2 Appendix A, sheet A-001, November 2020, PDF page 45"
      },
      "geometry": {
        "type": "LineString",
        "coordinates": [[-73.993147, 40.7501803], [-73.9931381, 40.7501834]]
      }
    },
    {
      "type": "Feature",
      "properties": {
        "level": "platform",
        "type": "wall",
        "platform": "4",
        "color": "#787878",
        "source": "PCIP Phase 2 Appendix A, sheet A-001, November 2020, PDF page 45"
      },
      "geometry": {
        "type": "LineString",
        "coordinates": [[-73.9931449, 40.7500639], [-73.9932121, 40.7500922]]
      }
    },
    {
      "type": "Feature",
      "properties": {
        "level": "platform",
        "type": "wall",
        "platform": "3",
        "color": "#787878",
        "source": "PCIP Phase 2 Appendix A, sheet A-001, November 2020, PDF page 45"
      },
      "geometry": {
        "type": "LineString",
        "coordinates": [[-73.9932984, 40.749975], [-73.9932317, 40.7499467]]
      }
    },
    {
      "type": "Feature",
      "properties": {
        "level": "platform",
        "type": "wall",
        "platform": "3",
        "color": "#787878",
        "source": "PCIP Phase 2 Appendix A, sheet A-001, November 2020, PDF page 45"
      },
      "geometry": {
        "type": "LineString",
        "coordinates": [[-73.9932211, 40.749961], [-73.9932878, 40.7499893], [-73.9932818, 40.7499974]]
      }
    },
    {
      "type": "Feature",
      "properties": {
        "level": "platform",
        "type": "wall",
        "platform": "3",
        "color": "#787878",
        "source": "PCIP Phase 2 Appendix A, sheet A-001, November 2020, PDF page 45"
      },
      "geometry": {
        "type": "LineString",
        "coordinates": [[-73.9932818, 40.7499974], [-73.9932723, 40.7499934]]
      }
    },
    {
      "type": "Feature",
      "properties": {
        "level": "platform",
        "type": "wall",
        "platform": "2",
        "color": "#787878",
        "source": "PCIP Phase 2 Appendix A, sheet A-001, November 2020, PDF page 45"
      },
      "geometry": {
        "type": "LineString",
        "coordinates": [[-73.9933858, 40.7498563], [-73.9933744, 40.7498718]]
      }
    },
    {
      "type": "Feature",
      "properties": {
        "level": "platform",
        "type": "wall",
        "platform": "2",
        "color": "#787878",
        "source": "PCIP Phase 2 Appendix A, sheet A-001, November 2020, PDF page 45"
      },
      "geometry": {
        "type": "LineString",
        "coordinates": [[-73.9933744, 40.7498718], [-73.9933086, 40.7498441]]
      }
    },
    {
      "type": "Feature",
      "properties": {
        "level": "platform",
        "type": "wall",
        "platform": "2",
        "color": "#787878",
        "source": "PCIP Phase 2 Appendix A, sheet A-001, November 2020, PDF page 45"
      },
      "geometry": {
        "type": "LineString",
        "coordinates": [[-73.9932978, 40.7498588], [-73.9933634, 40.7498866]]
      }
    },
    {
      "type": "Feature",
      "properties": {
        "level": "platform",
        "type": "wall",
        "platform": "2",
        "color": "#787878",
        "source": "PCIP Phase 2 Appendix A, sheet A-001, November 2020, PDF page 45"
      },
      "geometry": {
        "type": "LineString",
        "coordinates": [[-73.9933634, 40.7498866], [-73.9933578, 40.7498942]]
      }
    },
    {
      "type": "Feature",
      "properties": {
        "level": "platform",
        "type": "wall",
        "platform": "2",
        "color": "#787878",
        "source": "PCIP Phase 2 Appendix A, sheet A-001, November 2020, PDF page 45"
      },
      "geometry": {
        "type": "LineString",
        "coordinates": [[-73.9933578, 40.7498942], [-73.9933483, 40.7498902]]
      }
    },
    {
      "type": "Feature",
      "properties": {
        "level": "platform",
        "type": "wall",
        "platform": "1",
        "color": "#787878",
        "source": "PCIP Phase 2 Appendix A, sheet A-001, November 2020, PDF page 45"
      },
      "geometry": {
        "type": "LineString",
        "coordinates": [[-73.9933788, 40.7497487], [-73.9934446, 40.7497764]]
      }
    },
    {
      "type": "Feature",
      "properties": {
        "level": "platform",
        "type": "wall",
        "platform": "1",
        "color": "#787878",
        "source": "PCIP Phase 2 Appendix A, sheet A-001, November 2020, PDF page 45"
      },
      "geometry": {
        "type": "LineString",
        "coordinates": [[-73.993392, 40.7497309], [-73.9934574, 40.7497586]]
      }
    },
    {
      "type": "Feature",
      "properties": {
        "level": "platform",
        "type": "wall",
        "platform": "1",
        "color": "#787878",
        "source": "PCIP Phase 2 Appendix A, sheet A-001, November 2020, PDF page 45"
      },
      "geometry": {
        "type": "LineString",
        "coordinates": [[-73.9934574, 40.7497586], [-73.9934555, 40.7497612]]
      }
    },
    {
      "type": "Feature",
      "properties": {
        "level": "platform",
        "type": "wall",
        "platform": "1",
        "color": "#787878",
        "source": "PCIP Phase 2 Appendix A, sheet A-001, November 2020, PDF page 45"
      },
      "geometry": {
        "type": "LineString",
        "coordinates": [[-73.9934555, 40.7497612], [-73.9933883, 40.7497329]]
      }
    },
    {
      "type": "Feature",
      "properties": {
        "level": "platform",
        "type": "wall",
        "platform": "1",
        "color": "#787878",
        "source": "PCIP Phase 2 Appendix A, sheet A-001, November 2020, PDF page 45"
      },
      "geometry": {
        "type": "LineString",
        "coordinates": [[-73.9934454, 40.7497715], [-73.9934463, 40.7497715], [-73.9934469, 40.7497713], [-73.9934475, 40.7497709], [-73.9934481, 40.7497705], [-73.9934484, 40.7497701]]
      }
    },
    {
      "type": "Feature",
      "properties": {
        "level": "platform",
        "type": "wall",
        "platform": "7",
        "color": "#787878",
        "source": "PCIP Phase 2 Appendix A, sheet A-001, November 2020, PDF page 45"
      },
      "geometry": {
        "type": "LineString",
        "coordinates": [[-73.9929557, 40.7504314], [-73.9929569, 40.7504388], [-73.9929555, 40.7504313]]
      }
    },
    {
      "type": "Feature",
      "properties": {
        "level": "platform",
        "type": "wall",
        "platform": "7",
        "color": "#787878",
        "source": "PCIP Phase 2 Appendix A, sheet A-001, November 2020, PDF page 45"
      },
      "geometry": {
        "type": "LineString",
        "coordinates": [[-73.9929559, 40.7504312], [-73.9929555, 40.7504283]]
      }
    },
    {
      "type": "Feature",
      "properties": {
        "level": "platform",
        "type": "wall",
        "platform": "7",
        "color": "#787878",
        "source": "PCIP Phase 2 Appendix A, sheet A-001, November 2020, PDF page 45"
      },
      "geometry": {
        "type": "LineString",
        "coordinates": [[-73.9929557, 40.7504314], [-73.9929553, 40.7504282]]
      }
    },
    {
      "type": "Feature",
      "properties": {
        "level": "platform",
        "type": "wall",
        "platform": "5",
        "color": "#787878",
        "source": "PCIP Phase 2 Appendix A, sheet A-001, November 2020, PDF page 45"
      },
      "geometry": {
        "type": "LineString",
        "coordinates": [[-73.9931378, 40.7501834], [-73.9931469, 40.7501801], [-73.9931344, 40.7501846]]
      }
    },
    {
      "type": "Feature",
      "properties": {
        "level": "platform",
        "type": "wall",
        "platform": "7",
        "color": "#787878",
        "source": "PCIP Phase 2 Appendix A, sheet A-001, November 2020, PDF page 45"
      },
      "geometry": {
        "type": "LineString",
        "coordinates": [[-73.9929552, 40.7504284], [-73.9929555, 40.7504313], [-73.992955, 40.7504283]]
      }
    },
    {
      "type": "Feature",
      "properties": {
        "level": "platform",
        "type": "wall",
        "platform": "1",
        "color": "#787878",
        "source": "PCIP Phase 2 Appendix A, sheet A-001, November 2020, PDF page 45"
      },
      "geometry": {
        "type": "LineString",
        "coordinates": [[-73.9934384, 40.7497717], [-73.99338, 40.7497471]]
      }
    },
    {
      "type": "Feature",
      "properties": {
        "level": "platform",
        "type": "wall",
        "platform": "5",
        "color": "#787878",
        "source": "PCIP Phase 2 Appendix A, sheet A-001, November 2020, PDF page 45"
      },
      "geometry": {
        "type": "LineString",
        "coordinates": [[-73.9930886, 40.7501568], [-73.9930798, 40.750161]]
      }
    },
    {
      "type": "Feature",
      "properties": {
        "level": "platform",
        "type": "wall",
        "platform": "7",
        "color": "#787878",
        "source": "PCIP Phase 2 Appendix A, sheet A-001, November 2020, PDF page 45"
      },
      "geometry": {
        "type": "LineString",
        "coordinates": [[-73.9928964, 40.7504037], [-73.9928961, 40.7504126]]
      }
    },
    {
      "type": "Feature",
      "properties": {
        "level": "platform",
        "type": "wall",
        "platform": "5",
        "color": "#787878",
        "source": "PCIP Phase 2 Appendix A, sheet A-001, November 2020, PDF page 45"
      },
      "geometry": {
        "type": "LineString",
        "coordinates": [[-73.9929961, 40.7501258], [-73.9930802, 40.7501612]]
      }
    },
    {
      "type": "Feature",
      "properties": {
        "level": "platform",
        "type": "wall",
        "platform": "5",
        "color": "#787878",
        "source": "PCIP Phase 2 Appendix A, sheet A-001, November 2020, PDF page 45"
      },
      "geometry": {
        "type": "LineString",
        "coordinates": [[-73.992994, 40.7501249], [-73.9930798, 40.750161]]
      }
    },
    {
      "type": "Feature",
      "properties": {
        "level": "platform",
        "type": "wall",
        "platform": "5",
        "color": "#787878",
        "source": "PCIP Phase 2 Appendix A, sheet A-001, November 2020, PDF page 45"
      },
      "geometry": {
        "type": "LineString",
        "coordinates": [[-73.9930849, 40.750153], [-73.9930802, 40.7501552], [-73.9930759, 40.7501573]]
      }
    },
    {
      "type": "Feature",
      "properties": {
        "level": "platform",
        "type": "wall",
        "platform": "7",
        "color": "#787878",
        "source": "PCIP Phase 2 Appendix A, sheet A-001, November 2020, PDF page 45"
      },
      "geometry": {
        "type": "LineString",
        "coordinates": [[-73.9928632, 40.7503723], [-73.9928975, 40.7503868], [-73.9928968, 40.7503953], [-73.9928964, 40.7504037]]
      }
    },
    {
      "type": "Feature",
      "properties": {
        "level": "platform",
        "type": "wall",
        "platform": "4",
        "color": "#787878",
        "source": "PCIP Phase 2 Appendix A, sheet A-001, November 2020, PDF page 45"
      },
      "geometry": {
        "type": "LineString",
        "coordinates": [[-73.9931492, 40.7500484], [-73.9931546, 40.7500507]]
      }
    },
    {
      "type": "Feature",
      "properties": {
        "level": "platform",
        "type": "wall",
        "platform": "4",
        "color": "#787878",
        "source": "PCIP Phase 2 Appendix A, sheet A-001, November 2020, PDF page 45"
      },
      "geometry": {
        "type": "LineString",
        "coordinates": [[-73.9931546, 40.7500507], [-73.9931466, 40.7500615]]
      }
    },
    {
      "type": "Feature",
      "properties": {
        "level": "platform",
        "type": "wall",
        "platform": "4",
        "color": "#787878",
        "source": "PCIP Phase 2 Appendix A, sheet A-001, November 2020, PDF page 45"
      },
      "geometry": {
        "type": "LineString",
        "coordinates": [[-73.9931466, 40.7500615], [-73.9931412, 40.7500592]]
      }
    },
    {
      "type": "Feature",
      "properties": {
        "level": "platform",
        "type": "wall",
        "platform": "4",
        "color": "#787878",
        "source": "PCIP Phase 2 Appendix A, sheet A-001, November 2020, PDF page 45"
      },
      "geometry": {
        "type": "LineString",
        "coordinates": [[-73.9931466, 40.7500615], [-73.9931449, 40.7500639]]
      }
    },
    {
      "type": "Feature",
      "properties": {
        "level": "platform",
        "type": "wall",
        "platform": "5",
        "color": "#787878",
        "source": "PCIP Phase 2 Appendix A, sheet A-001, November 2020, PDF page 45"
      },
      "geometry": {
        "type": "LineString",
        "coordinates": [[-73.9930759, 40.7501573], [-73.9929952, 40.7501233]]
      }
    },
    {
      "type": "Feature",
      "properties": {
        "level": "platform",
        "type": "wall",
        "platform": "5",
        "color": "#787878",
        "source": "PCIP Phase 2 Appendix A, sheet A-001, November 2020, PDF page 45"
      },
      "geometry": {
        "type": "LineString",
        "coordinates": [[-73.9930629, 40.7501696], [-73.9930514, 40.7501647]]
      }
    },
    {
      "type": "Feature",
      "properties": {
        "level": "platform",
        "type": "wall",
        "platform": "5",
        "color": "#787878",
        "source": "PCIP Phase 2 Appendix A, sheet A-001, November 2020, PDF page 45"
      },
      "geometry": {
        "type": "LineString",
        "coordinates": [[-73.9930629, 40.7501696], [-73.9930531, 40.7501755]]
      }
    },
    {
      "type": "Feature",
      "properties": {
        "level": "platform",
        "type": "wall",
        "platform": "5",
        "color": "#787878",
        "source": "PCIP Phase 2 Appendix A, sheet A-001, November 2020, PDF page 45"
      },
      "geometry": {
        "type": "LineString",
        "coordinates": [[-73.9930629, 40.7501696], [-73.9930521, 40.7501761]]
      }
    },
    {
      "type": "Feature",
      "properties": {
        "level": "platform",
        "type": "wall",
        "platform": "4",
        "color": "#787878",
        "source": "PCIP Phase 2 Appendix A, sheet A-001, November 2020, PDF page 45"
      },
      "geometry": {
        "type": "LineString",
        "coordinates": [[-73.9931412, 40.7500592], [-73.9931492, 40.7500484]]
      }
    },
    {
      "type": "Feature",
      "properties": {
        "level": "platform",
        "type": "wall",
        "platform": "5",
        "color": "#787878",
        "source": "PCIP Phase 2 Appendix A, sheet A-001, November 2020, PDF page 45"
      },
      "geometry": {
        "type": "LineString",
        "coordinates": [[-73.9930451, 40.7501731], [-73.9930451, 40.7501731], [-73.9930521, 40.7501761]]
      }
    },
    {
      "type": "Feature",
      "properties": {
        "level": "platform",
        "type": "wall",
        "platform": "5",
        "color": "#787878",
        "source": "PCIP Phase 2 Appendix A, sheet A-001, November 2020, PDF page 45"
      },
      "geometry": {
        "type": "LineString",
        "coordinates": [[-73.9930556, 40.7501675], [-73.9930512, 40.7501701], [-73.9930468, 40.7501728]]
      }
    },
    {
      "type": "Feature",
      "properties": {
        "level": "platform",
        "type": "wall",
        "platform": "5",
        "color": "#787878",
        "source": "PCIP Phase 2 Appendix A, sheet A-001, November 2020, PDF page 45"
      },
      "geometry": {
        "type": "LineString",
        "coordinates": [[-73.9930508, 40.7501655], [-73.9930556, 40.7501675]]
      }
    },
    {
      "type": "Feature",
      "properties": {
        "level": "platform",
        "type": "wall",
        "platform": "7",
        "color": "#787878",
        "source": "PCIP Phase 2 Appendix A, sheet A-001, November 2020, PDF page 45"
      },
      "geometry": {
        "type": "LineString",
        "coordinates": [[-73.992863, 40.7503565], [-73.9928998, 40.7503721]]
      }
    },
    {
      "type": "Feature",
      "properties": {
        "level": "platform",
        "type": "wall",
        "platform": "7",
        "color": "#787878",
        "source": "PCIP Phase 2 Appendix A, sheet A-001, November 2020, PDF page 45"
      },
      "geometry": {
        "type": "LineString",
        "coordinates": [[-73.9928998, 40.7503721], [-73.9929023, 40.7503612], [-73.9927986, 40.7503172]]
      }
    },
    {
      "type": "Feature",
      "properties": {
        "level": "platform",
        "type": "wall",
        "platform": "5",
        "color": "#787878",
        "source": "PCIP Phase 2 Appendix A, sheet A-001, November 2020, PDF page 45"
      },
      "geometry": {
        "type": "LineString",
        "coordinates": [[-73.9930514, 40.7501647], [-73.9930404, 40.7501601]]
      }
    },
    {
      "type": "Feature",
      "properties": {
        "level": "platform",
        "type": "wall",
        "platform": "5",
        "color": "#787878",
        "source": "PCIP Phase 2 Appendix A, sheet A-001, November 2020, PDF page 45"
      },
      "geometry": {
        "type": "LineString",
        "coordinates": [[-73.9930451, 40.7501731], [-73.9930508, 40.7501655]]
      }
    },
    {
      "type": "Feature",
      "properties": {
        "level": "platform",
        "type": "wall",
        "platform": "5",
        "color": "#787878",
        "source": "PCIP Phase 2 Appendix A, sheet A-001, November 2020, PDF page 45"
      },
      "geometry": {
        "type": "LineString",
        "coordinates": [[-73.9930342, 40.7501685], [-73.9930451, 40.7501731]]
      }
    },
    {
      "type": "Feature",
      "properties": {
        "level": "platform",
        "type": "wall",
        "platform": "5",
        "color": "#787878",
        "source": "PCIP Phase 2 Appendix A, sheet A-001, November 2020, PDF page 45"
      },
      "geometry": {
        "type": "LineString",
        "coordinates": [[-73.9930295, 40.7501864], [-73.9930011, 40.7501744]]
      }
    },
    {
      "type": "Feature",
      "properties": {
        "level": "platform",
        "type": "wall",
        "platform": "5",
        "color": "#787878",
        "source": "PCIP Phase 2 Appendix A, sheet A-001, November 2020, PDF page 45"
      },
      "geometry": {
        "type": "LineString",
        "coordinates": [[-73.9930285, 40.7501878], [-73.9930001, 40.7501758]]
      }
    },
    {
      "type": "Feature",
      "properties": {
        "level": "platform",
        "type": "wall",
        "platform": "5",
        "color": "#787878",
        "source": "PCIP Phase 2 Appendix A, sheet A-001, November 2020, PDF page 45"
      },
      "geometry": {
        "type": "LineString",
        "coordinates": [[-73.9929326, 40.7501474], [-73.9930283, 40.750188]]
      }
    },
    {
      "type": "Feature",
      "properties": {
        "level": "platform",
        "type": "wall",
        "platform": "5",
        "color": "#787878",
        "source": "PCIP Phase 2 Appendix A, sheet A-001, November 2020, PDF page 45"
      },
      "geometry": {
        "type": "LineString",
        "coordinates": [[-73.9929314, 40.750149], [-73.9930272, 40.7501896], [-73.9930283, 40.750188]]
      }
    },
    {
      "type": "Feature",
      "properties": {
        "level": "platform",
        "type": "wall",
        "platform": "5",
        "color": "#787878",
        "source": "PCIP Phase 2 Appendix A, sheet A-001, November 2020, PDF page 45"
      },
      "geometry": {
        "type": "LineString",
        "coordinates": [[-73.9930404, 40.7501601], [-73.9930342, 40.7501685]]
      }
    },
    {
      "type": "Feature",
      "properties": {
        "level": "platform",
        "type": "wall",
        "platform": "5",
        "color": "#787878",
        "source": "PCIP Phase 2 Appendix A, sheet A-001, November 2020, PDF page 45"
      },
      "geometry": {
        "type": "LineString",
        "coordinates": [[-73.9930123, 40.7501592], [-73.9930342, 40.7501685]]
      }
    },
    {
      "type": "Feature",
      "properties": {
        "level": "platform",
        "type": "wall",
        "platform": "5",
        "color": "#787878",
        "source": "PCIP Phase 2 Appendix A, sheet A-001, November 2020, PDF page 45"
      },
      "geometry": {
        "type": "LineString",
        "coordinates": [[-73.99304, 40.7501599], [-73.9929852, 40.7501368]]
      }
    },
    {
      "type": "Feature",
      "properties": {
        "level": "platform",
        "type": "wall",
        "platform": "5",
        "color": "#787878",
        "source": "PCIP Phase 2 Appendix A, sheet A-001, November 2020, PDF page 45"
      },
      "geometry": {
        "type": "LineString",
        "coordinates": [[-73.9930347, 40.750167], [-73.99304, 40.7501599]]
      }
    },
    {
      "type": "Feature",
      "properties": {
        "level": "platform",
        "type": "wall",
        "platform": "5",
        "color": "#787878",
        "source": "PCIP Phase 2 Appendix A, sheet A-001, November 2020, PDF page 45"
      },
      "geometry": {
        "type": "LineString",
        "coordinates": [[-73.9930367, 40.7501606], [-73.9930326, 40.7501662]]
      }
    },
    {
      "type": "Feature",
      "properties": {
        "level": "platform",
        "type": "wall",
        "platform": "5",
        "color": "#787878",
        "source": "PCIP Phase 2 Appendix A, sheet A-001, November 2020, PDF page 45"
      },
      "geometry": {
        "type": "LineString",
        "coordinates": [[-73.9930354, 40.7501594], [-73.9930291, 40.7501567]]
      }
    },
    {
      "type": "Feature",
      "properties": {
        "level": "platform",
        "type": "wall",
        "platform": "5",
        "color": "#787878",
        "source": "PCIP Phase 2 Appendix A, sheet A-001, November 2020, PDF page 45"
      },
      "geometry": {
        "type": "LineString",
        "coordinates": [[-73.9930319, 40.7501642], [-73.993035, 40.7501599]]
      }
    },
    {
      "type": "Feature",
      "properties": {
        "level": "platform",
        "type": "wall",
        "platform": "5",
        "color": "#787878",
        "source": "PCIP Phase 2 Appendix A, sheet A-001, November 2020, PDF page 45"
      },
      "geometry": {
        "type": "LineString",
        "coordinates": [[-73.9930255, 40.7501615], [-73.9930319, 40.7501642]]
      }
    },
    {
      "type": "Feature",
      "properties": {
        "level": "platform",
        "type": "wall",
        "platform": "5",
        "color": "#787878",
        "source": "PCIP Phase 2 Appendix A, sheet A-001, November 2020, PDF page 45"
      },
      "geometry": {
        "type": "LineString",
        "coordinates": [[-73.9930291, 40.7501567], [-73.9930255, 40.7501615]]
      }
    },
    {
      "type": "Feature",
      "properties": {
        "level": "platform",
        "type": "wall",
        "platform": "5",
        "color": "#787878",
        "source": "PCIP Phase 2 Appendix A, sheet A-001, November 2020, PDF page 45"
      },
      "geometry": {
        "type": "LineString",
        "coordinates": [[-73.9930103, 40.7501496], [-73.9930287, 40.7501572]]
      }
    },
    {
      "type": "Feature",
      "properties": {
        "level": "platform",
        "type": "wall",
        "platform": "5",
        "color": "#787878",
        "source": "PCIP Phase 2 Appendix A, sheet A-001, November 2020, PDF page 45"
      },
      "geometry": {
        "type": "LineString",
        "coordinates": [[-73.9930196, 40.7501546], [-73.9930129, 40.7501517]]
      }
    },
    {
      "type": "Feature",
      "properties": {
        "level": "platform",
        "type": "wall",
        "platform": "5",
        "color": "#787878",
        "source": "PCIP Phase 2 Appendix A, sheet A-001, November 2020, PDF page 45"
      },
      "geometry": {
        "type": "LineString",
        "coordinates": [[-73.9930164, 40.7501589], [-73.9930196, 40.7501546]]
      }
    },
    {
      "type": "Feature",
      "properties": {
        "level": "platform",
        "type": "wall",
        "platform": "5",
        "color": "#787878",
        "source": "PCIP Phase 2 Appendix A, sheet A-001, November 2020, PDF page 45"
      },
      "geometry": {
        "type": "LineString",
        "coordinates": [[-73.9930097, 40.750156], [-73.9930164, 40.7501589]]
      }
    },
    {
      "type": "Feature",
      "properties": {
        "level": "platform",
        "type": "wall",
        "platform": "7",
        "color": "#787878",
        "source": "PCIP Phase 2 Appendix A, sheet A-001, November 2020, PDF page 45"
      },
      "geometry": {
        "type": "LineString",
        "coordinates": [[-73.9928576, 40.7503724], [-73.9928511, 40.7503755]]
      }
    },
    {
      "type": "Feature",
      "properties": {
        "level": "platform",
        "type": "wall",
        "platform": "5",
        "color": "#787878",
        "source": "PCIP Phase 2 Appendix A, sheet A-001, November 2020, PDF page 45"
      },
      "geometry": {
        "type": "LineString",
        "coordinates": [[-73.9930011, 40.7501744], [-73.9930123, 40.7501592]]
      }
    },
    {
      "type": "Feature",
      "properties": {
        "level": "platform",
        "type": "wall",
        "platform": "5",
        "color": "#787878",
        "source": "PCIP Phase 2 Appendix A, sheet A-001, November 2020, PDF page 45"
      },
      "geometry": {
        "type": "LineString",
        "coordinates": [[-73.9930011, 40.7501744], [-73.9929942, 40.7501714]]
      }
    },
    {
      "type": "Feature",
      "properties": {
        "level": "platform",
        "type": "wall",
        "platform": "7",
        "color": "#787878",
        "source": "PCIP Phase 2 Appendix A, sheet A-001, November 2020, PDF page 45"
      },
      "geometry": {
        "type": "LineString",
        "coordinates": [[-73.9928374, 40.7503783], [-73.9928392, 40.7503786], [-73.9928417, 40.7503786], [-73.9928443, 40.7503785], [-73.992847, 40.7503777], [-73.9928491, 40.7503767], [-73.9928511, 40.7503755]]
      }
    },
    {
      "type": "Feature",
      "properties": {
        "level": "platform",
        "type": "wall",
        "platform": "7",
        "color": "#787878",
        "source": "PCIP Phase 2 Appendix A, sheet A-001, November 2020, PDF page 45"
      },
      "geometry": {
        "type": "LineString",
        "coordinates": [[-73.9928625, 40.7503565], [-73.9928602, 40.7503557], [-73.9928578, 40.7503553], [-73.9928552, 40.7503551], [-73.9928528, 40.7503553], [-73.9928504, 40.7503559], [-73.9928481, 40.7503568], [-73.9928462, 40.7503579]]
      }
    },
    {
      "type": "Feature",
      "properties": {
        "level": "platform",
        "type": "wall",
        "platform": "7",
        "color": "#787878",
        "source": "PCIP Phase 2 Appendix A, sheet A-001, November 2020, PDF page 45"
      },
      "geometry": {
        "type": "LineString",
        "coordinates": [[-73.9928406, 40.7503796], [-73.992844, 40.7503811]]
      }
    },
    {
      "type": "Feature",
      "properties": {
        "level": "platform",
        "type": "wall",
        "platform": "7",
        "color": "#787878",
        "source": "PCIP Phase 2 Appendix A, sheet A-001, November 2020, PDF page 45"
      },
      "geometry": {
        "type": "LineString",
        "coordinates": [[-73.9928404, 40.75038], [-73.9928438, 40.7503814]]
      }
    },
    {
      "type": "Feature",
      "properties": {
        "level": "platform",
        "type": "wall",
        "platform": "7",
        "color": "#787878",
        "source": "PCIP Phase 2 Appendix A, sheet A-001, November 2020, PDF page 45"
      },
      "geometry": {
        "type": "LineString",
        "coordinates": [[-73.9928489, 40.7503681], [-73.9928525, 40.7503696]]
      }
    },
    {
      "type": "Feature",
      "properties": {
        "level": "platform",
        "type": "wall",
        "platform": "7",
        "color": "#787878",
        "source": "PCIP Phase 2 Appendix A, sheet A-001, November 2020, PDF page 45"
      },
      "geometry": {
        "type": "LineString",
        "coordinates": [[-73.9928488, 40.7503682], [-73.9928524, 40.7503698]]
      }
    },
    {
      "type": "Feature",
      "properties": {
        "level": "platform",
        "type": "wall",
        "platform": "5",
        "color": "#787878",
        "source": "PCIP Phase 2 Appendix A, sheet A-001, November 2020, PDF page 45"
      },
      "geometry": {
        "type": "LineString",
        "coordinates": [[-73.9930129, 40.7501517], [-73.9930097, 40.750156]]
      }
    },
    {
      "type": "Feature",
      "properties": {
        "level": "platform",
        "type": "wall",
        "platform": "5",
        "color": "#787878",
        "source": "PCIP Phase 2 Appendix A, sheet A-001, November 2020, PDF page 45"
      },
      "geometry": {
        "type": "LineString",
        "coordinates": [[-73.9929942, 40.7501714], [-73.9930103, 40.7501496]]
      }
    },
    {
      "type": "Feature",
      "properties": {
        "level": "platform",
        "type": "wall",
        "platform": "7",
        "color": "#787878",
        "source": "PCIP Phase 2 Appendix A, sheet A-001, November 2020, PDF page 45"
      },
      "geometry": {
        "type": "LineString",
        "coordinates": [[-73.9928341, 40.7503773], [-73.9928383, 40.7503791]]
      }
    },
    {
      "type": "Feature",
      "properties": {
        "level": "platform",
        "type": "wall",
        "platform": "5",
        "color": "#787878",
        "source": "PCIP Phase 2 Appendix A, sheet A-001, November 2020, PDF page 45"
      },
      "geometry": {
        "type": "LineString",
        "coordinates": [[-73.992984, 40.7501384], [-73.9930082, 40.7501487]]
      }
    },
    {
      "type": "Feature",
      "properties": {
        "level": "platform",
        "type": "wall",
        "platform": "5",
        "color": "#787878",
        "source": "PCIP Phase 2 Appendix A, sheet A-001, November 2020, PDF page 45"
      },
      "geometry": {
        "type": "LineString",
        "coordinates": [[-73.9930082, 40.7501487], [-73.9929921, 40.7501705]]
      }
    },
    {
      "type": "Feature",
      "properties": {
        "level": "platform",
        "type": "wall",
        "platform": "5",
        "color": "#787878",
        "source": "PCIP Phase 2 Appendix A, sheet A-001, November 2020, PDF page 45"
      },
      "geometry": {
        "type": "LineString",
        "coordinates": [[-73.9929921, 40.7501705], [-73.9929316, 40.7501451]]
      }
    },
    {
      "type": "Feature",
      "properties": {
        "level": "platform",
        "type": "wall",
        "platform": "7",
        "color": "#787878",
        "source": "PCIP Phase 2 Appendix A, sheet A-001, November 2020, PDF page 45"
      },
      "geometry": {
        "type": "LineString",
        "coordinates": [[-73.9927957, 40.7503455], [-73.9928468, 40.7503672]]
      }
    },
    {
      "type": "Feature",
      "properties": {
        "level": "platform",
        "type": "wall",
        "platform": "7",
        "color": "#787878",
        "source": "PCIP Phase 2 Appendix A, sheet A-001, November 2020, PDF page 45"
      },
      "geometry": {
        "type": "LineString",
        "coordinates": [[-73.9927954, 40.7503458], [-73.9928467, 40.7503673]]
      }
    },
    {
      "type": "Feature",
      "properties": {
        "level": "platform",
        "type": "wall",
        "platform": "7",
        "color": "#787878",
        "source": "PCIP Phase 2 Appendix A, sheet A-001, November 2020, PDF page 45"
      },
      "geometry": {
        "type": "LineString",
        "coordinates": [[-73.9927871, 40.7503571], [-73.9928374, 40.7503783]]
      }
    },
    {
      "type": "Feature",
      "properties": {
        "level": "platform",
        "type": "wall",
        "platform": "7",
        "color": "#787878",
        "source": "PCIP Phase 2 Appendix A, sheet A-001, November 2020, PDF page 45"
      },
      "geometry": {
        "type": "LineString",
        "coordinates": [[-73.992787, 40.7503573], [-73.9928341, 40.7503773]]
      }
    },
    {
      "type": "Feature",
      "properties": {
        "level": "platform",
        "type": "wall",
        "platform": "7",
        "color": "#787878",
        "source": "PCIP Phase 2 Appendix A, sheet A-001, November 2020, PDF page 45"
      },
      "geometry": {
        "type": "LineString",
        "coordinates": [[-73.9928341, 40.7503773], [-73.9927866, 40.7503574]]
      }
    },
    {
      "type": "Feature",
      "properties": {
        "level": "platform",
        "type": "wall",
        "platform": "7",
        "color": "#787878",
        "source": "PCIP Phase 2 Appendix A, sheet A-001, November 2020, PDF page 45"
      },
      "geometry": {
        "type": "LineString",
        "coordinates": [[-73.9928395, 40.7503614], [-73.9928462, 40.7503579]]
      }
    },
    {
      "type": "Feature",
      "properties": {
        "level": "platform",
        "type": "wall",
        "platform": "7",
        "color": "#787878",
        "source": "PCIP Phase 2 Appendix A, sheet A-001, November 2020, PDF page 45"
      },
      "geometry": {
        "type": "LineString",
        "coordinates": [[-73.9927956, 40.7503453], [-73.992834, 40.7503613]]
      }
    },
    {
      "type": "Feature",
      "properties": {
        "level": "platform",
        "type": "wall",
        "platform": "5",
        "color": "#787878",
        "source": "PCIP Phase 2 Appendix A, sheet A-001, November 2020, PDF page 45"
      },
      "geometry": {
        "type": "LineString",
        "coordinates": [[-73.9929742, 40.7501165], [-73.992994, 40.7501249]]
      }
    },
    {
      "type": "Feature",
      "properties": {
        "level": "platform",
        "type": "wall",
        "platform": "5",
        "color": "#787878",
        "source": "PCIP Phase 2 Appendix A, sheet A-001, November 2020, PDF page 45"
      },
      "geometry": {
        "type": "LineString",
        "coordinates": [[-73.992994, 40.7501249], [-73.9929852, 40.7501368]]
      }
    },
    {
      "type": "Feature",
      "properties": {
        "level": "platform",
        "type": "wall",
        "platform": "5",
        "color": "#787878",
        "source": "PCIP Phase 2 Appendix A, sheet A-001, November 2020, PDF page 45"
      },
      "geometry": {
        "type": "LineString",
        "coordinates": [[-73.9929852, 40.7501368], [-73.9929654, 40.7501285]]
      }
    },
    {
      "type": "Feature",
      "properties": {
        "level": "platform",
        "type": "wall",
        "platform": "5",
        "color": "#787878",
        "source": "PCIP Phase 2 Appendix A, sheet A-001, November 2020, PDF page 45"
      },
      "geometry": {
        "type": "LineString",
        "coordinates": [[-73.9929654, 40.7501285], [-73.9929742, 40.7501165]]
      }
    },
    {
      "type": "Feature",
      "properties": {
        "level": "platform",
        "type": "wall",
        "platform": "7",
        "color": "#787878",
        "source": "PCIP Phase 2 Appendix A, sheet A-001, November 2020, PDF page 45"
      },
      "geometry": {
        "type": "LineString",
        "coordinates": [[-73.9927866, 40.7503574], [-73.9927956, 40.7503453]]
      }
    },
    {
      "type": "Feature",
      "properties": {
        "level": "platform",
        "type": "wall",
        "platform": "6",
        "color": "#787878",
        "source": "PCIP Phase 2 Appendix A, sheet A-001, November 2020, PDF page 45"
      },
      "geometry": {
        "type": "LineString",
        "coordinates": [[-73.9928669, 40.7502428], [-73.9928328, 40.7502284]]
      }
    },
    {
      "type": "Feature",
      "properties": {
        "level": "platform",
        "type": "wall",
        "platform": "6",
        "color": "#787878",
        "source": "PCIP Phase 2 Appendix A, sheet A-001, November 2020, PDF page 45"
      },
      "geometry": {
        "type": "LineString",
        "coordinates": [[-73.9928667, 40.750243], [-73.9928325, 40.7502287]]
      }
    },
    {
      "type": "Feature",
      "properties": {
        "level": "platform",
        "type": "wall",
        "platform": "6",
        "color": "#787878",
        "source": "PCIP Phase 2 Appendix A, sheet A-001, November 2020, PDF page 45"
      },
      "geometry": {
        "type": "LineString",
        "coordinates": [[-73.9928316, 40.7502299], [-73.99286, 40.750242]]
      }
    },
    {
      "type": "Feature",
      "properties": {
        "level": "platform",
        "type": "wall",
        "platform": "6",
        "color": "#787878",
        "source": "PCIP Phase 2 Appendix A, sheet A-001, November 2020, PDF page 45"
      },
      "geometry": {
        "type": "LineString",
        "coordinates": [[-73.9928716, 40.7502229], [-73.9928466, 40.7502122]]
      }
    },
    {
      "type": "Feature",
      "properties": {
        "level": "platform",
        "type": "wall",
        "platform": "6",
        "color": "#787878",
        "source": "PCIP Phase 2 Appendix A, sheet A-001, November 2020, PDF page 45"
      },
      "geometry": {
        "type": "LineString",
        "coordinates": [[-73.9928527, 40.7502144], [-73.9928563, 40.7502159]]
      }
    },
    {
      "type": "Feature",
      "properties": {
        "level": "platform",
        "type": "wall",
        "platform": "6",
        "color": "#787878",
        "source": "PCIP Phase 2 Appendix A, sheet A-001, November 2020, PDF page 45"
      },
      "geometry": {
        "type": "LineString",
        "coordinates": [[-73.9928453, 40.7502115], [-73.9928562, 40.7502161]]
      }
    },
    {
      "type": "Feature",
      "properties": {
        "level": "platform",
        "type": "wall",
        "platform": "6",
        "color": "#787878",
        "source": "PCIP Phase 2 Appendix A, sheet A-001, November 2020, PDF page 45"
      },
      "geometry": {
        "type": "LineString",
        "coordinates": [[-73.9928573, 40.750209], [-73.9928604, 40.7502104]]
      }
    },
    {
      "type": "Feature",
      "properties": {
        "level": "platform",
        "type": "wall",
        "platform": "6",
        "color": "#787878",
        "source": "PCIP Phase 2 Appendix A, sheet A-001, November 2020, PDF page 45"
      },
      "geometry": {
        "type": "LineString",
        "coordinates": [[-73.9928527, 40.7502144], [-73.992861, 40.7502033]]
      }
    },
    {
      "type": "Feature",
      "properties": {
        "level": "platform",
        "type": "wall",
        "platform": "6",
        "color": "#787878",
        "source": "PCIP Phase 2 Appendix A, sheet A-001, November 2020, PDF page 45"
      },
      "geometry": {
        "type": "LineString",
        "coordinates": [[-73.992849, 40.7502128], [-73.9928527, 40.7502144]]
      }
    },
    {
      "type": "Feature",
      "properties": {
        "level": "platform",
        "type": "wall",
        "platform": "6",
        "color": "#787878",
        "source": "PCIP Phase 2 Appendix A, sheet A-001, November 2020, PDF page 45"
      },
      "geometry": {
        "type": "LineString",
        "coordinates": [[-73.992849, 40.7502128], [-73.9928572, 40.7502017]]
      }
    },
    {
      "type": "Feature",
      "properties": {
        "level": "platform",
        "type": "wall",
        "platform": "6",
        "color": "#787878",
        "source": "PCIP Phase 2 Appendix A, sheet A-001, November 2020, PDF page 45"
      },
      "geometry": {
        "type": "LineString",
        "coordinates": [[-73.992849, 40.7502128], [-73.9928454, 40.7502113], [-73.9928536, 40.7502001]]
      }
    },
    {
      "type": "Feature",
      "properties": {
        "level": "platform",
        "type": "wall",
        "platform": "6",
        "color": "#787878",
        "source": "PCIP Phase 2 Appendix A, sheet A-001, November 2020, PDF page 45"
      },
      "geometry": {
        "type": "LineString",
        "coordinates": [[-73.9928316, 40.7502299], [-73.9928325, 40.7502287], [-73.9928328, 40.7502284], [-73.9928329, 40.7502282], [-73.9928337, 40.7502271], [-73.9928451, 40.7502116]]
      }
    },
    {
      "type": "Feature",
      "properties": {
        "level": "platform",
        "type": "wall",
        "platform": "3",
        "color": "#808080",
        "source": "PCIP Phase 2 Appendix A, sheet A-001, November 2020, PDF page 45"
      },
      "geometry": {
        "type": "LineString",
        "coordinates": [[-73.9952399, 40.7508395], [-73.9952385, 40.7508381], [-73.9952423, 40.7508393], [-73.9952408, 40.750838], [-73.99525, 40.7508218]]
      }
    },
    {
      "type": "Feature",
      "properties": {
        "level": "platform",
        "type": "wall",
        "platform": "3",
        "color": "#808080",
        "source": "PCIP Phase 2 Appendix A, sheet A-001, November 2020, PDF page 45"
      },
      "geometry": {
        "type": "LineString",
        "coordinates": [[-73.9952425, 40.7508345], [-73.9952399, 40.7508385]]
      }
    },
    {
      "type": "Feature",
      "properties": {
        "level": "platform",
        "type": "wall",
        "platform": "3",
        "color": "#808080",
        "source": "PCIP Phase 2 Appendix A, sheet A-001, November 2020, PDF page 45"
      },
      "geometry": {
        "type": "LineString",
        "coordinates": [[-73.9952492, 40.7508229], [-73.9952353, 40.7508196]]
      }
    },
    {
      "type": "Feature",
      "properties": {
        "level": "platform",
        "type": "wall",
        "platform": "3",
        "color": "#808080",
        "source": "PCIP Phase 2 Appendix A, sheet A-001, November 2020, PDF page 45"
      },
      "geometry": {
        "type": "LineString",
        "coordinates": [[-73.9952501, 40.7508212], [-73.9952175, 40.7508135]]
      }
    },
    {
      "type": "Feature",
      "properties": {
        "level": "platform",
        "type": "wall",
        "platform": "3",
        "color": "#808080",
        "source": "PCIP Phase 2 Appendix A, sheet A-001, November 2020, PDF page 45"
      },
      "geometry": {
        "type": "LineString",
        "coordinates": [[-73.9952488, 40.7508215], [-73.9952361, 40.7508185]]
      }
    },
    {
      "type": "Feature",
      "properties": {
        "level": "platform",
        "type": "wall",
        "platform": "3",
        "color": "#808080",
        "source": "PCIP Phase 2 Appendix A, sheet A-001, November 2020, PDF page 45"
      },
      "geometry": {
        "type": "LineString",
        "coordinates": [[-73.9952488, 40.7508215], [-73.99525, 40.7508218], [-73.9952507, 40.75082], [-73.9952181, 40.7508123]]
      }
    },
    {
      "type": "Feature",
      "properties": {
        "level": "platform",
        "type": "wall",
        "platform": "3",
        "color": "#808080",
        "source": "PCIP Phase 2 Appendix A, sheet A-001, November 2020, PDF page 45"
      },
      "geometry": {
        "type": "LineString",
        "coordinates": [[-73.9952477, 40.7508227], [-73.9952441, 40.7508275]]
      }
    },
    {
      "type": "Feature",
      "properties": {
        "level": "platform",
        "type": "wall",
        "platform": "3",
        "color": "#808080",
        "source": "PCIP Phase 2 Appendix A, sheet A-001, November 2020, PDF page 45"
      },
      "geometry": {
        "type": "LineString",
        "coordinates": [[-73.9952439, 40.7508278], [-73.9952361, 40.7508383]]
      }
    },
    {
      "type": "Feature",
      "properties": {
        "level": "platform",
        "type": "wall",
        "platform": "3",
        "color": "#808080",
        "source": "PCIP Phase 2 Appendix A, sheet A-001, November 2020, PDF page 45"
      },
      "geometry": {
        "type": "LineString",
        "coordinates": [[-73.9952361, 40.7508185], [-73.9952171, 40.7508139]]
      }
    },
    {
      "type": "Feature",
      "properties": {
        "level": "platform",
        "type": "wall",
        "platform": "3",
        "color": "#808080",
        "source": "PCIP Phase 2 Appendix A, sheet A-001, November 2020, PDF page 45"
      },
      "geometry": {
        "type": "LineString",
        "coordinates": [[-73.9952353, 40.7508196], [-73.9952165, 40.7508151]]
      }
    },
    {
      "type": "Feature",
      "properties": {
        "level": "platform",
        "type": "wall",
        "platform": "3",
        "color": "#808080",
        "source": "PCIP Phase 2 Appendix A, sheet A-001, November 2020, PDF page 45"
      },
      "geometry": {
        "type": "LineString",
        "coordinates": [[-73.9952317, 40.7508189], [-73.9952299, 40.7508213]]
      }
    },
    {
      "type": "Feature",
      "properties": {
        "level": "platform",
        "type": "wall",
        "platform": "3",
        "color": "#808080",
        "source": "PCIP Phase 2 Appendix A, sheet A-001, November 2020, PDF page 45"
      },
      "geometry": {
        "type": "LineString",
        "coordinates": [[-73.9952103, 40.7508104], [-73.9952175, 40.7508135]]
      }
    },
    {
      "type": "Feature",
      "properties": {
        "level": "platform",
        "type": "wall",
        "platform": "3",
        "color": "#808080",
        "source": "PCIP Phase 2 Appendix A, sheet A-001, November 2020, PDF page 45"
      },
      "geometry": {
        "type": "LineString",
        "coordinates": [[-73.9952171, 40.7508139], [-73.9952051, 40.7508089]]
      }
    },
    {
      "type": "Feature",
      "properties": {
        "level": "platform",
        "type": "wall",
        "platform": "3",
        "color": "#808080",
        "source": "PCIP Phase 2 Appendix A, sheet A-001, November 2020, PDF page 45"
      },
      "geometry": {
        "type": "LineString",
        "coordinates": [[-73.9952111, 40.7508093], [-73.9952181, 40.7508123]]
      }
    },
    {
      "type": "Feature",
      "properties": {
        "level": "platform",
        "type": "wall",
        "platform": "8",
        "color": "#808080",
        "source": "PCIP Phase 2 Appendix A, sheet A-001, November 2020, PDF page 45"
      },
      "geometry": {
        "type": "LineString",
        "coordinates": [[-73.9948253, 40.7513391], [-73.994828, 40.7513354]]
      }
    },
    {
      "type": "Feature",
      "properties": {
        "level": "platform",
        "type": "wall",
        "platform": "8",
        "color": "#808080",
        "source": "PCIP Phase 2 Appendix A, sheet A-001, November 2020, PDF page 45"
      },
      "geometry": {
        "type": "LineString",
        "coordinates": [[-73.9948218, 40.7513439], [-73.9948134, 40.7513552], [-73.9947817, 40.7513417]]
      }
    },
    {
      "type": "Feature",
      "properties": {
        "level": "platform",
        "type": "wall",
        "platform": "8",
        "color": "#808080",
        "source": "PCIP Phase 2 Appendix A, sheet A-001, November 2020, PDF page 45"
      },
      "geometry": {
        "type": "LineString",
        "coordinates": [[-73.9947894, 40.7513245], [-73.9947925, 40.7513203], [-73.994828, 40.7513354]]
      }
    },
    {
      "type": "Feature",
      "properties": {
        "level": "platform",
        "type": "wall",
        "platform": "7",
        "color": "#808080",
        "source": "PCIP Phase 2 Appendix A, sheet A-001, November 2020, PDF page 45"
      },
      "geometry": {
        "type": "LineString",
        "coordinates": [[-73.9949036, 40.7512327], [-73.9949085, 40.7512262]]
      }
    },
    {
      "type": "Feature",
      "properties": {
        "level": "platform",
        "type": "wall",
        "platform": "7",
        "color": "#808080",
        "source": "PCIP Phase 2 Appendix A, sheet A-001, November 2020, PDF page 45"
      },
      "geometry": {
        "type": "LineString",
        "coordinates": [[-73.9949002, 40.7512373], [-73.9948939, 40.7512459], [-73.9948621, 40.7512324]]
      }
    },
    {
      "type": "Feature",
      "properties": {
        "level": "platform",
        "type": "wall",
        "platform": "7",
        "color": "#808080",
        "source": "PCIP Phase 2 Appendix A, sheet A-001, November 2020, PDF page 45"
      },
      "geometry": {
        "type": "LineString",
        "coordinates": [[-73.9948698, 40.7512152], [-73.9948729, 40.7512111], [-73.9949085, 40.7512262]]
      }
    },
    {
      "type": "Feature",
      "properties": {
        "level": "platform",
        "type": "wall",
        "platform": "6",
        "color": "#808080",
        "source": "PCIP Phase 2 Appendix A, sheet A-001, November 2020, PDF page 45"
      },
      "geometry": {
        "type": "LineString",
        "coordinates": [[-73.9949868, 40.7511198], [-73.9949725, 40.7511391], [-73.9949408, 40.7511256]]
      }
    },
    {
      "type": "Feature",
      "properties": {
        "level": "platform",
        "type": "wall",
        "platform": "6",
        "color": "#808080",
        "source": "PCIP Phase 2 Appendix A, sheet A-001, November 2020, PDF page 45"
      },
      "geometry": {
        "type": "LineString",
        "coordinates": [[-73.9949511, 40.7511105], [-73.9949479, 40.7511092], [-73.9949512, 40.7511047], [-73.9949868, 40.7511198]]
      }
    },
    {
      "type": "Feature",
      "properties": {
        "level": "platform",
        "type": "wall",
        "platform": "5",
        "color": "#808080",
        "source": "PCIP Phase 2 Appendix A, sheet A-001, November 2020, PDF page 45"
      },
      "geometry": {
        "type": "LineString",
        "coordinates": [[-73.9950611, 40.7510188], [-73.995068, 40.7510094]]
      }
    },
    {
      "type": "Feature",
      "properties": {
        "level": "platform",
        "type": "wall",
        "platform": "5",
        "color": "#808080",
        "source": "PCIP Phase 2 Appendix A, sheet A-001, November 2020, PDF page 45"
      },
      "geometry": {
        "type": "LineString",
        "coordinates": [[-73.9950576, 40.7510236], [-73.9950534, 40.7510292], [-73.9950179, 40.7510141], [-73.9950179, 40.7510141]]
      }
    },
    {
      "type": "Feature",
      "properties": {
        "level": "platform",
        "type": "wall",
        "platform": "5",
        "color": "#808080",
        "source": "PCIP Phase 2 Appendix A, sheet A-001, November 2020, PDF page 45"
      },
      "geometry": {
        "type": "LineString",
        "coordinates": [[-73.9950317, 40.7509954], [-73.9950325, 40.7509943], [-73.995068, 40.7510094]]
      }
    },
    {
      "type": "Feature",
      "properties": {
        "level": "platform",
        "type": "wall",
        "platform": "4",
        "color": "#808080",
        "source": "PCIP Phase 2 Appendix A, sheet A-001, November 2020, PDF page 45"
      },
      "geometry": {
        "type": "LineString",
        "coordinates": [[-73.9951395, 40.7509123], [-73.9951485, 40.7509001]]
      }
    },
    {
      "type": "Feature",
      "properties": {
        "level": "platform",
        "type": "wall",
        "platform": "4",
        "color": "#808080",
        "source": "PCIP Phase 2 Appendix A, sheet A-001, November 2020, PDF page 45"
      },
      "geometry": {
        "type": "LineString",
        "coordinates": [[-73.995136, 40.750917], [-73.9951339, 40.7509199], [-73.9951021, 40.7509064]]
      }
    },
    {
      "type": "Feature",
      "properties": {
        "level": "platform",
        "type": "wall",
        "platform": "4",
        "color": "#808080",
        "source": "PCIP Phase 2 Appendix A, sheet A-001, November 2020, PDF page 45"
      },
      "geometry": {
        "type": "LineString",
        "coordinates": [[-73.9951128, 40.7508909], [-73.9951096, 40.7508895], [-73.9951129, 40.7508851], [-73.9951485, 40.7509001]]
      }
    },
    {
      "type": "Feature",
      "properties": {
        "level": "platform",
        "type": "wall",
        "platform": "3",
        "color": "#808080",
        "source": "PCIP Phase 2 Appendix A, sheet A-001, November 2020, PDF page 45"
      },
      "geometry": {
        "type": "LineString",
        "coordinates": [[-73.9952051, 40.7508089], [-73.9951938, 40.750804]]
      }
    },
    {
      "type": "Feature",
      "properties": {
        "level": "platform",
        "type": "wall",
        "platform": "3",
        "color": "#808080",
        "source": "PCIP Phase 2 Appendix A, sheet A-001, November 2020, PDF page 45"
      },
      "geometry": {
        "type": "LineString",
        "coordinates": [[-73.9951938, 40.750804], [-73.9951771, 40.750797]]
      }
    },
    {
      "type": "Feature",
      "properties": {
        "level": "platform",
        "type": "wall",
        "platform": "8",
        "color": "#808080",
        "source": "PCIP Phase 2 Appendix A, sheet A-001, November 2020, PDF page 45"
      },
      "geometry": {
        "type": "LineString",
        "coordinates": [[-73.9947963, 40.7513219], [-73.9948018, 40.751314]]
      }
    },
    {
      "type": "Feature",
      "properties": {
        "level": "platform",
        "type": "wall",
        "platform": "8",
        "color": "#808080",
        "source": "PCIP Phase 2 Appendix A, sheet A-001, November 2020, PDF page 45"
      },
      "geometry": {
        "type": "LineString",
        "coordinates": [[-73.9947817, 40.7513417], [-73.9947779, 40.7513401], [-73.9947783, 40.7513395]]
      }
    },
    {
      "type": "Feature",
      "properties": {
        "level": "platform",
        "type": "wall",
        "platform": "8",
        "color": "#808080",
        "source": "PCIP Phase 2 Appendix A, sheet A-001, November 2020, PDF page 45"
      },
      "geometry": {
        "type": "LineString",
        "coordinates": [[-73.9947812, 40.7513423], [-73.9947677, 40.7513366], [-73.9947614, 40.751334], [-73.9947591, 40.751333]]
      }
    },
    {
      "type": "Feature",
      "properties": {
        "level": "platform",
        "type": "wall",
        "platform": "7",
        "color": "#808080",
        "source": "PCIP Phase 2 Appendix A, sheet A-001, November 2020, PDF page 45"
      },
      "geometry": {
        "type": "LineString",
        "coordinates": [[-73.9948798, 40.7512085], [-73.9948743, 40.7512062]]
      }
    },
    {
      "type": "Feature",
      "properties": {
        "level": "platform",
        "type": "wall",
        "platform": "7",
        "color": "#808080",
        "source": "PCIP Phase 2 Appendix A, sheet A-001, November 2020, PDF page 45"
      },
      "geometry": {
        "type": "LineString",
        "coordinates": [[-73.9948767, 40.7512127], [-73.9948798, 40.7512085]]
      }
    },
    {
      "type": "Feature",
      "properties": {
        "level": "platform",
        "type": "wall",
        "platform": "7",
        "color": "#808080",
        "source": "PCIP Phase 2 Appendix A, sheet A-001, November 2020, PDF page 45"
      },
      "geometry": {
        "type": "LineString",
        "coordinates": [[-73.9948621, 40.7512324], [-73.994859, 40.7512366]]
      }
    },
    {
      "type": "Feature",
      "properties": {
        "level": "platform",
        "type": "wall",
        "platform": "7",
        "color": "#808080",
        "source": "PCIP Phase 2 Appendix A, sheet A-001, November 2020, PDF page 45"
      },
      "geometry": {
        "type": "LineString",
        "coordinates": [[-73.994859, 40.7512366], [-73.9948537, 40.7512345]]
      }
    },
    {
      "type": "Feature",
      "properties": {
        "level": "platform",
        "type": "wall",
        "platform": "8",
        "color": "#808080",
        "source": "PCIP Phase 2 Appendix A, sheet A-001, November 2020, PDF page 45"
      },
      "geometry": {
        "type": "LineString",
        "coordinates": [[-73.9948018, 40.751314], [-73.994782, 40.7513057], [-73.9947799, 40.7513048]]
      }
    },
    {
      "type": "Feature",
      "properties": {
        "level": "platform",
        "type": "wall",
        "platform": "6",
        "color": "#808080",
        "source": "PCIP Phase 2 Appendix A, sheet A-001, November 2020, PDF page 45"
      },
      "geometry": {
        "type": "LineString",
        "coordinates": [[-73.9949576, 40.7511028], [-73.9949357, 40.7510935]]
      }
    },
    {
      "type": "Feature",
      "properties": {
        "level": "platform",
        "type": "wall",
        "platform": "6",
        "color": "#808080",
        "source": "PCIP Phase 2 Appendix A, sheet A-001, November 2020, PDF page 45"
      },
      "geometry": {
        "type": "LineString",
        "coordinates": [[-73.994955, 40.7511063], [-73.9949576, 40.7511028]]
      }
    },
    {
      "type": "Feature",
      "properties": {
        "level": "platform",
        "type": "wall",
        "platform": "6",
        "color": "#808080",
        "source": "PCIP Phase 2 Appendix A, sheet A-001, November 2020, PDF page 45"
      },
      "geometry": {
        "type": "LineString",
        "coordinates": [[-73.9949408, 40.7511256], [-73.994937, 40.751124], [-73.9949416, 40.7511178], [-73.9949447, 40.7511191]]
      }
    },
    {
      "type": "Feature",
      "properties": {
        "level": "platform",
        "type": "wall",
        "platform": "6",
        "color": "#808080",
        "source": "PCIP Phase 2 Appendix A, sheet A-001, November 2020, PDF page 45"
      },
      "geometry": {
        "type": "LineString",
        "coordinates": [[-73.9949408, 40.7511256], [-73.9949368, 40.751131]]
      }
    },
    {
      "type": "Feature",
      "properties": {
        "level": "platform",
        "type": "wall",
        "platform": "6",
        "color": "#808080",
        "source": "PCIP Phase 2 Appendix A, sheet A-001, November 2020, PDF page 45"
      },
      "geometry": {
        "type": "LineString",
        "coordinates": [[-73.9949368, 40.751131], [-73.9949149, 40.7511217]]
      }
    },
    {
      "type": "Feature",
      "properties": {
        "level": "platform",
        "type": "wall",
        "platform": "8",
        "color": "#808080",
        "source": "PCIP Phase 2 Appendix A, sheet A-001, November 2020, PDF page 45"
      },
      "geometry": {
        "type": "LineString",
        "coordinates": [[-73.9947826, 40.7513337], [-73.9947827, 40.7513336], [-73.9947859, 40.7513349]]
      }
    },
    {
      "type": "Feature",
      "properties": {
        "level": "platform",
        "type": "wall",
        "platform": "8",
        "color": "#808080",
        "source": "PCIP Phase 2 Appendix A, sheet A-001, November 2020, PDF page 45"
      },
      "geometry": {
        "type": "LineString",
        "coordinates": [[-73.9947923, 40.7513261], [-73.9947892, 40.7513248], [-73.9947894, 40.7513245]]
      }
    },
    {
      "type": "Feature",
      "properties": {
        "level": "platform",
        "type": "wall",
        "platform": "8",
        "color": "#808080",
        "source": "PCIP Phase 2 Appendix A, sheet A-001, November 2020, PDF page 45"
      },
      "geometry": {
        "type": "LineString",
        "coordinates": [[-73.994801, 40.7513143], [-73.9947802, 40.7513055]]
      }
    },
    {
      "type": "Feature",
      "properties": {
        "level": "platform",
        "type": "wall",
        "platform": "8",
        "color": "#808080",
        "source": "PCIP Phase 2 Appendix A, sheet A-001, November 2020, PDF page 45"
      },
      "geometry": {
        "type": "LineString",
        "coordinates": [[-73.9947956, 40.7513217], [-73.994801, 40.7513143]]
      }
    },
    {
      "type": "Feature",
      "properties": {
        "level": "platform",
        "type": "wall",
        "platform": "8",
        "color": "#808080",
        "source": "PCIP Phase 2 Appendix A, sheet A-001, November 2020, PDF page 45"
      },
      "geometry": {
        "type": "LineString",
        "coordinates": [[-73.9947809, 40.7513416], [-73.99476, 40.7513329]]
      }
    },
    {
      "type": "Feature",
      "properties": {
        "level": "platform",
        "type": "wall",
        "platform": "7",
        "color": "#808080",
        "source": "PCIP Phase 2 Appendix A, sheet A-001, November 2020, PDF page 45"
      },
      "geometry": {
        "type": "LineString",
        "coordinates": [[-73.9948583, 40.7512308], [-73.9948583, 40.7512308], [-73.9948633, 40.7512242], [-73.9948664, 40.7512255]]
      }
    },
    {
      "type": "Feature",
      "properties": {
        "level": "platform",
        "type": "wall",
        "platform": "7",
        "color": "#808080",
        "source": "PCIP Phase 2 Appendix A, sheet A-001, November 2020, PDF page 45"
      },
      "geometry": {
        "type": "LineString",
        "coordinates": [[-73.9948728, 40.7512169], [-73.9948696, 40.7512155], [-73.9948698, 40.7512152]]
      }
    },
    {
      "type": "Feature",
      "properties": {
        "level": "platform",
        "type": "wall",
        "platform": "7",
        "color": "#808080",
        "source": "PCIP Phase 2 Appendix A, sheet A-001, November 2020, PDF page 45"
      },
      "geometry": {
        "type": "LineString",
        "coordinates": [[-73.994854, 40.751234], [-73.9948586, 40.751236]]
      }
    },
    {
      "type": "Feature",
      "properties": {
        "level": "platform",
        "type": "wall",
        "platform": "4",
        "color": "#808080",
        "source": "PCIP Phase 2 Appendix A, sheet A-001, November 2020, PDF page 45"
      },
      "geometry": {
        "type": "LineString",
        "coordinates": [[-73.9951203, 40.7508817], [-73.9951005, 40.7508735]]
      }
    },
    {
      "type": "Feature",
      "properties": {
        "level": "platform",
        "type": "wall",
        "platform": "4",
        "color": "#808080",
        "source": "PCIP Phase 2 Appendix A, sheet A-001, November 2020, PDF page 45"
      },
      "geometry": {
        "type": "LineString",
        "coordinates": [[-73.9951167, 40.7508867], [-73.9951203, 40.7508817]]
      }
    },
    {
      "type": "Feature",
      "properties": {
        "level": "platform",
        "type": "wall",
        "platform": "4",
        "color": "#808080",
        "source": "PCIP Phase 2 Appendix A, sheet A-001, November 2020, PDF page 45"
      },
      "geometry": {
        "type": "LineString",
        "coordinates": [[-73.9951021, 40.7509064], [-73.9950995, 40.7509099]]
      }
    },
    {
      "type": "Feature",
      "properties": {
        "level": "platform",
        "type": "wall",
        "platform": "4",
        "color": "#808080",
        "source": "PCIP Phase 2 Appendix A, sheet A-001, November 2020, PDF page 45"
      },
      "geometry": {
        "type": "LineString",
        "coordinates": [[-73.9950995, 40.7509099], [-73.9950958, 40.7509084]]
      }
    },
    {
      "type": "Feature",
      "properties": {
        "level": "platform",
        "type": "wall",
        "platform": "7",
        "color": "#808080",
        "source": "PCIP Phase 2 Appendix A, sheet A-001, November 2020, PDF page 45"
      },
      "geometry": {
        "type": "LineString",
        "coordinates": [[-73.9948761, 40.7512124], [-73.9948789, 40.7512086]]
      }
    },
    {
      "type": "Feature",
      "properties": {
        "level": "platform",
        "type": "wall",
        "platform": "7",
        "color": "#808080",
        "source": "PCIP Phase 2 Appendix A, sheet A-001, November 2020, PDF page 45"
      },
      "geometry": {
        "type": "LineString",
        "coordinates": [[-73.9948615, 40.7512322], [-73.9948583, 40.7512308]]
      }
    },
    {
      "type": "Feature",
      "properties": {
        "level": "platform",
        "type": "wall",
        "platform": "7",
        "color": "#808080",
        "source": "PCIP Phase 2 Appendix A, sheet A-001, November 2020, PDF page 45"
      },
      "geometry": {
        "type": "LineString",
        "coordinates": [[-73.9948615, 40.7512322], [-73.9948586, 40.751236]]
      }
    },
    {
      "type": "Feature",
      "properties": {
        "level": "platform",
        "type": "wall",
        "platform": "7",
        "color": "#808080",
        "source": "PCIP Phase 2 Appendix A, sheet A-001, November 2020, PDF page 45"
      },
      "geometry": {
        "type": "LineString",
        "coordinates": [[-73.9948741, 40.7512065], [-73.9948789, 40.7512086]]
      }
    },
    {
      "type": "Feature",
      "properties": {
        "level": "platform",
        "type": "wall",
        "platform": "3",
        "color": "#808080",
        "source": "PCIP Phase 2 Appendix A, sheet A-001, November 2020, PDF page 45"
      },
      "geometry": {
        "type": "LineString",
        "coordinates": [[-73.9951959, 40.750778], [-73.9951928, 40.7507766], [-73.9951895, 40.7507811], [-73.9951926, 40.7507824], [-73.9951947, 40.7507795], [-73.9952217, 40.750791], [-73.9952092, 40.7508079], [-73.9951821, 40.7507966], [-73.995186, 40.7507913], [-73.9951829, 40.75079], [-73.9951778, 40.7507969], [-73.9952103, 40.7508104], [-73.9952249, 40.7507903], [-73.9951965, 40.7507782]]
      }
    },
    {
      "type": "Feature",
      "properties": {
        "level": "platform",
        "type": "wall",
        "platform": "3",
        "color": "#808080",
        "source": "PCIP Phase 2 Appendix A, sheet A-001, November 2020, PDF page 45"
      },
      "geometry": {
        "type": "LineString",
        "coordinates": [[-73.9951965, 40.7507782], [-73.9952021, 40.7507707], [-73.9950442, 40.750704]]
      }
    },
    {
      "type": "Feature",
      "properties": {
        "level": "platform",
        "type": "wall",
        "platform": "6",
        "color": "#808080",
        "source": "PCIP Phase 2 Appendix A, sheet A-001, November 2020, PDF page 45"
      },
      "geometry": {
        "type": "LineString",
        "coordinates": [[-73.9949566, 40.751103], [-73.9949358, 40.7510942]]
      }
    },
    {
      "type": "Feature",
      "properties": {
        "level": "platform",
        "type": "wall",
        "platform": "6",
        "color": "#808080",
        "source": "PCIP Phase 2 Appendix A, sheet A-001, November 2020, PDF page 45"
      },
      "geometry": {
        "type": "LineString",
        "coordinates": [[-73.9949544, 40.751106], [-73.9949566, 40.751103]]
      }
    },
    {
      "type": "Feature",
      "properties": {
        "level": "platform",
        "type": "wall",
        "platform": "6",
        "color": "#808080",
        "source": "PCIP Phase 2 Appendix A, sheet A-001, November 2020, PDF page 45"
      },
      "geometry": {
        "type": "LineString",
        "coordinates": [[-73.9949398, 40.7511258], [-73.9949365, 40.7511303]]
      }
    },
    {
      "type": "Feature",
      "properties": {
        "level": "platform",
        "type": "wall",
        "platform": "6",
        "color": "#808080",
        "source": "PCIP Phase 2 Appendix A, sheet A-001, November 2020, PDF page 45"
      },
      "geometry": {
        "type": "LineString",
        "coordinates": [[-73.9949365, 40.7511303], [-73.9949157, 40.7511214]]
      }
    },
    {
      "type": "Feature",
      "properties": {
        "level": "platform",
        "type": "wall",
        "platform": "8",
        "color": "#808080",
        "source": "PCIP Phase 2 Appendix A, sheet A-001, November 2020, PDF page 45"
      },
      "geometry": {
        "type": "LineString",
        "coordinates": [[-73.9947811, 40.7513406], [-73.9947831, 40.7513379]]
      }
    },
    {
      "type": "Feature",
      "properties": {
        "level": "platform",
        "type": "wall",
        "platform": "5",
        "color": "#808080",
        "source": "PCIP Phase 2 Appendix A, sheet A-001, November 2020, PDF page 45"
      },
      "geometry": {
        "type": "LineString",
        "coordinates": [[-73.9950188, 40.7510128], [-73.9950228, 40.7510074], [-73.995026, 40.7510087]]
      }
    },
    {
      "type": "Feature",
      "properties": {
        "level": "platform",
        "type": "wall",
        "platform": "5",
        "color": "#808080",
        "source": "PCIP Phase 2 Appendix A, sheet A-001, November 2020, PDF page 45"
      },
      "geometry": {
        "type": "LineString",
        "coordinates": [[-73.9950323, 40.7510001], [-73.9950292, 40.7509988], [-73.9950307, 40.7509967]]
      }
    },
    {
      "type": "Feature",
      "properties": {
        "level": "platform",
        "type": "wall",
        "platform": "4",
        "color": "#808080",
        "source": "PCIP Phase 2 Appendix A, sheet A-001, November 2020, PDF page 45"
      },
      "geometry": {
        "type": "LineString",
        "coordinates": [[-73.9950991, 40.7509098], [-73.9950958, 40.7509084]]
      }
    },
    {
      "type": "Feature",
      "properties": {
        "level": "platform",
        "type": "wall",
        "platform": "7",
        "color": "#808080",
        "source": "PCIP Phase 2 Appendix A, sheet A-001, November 2020, PDF page 45"
      },
      "geometry": {
        "type": "LineString",
        "coordinates": [[-73.9948615, 40.7512314], [-73.9948635, 40.7512287]]
      }
    },
    {
      "type": "Feature",
      "properties": {
        "level": "platform",
        "type": "wall",
        "platform": "8",
        "color": "#808080",
        "source": "PCIP Phase 2 Appendix A, sheet A-001, November 2020, PDF page 45"
      },
      "geometry": {
        "type": "LineString",
        "coordinates": [[-73.9947809, 40.7513405], [-73.9947829, 40.7513378]]
      }
    },
    {
      "type": "Feature",
      "properties": {
        "level": "platform",
        "type": "wall",
        "platform": "4",
        "color": "#808080",
        "source": "PCIP Phase 2 Appendix A, sheet A-001, November 2020, PDF page 45"
      },
      "geometry": {
        "type": "LineString",
        "coordinates": [[-73.9950983, 40.7509048], [-73.9950983, 40.7509048], [-73.9951031, 40.7508983], [-73.9951063, 40.7508996]]
      }
    },
    {
      "type": "Feature",
      "properties": {
        "level": "platform",
        "type": "wall",
        "platform": "4",
        "color": "#808080",
        "source": "PCIP Phase 2 Appendix A, sheet A-001, November 2020, PDF page 45"
      },
      "geometry": {
        "type": "LineString",
        "coordinates": [[-73.9951194, 40.7508819], [-73.9951161, 40.7508864], [-73.9951129, 40.7508851]]
      }
    },
    {
      "type": "Feature",
      "properties": {
        "level": "platform",
        "type": "wall",
        "platform": "4",
        "color": "#808080",
        "source": "PCIP Phase 2 Appendix A, sheet A-001, November 2020, PDF page 45"
      },
      "geometry": {
        "type": "LineString",
        "coordinates": [[-73.9951015, 40.7509062], [-73.9950983, 40.7509048]]
      }
    },
    {
      "type": "Feature",
      "properties": {
        "level": "platform",
        "type": "wall",
        "platform": "4",
        "color": "#808080",
        "source": "PCIP Phase 2 Appendix A, sheet A-001, November 2020, PDF page 45"
      },
      "geometry": {
        "type": "LineString",
        "coordinates": [[-73.9951015, 40.7509062], [-73.9950991, 40.7509094]]
      }
    },
    {
      "type": "Feature",
      "properties": {
        "level": "platform",
        "type": "wall",
        "platform": "4",
        "color": "#808080",
        "source": "PCIP Phase 2 Appendix A, sheet A-001, November 2020, PDF page 45"
      },
      "geometry": {
        "type": "LineString",
        "coordinates": [[-73.9950991, 40.7509094], [-73.9950783, 40.7509005]]
      }
    },
    {
      "type": "Feature",
      "properties": {
        "level": "platform",
        "type": "wall",
        "platform": "7",
        "color": "#808080",
        "source": "PCIP Phase 2 Appendix A, sheet A-001, November 2020, PDF page 45"
      },
      "geometry": {
        "type": "LineString",
        "coordinates": [[-73.9948613, 40.7512313], [-73.9948633, 40.7512286]]
      }
    },
    {
      "type": "Feature",
      "properties": {
        "level": "platform",
        "type": "wall",
        "platform": "4",
        "color": "#808080",
        "source": "PCIP Phase 2 Appendix A, sheet A-001, November 2020, PDF page 45"
      },
      "geometry": {
        "type": "LineString",
        "coordinates": [[-73.9950996, 40.7508736], [-73.9951194, 40.7508819]]
      }
    },
    {
      "type": "Feature",
      "properties": {
        "level": "platform",
        "type": "wall",
        "platform": "3",
        "color": "#808080",
        "source": "PCIP Phase 2 Appendix A, sheet A-001, November 2020, PDF page 45"
      },
      "geometry": {
        "type": "LineString",
        "coordinates": [[-73.9952012, 40.7507708], [-73.9950446, 40.7507046]]
      }
    },
    {
      "type": "Feature",
      "properties": {
        "level": "platform",
        "type": "wall",
        "platform": "3",
        "color": "#808080",
        "source": "PCIP Phase 2 Appendix A, sheet A-001, November 2020, PDF page 45"
      },
      "geometry": {
        "type": "LineString",
        "coordinates": [[-73.9951959, 40.750778], [-73.9952012, 40.7507708]]
      }
    },
    {
      "type": "Feature",
      "properties": {
        "level": "platform",
        "type": "wall",
        "platform": "5",
        "color": "#808080",
        "source": "PCIP Phase 2 Appendix A, sheet A-001, November 2020, PDF page 45"
      },
      "geometry": {
        "type": "LineString",
        "coordinates": [[-73.9950211, 40.7510146], [-73.9950231, 40.7510119]]
      }
    },
    {
      "type": "Feature",
      "properties": {
        "level": "platform",
        "type": "wall",
        "platform": "4",
        "color": "#808080",
        "source": "PCIP Phase 2 Appendix A, sheet A-001, November 2020, PDF page 45"
      },
      "geometry": {
        "type": "LineString",
        "coordinates": [[-73.9951014, 40.7509055], [-73.9951035, 40.7509026]]
      }
    },
    {
      "type": "Feature",
      "properties": {
        "level": "platform",
        "type": "wall",
        "platform": "5",
        "color": "#808080",
        "source": "PCIP Phase 2 Appendix A, sheet A-001, November 2020, PDF page 45"
      },
      "geometry": {
        "type": "LineString",
        "coordinates": [[-73.9950209, 40.7510145], [-73.9950229, 40.7510118]]
      }
    },
    {
      "type": "Feature",
      "properties": {
        "level": "platform",
        "type": "wall",
        "platform": "3",
        "color": "#808080",
        "source": "PCIP Phase 2 Appendix A, sheet A-001, November 2020, PDF page 45"
      },
      "geometry": {
        "type": "LineString",
        "coordinates": [[-73.9951948, 40.7507787], [-73.9951927, 40.7507816]]
      }
    },
    {
      "type": "Feature",
      "properties": {
        "level": "platform",
        "type": "wall",
        "platform": "3",
        "color": "#808080",
        "source": "PCIP Phase 2 Appendix A, sheet A-001, November 2020, PDF page 45"
      },
      "geometry": {
        "type": "LineString",
        "coordinates": [[-73.9951814, 40.7507969], [-73.9951834, 40.7507942]]
      }
    },
    {
      "type": "Feature",
      "properties": {
        "level": "platform",
        "type": "wall",
        "platform": "4",
        "color": "#808080",
        "source": "PCIP Phase 2 Appendix A, sheet A-001, November 2020, PDF page 45"
      },
      "geometry": {
        "type": "LineString",
        "coordinates": [[-73.9951012, 40.7509054], [-73.9951033, 40.7509026]]
      }
    },
    {
      "type": "Feature",
      "properties": {
        "level": "platform",
        "type": "wall",
        "platform": "3",
        "color": "#808080",
        "source": "PCIP Phase 2 Appendix A, sheet A-001, November 2020, PDF page 45"
      },
      "geometry": {
        "type": "LineString",
        "coordinates": [[-73.9951946, 40.7507786], [-73.9951925, 40.7507815]]
      }
    },
    {
      "type": "Feature",
      "properties": {
        "level": "platform",
        "type": "wall",
        "platform": "3",
        "color": "#808080",
        "source": "PCIP Phase 2 Appendix A, sheet A-001, November 2020, PDF page 45"
      },
      "geometry": {
        "type": "LineString",
        "coordinates": [[-73.9951812, 40.7507968], [-73.9951832, 40.7507941]]
      }
    },
    {
      "type": "Feature",
      "properties": {
        "level": "platform",
        "type": "wall",
        "platform": "3",
        "color": "#808080",
        "source": "PCIP Phase 2 Appendix A, sheet A-001, November 2020, PDF page 45"
      },
      "geometry": {
        "type": "LineString",
        "coordinates": [[-73.9951996, 40.7507711], [-73.9951145, 40.7507353]]
      }
    },
    {
      "type": "Feature",
      "properties": {
        "level": "platform",
        "type": "wall",
        "platform": "3",
        "color": "#808080",
        "source": "PCIP Phase 2 Appendix A, sheet A-001, November 2020, PDF page 45"
      },
      "geometry": {
        "type": "LineString",
        "coordinates": [[-73.9951996, 40.7507711], [-73.9951956, 40.7507765], [-73.9951105, 40.7507407]]
      }
    },
    {
      "type": "Feature",
      "properties": {
        "level": "platform",
        "type": "wall",
        "platform": "8",
        "color": "#808080",
        "source": "PCIP Phase 2 Appendix A, sheet A-001, November 2020, PDF page 45"
      },
      "geometry": {
        "type": "LineString",
        "coordinates": [[-73.9947903, 40.7513244], [-73.9947924, 40.7513216]]
      }
    },
    {
      "type": "Feature",
      "properties": {
        "level": "platform",
        "type": "wall",
        "platform": "8",
        "color": "#808080",
        "source": "PCIP Phase 2 Appendix A, sheet A-001, November 2020, PDF page 45"
      },
      "geometry": {
        "type": "LineString",
        "coordinates": [[-73.994781, 40.751337], [-73.9947789, 40.7513399]]
      }
    },
    {
      "type": "Feature",
      "properties": {
        "level": "platform",
        "type": "wall",
        "platform": "7",
        "color": "#808080",
        "source": "PCIP Phase 2 Appendix A, sheet A-001, November 2020, PDF page 45"
      },
      "geometry": {
        "type": "LineString",
        "coordinates": [[-73.9948707, 40.7512152], [-73.9948728, 40.7512123]]
      }
    },
    {
      "type": "Feature",
      "properties": {
        "level": "platform",
        "type": "wall",
        "platform": "7",
        "color": "#808080",
        "source": "PCIP Phase 2 Appendix A, sheet A-001, November 2020, PDF page 45"
      },
      "geometry": {
        "type": "LineString",
        "coordinates": [[-73.9948614, 40.7512278], [-73.9948594, 40.7512305]]
      }
    },
    {
      "type": "Feature",
      "properties": {
        "level": "platform",
        "type": "wall",
        "platform": "8",
        "color": "#808080",
        "source": "PCIP Phase 2 Appendix A, sheet A-001, November 2020, PDF page 45"
      },
      "geometry": {
        "type": "LineString",
        "coordinates": [[-73.9947901, 40.7513243], [-73.9947922, 40.7513215]]
      }
    },
    {
      "type": "Feature",
      "properties": {
        "level": "platform",
        "type": "wall",
        "platform": "6",
        "color": "#808080",
        "source": "PCIP Phase 2 Appendix A, sheet A-001, November 2020, PDF page 45"
      },
      "geometry": {
        "type": "LineString",
        "coordinates": [[-73.994949, 40.7511088], [-73.9949511, 40.7511059]]
      }
    },
    {
      "type": "Feature",
      "properties": {
        "level": "platform",
        "type": "wall",
        "platform": "6",
        "color": "#808080",
        "source": "PCIP Phase 2 Appendix A, sheet A-001, November 2020, PDF page 45"
      },
      "geometry": {
        "type": "LineString",
        "coordinates": [[-73.9949401, 40.7511209], [-73.994938, 40.7511238]]
      }
    },
    {
      "type": "Feature",
      "properties": {
        "level": "platform",
        "type": "wall",
        "platform": "7",
        "color": "#808080",
        "source": "PCIP Phase 2 Appendix A, sheet A-001, November 2020, PDF page 45"
      },
      "geometry": {
        "type": "LineString",
        "coordinates": [[-73.9948705, 40.7512151], [-73.9948726, 40.7512122]]
      }
    },
    {
      "type": "Feature",
      "properties": {
        "level": "platform",
        "type": "wall",
        "platform": "8",
        "color": "#808080",
        "source": "PCIP Phase 2 Appendix A, sheet A-001, November 2020, PDF page 45"
      },
      "geometry": {
        "type": "LineString",
        "coordinates": [[-73.9947796, 40.7513063], [-73.9947973, 40.7513138]]
      }
    },
    {
      "type": "Feature",
      "properties": {
        "level": "platform",
        "type": "wall",
        "platform": "5",
        "color": "#808080",
        "source": "PCIP Phase 2 Appendix A, sheet A-001, November 2020, PDF page 45"
      },
      "geometry": {
        "type": "LineString",
        "coordinates": [[-73.9950303, 40.7509984], [-73.9950324, 40.7509956]]
      }
    },
    {
      "type": "Feature",
      "properties": {
        "level": "platform",
        "type": "wall",
        "platform": "5",
        "color": "#808080",
        "source": "PCIP Phase 2 Appendix A, sheet A-001, November 2020, PDF page 45"
      },
      "geometry": {
        "type": "LineString",
        "coordinates": [[-73.995021, 40.751011], [-73.995019, 40.7510137]]
      }
    },
    {
      "type": "Feature",
      "properties": {
        "level": "platform",
        "type": "wall",
        "platform": "8",
        "color": "#808080",
        "source": "PCIP Phase 2 Appendix A, sheet A-001, November 2020, PDF page 45"
      },
      "geometry": {
        "type": "LineString",
        "coordinates": [[-73.9947925, 40.7513203], [-73.9947973, 40.7513138]]
      }
    },
    {
      "type": "Feature",
      "properties": {
        "level": "platform",
        "type": "wall",
        "platform": "8",
        "color": "#808080",
        "source": "PCIP Phase 2 Appendix A, sheet A-001, November 2020, PDF page 45"
      },
      "geometry": {
        "type": "LineString",
        "coordinates": [[-73.9947786, 40.7513391], [-73.9947826, 40.7513337]]
      }
    },
    {
      "type": "Feature",
      "properties": {
        "level": "platform",
        "type": "wall",
        "platform": "8",
        "color": "#808080",
        "source": "PCIP Phase 2 Appendix A, sheet A-001, November 2020, PDF page 45"
      },
      "geometry": {
        "type": "LineString",
        "coordinates": [[-73.9947786, 40.7513391], [-73.9947603, 40.7513314]]
      }
    },
    {
      "type": "Feature",
      "properties": {
        "level": "platform",
        "type": "wall",
        "platform": "8",
        "color": "#808080",
        "source": "PCIP Phase 2 Appendix A, sheet A-001, November 2020, PDF page 45"
      },
      "geometry": {
        "type": "LineString",
        "coordinates": [[-73.9947606, 40.7513321], [-73.9947783, 40.7513395]]
      }
    },
    {
      "type": "Feature",
      "properties": {
        "level": "platform",
        "type": "wall",
        "platform": "8",
        "color": "#808080",
        "source": "PCIP Phase 2 Appendix A, sheet A-001, November 2020, PDF page 45"
      },
      "geometry": {
        "type": "LineString",
        "coordinates": [[-73.9947894, 40.7513245], [-73.9947888, 40.7513242], [-73.9947964, 40.7513139]]
      }
    },
    {
      "type": "Feature",
      "properties": {
        "level": "platform",
        "type": "wall",
        "platform": "3",
        "color": "#808080",
        "source": "PCIP Phase 2 Appendix A, sheet A-001, November 2020, PDF page 45"
      },
      "geometry": {
        "type": "LineString",
        "coordinates": [[-73.9951815, 40.7507934], [-73.9951795, 40.7507961]]
      }
    },
    {
      "type": "Feature",
      "properties": {
        "level": "platform",
        "type": "wall",
        "platform": "4",
        "color": "#808080",
        "source": "PCIP Phase 2 Appendix A, sheet A-001, November 2020, PDF page 45"
      },
      "geometry": {
        "type": "LineString",
        "coordinates": [[-73.9951107, 40.7508892], [-73.9951128, 40.7508863]]
      }
    },
    {
      "type": "Feature",
      "properties": {
        "level": "platform",
        "type": "wall",
        "platform": "4",
        "color": "#808080",
        "source": "PCIP Phase 2 Appendix A, sheet A-001, November 2020, PDF page 45"
      },
      "geometry": {
        "type": "LineString",
        "coordinates": [[-73.9951014, 40.7509018], [-73.9950993, 40.7509046]]
      }
    },
    {
      "type": "Feature",
      "properties": {
        "level": "platform",
        "type": "wall",
        "platform": "7",
        "color": "#808080",
        "source": "PCIP Phase 2 Appendix A, sheet A-001, November 2020, PDF page 45"
      },
      "geometry": {
        "type": "LineString",
        "coordinates": [[-73.9948729, 40.7512111], [-73.9948751, 40.7512081]]
      }
    },
    {
      "type": "Feature",
      "properties": {
        "level": "platform",
        "type": "wall",
        "platform": "7",
        "color": "#808080",
        "source": "PCIP Phase 2 Appendix A, sheet A-001, November 2020, PDF page 45"
      },
      "geometry": {
        "type": "LineString",
        "coordinates": [[-73.9948583, 40.7512308], [-73.9948561, 40.7512339]]
      }
    },
    {
      "type": "Feature",
      "properties": {
        "level": "platform",
        "type": "wall",
        "platform": "7",
        "color": "#808080",
        "source": "PCIP Phase 2 Appendix A, sheet A-001, November 2020, PDF page 45"
      },
      "geometry": {
        "type": "LineString",
        "coordinates": [[-73.9948698, 40.7512152], [-73.9948692, 40.751215], [-73.9948742, 40.7512083]]
      }
    },
    {
      "type": "Feature",
      "properties": {
        "level": "platform",
        "type": "wall",
        "platform": "6",
        "color": "#808080",
        "source": "PCIP Phase 2 Appendix A, sheet A-001, November 2020, PDF page 45"
      },
      "geometry": {
        "type": "LineString",
        "coordinates": [[-73.9949162, 40.7511206], [-73.9949339, 40.7511281]]
      }
    },
    {
      "type": "Feature",
      "properties": {
        "level": "platform",
        "type": "wall",
        "platform": "3",
        "color": "#808080",
        "source": "PCIP Phase 2 Appendix A, sheet A-001, November 2020, PDF page 45"
      },
      "geometry": {
        "type": "LineString",
        "coordinates": [[-73.9951906, 40.7507807], [-73.9951927, 40.7507778]]
      }
    },
    {
      "type": "Feature",
      "properties": {
        "level": "platform",
        "type": "wall",
        "platform": "3",
        "color": "#808080",
        "source": "PCIP Phase 2 Appendix A, sheet A-001, November 2020, PDF page 45"
      },
      "geometry": {
        "type": "LineString",
        "coordinates": [[-73.9951813, 40.7507933], [-73.9951793, 40.750796]]
      }
    },
    {
      "type": "Feature",
      "properties": {
        "level": "platform",
        "type": "wall",
        "platform": "6",
        "color": "#808080",
        "source": "PCIP Phase 2 Appendix A, sheet A-001, November 2020, PDF page 45"
      },
      "geometry": {
        "type": "LineString",
        "coordinates": [[-73.9949352, 40.751095], [-73.9949529, 40.7511025]]
      }
    },
    {
      "type": "Feature",
      "properties": {
        "level": "platform",
        "type": "wall",
        "platform": "6",
        "color": "#808080",
        "source": "PCIP Phase 2 Appendix A, sheet A-001, November 2020, PDF page 45"
      },
      "geometry": {
        "type": "LineString",
        "coordinates": [[-73.9949366, 40.7511245], [-73.9949339, 40.7511281]]
      }
    },
    {
      "type": "Feature",
      "properties": {
        "level": "platform",
        "type": "wall",
        "platform": "7",
        "color": "#808080",
        "source": "PCIP Phase 2 Appendix A, sheet A-001, November 2020, PDF page 45"
      },
      "geometry": {
        "type": "LineString",
        "coordinates": [[-73.9948626, 40.7512243], [-73.994856, 40.7512332]]
      }
    },
    {
      "type": "Feature",
      "properties": {
        "level": "platform",
        "type": "wall",
        "platform": "8",
        "color": "#808080",
        "source": "PCIP Phase 2 Appendix A, sheet A-001, November 2020, PDF page 45"
      },
      "geometry": {
        "type": "LineString",
        "coordinates": [[-73.9947964, 40.7513139], [-73.9947788, 40.7513064]]
      }
    },
    {
      "type": "Feature",
      "properties": {
        "level": "platform",
        "type": "wall",
        "platform": "4",
        "color": "#808080",
        "source": "PCIP Phase 2 Appendix A, sheet A-001, November 2020, PDF page 45"
      },
      "geometry": {
        "type": "LineString",
        "coordinates": [[-73.9950958, 40.7509084], [-73.9950775, 40.7509008]]
      }
    },
    {
      "type": "Feature",
      "properties": {
        "level": "platform",
        "type": "wall",
        "platform": "4",
        "color": "#808080",
        "source": "PCIP Phase 2 Appendix A, sheet A-001, November 2020, PDF page 45"
      },
      "geometry": {
        "type": "LineString",
        "coordinates": [[-73.9950958, 40.7509084], [-73.9950796, 40.7509017]]
      }
    },
    {
      "type": "Feature",
      "properties": {
        "level": "platform",
        "type": "wall",
        "platform": "4",
        "color": "#808080",
        "source": "PCIP Phase 2 Appendix A, sheet A-001, November 2020, PDF page 45"
      },
      "geometry": {
        "type": "LineString",
        "coordinates": [[-73.9950789, 40.7508997], [-73.9950965, 40.7509072]]
      }
    },
    {
      "type": "Feature",
      "properties": {
        "level": "platform",
        "type": "wall",
        "platform": "4",
        "color": "#808080",
        "source": "PCIP Phase 2 Appendix A, sheet A-001, November 2020, PDF page 45"
      },
      "geometry": {
        "type": "LineString",
        "coordinates": [[-73.9951156, 40.7508814], [-73.9950979, 40.7508739]]
      }
    },
    {
      "type": "Feature",
      "properties": {
        "level": "platform",
        "type": "wall",
        "platform": "4",
        "color": "#808080",
        "source": "PCIP Phase 2 Appendix A, sheet A-001, November 2020, PDF page 45"
      },
      "geometry": {
        "type": "LineString",
        "coordinates": [[-73.9951129, 40.7508851], [-73.9951156, 40.7508814]]
      }
    },
    {
      "type": "Feature",
      "properties": {
        "level": "platform",
        "type": "wall",
        "platform": "4",
        "color": "#808080",
        "source": "PCIP Phase 2 Appendix A, sheet A-001, November 2020, PDF page 45"
      },
      "geometry": {
        "type": "LineString",
        "coordinates": [[-73.9950983, 40.7509048], [-73.9950965, 40.7509072]]
      }
    },
    {
      "type": "Feature",
      "properties": {
        "level": "platform",
        "type": "wall",
        "platform": "6",
        "color": "#808080",
        "source": "PCIP Phase 2 Appendix A, sheet A-001, November 2020, PDF page 45"
      },
      "geometry": {
        "type": "LineString",
        "coordinates": [[-73.9949522, 40.7511026], [-73.9949345, 40.7510951]]
      }
    },
    {
      "type": "Feature",
      "properties": {
        "level": "platform",
        "type": "wall",
        "platform": "6",
        "color": "#808080",
        "source": "PCIP Phase 2 Appendix A, sheet A-001, November 2020, PDF page 45"
      },
      "geometry": {
        "type": "LineString",
        "coordinates": [[-73.9949477, 40.7511087], [-73.9949522, 40.7511026]]
      }
    },
    {
      "type": "Feature",
      "properties": {
        "level": "platform",
        "type": "wall",
        "platform": "6",
        "color": "#808080",
        "source": "PCIP Phase 2 Appendix A, sheet A-001, November 2020, PDF page 45"
      },
      "geometry": {
        "type": "LineString",
        "coordinates": [[-73.9949409, 40.7511179], [-73.9949337, 40.7511276]]
      }
    },
    {
      "type": "Feature",
      "properties": {
        "level": "platform",
        "type": "wall",
        "platform": "6",
        "color": "#808080",
        "source": "PCIP Phase 2 Appendix A, sheet A-001, November 2020, PDF page 45"
      },
      "geometry": {
        "type": "LineString",
        "coordinates": [[-73.9949337, 40.7511276], [-73.9949161, 40.7511201]]
      }
    },
    {
      "type": "Feature",
      "properties": {
        "level": "platform",
        "type": "wall",
        "platform": "3",
        "color": "#808080",
        "source": "PCIP Phase 2 Appendix A, sheet A-001, November 2020, PDF page 45"
      },
      "geometry": {
        "type": "LineString",
        "coordinates": [[-73.9951929, 40.7507765], [-73.9950394, 40.7507116]]
      }
    },
    {
      "type": "Feature",
      "properties": {
        "level": "platform",
        "type": "wall",
        "platform": "5",
        "color": "#808080",
        "source": "PCIP Phase 2 Appendix A, sheet A-001, November 2020, PDF page 45"
      },
      "geometry": {
        "type": "LineString",
        "coordinates": [[-73.9950222, 40.7510075], [-73.9950186, 40.7510123]]
      }
    },
    {
      "type": "Feature",
      "properties": {
        "level": "platform",
        "type": "wall",
        "platform": "4",
        "color": "#808080",
        "source": "PCIP Phase 2 Appendix A, sheet A-001, November 2020, PDF page 45"
      },
      "geometry": {
        "type": "LineString",
        "coordinates": [[-73.9950972, 40.7508742], [-73.9951148, 40.7508817]]
      }
    },
    {
      "type": "Feature",
      "properties": {
        "level": "platform",
        "type": "wall",
        "platform": "4",
        "color": "#808080",
        "source": "PCIP Phase 2 Appendix A, sheet A-001, November 2020, PDF page 45"
      },
      "geometry": {
        "type": "LineString",
        "coordinates": [[-73.9951093, 40.7508892], [-73.9951148, 40.7508817]]
      }
    },
    {
      "type": "Feature",
      "properties": {
        "level": "platform",
        "type": "wall",
        "platform": "4",
        "color": "#808080",
        "source": "PCIP Phase 2 Appendix A, sheet A-001, November 2020, PDF page 45"
      },
      "geometry": {
        "type": "LineString",
        "coordinates": [[-73.9951026, 40.7508983], [-73.9950965, 40.7509066]]
      }
    },
    {
      "type": "Feature",
      "properties": {
        "level": "platform",
        "type": "wall",
        "platform": "4",
        "color": "#808080",
        "source": "PCIP Phase 2 Appendix A, sheet A-001, November 2020, PDF page 45"
      },
      "geometry": {
        "type": "LineString",
        "coordinates": [[-73.9950965, 40.7509066], [-73.9950788, 40.7508991]]
      }
    },
    {
      "type": "Feature",
      "properties": {
        "level": "platform",
        "type": "wall",
        "platform": "3",
        "color": "#808080",
        "source": "PCIP Phase 2 Appendix A, sheet A-001, November 2020, PDF page 45"
      },
      "geometry": {
        "type": "LineString",
        "coordinates": [[-73.9951893, 40.7507806], [-73.9951921, 40.7507768], [-73.9950483, 40.750716]]
      }
    },
    {
      "type": "Feature",
      "properties": {
        "level": "platform",
        "type": "wall",
        "platform": "3",
        "color": "#808080",
        "source": "PCIP Phase 2 Appendix A, sheet A-001, November 2020, PDF page 45"
      },
      "geometry": {
        "type": "LineString",
        "coordinates": [[-73.9951822, 40.7507901], [-73.9951771, 40.750797]]
      }
    },
    {
      "type": "Feature",
      "properties": {
        "level": "platform",
        "type": "wall",
        "platform": "7",
        "color": "#808080",
        "source": "PCIP Phase 2 Appendix A, sheet A-001, November 2020, PDF page 45"
      },
      "geometry": {
        "type": "LineString",
        "coordinates": [[-73.9948654, 40.7512029], [-73.9948581, 40.7511998]]
      }
    },
    {
      "type": "Feature",
      "properties": {
        "level": "platform",
        "type": "wall",
        "platform": "7",
        "color": "#808080",
        "source": "PCIP Phase 2 Appendix A, sheet A-001, November 2020, PDF page 45"
      },
      "geometry": {
        "type": "LineString",
        "coordinates": [[-73.9948654, 40.7512029], [-73.9948657, 40.7512026], [-73.99486, 40.7512002], [-73.9948577, 40.7511992]]
      }
    },
    {
      "type": "Feature",
      "properties": {
        "level": "platform",
        "type": "wall",
        "platform": "7",
        "color": "#808080",
        "source": "PCIP Phase 2 Appendix A, sheet A-001, November 2020, PDF page 45"
      },
      "geometry": {
        "type": "LineString",
        "coordinates": [[-73.9948575, 40.7512006], [-73.9948648, 40.7512037]]
      }
    },
    {
      "type": "Feature",
      "properties": {
        "level": "platform",
        "type": "wall",
        "platform": "7",
        "color": "#808080",
        "source": "PCIP Phase 2 Appendix A, sheet A-001, November 2020, PDF page 45"
      },
      "geometry": {
        "type": "LineString",
        "coordinates": [[-73.9948645, 40.7512042], [-73.9948565, 40.7512008]]
      }
    },
    {
      "type": "Feature",
      "properties": {
        "level": "platform",
        "type": "wall",
        "platform": "7",
        "color": "#808080",
        "source": "PCIP Phase 2 Appendix A, sheet A-001, November 2020, PDF page 45"
      },
      "geometry": {
        "type": "LineString",
        "coordinates": [[-73.9948461, 40.751229], [-73.9948383, 40.7512257]]
      }
    },
    {
      "type": "Feature",
      "properties": {
        "level": "platform",
        "type": "wall",
        "platform": "7",
        "color": "#808080",
        "source": "PCIP Phase 2 Appendix A, sheet A-001, November 2020, PDF page 45"
      },
      "geometry": {
        "type": "LineString",
        "coordinates": [[-73.9948384, 40.7512264], [-73.9948458, 40.7512295]]
      }
    },
    {
      "type": "Feature",
      "properties": {
        "level": "platform",
        "type": "wall",
        "platform": "7",
        "color": "#808080",
        "source": "PCIP Phase 2 Appendix A, sheet A-001, November 2020, PDF page 45"
      },
      "geometry": {
        "type": "LineString",
        "coordinates": [[-73.9948452, 40.7512303], [-73.9948378, 40.7512272]]
      }
    },
    {
      "type": "Feature",
      "properties": {
        "level": "platform",
        "type": "wall",
        "platform": "7",
        "color": "#808080",
        "source": "PCIP Phase 2 Appendix A, sheet A-001, November 2020, PDF page 45"
      },
      "geometry": {
        "type": "LineString",
        "coordinates": [[-73.9948452, 40.7512303], [-73.9948448, 40.7512308], [-73.9948391, 40.7512284], [-73.994837, 40.7512275]]
      }
    },
    {
      "type": "Feature",
      "properties": {
        "level": "platform",
        "type": "wall",
        "platform": "5",
        "color": "#808080",
        "source": "PCIP Phase 2 Appendix A, sheet A-001, November 2020, PDF page 45"
      },
      "geometry": {
        "type": "LineString",
        "coordinates": [[-73.995021, 40.7509916], [-73.9950136, 40.7509884]]
      }
    },
    {
      "type": "Feature",
      "properties": {
        "level": "platform",
        "type": "wall",
        "platform": "5",
        "color": "#808080",
        "source": "PCIP Phase 2 Appendix A, sheet A-001, November 2020, PDF page 45"
      },
      "geometry": {
        "type": "LineString",
        "coordinates": [[-73.995021, 40.7509916], [-73.9950213, 40.7509911], [-73.9950136, 40.7509878]]
      }
    },
    {
      "type": "Feature",
      "properties": {
        "level": "platform",
        "type": "wall",
        "platform": "5",
        "color": "#808080",
        "source": "PCIP Phase 2 Appendix A, sheet A-001, November 2020, PDF page 45"
      },
      "geometry": {
        "type": "LineString",
        "coordinates": [[-73.995013, 40.7509892], [-73.9950204, 40.7509923]]
      }
    },
    {
      "type": "Feature",
      "properties": {
        "level": "platform",
        "type": "wall",
        "platform": "5",
        "color": "#808080",
        "source": "PCIP Phase 2 Appendix A, sheet A-001, November 2020, PDF page 45"
      },
      "geometry": {
        "type": "LineString",
        "coordinates": [[-73.9950201, 40.7509928], [-73.9950123, 40.7509895]]
      }
    },
    {
      "type": "Feature",
      "properties": {
        "level": "platform",
        "type": "wall",
        "platform": "5",
        "color": "#808080",
        "source": "PCIP Phase 2 Appendix A, sheet A-001, November 2020, PDF page 45"
      },
      "geometry": {
        "type": "LineString",
        "coordinates": [[-73.9950088, 40.7510081], [-73.995001, 40.7510048]]
      }
    },
    {
      "type": "Feature",
      "properties": {
        "level": "platform",
        "type": "wall",
        "platform": "5",
        "color": "#808080",
        "source": "PCIP Phase 2 Appendix A, sheet A-001, November 2020, PDF page 45"
      },
      "geometry": {
        "type": "LineString",
        "coordinates": [[-73.995001, 40.7510055], [-73.9950085, 40.7510084]]
      }
    },
    {
      "type": "Feature",
      "properties": {
        "level": "platform",
        "type": "wall",
        "platform": "5",
        "color": "#808080",
        "source": "PCIP Phase 2 Appendix A, sheet A-001, November 2020, PDF page 45"
      },
      "geometry": {
        "type": "LineString",
        "coordinates": [[-73.9950078, 40.7510094], [-73.9950004, 40.7510063]]
      }
    },
    {
      "type": "Feature",
      "properties": {
        "level": "platform",
        "type": "wall",
        "platform": "5",
        "color": "#808080",
        "source": "PCIP Phase 2 Appendix A, sheet A-001, November 2020, PDF page 45"
      },
      "geometry": {
        "type": "LineString",
        "coordinates": [[-73.9950078, 40.7510094], [-73.9950076, 40.7510097], [-73.9949998, 40.7510064]]
      }
    },
    {
      "type": "Feature",
      "properties": {
        "level": "platform",
        "type": "wall",
        "platform": "3",
        "color": "#808080",
        "source": "PCIP Phase 2 Appendix A, sheet A-001, November 2020, PDF page 45"
      },
      "geometry": {
        "type": "LineString",
        "coordinates": [[-73.9951082, 40.7507326], [-73.995045, 40.7507058]]
      }
    },
    {
      "type": "Feature",
      "properties": {
        "level": "platform",
        "type": "wall",
        "platform": "3",
        "color": "#808080",
        "source": "PCIP Phase 2 Appendix A, sheet A-001, November 2020, PDF page 45"
      },
      "geometry": {
        "type": "LineString",
        "coordinates": [[-73.9951041, 40.750738], [-73.995041, 40.7507112]]
      }
    },
    {
      "type": "Feature",
      "properties": {
        "level": "platform",
        "type": "wall",
        "platform": "8",
        "color": "#808080",
        "source": "PCIP Phase 2 Appendix A, sheet A-001, November 2020, PDF page 45"
      },
      "geometry": {
        "type": "LineString",
        "coordinates": [[-73.9946498, 40.7512573], [-73.9946418, 40.7512682], [-73.9946319, 40.751264]]
      }
    },
    {
      "type": "Feature",
      "properties": {
        "level": "platform",
        "type": "wall",
        "platform": "8",
        "color": "#808080",
        "source": "PCIP Phase 2 Appendix A, sheet A-001, November 2020, PDF page 45"
      },
      "geometry": {
        "type": "LineString",
        "coordinates": [[-73.9946498, 40.7512573], [-73.9946412, 40.7512514], [-73.9946319, 40.751264]]
      }
    },
    {
      "type": "Feature",
      "properties": {
        "level": "platform",
        "type": "wall",
        "platform": "8",
        "color": "#808080",
        "source": "PCIP Phase 2 Appendix A, sheet A-001, November 2020, PDF page 45"
      },
      "geometry": {
        "type": "LineString",
        "coordinates": [[-73.9946318, 40.7512817], [-73.9946219, 40.7512775]]
      }
    },
    {
      "type": "Feature",
      "properties": {
        "level": "platform",
        "type": "wall",
        "platform": "7",
        "color": "#808080",
        "source": "PCIP Phase 2 Appendix A, sheet A-001, November 2020, PDF page 45"
      },
      "geometry": {
        "type": "LineString",
        "coordinates": [[-73.9947273, 40.7511521], [-73.9947174, 40.7511479]]
      }
    },
    {
      "type": "Feature",
      "properties": {
        "level": "platform",
        "type": "wall",
        "platform": "7",
        "color": "#808080",
        "source": "PCIP Phase 2 Appendix A, sheet A-001, November 2020, PDF page 45"
      },
      "geometry": {
        "type": "LineString",
        "coordinates": [[-73.9947091, 40.7511766], [-73.994698, 40.7511742], [-73.9947073, 40.7511616]]
      }
    },
    {
      "type": "Feature",
      "properties": {
        "level": "platform",
        "type": "wall",
        "platform": "7",
        "color": "#808080",
        "source": "PCIP Phase 2 Appendix A, sheet A-001, November 2020, PDF page 45"
      },
      "geometry": {
        "type": "LineString",
        "coordinates": [[-73.9947091, 40.7511766], [-73.9947172, 40.7511658], [-73.9947073, 40.7511616]]
      }
    },
    {
      "type": "Feature",
      "properties": {
        "level": "platform",
        "type": "wall",
        "platform": "6",
        "color": "#808080",
        "source": "PCIP Phase 2 Appendix A, sheet A-001, November 2020, PDF page 45"
      },
      "geometry": {
        "type": "LineString",
        "coordinates": [[-73.9947851, 40.7510558], [-73.994795, 40.75106]]
      }
    },
    {
      "type": "Feature",
      "properties": {
        "level": "platform",
        "type": "wall",
        "platform": "6",
        "color": "#808080",
        "source": "PCIP Phase 2 Appendix A, sheet A-001, November 2020, PDF page 45"
      },
      "geometry": {
        "type": "LineString",
        "coordinates": [[-73.994813, 40.7510356], [-73.994805, 40.7510465]]
      }
    },
    {
      "type": "Feature",
      "properties": {
        "level": "platform",
        "type": "wall",
        "platform": "6",
        "color": "#808080",
        "source": "PCIP Phase 2 Appendix A, sheet A-001, November 2020, PDF page 45"
      },
      "geometry": {
        "type": "LineString",
        "coordinates": [[-73.9948044, 40.7510297], [-73.994813, 40.7510356]]
      }
    },
    {
      "type": "Feature",
      "properties": {
        "level": "platform",
        "type": "wall",
        "platform": "6",
        "color": "#808080",
        "source": "PCIP Phase 2 Appendix A, sheet A-001, November 2020, PDF page 45"
      },
      "geometry": {
        "type": "LineString",
        "coordinates": [[-73.994805, 40.7510465], [-73.9947951, 40.7510423]]
      }
    },
    {
      "type": "Feature",
      "properties": {
        "level": "platform",
        "type": "wall",
        "platform": "5",
        "color": "#808080",
        "source": "PCIP Phase 2 Appendix A, sheet A-001, November 2020, PDF page 45"
      },
      "geometry": {
        "type": "LineString",
        "coordinates": [[-73.9948745, 40.750952], [-73.9948646, 40.7509478], [-73.9948553, 40.7509604]]
      }
    },
    {
      "type": "Feature",
      "properties": {
        "level": "platform",
        "type": "wall",
        "platform": "5",
        "color": "#808080",
        "source": "PCIP Phase 2 Appendix A, sheet A-001, November 2020, PDF page 45"
      },
      "geometry": {
        "type": "LineString",
        "coordinates": [[-73.9948845, 40.7509385], [-73.9948746, 40.7509343]]
      }
    },
    {
      "type": "Feature",
      "properties": {
        "level": "platform",
        "type": "wall",
        "platform": "5",
        "color": "#808080",
        "source": "PCIP Phase 2 Appendix A, sheet A-001, November 2020, PDF page 45"
      },
      "geometry": {
        "type": "LineString",
        "coordinates": [[-73.9948665, 40.7509629], [-73.9948745, 40.750952]]
      }
    },
    {
      "type": "Feature",
      "properties": {
        "level": "platform",
        "type": "wall",
        "platform": "5",
        "color": "#808080",
        "source": "PCIP Phase 2 Appendix A, sheet A-001, November 2020, PDF page 45"
      },
      "geometry": {
        "type": "LineString",
        "coordinates": [[-73.9948553, 40.7509604], [-73.9948665, 40.7509629]]
      }
    },
    {
      "type": "Feature",
      "properties": {
        "level": "platform",
        "type": "wall",
        "platform": "8",
        "color": "#808080",
        "source": "PCIP Phase 2 Appendix A, sheet A-001, November 2020, PDF page 45"
      },
      "geometry": {
        "type": "LineString",
        "coordinates": [[-73.9946489, 40.7512574], [-73.9946414, 40.7512676], [-73.9946328, 40.7512639]]
      }
    },
    {
      "type": "Feature",
      "properties": {
        "level": "platform",
        "type": "wall",
        "platform": "8",
        "color": "#808080",
        "source": "PCIP Phase 2 Appendix A, sheet A-001, November 2020, PDF page 45"
      },
      "geometry": {
        "type": "LineString",
        "coordinates": [[-73.9946276, 40.7512862], [-73.9946308, 40.7512819], [-73.9946222, 40.7512783]]
      }
    },
    {
      "type": "Feature",
      "properties": {
        "level": "platform",
        "type": "wall",
        "platform": "7",
        "color": "#808080",
        "source": "PCIP Phase 2 Appendix A, sheet A-001, November 2020, PDF page 45"
      },
      "geometry": {
        "type": "LineString",
        "coordinates": [[-73.994709, 40.7511761], [-73.9947163, 40.7511658], [-73.9947077, 40.7511622]]
      }
    },
    {
      "type": "Feature",
      "properties": {
        "level": "platform",
        "type": "wall",
        "platform": "7",
        "color": "#808080",
        "source": "PCIP Phase 2 Appendix A, sheet A-001, November 2020, PDF page 45"
      },
      "geometry": {
        "type": "LineString",
        "coordinates": [[-73.994709, 40.7511761], [-73.9946991, 40.7511738], [-73.9947077, 40.7511622]]
      }
    },
    {
      "type": "Feature",
      "properties": {
        "level": "platform",
        "type": "wall",
        "platform": "8",
        "color": "#808080",
        "source": "PCIP Phase 2 Appendix A, sheet A-001, November 2020, PDF page 45"
      },
      "geometry": {
        "type": "LineString",
        "coordinates": [[-73.9946489, 40.7512574], [-73.9946411, 40.7512522], [-73.9946328, 40.7512639]]
      }
    },
    {
      "type": "Feature",
      "properties": {
        "level": "platform",
        "type": "wall",
        "platform": "4",
        "color": "#808080",
        "source": "PCIP Phase 2 Appendix A, sheet A-001, November 2020, PDF page 45"
      },
      "geometry": {
        "type": "LineString",
        "coordinates": [[-73.9949746, 40.7508162], [-73.9949659, 40.7508104], [-73.9949567, 40.7508228]]
      }
    },
    {
      "type": "Feature",
      "properties": {
        "level": "platform",
        "type": "wall",
        "platform": "4",
        "color": "#808080",
        "source": "PCIP Phase 2 Appendix A, sheet A-001, November 2020, PDF page 45"
      },
      "geometry": {
        "type": "LineString",
        "coordinates": [[-73.9949746, 40.7508162], [-73.9949666, 40.750827], [-73.9949567, 40.7508228]]
      }
    },
    {
      "type": "Feature",
      "properties": {
        "level": "platform",
        "type": "wall",
        "platform": "4",
        "color": "#808080",
        "source": "PCIP Phase 2 Appendix A, sheet A-001, November 2020, PDF page 45"
      },
      "geometry": {
        "type": "LineString",
        "coordinates": [[-73.9949564, 40.7508407], [-73.9949466, 40.7508365]]
      }
    },
    {
      "type": "Feature",
      "properties": {
        "level": "platform",
        "type": "wall",
        "platform": "7",
        "color": "#808080",
        "source": "PCIP Phase 2 Appendix A, sheet A-001, November 2020, PDF page 45"
      },
      "geometry": {
        "type": "LineString",
        "coordinates": [[-73.9947269, 40.7511515], [-73.9947183, 40.7511478]]
      }
    },
    {
      "type": "Feature",
      "properties": {
        "level": "platform",
        "type": "wall",
        "platform": "6",
        "color": "#808080",
        "source": "PCIP Phase 2 Appendix A, sheet A-001, November 2020, PDF page 45"
      },
      "geometry": {
        "type": "LineString",
        "coordinates": [[-73.9947854, 40.7510566], [-73.9947942, 40.7510603]]
      }
    },
    {
      "type": "Feature",
      "properties": {
        "level": "platform",
        "type": "wall",
        "platform": "3",
        "color": "#808080",
        "source": "PCIP Phase 2 Appendix A, sheet A-001, November 2020, PDF page 45"
      },
      "geometry": {
        "type": "LineString",
        "coordinates": [[-73.9950191, 40.7507379], [-73.9950302, 40.7507405]]
      }
    },
    {
      "type": "Feature",
      "properties": {
        "level": "platform",
        "type": "wall",
        "platform": "3",
        "color": "#808080",
        "source": "PCIP Phase 2 Appendix A, sheet A-001, November 2020, PDF page 45"
      },
      "geometry": {
        "type": "LineString",
        "coordinates": [[-73.9950483, 40.750716], [-73.9950384, 40.7507118]]
      }
    },
    {
      "type": "Feature",
      "properties": {
        "level": "platform",
        "type": "wall",
        "platform": "3",
        "color": "#808080",
        "source": "PCIP Phase 2 Appendix A, sheet A-001, November 2020, PDF page 45"
      },
      "geometry": {
        "type": "LineString",
        "coordinates": [[-73.9950383, 40.7507295], [-73.9950284, 40.7507254]]
      }
    },
    {
      "type": "Feature",
      "properties": {
        "level": "platform",
        "type": "wall",
        "platform": "3",
        "color": "#808080",
        "source": "PCIP Phase 2 Appendix A, sheet A-001, November 2020, PDF page 45"
      },
      "geometry": {
        "type": "LineString",
        "coordinates": [[-73.9950302, 40.7507405], [-73.9950383, 40.7507295]]
      }
    },
    {
      "type": "Feature",
      "properties": {
        "level": "platform",
        "type": "wall",
        "platform": "5",
        "color": "#808080",
        "source": "PCIP Phase 2 Appendix A, sheet A-001, November 2020, PDF page 45"
      },
      "geometry": {
        "type": "LineString",
        "coordinates": [[-73.9948737, 40.7509523], [-73.9948663, 40.7509624]]
      }
    },
    {
      "type": "Feature",
      "properties": {
        "level": "platform",
        "type": "wall",
        "platform": "6",
        "color": "#808080",
        "source": "PCIP Phase 2 Appendix A, sheet A-001, November 2020, PDF page 45"
      },
      "geometry": {
        "type": "LineString",
        "coordinates": [[-73.9948121, 40.7510357], [-73.9948047, 40.7510457]]
      }
    },
    {
      "type": "Feature",
      "properties": {
        "level": "platform",
        "type": "wall",
        "platform": "6",
        "color": "#808080",
        "source": "PCIP Phase 2 Appendix A, sheet A-001, November 2020, PDF page 45"
      },
      "geometry": {
        "type": "LineString",
        "coordinates": [[-73.9948047, 40.7510457], [-73.9947961, 40.7510421]]
      }
    },
    {
      "type": "Feature",
      "properties": {
        "level": "platform",
        "type": "wall",
        "platform": "6",
        "color": "#808080",
        "source": "PCIP Phase 2 Appendix A, sheet A-001, November 2020, PDF page 45"
      },
      "geometry": {
        "type": "LineString",
        "coordinates": [[-73.9948047, 40.7510304], [-73.9948121, 40.7510357]]
      }
    },
    {
      "type": "Feature",
      "properties": {
        "level": "platform",
        "type": "wall",
        "platform": "5",
        "color": "#808080",
        "source": "PCIP Phase 2 Appendix A, sheet A-001, November 2020, PDF page 45"
      },
      "geometry": {
        "type": "LineString",
        "coordinates": [[-73.9948649, 40.7509486], [-73.9948737, 40.7509523]]
      }
    },
    {
      "type": "Feature",
      "properties": {
        "level": "platform",
        "type": "wall",
        "platform": "5",
        "color": "#808080",
        "source": "PCIP Phase 2 Appendix A, sheet A-001, November 2020, PDF page 45"
      },
      "geometry": {
        "type": "LineString",
        "coordinates": [[-73.9948663, 40.7509624], [-73.9948563, 40.7509602], [-73.9948649, 40.7509486]]
      }
    },
    {
      "type": "Feature",
      "properties": {
        "level": "platform",
        "type": "wall",
        "platform": "5",
        "color": "#808080",
        "source": "PCIP Phase 2 Appendix A, sheet A-001, November 2020, PDF page 45"
      },
      "geometry": {
        "type": "LineString",
        "coordinates": [[-73.9948882, 40.7509323], [-73.9948844, 40.7509378], [-73.9948756, 40.7509341]]
      }
    },
    {
      "type": "Feature",
      "properties": {
        "level": "platform",
        "type": "wall",
        "platform": "4",
        "color": "#808080",
        "source": "PCIP Phase 2 Appendix A, sheet A-001, November 2020, PDF page 45"
      },
      "geometry": {
        "type": "LineString",
        "coordinates": [[-73.9949706, 40.7508208], [-73.9949739, 40.7508163]]
      }
    },
    {
      "type": "Feature",
      "properties": {
        "level": "platform",
        "type": "wall",
        "platform": "4",
        "color": "#808080",
        "source": "PCIP Phase 2 Appendix A, sheet A-001, November 2020, PDF page 45"
      },
      "geometry": {
        "type": "LineString",
        "coordinates": [[-73.9949671, 40.7508256], [-73.9949664, 40.7508265], [-73.9949576, 40.7508228]]
      }
    },
    {
      "type": "Feature",
      "properties": {
        "level": "platform",
        "type": "wall",
        "platform": "4",
        "color": "#808080",
        "source": "PCIP Phase 2 Appendix A, sheet A-001, November 2020, PDF page 45"
      },
      "geometry": {
        "type": "LineString",
        "coordinates": [[-73.9949558, 40.7508409], [-73.994947, 40.7508371]]
      }
    },
    {
      "type": "Feature",
      "properties": {
        "level": "platform",
        "type": "wall",
        "platform": "4",
        "color": "#808080",
        "source": "PCIP Phase 2 Appendix A, sheet A-001, November 2020, PDF page 45"
      },
      "geometry": {
        "type": "LineString",
        "coordinates": [[-73.9949739, 40.7508163], [-73.9949661, 40.7508111], [-73.9949576, 40.7508228]]
      }
    },
    {
      "type": "Feature",
      "properties": {
        "level": "platform",
        "type": "wall",
        "platform": "3",
        "color": "#808080",
        "source": "PCIP Phase 2 Appendix A, sheet A-001, November 2020, PDF page 45"
      },
      "geometry": {
        "type": "LineString",
        "coordinates": [[-73.9950375, 40.7507298], [-73.9950287, 40.7507261]]
      }
    },
    {
      "type": "Feature",
      "properties": {
        "level": "platform",
        "type": "wall",
        "platform": "3",
        "color": "#808080",
        "source": "PCIP Phase 2 Appendix A, sheet A-001, November 2020, PDF page 45"
      },
      "geometry": {
        "type": "LineString",
        "coordinates": [[-73.99503, 40.75074], [-73.9950375, 40.7507298]]
      }
    },
    {
      "type": "Feature",
      "properties": {
        "level": "platform",
        "type": "wall",
        "platform": "3",
        "color": "#808080",
        "source": "PCIP Phase 2 Appendix A, sheet A-001, November 2020, PDF page 45"
      },
      "geometry": {
        "type": "LineString",
        "coordinates": [[-73.9950201, 40.7507377], [-73.99503, 40.75074]]
      }
    },
    {
      "type": "Feature",
      "properties": {
        "level": "platform",
        "type": "wall",
        "platform": "8",
        "color": "#808080",
        "source": "PCIP Phase 2 Appendix A, sheet A-001, November 2020, PDF page 45"
      },
      "geometry": {
        "type": "LineString",
        "coordinates": [[-73.9946432, 40.7512633], [-73.9946474, 40.7512576]]
      }
    },
    {
      "type": "Feature",
      "properties": {
        "level": "platform",
        "type": "wall",
        "platform": "8",
        "color": "#808080",
        "source": "PCIP Phase 2 Appendix A, sheet A-001, November 2020, PDF page 45"
      },
      "geometry": {
        "type": "LineString",
        "coordinates": [[-73.9946266, 40.7512858], [-73.9946292, 40.7512823], [-73.9946226, 40.7512795]]
      }
    },
    {
      "type": "Feature",
      "properties": {
        "level": "platform",
        "type": "wall",
        "platform": "7",
        "color": "#808080",
        "source": "PCIP Phase 2 Appendix A, sheet A-001, November 2020, PDF page 45"
      },
      "geometry": {
        "type": "LineString",
        "coordinates": [[-73.9947084, 40.751175], [-73.9947008, 40.7511733], [-73.9947081, 40.7511634]]
      }
    },
    {
      "type": "Feature",
      "properties": {
        "level": "platform",
        "type": "wall",
        "platform": "8",
        "color": "#808080",
        "source": "PCIP Phase 2 Appendix A, sheet A-001, November 2020, PDF page 45"
      },
      "geometry": {
        "type": "LineString",
        "coordinates": [[-73.9946474, 40.7512576], [-73.9946415, 40.7512536], [-73.9946344, 40.7512636]]
      }
    },
    {
      "type": "Feature",
      "properties": {
        "level": "platform",
        "type": "wall",
        "platform": "7",
        "color": "#808080",
        "source": "PCIP Phase 2 Appendix A, sheet A-001, November 2020, PDF page 45"
      },
      "geometry": {
        "type": "LineString",
        "coordinates": [[-73.9947084, 40.751175], [-73.9947146, 40.7511662], [-73.9947138, 40.7511658]]
      }
    },
    {
      "type": "Feature",
      "properties": {
        "level": "platform",
        "type": "wall",
        "platform": "5",
        "color": "#808080",
        "source": "PCIP Phase 2 Appendix A, sheet A-001, November 2020, PDF page 45"
      },
      "geometry": {
        "type": "LineString",
        "coordinates": [[-73.9948722, 40.7509525], [-73.9948657, 40.7509613]]
      }
    },
    {
      "type": "Feature",
      "properties": {
        "level": "platform",
        "type": "wall",
        "platform": "6",
        "color": "#808080",
        "source": "PCIP Phase 2 Appendix A, sheet A-001, November 2020, PDF page 45"
      },
      "geometry": {
        "type": "LineString",
        "coordinates": [[-73.9948106, 40.7510359], [-73.994805, 40.7510435]]
      }
    },
    {
      "type": "Feature",
      "properties": {
        "level": "platform",
        "type": "wall",
        "platform": "6",
        "color": "#808080",
        "source": "PCIP Phase 2 Appendix A, sheet A-001, November 2020, PDF page 45"
      },
      "geometry": {
        "type": "LineString",
        "coordinates": [[-73.9948049, 40.751032], [-73.9948106, 40.7510359]]
      }
    },
    {
      "type": "Feature",
      "properties": {
        "level": "platform",
        "type": "wall",
        "platform": "5",
        "color": "#808080",
        "source": "PCIP Phase 2 Appendix A, sheet A-001, November 2020, PDF page 45"
      },
      "geometry": {
        "type": "LineString",
        "coordinates": [[-73.9948657, 40.7509613], [-73.9948582, 40.7509596], [-73.9948655, 40.7509497]]
      }
    },
    {
      "type": "Feature",
      "properties": {
        "level": "platform",
        "type": "wall",
        "platform": "5",
        "color": "#808080",
        "source": "PCIP Phase 2 Appendix A, sheet A-001, November 2020, PDF page 45"
      },
      "geometry": {
        "type": "LineString",
        "coordinates": [[-73.9948872, 40.7509319], [-73.9948838, 40.7509368], [-73.994883, 40.7509364]]
      }
    },
    {
      "type": "Feature",
      "properties": {
        "level": "platform",
        "type": "wall",
        "platform": "4",
        "color": "#808080",
        "source": "PCIP Phase 2 Appendix A, sheet A-001, November 2020, PDF page 45"
      },
      "geometry": {
        "type": "LineString",
        "coordinates": [[-73.9949696, 40.7508203], [-73.9949722, 40.7508164]]
      }
    },
    {
      "type": "Feature",
      "properties": {
        "level": "platform",
        "type": "wall",
        "platform": "4",
        "color": "#808080",
        "source": "PCIP Phase 2 Appendix A, sheet A-001, November 2020, PDF page 45"
      },
      "geometry": {
        "type": "LineString",
        "coordinates": [[-73.9949659, 40.7508253], [-73.9949592, 40.7508224]]
      }
    },
    {
      "type": "Feature",
      "properties": {
        "level": "platform",
        "type": "wall",
        "platform": "4",
        "color": "#808080",
        "source": "PCIP Phase 2 Appendix A, sheet A-001, November 2020, PDF page 45"
      },
      "geometry": {
        "type": "LineString",
        "coordinates": [[-73.9949542, 40.7508412], [-73.9949474, 40.7508384]]
      }
    },
    {
      "type": "Feature",
      "properties": {
        "level": "platform",
        "type": "wall",
        "platform": "3",
        "color": "#808080",
        "source": "PCIP Phase 2 Appendix A, sheet A-001, November 2020, PDF page 45"
      },
      "geometry": {
        "type": "LineString",
        "coordinates": [[-73.9950359, 40.7507302], [-73.9950291, 40.7507273]]
      }
    },
    {
      "type": "Feature",
      "properties": {
        "level": "platform",
        "type": "wall",
        "platform": "3",
        "color": "#808080",
        "source": "PCIP Phase 2 Appendix A, sheet A-001, November 2020, PDF page 45"
      },
      "geometry": {
        "type": "LineString",
        "coordinates": [[-73.9950294, 40.750739], [-73.9950359, 40.7507302]]
      }
    },
    {
      "type": "Feature",
      "properties": {
        "level": "platform",
        "type": "wall",
        "platform": "4",
        "color": "#808080",
        "source": "PCIP Phase 2 Appendix A, sheet A-001, November 2020, PDF page 45"
      },
      "geometry": {
        "type": "LineString",
        "coordinates": [[-73.9949722, 40.7508164], [-73.9949665, 40.7508125], [-73.9949592, 40.7508224]]
      }
    },
    {
      "type": "Feature",
      "properties": {
        "level": "platform",
        "type": "wall",
        "platform": "3",
        "color": "#808080",
        "source": "PCIP Phase 2 Appendix A, sheet A-001, November 2020, PDF page 45"
      },
      "geometry": {
        "type": "LineString",
        "coordinates": [[-73.9950218, 40.7507372], [-73.9950294, 40.750739]]
      }
    },
    {
      "type": "Feature",
      "properties": {
        "level": "platform",
        "type": "wall",
        "platform": "6",
        "color": "#808080",
        "source": "PCIP Phase 2 Appendix A, sheet A-001, November 2020, PDF page 45"
      },
      "geometry": {
        "type": "LineString",
        "coordinates": [[-73.9947977, 40.7510417], [-73.9948049, 40.751032]]
      }
    },
    {
      "type": "Feature",
      "properties": {
        "level": "platform",
        "type": "wall",
        "platform": "3",
        "color": "#808080",
        "source": "PCIP Phase 2 Appendix A, sheet A-001, November 2020, PDF page 45"
      },
      "geometry": {
        "type": "LineString",
        "coordinates": [[-73.995041, 40.7507112], [-73.995045, 40.7507058]]
      }
    },
    {
      "type": "Feature",
      "properties": {
        "level": "platform",
        "type": "wall",
        "platform": "3",
        "color": "#808080",
        "source": "PCIP Phase 2 Appendix A, sheet A-001, November 2020, PDF page 45"
      },
      "geometry": {
        "type": "LineString",
        "coordinates": [[-73.9950291, 40.7507273], [-73.9950218, 40.7507372]]
      }
    },
    {
      "type": "Feature",
      "properties": {
        "level": "platform",
        "type": "wall",
        "platform": "6",
        "color": "#808080",
        "source": "PCIP Phase 2 Appendix A, sheet A-001, November 2020, PDF page 45"
      },
      "geometry": {
        "type": "LineString",
        "coordinates": [[-73.9947961, 40.7510421], [-73.9948047, 40.7510304]]
      }
    },
    {
      "type": "Feature",
      "properties": {
        "level": "platform",
        "type": "wall",
        "platform": "3",
        "color": "#808080",
        "source": "PCIP Phase 2 Appendix A, sheet A-001, November 2020, PDF page 45"
      },
      "geometry": {
        "type": "LineString",
        "coordinates": [[-73.9950394, 40.7507116], [-73.9950446, 40.7507046]]
      }
    },
    {
      "type": "Feature",
      "properties": {
        "level": "platform",
        "type": "wall",
        "platform": "3",
        "color": "#808080",
        "source": "PCIP Phase 2 Appendix A, sheet A-001, November 2020, PDF page 45"
      },
      "geometry": {
        "type": "LineString",
        "coordinates": [[-73.9950287, 40.7507261], [-73.9950201, 40.7507377]]
      }
    },
    {
      "type": "Feature",
      "properties": {
        "level": "platform",
        "type": "wall",
        "platform": "6",
        "color": "#808080",
        "source": "PCIP Phase 2 Appendix A, sheet A-001, November 2020, PDF page 45"
      },
      "geometry": {
        "type": "LineString",
        "coordinates": [[-73.9947951, 40.7510423], [-73.9948044, 40.7510297]]
      }
    },
    {
      "type": "Feature",
      "properties": {
        "level": "platform",
        "type": "wall",
        "platform": "5",
        "color": "#808080",
        "source": "PCIP Phase 2 Appendix A, sheet A-001, November 2020, PDF page 45"
      },
      "geometry": {
        "type": "LineString",
        "coordinates": [[-73.9947622, 40.7508879], [-73.994874, 40.7509351]]
      }
    },
    {
      "type": "Feature",
      "properties": {
        "level": "platform",
        "type": "wall",
        "platform": "5",
        "color": "#808080",
        "source": "PCIP Phase 2 Appendix A, sheet A-001, November 2020, PDF page 45"
      },
      "geometry": {
        "type": "LineString",
        "coordinates": [[-73.9948743, 40.7509348], [-73.9947625, 40.7508874]]
      }
    },
    {
      "type": "Feature",
      "properties": {
        "level": "platform",
        "type": "wall",
        "platform": "3",
        "color": "#808080",
        "source": "PCIP Phase 2 Appendix A, sheet A-001, November 2020, PDF page 45"
      },
      "geometry": {
        "type": "LineString",
        "coordinates": [[-73.9950384, 40.7507118], [-73.9950442, 40.750704]]
      }
    },
    {
      "type": "Feature",
      "properties": {
        "level": "platform",
        "type": "wall",
        "platform": "3",
        "color": "#808080",
        "source": "PCIP Phase 2 Appendix A, sheet A-001, November 2020, PDF page 45"
      },
      "geometry": {
        "type": "LineString",
        "coordinates": [[-73.9950284, 40.7507254], [-73.9950191, 40.7507379]]
      }
    },
    {
      "type": "Feature",
      "properties": {
        "level": "platform",
        "type": "wall",
        "platform": "8",
        "color": "#808080",
        "source": "PCIP Phase 2 Appendix A, sheet A-001, November 2020, PDF page 45"
      },
      "geometry": {
        "type": "LineString",
        "coordinates": [[-73.9946192, 40.7512774], [-73.9946123, 40.7512745]]
      }
    },
    {
      "type": "Feature",
      "properties": {
        "level": "platform",
        "type": "wall",
        "platform": "7",
        "color": "#808080",
        "source": "PCIP Phase 2 Appendix A, sheet A-001, November 2020, PDF page 45"
      },
      "geometry": {
        "type": "LineString",
        "coordinates": [[-73.9947159, 40.7511462], [-73.9947088, 40.7511434]]
      }
    },
    {
      "type": "Feature",
      "properties": {
        "level": "platform",
        "type": "wall",
        "platform": "7",
        "color": "#808080",
        "source": "PCIP Phase 2 Appendix A, sheet A-001, November 2020, PDF page 45"
      },
      "geometry": {
        "type": "LineString",
        "coordinates": [[-73.9947158, 40.7511463], [-73.9947088, 40.7511434]]
      }
    },
    {
      "type": "Feature",
      "properties": {
        "level": "platform",
        "type": "wall",
        "platform": "6",
        "color": "#808080",
        "source": "PCIP Phase 2 Appendix A, sheet A-001, November 2020, PDF page 45"
      },
      "geometry": {
        "type": "LineString",
        "coordinates": [[-73.9947824, 40.7510557], [-73.9947755, 40.7510528]]
      }
    },
    {
      "type": "Feature",
      "properties": {
        "level": "platform",
        "type": "wall",
        "platform": "5",
        "color": "#808080",
        "source": "PCIP Phase 2 Appendix A, sheet A-001, November 2020, PDF page 45"
      },
      "geometry": {
        "type": "LineString",
        "coordinates": [[-73.9948731, 40.7509326], [-73.9948661, 40.7509297]]
      }
    },
    {
      "type": "Feature",
      "properties": {
        "level": "platform",
        "type": "wall",
        "platform": "5",
        "color": "#808080",
        "source": "PCIP Phase 2 Appendix A, sheet A-001, November 2020, PDF page 45"
      },
      "geometry": {
        "type": "LineString",
        "coordinates": [[-73.994873, 40.7509328], [-73.994866, 40.7509298]]
      }
    },
    {
      "type": "Feature",
      "properties": {
        "level": "platform",
        "type": "wall",
        "platform": "4",
        "color": "#808080",
        "source": "PCIP Phase 2 Appendix A, sheet A-001, November 2020, PDF page 45"
      },
      "geometry": {
        "type": "LineString",
        "coordinates": [[-73.994944, 40.7508363], [-73.994937, 40.7508333]]
      }
    },
    {
      "type": "Feature",
      "properties": {
        "level": "platform",
        "type": "wall",
        "platform": "4",
        "color": "#808080",
        "source": "PCIP Phase 2 Appendix A, sheet A-001, November 2020, PDF page 45"
      },
      "geometry": {
        "type": "LineString",
        "coordinates": [[-73.9949439, 40.7508364], [-73.9949369, 40.7508335]]
      }
    },
    {
      "type": "Feature",
      "properties": {
        "level": "platform",
        "type": "wall",
        "platform": "3",
        "color": "#808080",
        "source": "PCIP Phase 2 Appendix A, sheet A-001, November 2020, PDF page 45"
      },
      "geometry": {
        "type": "LineString",
        "coordinates": [[-73.9950369, 40.7507101], [-73.99503, 40.7507072]]
      }
    },
    {
      "type": "Feature",
      "properties": {
        "level": "platform",
        "type": "wall",
        "platform": "3",
        "color": "#808080",
        "source": "PCIP Phase 2 Appendix A, sheet A-001, November 2020, PDF page 45"
      },
      "geometry": {
        "type": "LineString",
        "coordinates": [[-73.9950368, 40.7507103], [-73.9950298, 40.7507073]]
      }
    },
    {
      "type": "Feature",
      "properties": {
        "level": "platform",
        "type": "wall",
        "platform": "8",
        "color": "#808080",
        "source": "PCIP Phase 2 Appendix A, sheet A-001, November 2020, PDF page 45"
      },
      "geometry": {
        "type": "LineString",
        "coordinates": [[-73.9946091, 40.7512731], [-73.9946001, 40.7512693]]
      }
    },
    {
      "type": "Feature",
      "properties": {
        "level": "platform",
        "type": "wall",
        "platform": "8",
        "color": "#808080",
        "source": "PCIP Phase 2 Appendix A, sheet A-001, November 2020, PDF page 45"
      },
      "geometry": {
        "type": "LineString",
        "coordinates": [[-73.994609, 40.7512733], [-73.9945999, 40.7512695]]
      }
    },
    {
      "type": "Feature",
      "properties": {
        "level": "platform",
        "type": "wall",
        "platform": "7",
        "color": "#808080",
        "source": "PCIP Phase 2 Appendix A, sheet A-001, November 2020, PDF page 45"
      },
      "geometry": {
        "type": "LineString",
        "coordinates": [[-73.9947057, 40.7511421], [-73.9946966, 40.7511382]]
      }
    },
    {
      "type": "Feature",
      "properties": {
        "level": "platform",
        "type": "wall",
        "platform": "6",
        "color": "#808080",
        "source": "PCIP Phase 2 Appendix A, sheet A-001, November 2020, PDF page 45"
      },
      "geometry": {
        "type": "LineString",
        "coordinates": [[-73.9947723, 40.7510515], [-73.9947633, 40.7510476]]
      }
    },
    {
      "type": "Feature",
      "properties": {
        "level": "platform",
        "type": "wall",
        "platform": "5",
        "color": "#808080",
        "source": "PCIP Phase 2 Appendix A, sheet A-001, November 2020, PDF page 45"
      },
      "geometry": {
        "type": "LineString",
        "coordinates": [[-73.994863, 40.7509283], [-73.9948539, 40.7509245]]
      }
    },
    {
      "type": "Feature",
      "properties": {
        "level": "platform",
        "type": "wall",
        "platform": "5",
        "color": "#808080",
        "source": "PCIP Phase 2 Appendix A, sheet A-001, November 2020, PDF page 45"
      },
      "geometry": {
        "type": "LineString",
        "coordinates": [[-73.9948629, 40.7509285], [-73.9948538, 40.7509247]]
      }
    },
    {
      "type": "Feature",
      "properties": {
        "level": "platform",
        "type": "wall",
        "platform": "4",
        "color": "#808080",
        "source": "PCIP Phase 2 Appendix A, sheet A-001, November 2020, PDF page 45"
      },
      "geometry": {
        "type": "LineString",
        "coordinates": [[-73.9949339, 40.750832], [-73.9949248, 40.7508282]]
      }
    },
    {
      "type": "Feature",
      "properties": {
        "level": "platform",
        "type": "wall",
        "platform": "4",
        "color": "#808080",
        "source": "PCIP Phase 2 Appendix A, sheet A-001, November 2020, PDF page 45"
      },
      "geometry": {
        "type": "LineString",
        "coordinates": [[-73.9949338, 40.7508321], [-73.9949247, 40.7508283]]
      }
    },
    {
      "type": "Feature",
      "properties": {
        "level": "platform",
        "type": "wall",
        "platform": "3",
        "color": "#808080",
        "source": "PCIP Phase 2 Appendix A, sheet A-001, November 2020, PDF page 45"
      },
      "geometry": {
        "type": "LineString",
        "coordinates": [[-73.9950268, 40.7507058], [-73.9950178, 40.750702]]
      }
    },
    {
      "type": "Feature",
      "properties": {
        "level": "platform",
        "type": "wall",
        "platform": "3",
        "color": "#808080",
        "source": "PCIP Phase 2 Appendix A, sheet A-001, November 2020, PDF page 45"
      },
      "geometry": {
        "type": "LineString",
        "coordinates": [[-73.9950267, 40.750706], [-73.9950176, 40.7507022]]
      }
    },
    {
      "type": "Feature",
      "properties": {
        "level": "platform",
        "type": "wall",
        "platform": "8",
        "color": "#808080",
        "source": "PCIP Phase 2 Appendix A, sheet A-001, November 2020, PDF page 45"
      },
      "geometry": {
        "type": "LineString",
        "coordinates": [[-73.9945969, 40.751268], [-73.9945893, 40.7512648]]
      }
    },
    {
      "type": "Feature",
      "properties": {
        "level": "platform",
        "type": "wall",
        "platform": "8",
        "color": "#808080",
        "source": "PCIP Phase 2 Appendix A, sheet A-001, November 2020, PDF page 45"
      },
      "geometry": {
        "type": "LineString",
        "coordinates": [[-73.9945968, 40.7512681], [-73.9945903, 40.7512654], [-73.9945888, 40.7512647]]
      }
    },
    {
      "type": "Feature",
      "properties": {
        "level": "platform",
        "type": "wall",
        "platform": "7",
        "color": "#808080",
        "source": "PCIP Phase 2 Appendix A, sheet A-001, November 2020, PDF page 45"
      },
      "geometry": {
        "type": "LineString",
        "coordinates": [[-73.9946935, 40.7511369], [-73.9946869, 40.7511341], [-73.9946855, 40.7511335], [-73.9946855, 40.7511335]]
      }
    },
    {
      "type": "Feature",
      "properties": {
        "level": "platform",
        "type": "wall",
        "platform": "5",
        "color": "#808080",
        "source": "PCIP Phase 2 Appendix A, sheet A-001, November 2020, PDF page 45"
      },
      "geometry": {
        "type": "LineString",
        "coordinates": [[-73.9948508, 40.7509232], [-73.9948443, 40.7509204], [-73.994843, 40.7509199]]
      }
    },
    {
      "type": "Feature",
      "properties": {
        "level": "platform",
        "type": "wall",
        "platform": "5",
        "color": "#808080",
        "source": "PCIP Phase 2 Appendix A, sheet A-001, November 2020, PDF page 45"
      },
      "geometry": {
        "type": "LineString",
        "coordinates": [[-73.9948507, 40.7509233], [-73.9948431, 40.7509201]]
      }
    },
    {
      "type": "Feature",
      "properties": {
        "level": "platform",
        "type": "wall",
        "platform": "4",
        "color": "#808080",
        "source": "PCIP Phase 2 Appendix A, sheet A-001, November 2020, PDF page 45"
      },
      "geometry": {
        "type": "LineString",
        "coordinates": [[-73.9949217, 40.7508268], [-73.9949141, 40.7508236]]
      }
    },
    {
      "type": "Feature",
      "properties": {
        "level": "platform",
        "type": "wall",
        "platform": "4",
        "color": "#808080",
        "source": "PCIP Phase 2 Appendix A, sheet A-001, November 2020, PDF page 45"
      },
      "geometry": {
        "type": "LineString",
        "coordinates": [[-73.9949216, 40.750827], [-73.994915, 40.7508242], [-73.994914, 40.7508238]]
      }
    },
    {
      "type": "Feature",
      "properties": {
        "level": "platform",
        "type": "wall",
        "platform": "3",
        "color": "#808080",
        "source": "PCIP Phase 2 Appendix A, sheet A-001, November 2020, PDF page 45"
      },
      "geometry": {
        "type": "LineString",
        "coordinates": [[-73.9950146, 40.7507007], [-73.9950081, 40.7506979], [-73.995007, 40.7506975]]
      }
    },
    {
      "type": "Feature",
      "properties": {
        "level": "platform",
        "type": "wall",
        "platform": "3",
        "color": "#808080",
        "source": "PCIP Phase 2 Appendix A, sheet A-001, November 2020, PDF page 45"
      },
      "geometry": {
        "type": "LineString",
        "coordinates": [[-73.9950145, 40.7507008], [-73.9950069, 40.7506976]]
      }
    },
    {
      "type": "Feature",
      "properties": {
        "level": "platform",
        "type": "wall",
        "platform": "6",
        "color": "#808080",
        "source": "PCIP Phase 2 Appendix A, sheet A-001, November 2020, PDF page 45"
      },
      "geometry": {
        "type": "LineString",
        "coordinates": [[-73.9947536, 40.7510435], [-73.9947601, 40.7510463], [-73.994752, 40.751043]]
      }
    },
    {
      "type": "Feature",
      "properties": {
        "level": "platform",
        "type": "enclosure",
        "platform": "4",
        "color": "#808080",
        "source": "PCIP Phase 2 Appendix A, sheet A-001, November 2020, PDF page 45"
      },
      "geometry": {
        "type": "Polygon",
        "coordinates": [[[-73.9949134, 40.7508227], [-73.9949134, 40.7508227], [-73.9949122, 40.7508221], [-73.9949117, 40.7508228], [-73.9949129, 40.7508233], [-73.9949134, 40.7508227]]]
      }
    },
    {
      "type": "Feature",
      "properties": {
        "level": "platform",
        "type": "wall",
        "platform": "8",
        "color": "#808080",
        "source": "PCIP Phase 2 Appendix A, sheet A-001, November 2020, PDF page 45"
      },
      "geometry": {
        "type": "LineString",
        "coordinates": [[-73.9945869, 40.7512639], [-73.9945882, 40.7512645], [-73.9945886, 40.7512638], [-73.9945874, 40.7512633]]
      }
    },
    {
      "type": "Feature",
      "properties": {
        "level": "platform",
        "type": "wall",
        "platform": "8",
        "color": "#808080",
        "source": "PCIP Phase 2 Appendix A, sheet A-001, November 2020, PDF page 45"
      },
      "geometry": {
        "type": "LineString",
        "coordinates": [[-73.9945861, 40.7512636], [-73.9945846, 40.751263], [-73.9945715, 40.7512574]]
      }
    },
    {
      "type": "Feature",
      "properties": {
        "level": "platform",
        "type": "wall",
        "platform": "7",
        "color": "#808080",
        "source": "PCIP Phase 2 Appendix A, sheet A-001, November 2020, PDF page 45"
      },
      "geometry": {
        "type": "LineString",
        "coordinates": [[-73.9946827, 40.7511323], [-73.9946813, 40.7511317], [-73.9946682, 40.7511262]]
      }
    },
    {
      "type": "Feature",
      "properties": {
        "level": "platform",
        "type": "wall",
        "platform": "3",
        "color": "#808080",
        "source": "PCIP Phase 2 Appendix A, sheet A-001, November 2020, PDF page 45"
      },
      "geometry": {
        "type": "LineString",
        "coordinates": [[-73.9950047, 40.7506965], [-73.995006, 40.750697], [-73.9950055, 40.7506976], [-73.9950042, 40.7506971]]
      }
    },
    {
      "type": "Feature",
      "properties": {
        "level": "platform",
        "type": "wall",
        "platform": "8",
        "color": "#808080",
        "source": "PCIP Phase 2 Appendix A, sheet A-001, November 2020, PDF page 45"
      },
      "geometry": {
        "type": "LineString",
        "coordinates": [[-73.994586, 40.7512633], [-73.9945847, 40.7512628], [-73.9945717, 40.7512573]]
      }
    },
    {
      "type": "Feature",
      "properties": {
        "level": "platform",
        "type": "wall",
        "platform": "6",
        "color": "#808080",
        "source": "PCIP Phase 2 Appendix A, sheet A-001, November 2020, PDF page 45"
      },
      "geometry": {
        "type": "LineString",
        "coordinates": [[-73.9947492, 40.7510416], [-73.9947479, 40.7510411], [-73.9947349, 40.7510356]]
      }
    },
    {
      "type": "Feature",
      "properties": {
        "level": "platform",
        "type": "wall",
        "platform": "6",
        "color": "#808080",
        "source": "PCIP Phase 2 Appendix A, sheet A-001, November 2020, PDF page 45"
      },
      "geometry": {
        "type": "LineString",
        "coordinates": [[-73.9947491, 40.7510418], [-73.9947478, 40.7510413], [-73.9947348, 40.7510357]]
      }
    },
    {
      "type": "Feature",
      "properties": {
        "level": "platform",
        "type": "wall",
        "platform": "4",
        "color": "#808080",
        "source": "PCIP Phase 2 Appendix A, sheet A-001, November 2020, PDF page 45"
      },
      "geometry": {
        "type": "LineString",
        "coordinates": [[-73.9949106, 40.7508223], [-73.9949094, 40.7508218], [-73.9948963, 40.7508163]]
      }
    },
    {
      "type": "Feature",
      "properties": {
        "level": "platform",
        "type": "wall",
        "platform": "3",
        "color": "#808080",
        "source": "PCIP Phase 2 Appendix A, sheet A-001, November 2020, PDF page 45"
      },
      "geometry": {
        "type": "LineString",
        "coordinates": [[-73.9950037, 40.750696], [-73.9950024, 40.7506955], [-73.9949894, 40.75069]]
      }
    },
    {
      "type": "Feature",
      "properties": {
        "level": "platform",
        "type": "wall",
        "platform": "3",
        "color": "#808080",
        "source": "PCIP Phase 2 Appendix A, sheet A-001, November 2020, PDF page 45"
      },
      "geometry": {
        "type": "LineString",
        "coordinates": [[-73.9950035, 40.7506962], [-73.9950023, 40.7506957], [-73.9949892, 40.7506901]]
      }
    },
    {
      "type": "Feature",
      "properties": {
        "level": "platform",
        "type": "wall",
        "platform": "5",
        "color": "#808080",
        "source": "PCIP Phase 2 Appendix A, sheet A-001, November 2020, PDF page 45"
      },
      "geometry": {
        "type": "LineString",
        "coordinates": [[-73.9948386, 40.750918], [-73.9948255, 40.7509125]]
      }
    },
    {
      "type": "Feature",
      "properties": {
        "level": "platform",
        "type": "wall",
        "platform": "5",
        "color": "#808080",
        "source": "PCIP Phase 2 Appendix A, sheet A-001, November 2020, PDF page 45"
      },
      "geometry": {
        "type": "LineString",
        "coordinates": [[-73.9948386, 40.750918], [-73.9948254, 40.7509126]]
      }
    },
    {
      "type": "Feature",
      "properties": {
        "level": "platform",
        "type": "wall",
        "platform": "5",
        "color": "#808080",
        "source": "PCIP Phase 2 Appendix A, sheet A-001, November 2020, PDF page 45"
      },
      "geometry": {
        "type": "LineString",
        "coordinates": [[-73.9948385, 40.7509181], [-73.9948254, 40.7509126]]
      }
    },
    {
      "type": "Feature",
      "properties": {
        "level": "platform",
        "type": "wall",
        "platform": "4",
        "color": "#808080",
        "source": "PCIP Phase 2 Appendix A, sheet A-001, November 2020, PDF page 45"
      },
      "geometry": {
        "type": "LineString",
        "coordinates": [[-73.9949095, 40.7508216], [-73.9948964, 40.7508161]]
      }
    },
    {
      "type": "Feature",
      "properties": {
        "level": "platform",
        "type": "wall",
        "platform": "8",
        "color": "#808080",
        "source": "PCIP Phase 2 Appendix A, sheet A-001, November 2020, PDF page 45"
      },
      "geometry": {
        "type": "LineString",
        "coordinates": [[-73.9945555, 40.7512504], [-73.9945685, 40.7512559]]
      }
    },
    {
      "type": "Feature",
      "properties": {
        "level": "platform",
        "type": "wall",
        "platform": "8",
        "color": "#808080",
        "source": "PCIP Phase 2 Appendix A, sheet A-001, November 2020, PDF page 45"
      },
      "geometry": {
        "type": "LineString",
        "coordinates": [[-73.9945553, 40.7512506], [-73.9945685, 40.7512559]]
      }
    },
    {
      "type": "Feature",
      "properties": {
        "level": "platform",
        "type": "wall",
        "platform": "8",
        "color": "#808080",
        "source": "PCIP Phase 2 Appendix A, sheet A-001, November 2020, PDF page 45"
      },
      "geometry": {
        "type": "LineString",
        "coordinates": [[-73.9945553, 40.7512506], [-73.9945684, 40.7512561]]
      }
    },
    {
      "type": "Feature",
      "properties": {
        "level": "platform",
        "type": "wall",
        "platform": "7",
        "color": "#808080",
        "source": "PCIP Phase 2 Appendix A, sheet A-001, November 2020, PDF page 45"
      },
      "geometry": {
        "type": "LineString",
        "coordinates": [[-73.9946651, 40.7511248], [-73.994652, 40.7511193], [-73.9946505, 40.7511187]]
      }
    },
    {
      "type": "Feature",
      "properties": {
        "level": "platform",
        "type": "wall",
        "platform": "7",
        "color": "#808080",
        "source": "PCIP Phase 2 Appendix A, sheet A-001, November 2020, PDF page 45"
      },
      "geometry": {
        "type": "LineString",
        "coordinates": [[-73.9946519, 40.7511195], [-73.9946649, 40.751125]]
      }
    },
    {
      "type": "Feature",
      "properties": {
        "level": "platform",
        "type": "wall",
        "platform": "6",
        "color": "#808080",
        "source": "PCIP Phase 2 Appendix A, sheet A-001, November 2020, PDF page 45"
      },
      "geometry": {
        "type": "LineString",
        "coordinates": [[-73.9947317, 40.7510342], [-73.9947187, 40.7510287], [-73.9947176, 40.7510283]]
      }
    },
    {
      "type": "Feature",
      "properties": {
        "level": "platform",
        "type": "wall",
        "platform": "6",
        "color": "#808080",
        "source": "PCIP Phase 2 Appendix A, sheet A-001, November 2020, PDF page 45"
      },
      "geometry": {
        "type": "LineString",
        "coordinates": [[-73.9947316, 40.7510344], [-73.9947186, 40.7510289], [-73.9947173, 40.7510283]]
      }
    },
    {
      "type": "Feature",
      "properties": {
        "level": "platform",
        "type": "wall",
        "platform": "5",
        "color": "#808080",
        "source": "PCIP Phase 2 Appendix A, sheet A-001, November 2020, PDF page 45"
      },
      "geometry": {
        "type": "LineString",
        "coordinates": [[-73.9948224, 40.7509111], [-73.9948093, 40.7509056], [-73.9948081, 40.7509051]]
      }
    },
    {
      "type": "Feature",
      "properties": {
        "level": "platform",
        "type": "wall",
        "platform": "5",
        "color": "#808080",
        "source": "PCIP Phase 2 Appendix A, sheet A-001, November 2020, PDF page 45"
      },
      "geometry": {
        "type": "LineString",
        "coordinates": [[-73.9948223, 40.7509113], [-73.9948092, 40.7509057], [-73.994808, 40.7509052]]
      }
    },
    {
      "type": "Feature",
      "properties": {
        "level": "platform",
        "type": "wall",
        "platform": "4",
        "color": "#808080",
        "source": "PCIP Phase 2 Appendix A, sheet A-001, November 2020, PDF page 45"
      },
      "geometry": {
        "type": "LineString",
        "coordinates": [[-73.9948802, 40.7508092], [-73.9948933, 40.7508148]]
      }
    },
    {
      "type": "Feature",
      "properties": {
        "level": "platform",
        "type": "wall",
        "platform": "4",
        "color": "#808080",
        "source": "PCIP Phase 2 Appendix A, sheet A-001, November 2020, PDF page 45"
      },
      "geometry": {
        "type": "LineString",
        "coordinates": [[-73.9948932, 40.7508149], [-73.9948801, 40.7508094], [-73.9948787, 40.7508088], [-73.9948802, 40.7508092]]
      }
    },
    {
      "type": "Feature",
      "properties": {
        "level": "platform",
        "type": "wall",
        "platform": "3",
        "color": "#808080",
        "source": "PCIP Phase 2 Appendix A, sheet A-001, November 2020, PDF page 45"
      },
      "geometry": {
        "type": "LineString",
        "coordinates": [[-73.9949862, 40.7506886], [-73.9949732, 40.7506831], [-73.9949719, 40.7506826]]
      }
    },
    {
      "type": "Feature",
      "properties": {
        "level": "platform",
        "type": "wall",
        "platform": "3",
        "color": "#808080",
        "source": "PCIP Phase 2 Appendix A, sheet A-001, November 2020, PDF page 45"
      },
      "geometry": {
        "type": "LineString",
        "coordinates": [[-73.9949861, 40.7506888], [-73.994973, 40.7506833], [-73.994972, 40.7506828]]
      }
    },
    {
      "type": "Feature",
      "properties": {
        "level": "platform",
        "type": "wall",
        "platform": "5",
        "color": "#808080",
        "source": "PCIP Phase 2 Appendix A, sheet A-001, November 2020, PDF page 45"
      },
      "geometry": {
        "type": "LineString",
        "coordinates": [[-73.9947982, 40.7509188], [-73.9947534, 40.7508999]]
      }
    },
    {
      "type": "Feature",
      "properties": {
        "level": "platform",
        "type": "wall",
        "platform": "4",
        "color": "#808080",
        "source": "PCIP Phase 2 Appendix A, sheet A-001, November 2020, PDF page 45"
      },
      "geometry": {
        "type": "LineString",
        "coordinates": [[-73.9948756, 40.7508077], [-73.9948764, 40.750808], [-73.9948764, 40.750808], [-73.9948766, 40.7508081], [-73.9948779, 40.7508087], [-73.9948781, 40.7508088], [-73.9948781, 40.7508088], [-73.994879, 40.7508091]]
      }
    },
    {
      "type": "Feature",
      "properties": {
        "level": "platform",
        "type": "wall",
        "platform": "5",
        "color": "#808080",
        "source": "PCIP Phase 2 Appendix A, sheet A-001, November 2020, PDF page 45"
      },
      "geometry": {
        "type": "LineString",
        "coordinates": [[-73.9947531, 40.7509002], [-73.9947973, 40.7509189]]
      }
    },
    {
      "type": "Feature",
      "properties": {
        "level": "platform",
        "type": "wall",
        "platform": "5",
        "color": "#808080",
        "source": "PCIP Phase 2 Appendix A, sheet A-001, November 2020, PDF page 45"
      },
      "geometry": {
        "type": "LineString",
        "coordinates": [[-73.9947957, 40.7509193], [-73.994794, 40.7509185], [-73.9947921, 40.7509177], [-73.9947921, 40.7509177], [-73.9947898, 40.7509168]]
      }
    },
    {
      "type": "Feature",
      "properties": {
        "level": "platform",
        "type": "wall",
        "platform": "8",
        "color": "#808080",
        "source": "PCIP Phase 2 Appendix A, sheet A-001, November 2020, PDF page 45"
      },
      "geometry": {
        "type": "LineString",
        "coordinates": [[-73.9945768, 40.7512151], [-73.9945719, 40.7512117]]
      }
    },
    {
      "type": "Feature",
      "properties": {
        "level": "platform",
        "type": "wall",
        "platform": "8",
        "color": "#808080",
        "source": "PCIP Phase 2 Appendix A, sheet A-001, November 2020, PDF page 45"
      },
      "geometry": {
        "type": "LineString",
        "coordinates": [[-73.9945635, 40.7512331], [-73.9945581, 40.7512308]]
      }
    },
    {
      "type": "Feature",
      "properties": {
        "level": "platform",
        "type": "wall",
        "platform": "6",
        "color": "#808080",
        "source": "PCIP Phase 2 Appendix A, sheet A-001, November 2020, PDF page 45"
      },
      "geometry": {
        "type": "LineString",
        "coordinates": [[-73.9947152, 40.7510274], [-73.9947165, 40.751028], [-73.9947169, 40.7510273], [-73.9947157, 40.7510268]]
      }
    },
    {
      "type": "Feature",
      "properties": {
        "level": "platform",
        "type": "wall",
        "platform": "7",
        "color": "#808080",
        "source": "PCIP Phase 2 Appendix A, sheet A-001, November 2020, PDF page 45"
      },
      "geometry": {
        "type": "LineString",
        "coordinates": [[-73.9946367, 40.7511337], [-73.9946312, 40.7511314]]
      }
    },
    {
      "type": "Feature",
      "properties": {
        "level": "platform",
        "type": "wall",
        "platform": "8",
        "color": "#808080",
        "source": "PCIP Phase 2 Appendix A, sheet A-001, November 2020, PDF page 45"
      },
      "geometry": {
        "type": "LineString",
        "coordinates": [[-73.9945631, 40.7512333], [-73.9945625, 40.7512331], [-73.9945606, 40.7512323], [-73.9945593, 40.7512317]]
      }
    },
    {
      "type": "Feature",
      "properties": {
        "level": "platform",
        "type": "wall",
        "platform": "6",
        "color": "#808080",
        "source": "PCIP Phase 2 Appendix A, sheet A-001, November 2020, PDF page 45"
      },
      "geometry": {
        "type": "LineString",
        "coordinates": [[-73.9947268, 40.7510114], [-73.9947213, 40.7510091]]
      }
    },
    {
      "type": "Feature",
      "properties": {
        "level": "platform",
        "type": "wall",
        "platform": "7",
        "color": "#808080",
        "source": "PCIP Phase 2 Appendix A, sheet A-001, November 2020, PDF page 45"
      },
      "geometry": {
        "type": "LineString",
        "coordinates": [[-73.9946367, 40.7511333], [-73.9946361, 40.7511331], [-73.9946342, 40.7511323], [-73.9946329, 40.7511317]]
      }
    },
    {
      "type": "Feature",
      "properties": {
        "level": "platform",
        "type": "wall",
        "platform": "8",
        "color": "#808080",
        "source": "PCIP Phase 2 Appendix A, sheet A-001, November 2020, PDF page 45"
      },
      "geometry": {
        "type": "LineString",
        "coordinates": [[-73.9945415, 40.7512447], [-73.9945497, 40.7512482], [-73.9945511, 40.7512488], [-73.9945511, 40.7512488]]
      }
    },
    {
      "type": "Feature",
      "properties": {
        "level": "platform",
        "type": "wall",
        "platform": "5",
        "color": "#808080",
        "source": "PCIP Phase 2 Appendix A, sheet A-001, November 2020, PDF page 45"
      },
      "geometry": {
        "type": "LineString",
        "coordinates": [[-73.994794, 40.75092], [-73.9947885, 40.7509177]]
      }
    },
    {
      "type": "Feature",
      "properties": {
        "level": "platform",
        "type": "wall",
        "platform": "7",
        "color": "#808080",
        "source": "PCIP Phase 2 Appendix A, sheet A-001, November 2020, PDF page 45"
      },
      "geometry": {
        "type": "LineString",
        "coordinates": [[-73.9946381, 40.7511134], [-73.9946463, 40.7511169], [-73.9946478, 40.7511175], [-73.9946478, 40.7511175]]
      }
    },
    {
      "type": "Feature",
      "properties": {
        "level": "platform",
        "type": "wall",
        "platform": "3",
        "color": "#808080",
        "source": "PCIP Phase 2 Appendix A, sheet A-001, November 2020, PDF page 45"
      },
      "geometry": {
        "type": "LineString",
        "coordinates": [[-73.9949698, 40.7506817], [-73.9949711, 40.7506822], [-73.9949706, 40.7506828], [-73.9949693, 40.7506823]]
      }
    },
    {
      "type": "Feature",
      "properties": {
        "level": "platform",
        "type": "wall",
        "platform": "4",
        "color": "#808080",
        "source": "PCIP Phase 2 Appendix A, sheet A-001, November 2020, PDF page 45"
      },
      "geometry": {
        "type": "LineString",
        "coordinates": [[-73.9948883, 40.750792], [-73.9948829, 40.7507896]]
      }
    },
    {
      "type": "Feature",
      "properties": {
        "level": "platform",
        "type": "wall",
        "platform": "8",
        "color": "#808080",
        "source": "PCIP Phase 2 Appendix A, sheet A-001, November 2020, PDF page 45"
      },
      "geometry": {
        "type": "LineString",
        "coordinates": [[-73.9945416, 40.7512445], [-73.994551, 40.7512485]]
      }
    },
    {
      "type": "Feature",
      "properties": {
        "level": "platform",
        "type": "wall",
        "platform": "3",
        "color": "#808080",
        "source": "PCIP Phase 2 Appendix A, sheet A-001, November 2020, PDF page 45"
      },
      "geometry": {
        "type": "LineString",
        "coordinates": [[-73.9949578, 40.7506975], [-73.9949523, 40.7506952]]
      }
    },
    {
      "type": "Feature",
      "properties": {
        "level": "platform",
        "type": "wall",
        "platform": "4",
        "color": "#808080",
        "source": "PCIP Phase 2 Appendix A, sheet A-001, November 2020, PDF page 45"
      },
      "geometry": {
        "type": "LineString",
        "coordinates": [[-73.9948879, 40.7507922], [-73.9948872, 40.7507919], [-73.9948854, 40.7507911], [-73.9948841, 40.7507906]]
      }
    },
    {
      "type": "Feature",
      "properties": {
        "level": "platform",
        "type": "wall",
        "platform": "7",
        "color": "#808080",
        "source": "PCIP Phase 2 Appendix A, sheet A-001, November 2020, PDF page 45"
      },
      "geometry": {
        "type": "LineString",
        "coordinates": [[-73.994638, 40.7511136], [-73.9946475, 40.7511176]]
      }
    },
    {
      "type": "Feature",
      "properties": {
        "level": "platform",
        "type": "wall",
        "platform": "6",
        "color": "#808080",
        "source": "PCIP Phase 2 Appendix A, sheet A-001, November 2020, PDF page 45"
      },
      "geometry": {
        "type": "LineString",
        "coordinates": [[-73.9947257, 40.7510114], [-73.9947252, 40.751012], [-73.9947233, 40.7510112], [-73.9947238, 40.7510106]]
      }
    },
    {
      "type": "Feature",
      "properties": {
        "level": "platform",
        "type": "wall",
        "platform": "6",
        "color": "#808080",
        "source": "PCIP Phase 2 Appendix A, sheet A-001, November 2020, PDF page 45"
      },
      "geometry": {
        "type": "LineString",
        "coordinates": [[-73.9947047, 40.751023], [-73.9947129, 40.7510265], [-73.9947141, 40.751027]]
      }
    },
    {
      "type": "Feature",
      "properties": {
        "level": "platform",
        "type": "wall",
        "platform": "6",
        "color": "#808080",
        "source": "PCIP Phase 2 Appendix A, sheet A-001, November 2020, PDF page 45"
      },
      "geometry": {
        "type": "LineString",
        "coordinates": [[-73.9947048, 40.7510228], [-73.9947143, 40.7510268]]
      }
    },
    {
      "type": "Feature",
      "properties": {
        "level": "platform",
        "type": "wall",
        "platform": "4",
        "color": "#808080",
        "source": "PCIP Phase 2 Appendix A, sheet A-001, November 2020, PDF page 45"
      },
      "geometry": {
        "type": "LineString",
        "coordinates": [[-73.9948662, 40.7508035], [-73.9948744, 40.750807], [-73.9948759, 40.7508076], [-73.9948759, 40.7508076]]
      }
    },
    {
      "type": "Feature",
      "properties": {
        "level": "platform",
        "type": "wall",
        "platform": "5",
        "color": "#808080",
        "source": "PCIP Phase 2 Appendix A, sheet A-001, November 2020, PDF page 45"
      },
      "geometry": {
        "type": "LineString",
        "coordinates": [[-73.9947955, 40.7508997], [-73.9948037, 40.7509032], [-73.9948049, 40.7509037]]
      }
    },
    {
      "type": "Feature",
      "properties": {
        "level": "platform",
        "type": "wall",
        "platform": "5",
        "color": "#808080",
        "source": "PCIP Phase 2 Appendix A, sheet A-001, November 2020, PDF page 45"
      },
      "geometry": {
        "type": "LineString",
        "coordinates": [[-73.9947915, 40.7509185], [-73.994792, 40.7509179], [-73.9947939, 40.7509187], [-73.9947934, 40.7509193]]
      }
    },
    {
      "type": "Feature",
      "properties": {
        "level": "platform",
        "type": "wall",
        "platform": "5",
        "color": "#808080",
        "source": "PCIP Phase 2 Appendix A, sheet A-001, November 2020, PDF page 45"
      },
      "geometry": {
        "type": "LineString",
        "coordinates": [[-73.9947953, 40.7508999], [-73.9948048, 40.7509039]]
      }
    },
    {
      "type": "Feature",
      "properties": {
        "level": "platform",
        "type": "wall",
        "platform": "4",
        "color": "#808080",
        "source": "PCIP Phase 2 Appendix A, sheet A-001, November 2020, PDF page 45"
      },
      "geometry": {
        "type": "LineString",
        "coordinates": [[-73.9948848, 40.7507919], [-73.9948852, 40.7507913], [-73.9948871, 40.7507921], [-73.9948867, 40.7507927]]
      }
    },
    {
      "type": "Feature",
      "properties": {
        "level": "platform",
        "type": "wall",
        "platform": "3",
        "color": "#808080",
        "source": "PCIP Phase 2 Appendix A, sheet A-001, November 2020, PDF page 45"
      },
      "geometry": {
        "type": "LineString",
        "coordinates": [[-73.9949593, 40.7506772], [-73.9949675, 40.7506807], [-73.9949687, 40.7506812]]
      }
    },
    {
      "type": "Feature",
      "properties": {
        "level": "platform",
        "type": "wall",
        "platform": "3",
        "color": "#808080",
        "source": "PCIP Phase 2 Appendix A, sheet A-001, November 2020, PDF page 45"
      },
      "geometry": {
        "type": "LineString",
        "coordinates": [[-73.9949572, 40.7506968], [-73.9949577, 40.7506962], [-73.9949558, 40.7506954], [-73.9949553, 40.750696]]
      }
    },
    {
      "type": "Feature",
      "properties": {
        "level": "platform",
        "type": "wall",
        "platform": "3",
        "color": "#808080",
        "source": "PCIP Phase 2 Appendix A, sheet A-001, November 2020, PDF page 45"
      },
      "geometry": {
        "type": "LineString",
        "coordinates": [[-73.9949592, 40.7506774], [-73.9949686, 40.7506814]]
      }
    },
    {
      "type": "Feature",
      "properties": {
        "level": "platform",
        "type": "wall",
        "platform": "8",
        "color": "#808080",
        "source": "PCIP Phase 2 Appendix A, sheet A-001, November 2020, PDF page 45"
      },
      "geometry": {
        "type": "LineString",
        "coordinates": [[-73.9945526, 40.7512295], [-73.9945547, 40.7512304], [-73.994556, 40.751231], [-73.9945568, 40.7512313]]
      }
    },
    {
      "type": "Feature",
      "properties": {
        "level": "platform",
        "type": "wall",
        "platform": "7",
        "color": "#808080",
        "source": "PCIP Phase 2 Appendix A, sheet A-001, November 2020, PDF page 45"
      },
      "geometry": {
        "type": "LineString",
        "coordinates": [[-73.9946269, 40.7511286], [-73.9946291, 40.7511295], [-73.9946305, 40.7511301], [-73.9946312, 40.7511304]]
      }
    },
    {
      "type": "Feature",
      "properties": {
        "level": "platform",
        "type": "wall",
        "platform": "4",
        "color": "#808080",
        "source": "PCIP Phase 2 Appendix A, sheet A-001, November 2020, PDF page 45"
      },
      "geometry": {
        "type": "LineString",
        "coordinates": [[-73.9948774, 40.7507884], [-73.9948795, 40.7507893], [-73.994881, 40.7507899], [-73.9948818, 40.7507903]]
      }
    },
    {
      "type": "Feature",
      "properties": {
        "level": "platform",
        "type": "wall",
        "platform": "6",
        "color": "#808080",
        "source": "PCIP Phase 2 Appendix A, sheet A-001, November 2020, PDF page 45"
      },
      "geometry": {
        "type": "LineString",
        "coordinates": [[-73.994716, 40.7510077], [-73.99472, 40.7510094]]
      }
    },
    {
      "type": "Feature",
      "properties": {
        "level": "platform",
        "type": "wall",
        "platform": "6",
        "color": "#808080",
        "source": "PCIP Phase 2 Appendix A, sheet A-001, November 2020, PDF page 45"
      },
      "geometry": {
        "type": "LineString",
        "coordinates": [[-73.9947159, 40.7510078], [-73.994718, 40.7510087], [-73.9947194, 40.7510094], [-73.9947199, 40.7510095]]
      }
    },
    {
      "type": "Feature",
      "properties": {
        "level": "platform",
        "type": "wall",
        "platform": "5",
        "color": "#808080",
        "source": "PCIP Phase 2 Appendix A, sheet A-001, November 2020, PDF page 45"
      },
      "geometry": {
        "type": "LineString",
        "coordinates": [[-73.9947842, 40.750915], [-73.9947882, 40.7509167]]
      }
    },
    {
      "type": "Feature",
      "properties": {
        "level": "platform",
        "type": "wall",
        "platform": "5",
        "color": "#808080",
        "source": "PCIP Phase 2 Appendix A, sheet A-001, November 2020, PDF page 45"
      },
      "geometry": {
        "type": "LineString",
        "coordinates": [[-73.9947843, 40.7509148], [-73.9947864, 40.7509157], [-73.9947879, 40.7509164], [-73.9947883, 40.7509165]]
      }
    },
    {
      "type": "Feature",
      "properties": {
        "level": "platform",
        "type": "wall",
        "platform": "4",
        "color": "#808080",
        "source": "PCIP Phase 2 Appendix A, sheet A-001, November 2020, PDF page 45"
      },
      "geometry": {
        "type": "LineString",
        "coordinates": [[-73.9948773, 40.7507885], [-73.9948813, 40.7507902]]
      }
    },
    {
      "type": "Feature",
      "properties": {
        "level": "platform",
        "type": "wall",
        "platform": "3",
        "color": "#808080",
        "source": "PCIP Phase 2 Appendix A, sheet A-001, November 2020, PDF page 45"
      },
      "geometry": {
        "type": "LineString",
        "coordinates": [[-73.994948, 40.7506925], [-73.994952, 40.7506942]]
      }
    },
    {
      "type": "Feature",
      "properties": {
        "level": "platform",
        "type": "wall",
        "platform": "3",
        "color": "#808080",
        "source": "PCIP Phase 2 Appendix A, sheet A-001, November 2020, PDF page 45"
      },
      "geometry": {
        "type": "LineString",
        "coordinates": [[-73.9949481, 40.7506924], [-73.9949502, 40.7506932], [-73.9949517, 40.7506939], [-73.9949521, 40.750694]]
      }
    },
    {
      "type": "Feature",
      "properties": {
        "level": "platform",
        "type": "wall",
        "platform": "8",
        "color": "#808080",
        "source": "PCIP Phase 2 Appendix A, sheet A-001, November 2020, PDF page 45"
      },
      "geometry": {
        "type": "LineString",
        "coordinates": [[-73.9945388, 40.7512237], [-73.9945495, 40.7512282]]
      }
    },
    {
      "type": "Feature",
      "properties": {
        "level": "platform",
        "type": "wall",
        "platform": "8",
        "color": "#808080",
        "source": "PCIP Phase 2 Appendix A, sheet A-001, November 2020, PDF page 45"
      },
      "geometry": {
        "type": "LineString",
        "coordinates": [[-73.9945277, 40.7512386], [-73.9945384, 40.7512432]]
      }
    },
    {
      "type": "Feature",
      "properties": {
        "level": "platform",
        "type": "wall",
        "platform": "8",
        "color": "#808080",
        "source": "PCIP Phase 2 Appendix A, sheet A-001, November 2020, PDF page 45"
      },
      "geometry": {
        "type": "LineString",
        "coordinates": [[-73.9945276, 40.7512388], [-73.9945383, 40.7512433]]
      }
    },
    {
      "type": "Feature",
      "properties": {
        "level": "platform",
        "type": "wall",
        "platform": "7",
        "color": "#808080",
        "source": "PCIP Phase 2 Appendix A, sheet A-001, November 2020, PDF page 45"
      },
      "geometry": {
        "type": "LineString",
        "coordinates": [[-73.9946242, 40.7511075], [-73.994635, 40.7511121]]
      }
    },
    {
      "type": "Feature",
      "properties": {
        "level": "platform",
        "type": "wall",
        "platform": "7",
        "color": "#808080",
        "source": "PCIP Phase 2 Appendix A, sheet A-001, November 2020, PDF page 45"
      },
      "geometry": {
        "type": "LineString",
        "coordinates": [[-73.9946241, 40.7511077], [-73.9946349, 40.7511123]]
      }
    },
    {
      "type": "Feature",
      "properties": {
        "level": "platform",
        "type": "wall",
        "platform": "7",
        "color": "#808080",
        "source": "PCIP Phase 2 Appendix A, sheet A-001, November 2020, PDF page 45"
      },
      "geometry": {
        "type": "LineString",
        "coordinates": [[-73.9946131, 40.7511227], [-73.9946238, 40.7511272]]
      }
    },
    {
      "type": "Feature",
      "properties": {
        "level": "platform",
        "type": "wall",
        "platform": "6",
        "color": "#808080",
        "source": "PCIP Phase 2 Appendix A, sheet A-001, November 2020, PDF page 45"
      },
      "geometry": {
        "type": "LineString",
        "coordinates": [[-73.9947128, 40.7510063], [-73.994702, 40.751002], [-73.9947127, 40.7510065]]
      }
    },
    {
      "type": "Feature",
      "properties": {
        "level": "platform",
        "type": "wall",
        "platform": "6",
        "color": "#808080",
        "source": "PCIP Phase 2 Appendix A, sheet A-001, November 2020, PDF page 45"
      },
      "geometry": {
        "type": "LineString",
        "coordinates": [[-73.9946909, 40.7510169], [-73.9947016, 40.7510215]]
      }
    },
    {
      "type": "Feature",
      "properties": {
        "level": "platform",
        "type": "wall",
        "platform": "6",
        "color": "#808080",
        "source": "PCIP Phase 2 Appendix A, sheet A-001, November 2020, PDF page 45"
      },
      "geometry": {
        "type": "LineString",
        "coordinates": [[-73.9947016, 40.7510215], [-73.9946908, 40.7510171], [-73.9947015, 40.7510216]]
      }
    },
    {
      "type": "Feature",
      "properties": {
        "level": "platform",
        "type": "wall",
        "platform": "5",
        "color": "#808080",
        "source": "PCIP Phase 2 Appendix A, sheet A-001, November 2020, PDF page 45"
      },
      "geometry": {
        "type": "LineString",
        "coordinates": [[-73.9947816, 40.7508938], [-73.9947923, 40.7508984]]
      }
    },
    {
      "type": "Feature",
      "properties": {
        "level": "platform",
        "type": "wall",
        "platform": "5",
        "color": "#808080",
        "source": "PCIP Phase 2 Appendix A, sheet A-001, November 2020, PDF page 45"
      },
      "geometry": {
        "type": "LineString",
        "coordinates": [[-73.9947815, 40.750894], [-73.9947922, 40.7508985]]
      }
    },
    {
      "type": "Feature",
      "properties": {
        "level": "platform",
        "type": "wall",
        "platform": "5",
        "color": "#808080",
        "source": "PCIP Phase 2 Appendix A, sheet A-001, November 2020, PDF page 45"
      },
      "geometry": {
        "type": "LineString",
        "coordinates": [[-73.9947704, 40.750909], [-73.9947811, 40.7509135]]
      }
    },
    {
      "type": "Feature",
      "properties": {
        "level": "platform",
        "type": "wall",
        "platform": "5",
        "color": "#808080",
        "source": "PCIP Phase 2 Appendix A, sheet A-001, November 2020, PDF page 45"
      },
      "geometry": {
        "type": "LineString",
        "coordinates": [[-73.9947703, 40.7509091], [-73.994781, 40.7509137]]
      }
    },
    {
      "type": "Feature",
      "properties": {
        "level": "platform",
        "type": "wall",
        "platform": "4",
        "color": "#808080",
        "source": "PCIP Phase 2 Appendix A, sheet A-001, November 2020, PDF page 45"
      },
      "geometry": {
        "type": "LineString",
        "coordinates": [[-73.9948635, 40.7507825], [-73.9948743, 40.750787]]
      }
    },
    {
      "type": "Feature",
      "properties": {
        "level": "platform",
        "type": "wall",
        "platform": "4",
        "color": "#808080",
        "source": "PCIP Phase 2 Appendix A, sheet A-001, November 2020, PDF page 45"
      },
      "geometry": {
        "type": "LineString",
        "coordinates": [[-73.9948634, 40.7507827], [-73.9948742, 40.7507872]]
      }
    },
    {
      "type": "Feature",
      "properties": {
        "level": "platform",
        "type": "wall",
        "platform": "4",
        "color": "#808080",
        "source": "PCIP Phase 2 Appendix A, sheet A-001, November 2020, PDF page 45"
      },
      "geometry": {
        "type": "LineString",
        "coordinates": [[-73.9948524, 40.7507976], [-73.9948631, 40.7508022]]
      }
    },
    {
      "type": "Feature",
      "properties": {
        "level": "platform",
        "type": "wall",
        "platform": "3",
        "color": "#808080",
        "source": "PCIP Phase 2 Appendix A, sheet A-001, November 2020, PDF page 45"
      },
      "geometry": {
        "type": "LineString",
        "coordinates": [[-73.9949561, 40.7506759], [-73.9949453, 40.7506715], [-73.994956, 40.750676]]
      }
    },
    {
      "type": "Feature",
      "properties": {
        "level": "platform",
        "type": "wall",
        "platform": "3",
        "color": "#808080",
        "source": "PCIP Phase 2 Appendix A, sheet A-001, November 2020, PDF page 45"
      },
      "geometry": {
        "type": "LineString",
        "coordinates": [[-73.9949342, 40.7506865], [-73.9949449, 40.750691]]
      }
    },
    {
      "type": "Feature",
      "properties": {
        "level": "platform",
        "type": "wall",
        "platform": "3",
        "color": "#808080",
        "source": "PCIP Phase 2 Appendix A, sheet A-001, November 2020, PDF page 45"
      },
      "geometry": {
        "type": "LineString",
        "coordinates": [[-73.9949449, 40.750691], [-73.9949341, 40.7506866], [-73.9949448, 40.7506912]]
      }
    },
    {
      "type": "Feature",
      "properties": {
        "level": "platform",
        "type": "wall",
        "platform": "8",
        "color": "#808080",
        "source": "PCIP Phase 2 Appendix A, sheet A-001, November 2020, PDF page 45"
      },
      "geometry": {
        "type": "LineString",
        "coordinates": [[-73.9945249, 40.7512178], [-73.9945356, 40.7512223]]
      }
    },
    {
      "type": "Feature",
      "properties": {
        "level": "platform",
        "type": "wall",
        "platform": "8",
        "color": "#808080",
        "source": "PCIP Phase 2 Appendix A, sheet A-001, November 2020, PDF page 45"
      },
      "geometry": {
        "type": "LineString",
        "coordinates": [[-73.9945138, 40.7512327], [-73.9945245, 40.7512373]]
      }
    },
    {
      "type": "Feature",
      "properties": {
        "level": "platform",
        "type": "wall",
        "platform": "8",
        "color": "#808080",
        "source": "PCIP Phase 2 Appendix A, sheet A-001, November 2020, PDF page 45"
      },
      "geometry": {
        "type": "LineString",
        "coordinates": [[-73.9945137, 40.7512329], [-73.9945244, 40.7512375]]
      }
    },
    {
      "type": "Feature",
      "properties": {
        "level": "platform",
        "type": "wall",
        "platform": "7",
        "color": "#808080",
        "source": "PCIP Phase 2 Appendix A, sheet A-001, November 2020, PDF page 45"
      },
      "geometry": {
        "type": "LineString",
        "coordinates": [[-73.9946104, 40.7511017], [-73.9946211, 40.7511062]]
      }
    },
    {
      "type": "Feature",
      "properties": {
        "level": "platform",
        "type": "wall",
        "platform": "7",
        "color": "#808080",
        "source": "PCIP Phase 2 Appendix A, sheet A-001, November 2020, PDF page 45"
      },
      "geometry": {
        "type": "LineString",
        "coordinates": [[-73.9946211, 40.7511062], [-73.9946102, 40.7511018], [-73.994621, 40.7511064]]
      }
    },
    {
      "type": "Feature",
      "properties": {
        "level": "platform",
        "type": "wall",
        "platform": "7",
        "color": "#808080",
        "source": "PCIP Phase 2 Appendix A, sheet A-001, November 2020, PDF page 45"
      },
      "geometry": {
        "type": "LineString",
        "coordinates": [[-73.9945992, 40.7511168], [-73.9946099, 40.7511213]]
      }
    },
    {
      "type": "Feature",
      "properties": {
        "level": "platform",
        "type": "wall",
        "platform": "7",
        "color": "#808080",
        "source": "PCIP Phase 2 Appendix A, sheet A-001, November 2020, PDF page 45"
      },
      "geometry": {
        "type": "LineString",
        "coordinates": [[-73.9945991, 40.751117], [-73.9946099, 40.7511213]]
      }
    },
    {
      "type": "Feature",
      "properties": {
        "level": "platform",
        "type": "wall",
        "platform": "6",
        "color": "#808080",
        "source": "PCIP Phase 2 Appendix A, sheet A-001, November 2020, PDF page 45"
      },
      "geometry": {
        "type": "LineString",
        "coordinates": [[-73.9946881, 40.7509961], [-73.9946988, 40.7510006]]
      }
    },
    {
      "type": "Feature",
      "properties": {
        "level": "platform",
        "type": "wall",
        "platform": "6",
        "color": "#808080",
        "source": "PCIP Phase 2 Appendix A, sheet A-001, November 2020, PDF page 45"
      },
      "geometry": {
        "type": "LineString",
        "coordinates": [[-73.994677, 40.7510111], [-73.9946877, 40.7510156]]
      }
    },
    {
      "type": "Feature",
      "properties": {
        "level": "platform",
        "type": "wall",
        "platform": "6",
        "color": "#808080",
        "source": "PCIP Phase 2 Appendix A, sheet A-001, November 2020, PDF page 45"
      },
      "geometry": {
        "type": "LineString",
        "coordinates": [[-73.9946769, 40.7510112], [-73.9946876, 40.7510158]]
      }
    },
    {
      "type": "Feature",
      "properties": {
        "level": "platform",
        "type": "wall",
        "platform": "4",
        "color": "#808080",
        "source": "PCIP Phase 2 Appendix A, sheet A-001, November 2020, PDF page 45"
      },
      "geometry": {
        "type": "LineString",
        "coordinates": [[-73.9948497, 40.7507766], [-73.9948604, 40.7507812]]
      }
    },
    {
      "type": "Feature",
      "properties": {
        "level": "platform",
        "type": "wall",
        "platform": "4",
        "color": "#808080",
        "source": "PCIP Phase 2 Appendix A, sheet A-001, November 2020, PDF page 45"
      },
      "geometry": {
        "type": "LineString",
        "coordinates": [[-73.9948495, 40.7507768], [-73.9948603, 40.7507813]]
      }
    },
    {
      "type": "Feature",
      "properties": {
        "level": "platform",
        "type": "wall",
        "platform": "4",
        "color": "#808080",
        "source": "PCIP Phase 2 Appendix A, sheet A-001, November 2020, PDF page 45"
      },
      "geometry": {
        "type": "LineString",
        "coordinates": [[-73.9948385, 40.7507917], [-73.9948492, 40.7507963]]
      }
    },
    {
      "type": "Feature",
      "properties": {
        "level": "platform",
        "type": "wall",
        "platform": "3",
        "color": "#808080",
        "source": "PCIP Phase 2 Appendix A, sheet A-001, November 2020, PDF page 45"
      },
      "geometry": {
        "type": "LineString",
        "coordinates": [[-73.9949205, 40.7506807], [-73.994931, 40.7506851]]
      }
    },
    {
      "type": "Feature",
      "properties": {
        "level": "platform",
        "type": "wall",
        "platform": "3",
        "color": "#808080",
        "source": "PCIP Phase 2 Appendix A, sheet A-001, November 2020, PDF page 45"
      },
      "geometry": {
        "type": "LineString",
        "coordinates": [[-73.9949204, 40.7506808], [-73.9949309, 40.7506853]]
      }
    },
    {
      "type": "Feature",
      "properties": {
        "level": "platform",
        "type": "wall",
        "platform": "3",
        "color": "#808080",
        "source": "PCIP Phase 2 Appendix A, sheet A-001, November 2020, PDF page 45"
      },
      "geometry": {
        "type": "LineString",
        "coordinates": [[-73.9949314, 40.7506656], [-73.9949421, 40.7506701]]
      }
    },
    {
      "type": "Feature",
      "properties": {
        "level": "platform",
        "type": "wall",
        "platform": "8",
        "color": "#808080",
        "source": "PCIP Phase 2 Appendix A, sheet A-001, November 2020, PDF page 45"
      },
      "geometry": {
        "type": "LineString",
        "coordinates": [[-73.9945121, 40.7512314], [-73.9945113, 40.7512323], [-73.9945095, 40.7512315]]
      }
    },
    {
      "type": "Feature",
      "properties": {
        "level": "platform",
        "type": "wall",
        "platform": "8",
        "color": "#808080",
        "source": "PCIP Phase 2 Appendix A, sheet A-001, November 2020, PDF page 45"
      },
      "geometry": {
        "type": "LineString",
        "coordinates": [[-73.9945223, 40.7512175], [-73.994523, 40.7512166], [-73.9945211, 40.7512158]]
      }
    },
    {
      "type": "Feature",
      "properties": {
        "level": "platform",
        "type": "wall",
        "platform": "6",
        "color": "#808080",
        "source": "PCIP Phase 2 Appendix A, sheet A-001, November 2020, PDF page 45"
      },
      "geometry": {
        "type": "LineString",
        "coordinates": [[-73.9946753, 40.7510097], [-73.9946746, 40.7510106], [-73.9946727, 40.7510098]]
      }
    },
    {
      "type": "Feature",
      "properties": {
        "level": "platform",
        "type": "wall",
        "platform": "5",
        "color": "#808080",
        "source": "PCIP Phase 2 Appendix A, sheet A-001, November 2020, PDF page 45"
      },
      "geometry": {
        "type": "LineString",
        "coordinates": [[-73.9947638, 40.7508861], [-73.9947631, 40.750887], [-73.994765, 40.7508878]]
      }
    },
    {
      "type": "Feature",
      "properties": {
        "level": "platform",
        "type": "wall",
        "platform": "4",
        "color": "#808080",
        "source": "PCIP Phase 2 Appendix A, sheet A-001, November 2020, PDF page 45"
      },
      "geometry": {
        "type": "LineString",
        "coordinates": [[-73.9948471, 40.7507764], [-73.9948478, 40.7507754], [-73.9948459, 40.7507746]]
      }
    },
    {
      "type": "Feature",
      "properties": {
        "level": "platform",
        "type": "wall",
        "platform": "4",
        "color": "#808080",
        "source": "PCIP Phase 2 Appendix A, sheet A-001, November 2020, PDF page 45"
      },
      "geometry": {
        "type": "LineString",
        "coordinates": [[-73.9948342, 40.7507904], [-73.9948349, 40.7507894], [-73.9948368, 40.7507902], [-73.9948361, 40.7507912]]
      }
    },
    {
      "type": "Feature",
      "properties": {
        "level": "platform",
        "type": "wall",
        "platform": "3",
        "color": "#808080",
        "source": "PCIP Phase 2 Appendix A, sheet A-001, November 2020, PDF page 45"
      },
      "geometry": {
        "type": "LineString",
        "coordinates": [[-73.9949186, 40.7506792], [-73.9949179, 40.7506802], [-73.994916, 40.7506794]]
      }
    },
    {
      "type": "Feature",
      "properties": {
        "level": "platform",
        "type": "column",
        "platform": "8",
        "color": "#808080",
        "source": "PCIP Phase 2 Appendix A, sheet A-001, November 2020, PDF page 45"
      },
      "geometry": {
        "type": "Polygon",
        "coordinates": [[[-73.9947674, 40.7513176], [-73.9947678, 40.7513168], [-73.994768, 40.751316], [-73.9947678, 40.7513151], [-73.9947675, 40.7513143], [-73.9947669, 40.7513136], [-73.9947662, 40.751313], [-73.9947653, 40.7513126], [-73.9947642, 40.7513123], [-73.9947631, 40.7513122], [-73.994762, 40.7513122], [-73.9947609, 40.7513125], [-73.99476, 40.7513129], [-73.9947592, 40.7513135], [-73.9947586, 40.7513142], [-73.9947582, 40.751315], [-73.9947581, 40.7513158], [-73.9947582, 40.7513167], [-73.9947585, 40.7513175], [-73.9947591, 40.7513182], [-73.9947599, 40.7513188], [-73.9947608, 40.7513192], [-73.9947618, 40.7513195], [-73.9947629, 40.7513196], [-73.9947641, 40.7513196], [-73.9947651, 40.7513193], [-73.994766, 40.7513189], [-73.9947668, 40.7513183], [-73.9947674, 40.7513176]]]
      }
    },
    {
      "type": "Feature",
      "properties": {
        "level": "platform",
        "type": "column",
        "platform": "4",
        "color": "#808080",
        "source": "PCIP Phase 2 Appendix A, sheet A-001, November 2020, PDF page 45"
      },
      "geometry": {
        "type": "Polygon",
        "coordinates": [[[-73.9950821, 40.7508912], [-73.9950825, 40.7508904], [-73.9950827, 40.7508896], [-73.9950826, 40.7508887], [-73.9950822, 40.7508879], [-73.9950816, 40.7508872], [-73.9950809, 40.7508866], [-73.99508, 40.7508862], [-73.9950789, 40.7508859], [-73.9950778, 40.7508858], [-73.9950767, 40.7508859], [-73.9950756, 40.7508861], [-73.9950747, 40.7508866], [-73.9950739, 40.7508871], [-73.9950733, 40.7508878], [-73.9950729, 40.7508886], [-73.9950728, 40.7508895], [-73.9950729, 40.7508903], [-73.9950733, 40.7508911], [-73.9950738, 40.7508918], [-73.9950746, 40.7508924], [-73.9950755, 40.7508928], [-73.9950765, 40.7508931], [-73.9950776, 40.7508933], [-73.9950788, 40.7508932], [-73.9950798, 40.7508929], [-73.9950808, 40.7508925], [-73.9950815, 40.7508919], [-73.9950821, 40.7508912]]]
      }
    },
    {
      "type": "Feature",
      "properties": {
        "level": "platform",
        "type": "column",
        "platform": "8",
        "color": "#808080",
        "source": "PCIP Phase 2 Appendix A, sheet A-001, November 2020, PDF page 45"
      },
      "geometry": {
        "type": "Polygon",
        "coordinates": [[[-73.994767, 40.7513174], [-73.9947673, 40.7513167], [-73.9947675, 40.751316], [-73.9947674, 40.7513152], [-73.9947671, 40.7513145], [-73.9947665, 40.7513138], [-73.9947659, 40.7513133], [-73.994765, 40.7513129], [-73.9947641, 40.7513126], [-73.9947631, 40.7513125], [-73.9947621, 40.7513126], [-73.9947611, 40.7513128], [-73.9947603, 40.7513132], [-73.9947596, 40.7513138], [-73.994759, 40.7513144], [-73.9947587, 40.7513151], [-73.9947586, 40.7513159], [-73.9947587, 40.7513166], [-73.994759, 40.7513173], [-73.9947595, 40.751318], [-73.9947602, 40.7513185], [-73.994761, 40.7513189], [-73.9947619, 40.7513192], [-73.9947629, 40.7513193], [-73.994764, 40.7513192], [-73.9947649, 40.751319], [-73.9947658, 40.7513186], [-73.9947665, 40.7513181], [-73.994767, 40.7513174]]]
      }
    },
    {
      "type": "Feature",
      "properties": {
        "level": "platform",
        "type": "column",
        "platform": "4",
        "color": "#808080",
        "source": "PCIP Phase 2 Appendix A, sheet A-001, November 2020, PDF page 45"
      },
      "geometry": {
        "type": "Polygon",
        "coordinates": [[[-73.9950817, 40.750891], [-73.9950821, 40.7508903], [-73.9950822, 40.7508896], [-73.9950821, 40.7508888], [-73.9950818, 40.7508881], [-73.9950812, 40.7508874], [-73.9950806, 40.7508869], [-73.9950797, 40.7508865], [-73.9950788, 40.7508862], [-73.9950778, 40.7508861], [-73.9950768, 40.7508862], [-73.9950758, 40.7508865], [-73.995075, 40.7508868], [-73.9950743, 40.7508874], [-73.9950737, 40.750888], [-73.9950734, 40.7508887], [-73.9950733, 40.7508895], [-73.9950734, 40.7508902], [-73.9950737, 40.750891], [-73.9950742, 40.7508916], [-73.9950749, 40.7508921], [-73.9950757, 40.7508925], [-73.9950766, 40.7508928], [-73.9950777, 40.7508929], [-73.9950787, 40.7508928], [-73.9950796, 40.7508926], [-73.9950805, 40.7508922], [-73.9950812, 40.7508917], [-73.9950817, 40.750891]]]
      }
    },
    {
      "type": "Feature",
      "properties": {
        "level": "platform",
        "type": "column",
        "platform": "8",
        "color": "#808080",
        "source": "PCIP Phase 2 Appendix A, sheet A-001, November 2020, PDF page 45"
      },
      "geometry": {
        "type": "Polygon",
        "coordinates": [[[-73.9947062, 40.75129], [-73.9947061, 40.7512891], [-73.9947057, 40.7512883], [-73.9947052, 40.7512876], [-73.9947044, 40.751287], [-73.9947035, 40.7512866], [-73.9947025, 40.7512863], [-73.9947013, 40.7512862], [-73.9947002, 40.7512863], [-73.9946992, 40.7512865], [-73.9946982, 40.751287], [-73.9946975, 40.7512875], [-73.9946969, 40.7512882], [-73.9946965, 40.751289], [-73.9946963, 40.7512899], [-73.9946964, 40.7512907], [-73.9946968, 40.7512915], [-73.9946974, 40.7512922], [-73.9946981, 40.7512928], [-73.994699, 40.7512933], [-73.9947001, 40.7512936], [-73.9947012, 40.7512937], [-73.9947023, 40.7512936], [-73.9947034, 40.7512933], [-73.9947043, 40.7512929], [-73.9947051, 40.7512923], [-73.9947057, 40.7512916], [-73.9947061, 40.7512908], [-73.9947062, 40.75129]]]
      }
    },
    {
      "type": "Feature",
      "properties": {
        "level": "platform",
        "type": "column",
        "platform": "8",
        "color": "#808080",
        "source": "PCIP Phase 2 Appendix A, sheet A-001, November 2020, PDF page 45"
      },
      "geometry": {
        "type": "Polygon",
        "coordinates": [[[-73.9947057, 40.75129], [-73.9947056, 40.7512892], [-73.9947053, 40.7512885], [-73.9947048, 40.7512879], [-73.9947041, 40.7512873], [-73.9947033, 40.7512869], [-73.9947024, 40.7512867], [-73.9947013, 40.7512866], [-73.9947003, 40.7512866], [-73.9946994, 40.7512869], [-73.9946985, 40.7512873], [-73.9946978, 40.7512878], [-73.9946973, 40.7512884], [-73.9946969, 40.7512891], [-73.9946968, 40.7512899], [-73.9946969, 40.7512907], [-73.9946972, 40.7512914], [-73.9946977, 40.751292], [-73.9946984, 40.7512925], [-73.9946992, 40.7512929], [-73.9947002, 40.7512932], [-73.9947012, 40.7512933], [-73.9947022, 40.7512932], [-73.9947032, 40.751293], [-73.994704, 40.7512926], [-73.9947047, 40.7512921], [-73.9947052, 40.7512915], [-73.9947056, 40.7512908], [-73.9947057, 40.75129]]]
      }
    },
    {
      "type": "Feature",
      "properties": {
        "level": "platform",
        "type": "column",
        "platform": "4",
        "color": "#808080",
        "source": "PCIP Phase 2 Appendix A, sheet A-001, November 2020, PDF page 45"
      },
      "geometry": {
        "type": "Polygon",
        "coordinates": [[[-73.9950203, 40.7508633], [-73.9950202, 40.7508625], [-73.9950198, 40.7508617], [-73.9950192, 40.750861], [-73.9950185, 40.7508604], [-73.9950176, 40.7508599], [-73.9950165, 40.7508596], [-73.9950154, 40.7508595], [-73.9950143, 40.7508596], [-73.9950132, 40.7508599], [-73.9950123, 40.7508603], [-73.9950115, 40.7508609], [-73.9950109, 40.7508616], [-73.9950105, 40.7508624], [-73.9950104, 40.7508632], [-73.9950105, 40.7508641], [-73.9950109, 40.7508649], [-73.9950114, 40.7508656], [-73.9950122, 40.7508662], [-73.9950131, 40.7508666], [-73.9950141, 40.7508669], [-73.9950153, 40.750867], [-73.9950164, 40.7508669], [-73.9950174, 40.7508667], [-73.9950184, 40.7508662], [-73.9950191, 40.7508657], [-73.9950197, 40.750865], [-73.9950201, 40.7508642], [-73.9950203, 40.7508633]]]
      }
    },
    {
      "type": "Feature",
      "properties": {
        "level": "platform",
        "type": "column",
        "platform": "4",
        "color": "#808080",
        "source": "PCIP Phase 2 Appendix A, sheet A-001, November 2020, PDF page 45"
      },
      "geometry": {
        "type": "Polygon",
        "coordinates": [[[-73.9950198, 40.7508633], [-73.9950197, 40.7508625], [-73.9950194, 40.7508618], [-73.9950189, 40.7508612], [-73.9950182, 40.7508607], [-73.9950174, 40.7508603], [-73.9950164, 40.75086], [-73.9950154, 40.7508599], [-73.9950144, 40.75086], [-73.9950134, 40.7508602], [-73.9950126, 40.7508606], [-73.9950119, 40.7508611], [-73.9950114, 40.7508617], [-73.995011, 40.7508624], [-73.9950109, 40.7508632], [-73.995011, 40.750864], [-73.9950113, 40.7508647], [-73.9950118, 40.7508653], [-73.9950125, 40.7508659], [-73.9950133, 40.7508663], [-73.9950142, 40.7508665], [-73.9950153, 40.7508667], [-73.9950163, 40.7508666], [-73.9950172, 40.7508663], [-73.9950181, 40.7508659], [-73.9950188, 40.7508654], [-73.9950193, 40.7508648], [-73.9950197, 40.7508641], [-73.9950198, 40.7508633]]]
      }
    },
    {
      "type": "Feature",
      "properties": {
        "level": "platform",
        "type": "wall",
        "platform": "4",
        "color": "#999999",
        "source": "PCIP Phase 2 Appendix A, sheet A-001, November 2020, PDF page 45"
      },
      "geometry": {
        "type": "LineString",
        "coordinates": [[-73.9954719, 40.7510521], [-73.9954782, 40.7510548]]
      }
    },
    {
      "type": "Feature",
      "properties": {
        "level": "platform",
        "type": "wall",
        "platform": "4",
        "color": "#999999",
        "source": "PCIP Phase 2 Appendix A, sheet A-001, November 2020, PDF page 45"
      },
      "geometry": {
        "type": "LineString",
        "coordinates": [[-73.9954744, 40.7510595], [-73.9954782, 40.7510548]]
      }
    },
    {
      "type": "Feature",
      "properties": {
        "level": "platform",
        "type": "wall",
        "platform": "4",
        "color": "#999999",
        "source": "PCIP Phase 2 Appendix A, sheet A-001, November 2020, PDF page 45"
      },
      "geometry": {
        "type": "LineString",
        "coordinates": [[-73.9954744, 40.7510595], [-73.9954681, 40.7510568], [-73.9954719, 40.7510521]]
      }
    },
    {
      "type": "Feature",
      "properties": {
        "level": "platform",
        "type": "wall",
        "platform": "8",
        "color": "#999999",
        "source": "PCIP Phase 2 Appendix A, sheet A-001, November 2020, PDF page 45"
      },
      "geometry": {
        "type": "LineString",
        "coordinates": [[-73.995031, 40.7514234], [-73.9950247, 40.7514207]]
      }
    },
    {
      "type": "Feature",
      "properties": {
        "level": "platform",
        "type": "wall",
        "platform": "8",
        "color": "#999999",
        "source": "PCIP Phase 2 Appendix A, sheet A-001, November 2020, PDF page 45"
      },
      "geometry": {
        "type": "LineString",
        "coordinates": [[-73.995031, 40.7514234], [-73.9950275, 40.7514281], [-73.9950212, 40.7514255], [-73.9950247, 40.7514207]]
      }
    },
    {
      "type": "Feature",
      "properties": {
        "level": "platform",
        "type": "wall",
        "platform": "8",
        "color": "#999999",
        "source": "PCIP Phase 2 Appendix A, sheet A-001, November 2020, PDF page 45"
      },
      "geometry": {
        "type": "LineString",
        "coordinates": [[-73.9949638, 40.7513947], [-73.9949575, 40.751392]]
      }
    },
    {
      "type": "Feature",
      "properties": {
        "level": "platform",
        "type": "wall",
        "platform": "8",
        "color": "#999999",
        "source": "PCIP Phase 2 Appendix A, sheet A-001, November 2020, PDF page 45"
      },
      "geometry": {
        "type": "LineString",
        "coordinates": [[-73.9949638, 40.7513947], [-73.9949601, 40.7513993], [-73.9949538, 40.7513967]]
      }
    },
    {
      "type": "Feature",
      "properties": {
        "level": "platform",
        "type": "wall",
        "platform": "3",
        "color": "#999999",
        "source": "PCIP Phase 2 Appendix A, sheet A-001, November 2020, PDF page 45"
      },
      "geometry": {
        "type": "LineString",
        "coordinates": [[-73.9953625, 40.7508546], [-73.9953545, 40.7508512]]
      }
    },
    {
      "type": "Feature",
      "properties": {
        "level": "platform",
        "type": "wall",
        "platform": "3",
        "color": "#999999",
        "source": "PCIP Phase 2 Appendix A, sheet A-001, November 2020, PDF page 45"
      },
      "geometry": {
        "type": "LineString",
        "coordinates": [[-73.9953625, 40.7508546], [-73.995366, 40.7508499], [-73.995358, 40.7508465]]
      }
    },
    {
      "type": "Feature",
      "properties": {
        "level": "platform",
        "type": "wall",
        "platform": "5",
        "color": "#999999",
        "source": "PCIP Phase 2 Appendix A, sheet A-001, November 2020, PDF page 45"
      },
      "geometry": {
        "type": "LineString",
        "coordinates": [[-73.9951987, 40.7510759], [-73.9951924, 40.7510732]]
      }
    },
    {
      "type": "Feature",
      "properties": {
        "level": "platform",
        "type": "wall",
        "platform": "5",
        "color": "#999999",
        "source": "PCIP Phase 2 Appendix A, sheet A-001, November 2020, PDF page 45"
      },
      "geometry": {
        "type": "LineString",
        "coordinates": [[-73.9951987, 40.7510759], [-73.9951952, 40.7510807], [-73.9951889, 40.751078]]
      }
    },
    {
      "type": "Feature",
      "properties": {
        "level": "platform",
        "type": "wall",
        "platform": "8",
        "color": "#999999",
        "source": "PCIP Phase 2 Appendix A, sheet A-001, November 2020, PDF page 45"
      },
      "geometry": {
        "type": "LineString",
        "coordinates": [[-73.9949538, 40.7513967], [-73.9949575, 40.751392]]
      }
    },
    {
      "type": "Feature",
      "properties": {
        "level": "platform",
        "type": "wall",
        "platform": "5",
        "color": "#999999",
        "source": "PCIP Phase 2 Appendix A, sheet A-001, November 2020, PDF page 45"
      },
      "geometry": {
        "type": "LineString",
        "coordinates": [[-73.9951889, 40.751078], [-73.9951924, 40.7510732]]
      }
    },
    {
      "type": "Feature",
      "properties": {
        "level": "platform",
        "type": "wall",
        "platform": "3",
        "color": "#999999",
        "source": "PCIP Phase 2 Appendix A, sheet A-001, November 2020, PDF page 45"
      },
      "geometry": {
        "type": "LineString",
        "coordinates": [[-73.995358, 40.7508465], [-73.9953545, 40.7508512]]
      }
    },
    {
      "type": "Feature",
      "properties": {
        "level": "platform",
        "type": "wall",
        "platform": "7",
        "color": "#999999",
        "source": "PCIP Phase 2 Appendix A, sheet A-001, November 2020, PDF page 45"
      },
      "geometry": {
        "type": "LineString",
        "coordinates": [[-73.9949188, 40.7512368], [-73.9949154, 40.7512414]]
      }
    },
    {
      "type": "Feature",
      "properties": {
        "level": "platform",
        "type": "wall",
        "platform": "7",
        "color": "#999999",
        "source": "PCIP Phase 2 Appendix A, sheet A-001, November 2020, PDF page 45"
      },
      "geometry": {
        "type": "LineString",
        "coordinates": [[-73.9949188, 40.7512368], [-73.9949129, 40.7512343], [-73.9949095, 40.7512389]]
      }
    },
    {
      "type": "Feature",
      "properties": {
        "level": "platform",
        "type": "wall",
        "platform": "7",
        "color": "#999999",
        "source": "PCIP Phase 2 Appendix A, sheet A-001, November 2020, PDF page 45"
      },
      "geometry": {
        "type": "LineString",
        "coordinates": [[-73.9949095, 40.7512389], [-73.9949154, 40.7512414]]
      }
    },
    {
      "type": "Feature",
      "properties": {
        "level": "platform",
        "type": "wall",
        "platform": "5",
        "color": "#999999",
        "source": "PCIP Phase 2 Appendix A, sheet A-001, November 2020, PDF page 45"
      },
      "geometry": {
        "type": "LineString",
        "coordinates": [[-73.9950758, 40.751024], [-73.9950695, 40.7510213], [-73.9950659, 40.7510261]]
      }
    },
    {
      "type": "Feature",
      "properties": {
        "level": "platform",
        "type": "wall",
        "platform": "5",
        "color": "#999999",
        "source": "PCIP Phase 2 Appendix A, sheet A-001, November 2020, PDF page 45"
      },
      "geometry": {
        "type": "LineString",
        "coordinates": [[-73.9950758, 40.751024], [-73.9950722, 40.7510288]]
      }
    },
    {
      "type": "Feature",
      "properties": {
        "level": "platform",
        "type": "wall",
        "platform": "5",
        "color": "#999999",
        "source": "PCIP Phase 2 Appendix A, sheet A-001, November 2020, PDF page 45"
      },
      "geometry": {
        "type": "LineString",
        "coordinates": [[-73.9950659, 40.7510261], [-73.9950722, 40.7510288]]
      }
    },
    {
      "type": "Feature",
      "properties": {
        "level": "platform",
        "type": "wall",
        "platform": "8",
        "color": "#999999",
        "source": "PCIP Phase 2 Appendix A, sheet A-001, November 2020, PDF page 45"
      },
      "geometry": {
        "type": "LineString",
        "coordinates": [[-73.994816, 40.7513517], [-73.9948219, 40.7513437]]
      }
    },
    {
      "type": "Feature",
      "properties": {
        "level": "platform",
        "type": "wall",
        "platform": "8",
        "color": "#999999",
        "source": "PCIP Phase 2 Appendix A, sheet A-001, November 2020, PDF page 45"
      },
      "geometry": {
        "type": "LineString",
        "coordinates": [[-73.9947184, 40.7513069], [-73.9947164, 40.7513059], [-73.994715, 40.7513074]]
      }
    },
    {
      "type": "Feature",
      "properties": {
        "level": "platform",
        "type": "wall",
        "platform": "3",
        "color": "#999999",
        "source": "PCIP Phase 2 Appendix A, sheet A-001, November 2020, PDF page 45"
      },
      "geometry": {
        "type": "LineString",
        "coordinates": [[-73.9951132, 40.7507429], [-73.9951195, 40.7507456]]
      }
    },
    {
      "type": "Feature",
      "properties": {
        "level": "platform",
        "type": "wall",
        "platform": "3",
        "color": "#999999",
        "source": "PCIP Phase 2 Appendix A, sheet A-001, November 2020, PDF page 45"
      },
      "geometry": {
        "type": "LineString",
        "coordinates": [[-73.9951244, 40.750739], [-73.9951179, 40.7507365], [-73.9951132, 40.7507429]]
      }
    },
    {
      "type": "Feature",
      "properties": {
        "level": "platform",
        "type": "wall",
        "platform": "3",
        "color": "#999999",
        "source": "PCIP Phase 2 Appendix A, sheet A-001, November 2020, PDF page 45"
      },
      "geometry": {
        "type": "LineString",
        "coordinates": [[-73.9951244, 40.750739], [-73.9951195, 40.7507456]]
      }
    },
    {
      "type": "Feature",
      "properties": {
        "level": "platform",
        "type": "wall",
        "platform": "3",
        "color": "#999999",
        "source": "PCIP Phase 2 Appendix A, sheet A-001, November 2020, PDF page 45"
      },
      "geometry": {
        "type": "LineString",
        "coordinates": [[-73.9950707, 40.7507238], [-73.9950742, 40.750719], [-73.995068, 40.7507162]]
      }
    },
    {
      "type": "Feature",
      "properties": {
        "level": "platform",
        "type": "wall",
        "platform": "3",
        "color": "#999999",
        "source": "PCIP Phase 2 Appendix A, sheet A-001, November 2020, PDF page 45"
      },
      "geometry": {
        "type": "LineString",
        "coordinates": [[-73.9950707, 40.7507238], [-73.9950645, 40.750721]]
      }
    },
    {
      "type": "Feature",
      "properties": {
        "level": "platform",
        "type": "wall",
        "platform": "3",
        "color": "#999999",
        "source": "PCIP Phase 2 Appendix A, sheet A-001, November 2020, PDF page 45"
      },
      "geometry": {
        "type": "LineString",
        "coordinates": [[-73.995068, 40.7507162], [-73.9950645, 40.750721]]
      }
    },
    {
      "type": "Feature",
      "properties": {
        "level": "platform",
        "type": "wall",
        "platform": "5",
        "color": "#999999",
        "source": "PCIP Phase 2 Appendix A, sheet A-001, November 2020, PDF page 45"
      },
      "geometry": {
        "type": "LineString",
        "coordinates": [[-73.9948926, 40.7509484], [-73.9948906, 40.7509511]]
      }
    },
    {
      "type": "Feature",
      "properties": {
        "level": "platform",
        "type": "wall",
        "platform": "7",
        "color": "#999999",
        "source": "PCIP Phase 2 Appendix A, sheet A-001, November 2020, PDF page 45"
      },
      "geometry": {
        "type": "LineString",
        "coordinates": [[-73.9947308, 40.7511634], [-73.9947244, 40.7511609]]
      }
    },
    {
      "type": "Feature",
      "properties": {
        "level": "platform",
        "type": "wall",
        "platform": "7",
        "color": "#999999",
        "source": "PCIP Phase 2 Appendix A, sheet A-001, November 2020, PDF page 45"
      },
      "geometry": {
        "type": "LineString",
        "coordinates": [[-73.9947308, 40.7511634], [-73.9947341, 40.7511585], [-73.9947277, 40.751156]]
      }
    },
    {
      "type": "Feature",
      "properties": {
        "level": "platform",
        "type": "wall",
        "platform": "5",
        "color": "#999999",
        "source": "PCIP Phase 2 Appendix A, sheet A-001, November 2020, PDF page 45"
      },
      "geometry": {
        "type": "LineString",
        "coordinates": [[-73.9948899, 40.7509473], [-73.9948879, 40.75095]]
      }
    },
    {
      "type": "Feature",
      "properties": {
        "level": "platform",
        "type": "wall",
        "platform": "5",
        "color": "#999999",
        "source": "PCIP Phase 2 Appendix A, sheet A-001, November 2020, PDF page 45"
      },
      "geometry": {
        "type": "LineString",
        "coordinates": [[-73.9948899, 40.7509473], [-73.9948909, 40.7509458], [-73.9948846, 40.7509432]]
      }
    },
    {
      "type": "Feature",
      "properties": {
        "level": "platform",
        "type": "wall",
        "platform": "5",
        "color": "#999999",
        "source": "PCIP Phase 2 Appendix A, sheet A-001, November 2020, PDF page 45"
      },
      "geometry": {
        "type": "LineString",
        "coordinates": [[-73.9948874, 40.7509506], [-73.9948811, 40.7509479]]
      }
    },
    {
      "type": "Feature",
      "properties": {
        "level": "platform",
        "type": "wall",
        "platform": "7",
        "color": "#999999",
        "source": "PCIP Phase 2 Appendix A, sheet A-001, November 2020, PDF page 45"
      },
      "geometry": {
        "type": "LineString",
        "coordinates": [[-73.9947277, 40.751156], [-73.9947244, 40.7511609]]
      }
    },
    {
      "type": "Feature",
      "properties": {
        "level": "platform",
        "type": "wall",
        "platform": "5",
        "color": "#999999",
        "source": "PCIP Phase 2 Appendix A, sheet A-001, November 2020, PDF page 45"
      },
      "geometry": {
        "type": "LineString",
        "coordinates": [[-73.9948846, 40.7509432], [-73.9948811, 40.7509479]]
      }
    },
    {
      "type": "Feature",
      "properties": {
        "level": "platform",
        "type": "wall",
        "platform": "7",
        "color": "#999999",
        "source": "PCIP Phase 2 Appendix A, sheet A-001, November 2020, PDF page 45"
      },
      "geometry": {
        "type": "LineString",
        "coordinates": [[-73.9947012, 40.7511605], [-73.9947002, 40.7511617], [-73.9947018, 40.7511622]]
      }
    },
    {
      "type": "Feature",
      "properties": {
        "level": "platform",
        "type": "wall",
        "platform": "5",
        "color": "#999999",
        "source": "PCIP Phase 2 Appendix A, sheet A-001, November 2020, PDF page 45"
      },
      "geometry": {
        "type": "LineString",
        "coordinates": [[-73.9947475, 40.7508857], [-73.9947419, 40.7508833]]
      }
    },
    {
      "type": "Feature",
      "properties": {
        "level": "platform",
        "type": "wall",
        "platform": "5",
        "color": "#999999",
        "source": "PCIP Phase 2 Appendix A, sheet A-001, November 2020, PDF page 45"
      },
      "geometry": {
        "type": "LineString",
        "coordinates": [[-73.9947475, 40.7508857], [-73.9947443, 40.7508897], [-73.9947386, 40.7508873], [-73.9947419, 40.7508833]]
      }
    },
    {
      "type": "Feature",
      "properties": {
        "level": "platform",
        "type": "wall",
        "platform": "4",
        "color": "#999999",
        "source": "PCIP Phase 2 Appendix A, sheet A-001, November 2020, PDF page 45"
      },
      "geometry": {
        "type": "LineString",
        "coordinates": [[-73.9948258, 40.750779], [-73.9948289, 40.7507747], [-73.9948235, 40.7507724]]
      }
    },
    {
      "type": "Feature",
      "properties": {
        "level": "platform",
        "type": "wall",
        "platform": "4",
        "color": "#999999",
        "source": "PCIP Phase 2 Appendix A, sheet A-001, November 2020, PDF page 45"
      },
      "geometry": {
        "type": "LineString",
        "coordinates": [[-73.9948258, 40.750779], [-73.9948203, 40.7507767]]
      }
    },
    {
      "type": "Feature",
      "properties": {
        "level": "platform",
        "type": "wall",
        "platform": "4",
        "color": "#999999",
        "source": "PCIP Phase 2 Appendix A, sheet A-001, November 2020, PDF page 45"
      },
      "geometry": {
        "type": "LineString",
        "coordinates": [[-73.9948235, 40.7507724], [-73.9948203, 40.7507767]]
      }
    },
    {
      "type": "Feature",
      "properties": {
        "level": "platform",
        "type": "wall",
        "platform": "3",
        "color": "#999999",
        "source": "PCIP Phase 2 Appendix A, sheet A-001, November 2020, PDF page 45"
      },
      "geometry": {
        "type": "LineString",
        "coordinates": [[-73.9948578, 40.7506283], [-73.9948569, 40.7506296], [-73.9948592, 40.7506306], [-73.9948601, 40.7506293], [-73.9948612, 40.7506298], [-73.9948588, 40.7506334], [-73.9948575, 40.7506328], [-73.9948585, 40.7506315], [-73.9948562, 40.7506306], [-73.9948552, 40.7506318]]
      }
    },
    {
      "type": "Feature",
      "properties": {
        "level": "platform",
        "type": "wall",
        "platform": "3",
        "color": "#999999",
        "source": "PCIP Phase 2 Appendix A, sheet A-001, November 2020, PDF page 45"
      },
      "geometry": {
        "type": "LineString",
        "coordinates": [[-73.994854, 40.7506313], [-73.9948565, 40.7506278]]
      }
    },
    {
      "type": "Feature",
      "properties": {
        "level": "platform",
        "type": "wall",
        "platform": "5",
        "color": "#999999",
        "source": "PCIP Phase 2 Appendix A, sheet A-001, November 2020, PDF page 45"
      },
      "geometry": {
        "type": "LineString",
        "coordinates": [[-73.9944111, 40.7507395], [-73.9944077, 40.7507422]]
      }
    },
    {
      "type": "Feature",
      "properties": {
        "level": "platform",
        "type": "wall",
        "platform": "5",
        "color": "#999999",
        "source": "PCIP Phase 2 Appendix A, sheet A-001, November 2020, PDF page 45"
      },
      "geometry": {
        "type": "LineString",
        "coordinates": [[-73.9944111, 40.7507395], [-73.9944082, 40.7507374], [-73.9944048, 40.7507401]]
      }
    },
    {
      "type": "Feature",
      "properties": {
        "level": "platform",
        "type": "wall",
        "platform": "5",
        "color": "#999999",
        "source": "PCIP Phase 2 Appendix A, sheet A-001, November 2020, PDF page 45"
      },
      "geometry": {
        "type": "LineString",
        "coordinates": [[-73.9944048, 40.7507401], [-73.9944077, 40.7507422]]
      }
    },
    {
      "type": "Feature",
      "properties": {
        "level": "platform",
        "type": "wall",
        "platform": "6",
        "color": "#999999",
        "source": "PCIP Phase 2 Appendix A, sheet A-001, November 2020, PDF page 45"
      },
      "geometry": {
        "type": "LineString",
        "coordinates": [[-73.994329, 40.7508487], [-73.9943256, 40.750842], [-73.9943236, 40.7508451]]
      }
    },
    {
      "type": "Feature",
      "properties": {
        "level": "platform",
        "type": "wall",
        "platform": "6",
        "color": "#999999",
        "source": "PCIP Phase 2 Appendix A, sheet A-001, November 2020, PDF page 45"
      },
      "geometry": {
        "type": "LineString",
        "coordinates": [[-73.9943263, 40.7508523], [-73.9943172, 40.7508535], [-73.9943194, 40.7508504]]
      }
    },
    {
      "type": "Feature",
      "properties": {
        "level": "platform",
        "type": "wall",
        "platform": "6",
        "color": "#999999",
        "source": "PCIP Phase 2 Appendix A, sheet A-001, November 2020, PDF page 45"
      },
      "geometry": {
        "type": "LineString",
        "coordinates": [[-73.9943236, 40.7508451], [-73.9943048, 40.7508373]]
      }
    },
    {
      "type": "Feature",
      "properties": {
        "level": "platform",
        "type": "wall",
        "platform": "6",
        "color": "#999999",
        "source": "PCIP Phase 2 Appendix A, sheet A-001, November 2020, PDF page 45"
      },
      "geometry": {
        "type": "LineString",
        "coordinates": [[-73.9943194, 40.7508504], [-73.9943011, 40.7508427]]
      }
    },
    {
      "type": "Feature",
      "properties": {
        "level": "platform",
        "type": "wall",
        "platform": "2",
        "color": "#999999",
        "source": "PCIP Phase 2 Appendix A, sheet A-001, November 2020, PDF page 45"
      },
      "geometry": {
        "type": "LineString",
        "coordinates": [[-73.9946243, 40.7504134], [-73.9946212, 40.7504175]]
      }
    },
    {
      "type": "Feature",
      "properties": {
        "level": "platform",
        "type": "wall",
        "platform": "2",
        "color": "#999999",
        "source": "PCIP Phase 2 Appendix A, sheet A-001, November 2020, PDF page 45"
      },
      "geometry": {
        "type": "LineString",
        "coordinates": [[-73.9946243, 40.7504134], [-73.9946186, 40.750411], [-73.9946156, 40.7504151]]
      }
    },
    {
      "type": "Feature",
      "properties": {
        "level": "platform",
        "type": "wall",
        "platform": "2",
        "color": "#999999",
        "source": "PCIP Phase 2 Appendix A, sheet A-001, November 2020, PDF page 45"
      },
      "geometry": {
        "type": "LineString",
        "coordinates": [[-73.9946156, 40.7504151], [-73.9946212, 40.7504175]]
      }
    },
    {
      "type": "Feature",
      "properties": {
        "level": "platform",
        "type": "wall",
        "platform": "5",
        "color": "#999999",
        "source": "PCIP Phase 2 Appendix A, sheet A-001, November 2020, PDF page 45"
      },
      "geometry": {
        "type": "LineString",
        "coordinates": [[-73.9943803, 40.7507337], [-73.9943836, 40.7507351]]
      }
    },
    {
      "type": "Feature",
      "properties": {
        "level": "platform",
        "type": "wall",
        "platform": "5",
        "color": "#999999",
        "source": "PCIP Phase 2 Appendix A, sheet A-001, November 2020, PDF page 45"
      },
      "geometry": {
        "type": "LineString",
        "coordinates": [[-73.9943836, 40.7507351], [-73.9943859, 40.7507324], [-73.9943826, 40.7507309]]
      }
    },
    {
      "type": "Feature",
      "properties": {
        "level": "platform",
        "type": "wall",
        "platform": "5",
        "color": "#999999",
        "source": "PCIP Phase 2 Appendix A, sheet A-001, November 2020, PDF page 45"
      },
      "geometry": {
        "type": "LineString",
        "coordinates": [[-73.9943823, 40.7507312], [-73.9943803, 40.7507337]]
      }
    },
    {
      "type": "Feature",
      "properties": {
        "level": "platform",
        "type": "wall",
        "platform": "5",
        "color": "#999999",
        "source": "PCIP Phase 2 Appendix A, sheet A-001, November 2020, PDF page 45"
      },
      "geometry": {
        "type": "LineString",
        "coordinates": [[-73.9943823, 40.7507312], [-73.9943765, 40.7507286], [-73.994373, 40.750733]]
      }
    },
    {
      "type": "Feature",
      "properties": {
        "level": "platform",
        "type": "wall",
        "platform": "6",
        "color": "#999999",
        "source": "PCIP Phase 2 Appendix A, sheet A-001, November 2020, PDF page 45"
      },
      "geometry": {
        "type": "LineString",
        "coordinates": [[-73.9943036, 40.7508375], [-73.9942997, 40.750836], [-73.9942965, 40.7508403]]
      }
    },
    {
      "type": "Feature",
      "properties": {
        "level": "platform",
        "type": "wall",
        "platform": "6",
        "color": "#999999",
        "source": "PCIP Phase 2 Appendix A, sheet A-001, November 2020, PDF page 45"
      },
      "geometry": {
        "type": "LineString",
        "coordinates": [[-73.9943036, 40.7508375], [-73.9943004, 40.7508418]]
      }
    },
    {
      "type": "Feature",
      "properties": {
        "level": "platform",
        "type": "wall",
        "platform": "6",
        "color": "#999999",
        "source": "PCIP Phase 2 Appendix A, sheet A-001, November 2020, PDF page 45"
      },
      "geometry": {
        "type": "LineString",
        "coordinates": [[-73.9942965, 40.7508403], [-73.9943004, 40.7508418]]
      }
    },
    {
      "type": "Feature",
      "properties": {
        "level": "platform",
        "type": "wall",
        "platform": "5",
        "color": "#999999",
        "source": "PCIP Phase 2 Appendix A, sheet A-001, November 2020, PDF page 45"
      },
      "geometry": {
        "type": "LineString",
        "coordinates": [[-73.994373, 40.750733], [-73.9943788, 40.7507356]]
      }
    },
    {
      "type": "Feature",
      "properties": {
        "level": "platform",
        "type": "wall",
        "platform": "8",
        "color": "#999999",
        "source": "PCIP Phase 2 Appendix A, sheet A-001, November 2020, PDF page 45"
      },
      "geometry": {
        "type": "LineString",
        "coordinates": [[-73.9941359, 40.751057], [-73.9941301, 40.7510548]]
      }
    },
    {
      "type": "Feature",
      "properties": {
        "level": "platform",
        "type": "wall",
        "platform": "8",
        "color": "#999999",
        "source": "PCIP Phase 2 Appendix A, sheet A-001, November 2020, PDF page 45"
      },
      "geometry": {
        "type": "LineString",
        "coordinates": [[-73.9941359, 40.751057], [-73.9941388, 40.7510526], [-73.994133, 40.7510504]]
      }
    },
    {
      "type": "Feature",
      "properties": {
        "level": "platform",
        "type": "wall",
        "platform": "1",
        "color": "#999999",
        "source": "PCIP Phase 2 Appendix A, sheet A-001, November 2020, PDF page 45"
      },
      "geometry": {
        "type": "LineString",
        "coordinates": [[-73.9946963, 40.7502972], [-73.9946889, 40.7502941]]
      }
    },
    {
      "type": "Feature",
      "properties": {
        "level": "platform",
        "type": "wall",
        "platform": "1",
        "color": "#999999",
        "source": "PCIP Phase 2 Appendix A, sheet A-001, November 2020, PDF page 45"
      },
      "geometry": {
        "type": "LineString",
        "coordinates": [[-73.9946963, 40.7502972], [-73.9946994, 40.7502931], [-73.9946921, 40.7502898]]
      }
    },
    {
      "type": "Feature",
      "properties": {
        "level": "platform",
        "type": "wall",
        "platform": "4",
        "color": "#999999",
        "source": "PCIP Phase 2 Appendix A, sheet A-001, November 2020, PDF page 45"
      },
      "geometry": {
        "type": "LineString",
        "coordinates": [[-73.994459, 40.7506181], [-73.9944535, 40.7506158], [-73.99445, 40.7506206]]
      }
    },
    {
      "type": "Feature",
      "properties": {
        "level": "platform",
        "type": "wall",
        "platform": "4",
        "color": "#999999",
        "source": "PCIP Phase 2 Appendix A, sheet A-001, November 2020, PDF page 45"
      },
      "geometry": {
        "type": "LineString",
        "coordinates": [[-73.994459, 40.7506181], [-73.9944555, 40.7506229]]
      }
    },
    {
      "type": "Feature",
      "properties": {
        "level": "platform",
        "type": "wall",
        "platform": "4",
        "color": "#999999",
        "source": "PCIP Phase 2 Appendix A, sheet A-001, November 2020, PDF page 45"
      },
      "geometry": {
        "type": "LineString",
        "coordinates": [[-73.99445, 40.7506206], [-73.9944555, 40.7506229]]
      }
    },
    {
      "type": "Feature",
      "properties": {
        "level": "platform",
        "type": "wall",
        "platform": "8",
        "color": "#999999",
        "source": "PCIP Phase 2 Appendix A, sheet A-001, November 2020, PDF page 45"
      },
      "geometry": {
        "type": "LineString",
        "coordinates": [[-73.994133, 40.7510504], [-73.9941301, 40.7510548]]
      }
    },
    {
      "type": "Feature",
      "properties": {
        "level": "platform",
        "type": "wall",
        "platform": "1",
        "color": "#999999",
        "source": "PCIP Phase 2 Appendix A, sheet A-001, November 2020, PDF page 45"
      },
      "geometry": {
        "type": "LineString",
        "coordinates": [[-73.9946921, 40.7502898], [-73.994689, 40.7502941]]
      }
    },
    {
      "type": "Feature",
      "properties": {
        "level": "platform",
        "type": "wall",
        "platform": "5",
        "color": "#999999",
        "source": "PCIP Phase 2 Appendix A, sheet A-001, November 2020, PDF page 45"
      },
      "geometry": {
        "type": "LineString",
        "coordinates": [[-73.9943053, 40.7506856], [-73.9942996, 40.7506832]]
      }
    },
    {
      "type": "Feature",
      "properties": {
        "level": "platform",
        "type": "wall",
        "platform": "5",
        "color": "#999999",
        "source": "PCIP Phase 2 Appendix A, sheet A-001, November 2020, PDF page 45"
      },
      "geometry": {
        "type": "LineString",
        "coordinates": [[-73.9943053, 40.7506856], [-73.9943023, 40.7506896], [-73.9942966, 40.7506872]]
      }
    },
    {
      "type": "Feature",
      "properties": {
        "level": "platform",
        "type": "wall",
        "platform": "5",
        "color": "#999999",
        "source": "PCIP Phase 2 Appendix A, sheet A-001, November 2020, PDF page 45"
      },
      "geometry": {
        "type": "LineString",
        "coordinates": [[-73.9942966, 40.7506872], [-73.9942996, 40.7506832]]
      }
    },
    {
      "type": "Feature",
      "properties": {
        "level": "platform",
        "type": "wall",
        "platform": "1",
        "color": "#999999",
        "source": "PCIP Phase 2 Appendix A, sheet A-001, November 2020, PDF page 45"
      },
      "geometry": {
        "type": "LineString",
        "coordinates": [[-73.9946029, 40.7502461], [-73.9946002, 40.7502498], [-73.9946079, 40.7502531], [-73.9946109, 40.7502495]]
      }
    },
    {
      "type": "Feature",
      "properties": {
        "level": "platform",
        "type": "wall",
        "platform": "1",
        "color": "#999999",
        "source": "PCIP Phase 2 Appendix A, sheet A-001, November 2020, PDF page 45"
      },
      "geometry": {
        "type": "LineString",
        "coordinates": [[-73.9946109, 40.7502495], [-73.9946029, 40.7502461]]
      }
    },
    {
      "type": "Feature",
      "properties": {
        "level": "platform",
        "type": "wall",
        "platform": "7",
        "color": "#999999",
        "source": "PCIP Phase 2 Appendix A, sheet A-001, November 2020, PDF page 45"
      },
      "geometry": {
        "type": "LineString",
        "coordinates": [[-73.9941095, 40.7508833], [-73.9941122, 40.7508796], [-73.9941015, 40.750875]]
      }
    },
    {
      "type": "Feature",
      "properties": {
        "level": "platform",
        "type": "wall",
        "platform": "7",
        "color": "#999999",
        "source": "PCIP Phase 2 Appendix A, sheet A-001, November 2020, PDF page 45"
      },
      "geometry": {
        "type": "LineString",
        "coordinates": [[-73.9941015, 40.750875], [-73.9940988, 40.7508787]]
      }
    },
    {
      "type": "Feature",
      "properties": {
        "level": "platform",
        "type": "wall",
        "platform": "8",
        "color": "#999999",
        "source": "PCIP Phase 2 Appendix A, sheet A-001, November 2020, PDF page 45"
      },
      "geometry": {
        "type": "LineString",
        "coordinates": [[-73.9939878, 40.751002], [-73.9939916, 40.7510036]]
      }
    },
    {
      "type": "Feature",
      "properties": {
        "level": "platform",
        "type": "wall",
        "platform": "8",
        "color": "#999999",
        "source": "PCIP Phase 2 Appendix A, sheet A-001, November 2020, PDF page 45"
      },
      "geometry": {
        "type": "LineString",
        "coordinates": [[-73.9939916, 40.7510036], [-73.9939889, 40.7510073]]
      }
    },
    {
      "type": "Feature",
      "properties": {
        "level": "platform",
        "type": "wall",
        "platform": "8",
        "color": "#999999",
        "source": "PCIP Phase 2 Appendix A, sheet A-001, November 2020, PDF page 45"
      },
      "geometry": {
        "type": "LineString",
        "coordinates": [[-73.9939889, 40.7510073], [-73.9939851, 40.7510057]]
      }
    },
    {
      "type": "Feature",
      "properties": {
        "level": "platform",
        "type": "wall",
        "platform": "7",
        "color": "#999999",
        "source": "PCIP Phase 2 Appendix A, sheet A-001, November 2020, PDF page 45"
      },
      "geometry": {
        "type": "LineString",
        "coordinates": [[-73.9940605, 40.7508924], [-73.9940631, 40.7508889], [-73.9940726, 40.7508929], [-73.99407, 40.7508964]]
      }
    },
    {
      "type": "Feature",
      "properties": {
        "level": "platform",
        "type": "wall",
        "platform": "7",
        "color": "#999999",
        "source": "PCIP Phase 2 Appendix A, sheet A-001, November 2020, PDF page 45"
      },
      "geometry": {
        "type": "LineString",
        "coordinates": [[-73.9940605, 40.7508924], [-73.99407, 40.7508964]]
      }
    },
    {
      "type": "Feature",
      "properties": {
        "level": "platform",
        "type": "wall",
        "platform": "6",
        "color": "#999999",
        "source": "PCIP Phase 2 Appendix A, sheet A-001, November 2020, PDF page 45"
      },
      "geometry": {
        "type": "LineString",
        "coordinates": [[-73.9941651, 40.7507672], [-73.9941557, 40.7507632]]
      }
    },
    {
      "type": "Feature",
      "properties": {
        "level": "platform",
        "type": "wall",
        "platform": "6",
        "color": "#999999",
        "source": "PCIP Phase 2 Appendix A, sheet A-001, November 2020, PDF page 45"
      },
      "geometry": {
        "type": "LineString",
        "coordinates": [[-73.9941651, 40.7507672], [-73.9941628, 40.7507704], [-73.9941533, 40.7507664]]
      }
    },
    {
      "type": "Feature",
      "properties": {
        "level": "platform",
        "type": "wall",
        "platform": "6",
        "color": "#999999",
        "source": "PCIP Phase 2 Appendix A, sheet A-001, November 2020, PDF page 45"
      },
      "geometry": {
        "type": "LineString",
        "coordinates": [[-73.9941485, 40.7507897], [-73.994151, 40.7507864]]
      }
    },
    {
      "type": "Feature",
      "properties": {
        "level": "platform",
        "type": "wall",
        "platform": "6",
        "color": "#999999",
        "source": "PCIP Phase 2 Appendix A, sheet A-001, November 2020, PDF page 45"
      },
      "geometry": {
        "type": "LineString",
        "coordinates": [[-73.9941415, 40.7507824], [-73.994151, 40.7507864]]
      }
    },
    {
      "type": "Feature",
      "properties": {
        "level": "platform",
        "type": "wall",
        "platform": "6",
        "color": "#999999",
        "source": "PCIP Phase 2 Appendix A, sheet A-001, November 2020, PDF page 45"
      },
      "geometry": {
        "type": "LineString",
        "coordinates": [[-73.9941485, 40.7507897], [-73.9941391, 40.7507857], [-73.9941415, 40.7507824]]
      }
    },
    {
      "type": "Feature",
      "properties": {
        "level": "platform",
        "type": "wall",
        "platform": "4",
        "color": "#999999",
        "source": "PCIP Phase 2 Appendix A, sheet A-001, November 2020, PDF page 45"
      },
      "geometry": {
        "type": "LineString",
        "coordinates": [[-73.9943155, 40.7505457], [-73.9943254, 40.7505499]]
      }
    },
    {
      "type": "Feature",
      "properties": {
        "level": "platform",
        "type": "wall",
        "platform": "4",
        "color": "#999999",
        "source": "PCIP Phase 2 Appendix A, sheet A-001, November 2020, PDF page 45"
      },
      "geometry": {
        "type": "LineString",
        "coordinates": [[-73.9943228, 40.7505534], [-73.9943254, 40.7505499]]
      }
    },
    {
      "type": "Feature",
      "properties": {
        "level": "platform",
        "type": "wall",
        "platform": "4",
        "color": "#999999",
        "source": "PCIP Phase 2 Appendix A, sheet A-001, November 2020, PDF page 45"
      },
      "geometry": {
        "type": "LineString",
        "coordinates": [[-73.9943228, 40.7505534], [-73.9943129, 40.7505493], [-73.9943155, 40.7505457]]
      }
    },
    {
      "type": "Feature",
      "properties": {
        "level": "platform",
        "type": "wall",
        "platform": "5",
        "color": "#999999",
        "source": "PCIP Phase 2 Appendix A, sheet A-001, November 2020, PDF page 45"
      },
      "geometry": {
        "type": "LineString",
        "coordinates": [[-73.9942438, 40.7506604], [-73.9942412, 40.7506639], [-73.994237, 40.7506621]]
      }
    },
    {
      "type": "Feature",
      "properties": {
        "level": "platform",
        "type": "wall",
        "platform": "5",
        "color": "#999999",
        "source": "PCIP Phase 2 Appendix A, sheet A-001, November 2020, PDF page 45"
      },
      "geometry": {
        "type": "LineString",
        "coordinates": [[-73.9942297, 40.7506795], [-73.9942257, 40.7506778]]
      }
    },
    {
      "type": "Feature",
      "properties": {
        "level": "platform",
        "type": "wall",
        "platform": "5",
        "color": "#999999",
        "source": "PCIP Phase 2 Appendix A, sheet A-001, November 2020, PDF page 45"
      },
      "geometry": {
        "type": "LineString",
        "coordinates": [[-73.9942176, 40.750679], [-73.9942273, 40.7506831], [-73.9942297, 40.7506795]]
      }
    },
    {
      "type": "Feature",
      "properties": {
        "level": "platform",
        "type": "wall",
        "platform": "5",
        "color": "#999999",
        "source": "PCIP Phase 2 Appendix A, sheet A-001, November 2020, PDF page 45"
      },
      "geometry": {
        "type": "LineString",
        "coordinates": [[-73.9942396, 40.7506586], [-73.9942438, 40.7506604]]
      }
    },
    {
      "type": "Feature",
      "properties": {
        "level": "platform",
        "type": "wall",
        "platform": "1",
        "color": "#999999",
        "source": "PCIP Phase 2 Appendix A, sheet A-001, November 2020, PDF page 45"
      },
      "geometry": {
        "type": "LineString",
        "coordinates": [[-73.9945453, 40.7502391], [-73.9945449, 40.7502397], [-73.9945503, 40.750242]]
      }
    },
    {
      "type": "Feature",
      "properties": {
        "level": "platform",
        "type": "wall",
        "platform": "8",
        "color": "#999999",
        "source": "PCIP Phase 2 Appendix A, sheet A-001, November 2020, PDF page 45"
      },
      "geometry": {
        "type": "LineString",
        "coordinates": [[-73.9939878, 40.751002], [-73.9939993, 40.7509862]]
      }
    },
    {
      "type": "Feature",
      "properties": {
        "level": "platform",
        "type": "wall",
        "platform": "8",
        "color": "#999999",
        "source": "PCIP Phase 2 Appendix A, sheet A-001, November 2020, PDF page 45"
      },
      "geometry": {
        "type": "LineString",
        "coordinates": [[-73.9939851, 40.7510057], [-73.993979, 40.7510031], [-73.9939817, 40.7509994], [-73.9939878, 40.751002]]
      }
    },
    {
      "type": "Feature",
      "properties": {
        "level": "platform",
        "type": "wall",
        "platform": "8",
        "color": "#999999",
        "source": "PCIP Phase 2 Appendix A, sheet A-001, November 2020, PDF page 45"
      },
      "geometry": {
        "type": "LineString",
        "coordinates": [[-73.9939851, 40.7510057], [-73.9939878, 40.751002]]
      }
    },
    {
      "type": "Feature",
      "properties": {
        "level": "platform",
        "type": "wall",
        "platform": "1",
        "color": "#999999",
        "source": "PCIP Phase 2 Appendix A, sheet A-001, November 2020, PDF page 45"
      },
      "geometry": {
        "type": "LineString",
        "coordinates": [[-73.9945654, 40.7502198], [-73.9945611, 40.7502177], [-73.9945608, 40.7502182]]
      }
    },
    {
      "type": "Feature",
      "properties": {
        "level": "platform",
        "type": "wall",
        "platform": "5",
        "color": "#999999",
        "source": "PCIP Phase 2 Appendix A, sheet A-001, November 2020, PDF page 45"
      },
      "geometry": {
        "type": "LineString",
        "coordinates": [[-73.9942257, 40.7506778], [-73.9942202, 40.7506755], [-73.9942176, 40.750679]]
      }
    },
    {
      "type": "Feature",
      "properties": {
        "level": "platform",
        "type": "wall",
        "platform": "5",
        "color": "#999999",
        "source": "PCIP Phase 2 Appendix A, sheet A-001, November 2020, PDF page 45"
      },
      "geometry": {
        "type": "LineString",
        "coordinates": [[-73.994237, 40.7506621], [-73.9942257, 40.7506778]]
      }
    },
    {
      "type": "Feature",
      "properties": {
        "level": "platform",
        "type": "wall",
        "platform": "5",
        "color": "#999999",
        "source": "PCIP Phase 2 Appendix A, sheet A-001, November 2020, PDF page 45"
      },
      "geometry": {
        "type": "LineString",
        "coordinates": [[-73.994237, 40.7506621], [-73.9942317, 40.7506599], [-73.9942343, 40.7506564], [-73.9942396, 40.7506586]]
      }
    },
    {
      "type": "Feature",
      "properties": {
        "level": "platform",
        "type": "wall",
        "platform": "6",
        "color": "#999999",
        "source": "PCIP Phase 2 Appendix A, sheet A-001, November 2020, PDF page 45"
      },
      "geometry": {
        "type": "LineString",
        "coordinates": [[-73.9941533, 40.7507664], [-73.9941557, 40.7507632]]
      }
    },
    {
      "type": "Feature",
      "properties": {
        "level": "platform",
        "type": "wall",
        "platform": "7",
        "color": "#999999",
        "source": "PCIP Phase 2 Appendix A, sheet A-001, November 2020, PDF page 45"
      },
      "geometry": {
        "type": "LineString",
        "coordinates": [[-73.994007, 40.7508321], [-73.9939108, 40.7507915]]
      }
    },
    {
      "type": "Feature",
      "properties": {
        "level": "platform",
        "type": "wall",
        "platform": "8",
        "color": "#999999",
        "source": "PCIP Phase 2 Appendix A, sheet A-001, November 2020, PDF page 45"
      },
      "geometry": {
        "type": "LineString",
        "coordinates": [[-73.993806, 40.7509232], [-73.993819, 40.7509056]]
      }
    },
    {
      "type": "Feature",
      "properties": {
        "level": "platform",
        "type": "wall",
        "platform": "8",
        "color": "#999999",
        "source": "PCIP Phase 2 Appendix A, sheet A-001, November 2020, PDF page 45"
      },
      "geometry": {
        "type": "LineString",
        "coordinates": [[-73.993818, 40.7509032], [-73.9938027, 40.7509239]]
      }
    },
    {
      "type": "Feature",
      "properties": {
        "level": "platform",
        "type": "wall",
        "platform": "8",
        "color": "#999999",
        "source": "PCIP Phase 2 Appendix A, sheet A-001, November 2020, PDF page 45"
      },
      "geometry": {
        "type": "LineString",
        "coordinates": [[-73.993722, 40.7508692], [-73.9937857, 40.750896]]
      }
    },
    {
      "type": "Feature",
      "properties": {
        "level": "platform",
        "type": "wall",
        "platform": "7",
        "color": "#999999",
        "source": "PCIP Phase 2 Appendix A, sheet A-001, November 2020, PDF page 45"
      },
      "geometry": {
        "type": "LineString",
        "coordinates": [[-73.9938618, 40.7507927], [-73.9938621, 40.7507922], [-73.993793, 40.7507631]]
      }
    },
    {
      "type": "Feature",
      "properties": {
        "level": "platform",
        "type": "wall",
        "platform": "7",
        "color": "#999999",
        "source": "PCIP Phase 2 Appendix A, sheet A-001, November 2020, PDF page 45"
      },
      "geometry": {
        "type": "LineString",
        "coordinates": [[-73.9938054, 40.7507554], [-73.9938692, 40.7507822]]
      }
    },
    {
      "type": "Feature",
      "properties": {
        "level": "platform",
        "type": "wall",
        "platform": "8",
        "color": "#999999",
        "source": "PCIP Phase 2 Appendix A, sheet A-001, November 2020, PDF page 45"
      },
      "geometry": {
        "type": "LineString",
        "coordinates": [[-73.9937775, 40.7509057], [-73.9937093, 40.7508768]]
      }
    },
    {
      "type": "Feature",
      "properties": {
        "level": "platform",
        "type": "wall",
        "platform": "8",
        "color": "#999999",
        "source": "PCIP Phase 2 Appendix A, sheet A-001, November 2020, PDF page 45"
      },
      "geometry": {
        "type": "LineString",
        "coordinates": [[-73.9937775, 40.7509057], [-73.9937662, 40.7508997]]
      }
    },
    {
      "type": "Feature",
      "properties": {
        "level": "platform",
        "type": "wall",
        "platform": "8",
        "color": "#999999",
        "source": "PCIP Phase 2 Appendix A, sheet A-001, November 2020, PDF page 45"
      },
      "geometry": {
        "type": "LineString",
        "coordinates": [[-73.9937214, 40.7508696], [-73.9937845, 40.7508961]]
      }
    },
    {
      "type": "Feature",
      "properties": {
        "level": "platform",
        "type": "wall",
        "platform": "8",
        "color": "#999999",
        "source": "PCIP Phase 2 Appendix A, sheet A-001, November 2020, PDF page 45"
      },
      "geometry": {
        "type": "LineString",
        "coordinates": [[-73.9937718, 40.750892], [-73.9937845, 40.7508961]]
      }
    },
    {
      "type": "Feature",
      "properties": {
        "level": "platform",
        "type": "wall",
        "platform": "7",
        "color": "#999999",
        "source": "PCIP Phase 2 Appendix A, sheet A-001, November 2020, PDF page 45"
      },
      "geometry": {
        "type": "LineString",
        "coordinates": [[-73.9938613, 40.7507918], [-73.99385, 40.7507858]]
      }
    },
    {
      "type": "Feature",
      "properties": {
        "level": "platform",
        "type": "wall",
        "platform": "7",
        "color": "#999999",
        "source": "PCIP Phase 2 Appendix A, sheet A-001, November 2020, PDF page 45"
      },
      "geometry": {
        "type": "LineString",
        "coordinates": [[-73.9938048, 40.7507558], [-73.9938682, 40.7507824]]
      }
    },
    {
      "type": "Feature",
      "properties": {
        "level": "platform",
        "type": "wall",
        "platform": "7",
        "color": "#999999",
        "source": "PCIP Phase 2 Appendix A, sheet A-001, November 2020, PDF page 45"
      },
      "geometry": {
        "type": "LineString",
        "coordinates": [[-73.9938556, 40.7507783], [-73.9938682, 40.7507824]]
      }
    },
    {
      "type": "Feature",
      "properties": {
        "level": "platform",
        "type": "wall",
        "platform": "8",
        "color": "#999999",
        "source": "PCIP Phase 2 Appendix A, sheet A-001, November 2020, PDF page 45"
      },
      "geometry": {
        "type": "LineString",
        "coordinates": [[-73.9937754, 40.7509055], [-73.9937087, 40.7508772]]
      }
    },
    {
      "type": "Feature",
      "properties": {
        "level": "platform",
        "type": "wall",
        "platform": "8",
        "color": "#999999",
        "source": "PCIP Phase 2 Appendix A, sheet A-001, November 2020, PDF page 45"
      },
      "geometry": {
        "type": "LineString",
        "coordinates": [[-73.9937742, 40.7509071], [-73.9937066, 40.7508784]]
      }
    },
    {
      "type": "Feature",
      "properties": {
        "level": "platform",
        "type": "wall",
        "platform": "7",
        "color": "#999999",
        "source": "PCIP Phase 2 Appendix A, sheet A-001, November 2020, PDF page 45"
      },
      "geometry": {
        "type": "LineString",
        "coordinates": [[-73.9938593, 40.7507916], [-73.9937925, 40.7507635]]
      }
    },
    {
      "type": "Feature",
      "properties": {
        "level": "platform",
        "type": "wall",
        "platform": "7",
        "color": "#999999",
        "source": "PCIP Phase 2 Appendix A, sheet A-001, November 2020, PDF page 45"
      },
      "geometry": {
        "type": "LineString",
        "coordinates": [[-73.9938581, 40.7507932], [-73.9937904, 40.7507647]]
      }
    },
    {
      "type": "Feature",
      "properties": {
        "level": "platform",
        "type": "wall",
        "platform": "1",
        "color": "#999999",
        "source": "PCIP Phase 2 Appendix A, sheet A-001, November 2020, PDF page 45"
      },
      "geometry": {
        "type": "LineString",
        "coordinates": [[-73.9943141, 40.7501318], [-73.9942388, 40.7500999]]
      }
    },
    {
      "type": "Feature",
      "properties": {
        "level": "platform",
        "type": "wall",
        "platform": "1",
        "color": "#999999",
        "source": "PCIP Phase 2 Appendix A, sheet A-001, November 2020, PDF page 45"
      },
      "geometry": {
        "type": "LineString",
        "coordinates": [[-73.9942377, 40.7501009], [-73.9943134, 40.7501328]]
      }
    },
    {
      "type": "Feature",
      "properties": {
        "level": "platform",
        "type": "wall",
        "platform": "8",
        "color": "#999999",
        "source": "PCIP Phase 2 Appendix A, sheet A-001, November 2020, PDF page 45"
      },
      "geometry": {
        "type": "LineString",
        "coordinates": [[-73.993722, 40.7508692], [-73.9937276, 40.7508659]]
      }
    },
    {
      "type": "Feature",
      "properties": {
        "level": "platform",
        "type": "wall",
        "platform": "7",
        "color": "#999999",
        "source": "PCIP Phase 2 Appendix A, sheet A-001, November 2020, PDF page 45"
      },
      "geometry": {
        "type": "LineString",
        "coordinates": [[-73.9938088, 40.7507534], [-73.9938118, 40.7507516]]
      }
    },
    {
      "type": "Feature",
      "properties": {
        "level": "platform",
        "type": "wall",
        "platform": "7",
        "color": "#999999",
        "source": "PCIP Phase 2 Appendix A, sheet A-001, November 2020, PDF page 45"
      },
      "geometry": {
        "type": "LineString",
        "coordinates": [[-73.9938054, 40.7507554], [-73.9938088, 40.7507534]]
      }
    },
    {
      "type": "Feature",
      "properties": {
        "level": "platform",
        "type": "enclosure",
        "platform": "7",
        "color": "#999999",
        "source": "PCIP Phase 2 Appendix A, sheet A-001, November 2020, PDF page 45"
      },
      "geometry": {
        "type": "Polygon",
        "coordinates": [[[-73.9938088, 40.7507534], [-73.9938081, 40.7507542], [-73.9938161, 40.7507576], [-73.9938188, 40.750754], [-73.9938109, 40.7507506], [-73.9938088, 40.7507534]]]
      }
    },
    {
      "type": "Feature",
      "properties": {
        "level": "platform",
        "type": "wall",
        "platform": "8",
        "color": "#999999",
        "source": "PCIP Phase 2 Appendix A, sheet A-001, November 2020, PDF page 45"
      },
      "geometry": {
        "type": "LineString",
        "coordinates": [[-73.9936938, 40.7508593], [-73.9936961, 40.7508562], [-73.9937237, 40.7508678]]
      }
    },
    {
      "type": "Feature",
      "properties": {
        "level": "platform",
        "type": "wall",
        "platform": "7",
        "color": "#999999",
        "source": "PCIP Phase 2 Appendix A, sheet A-001, November 2020, PDF page 45"
      },
      "geometry": {
        "type": "LineString",
        "coordinates": [[-73.9937483, 40.7507291], [-73.9938074, 40.7507541]]
      }
    },
    {
      "type": "Feature",
      "properties": {
        "level": "platform",
        "type": "wall",
        "platform": "8",
        "color": "#999999",
        "source": "PCIP Phase 2 Appendix A, sheet A-001, November 2020, PDF page 45"
      },
      "geometry": {
        "type": "LineString",
        "coordinates": [[-73.9937162, 40.7508727], [-73.9937214, 40.7508696]]
      }
    },
    {
      "type": "Feature",
      "properties": {
        "level": "platform",
        "type": "wall",
        "platform": "8",
        "color": "#999999",
        "source": "PCIP Phase 2 Appendix A, sheet A-001, November 2020, PDF page 45"
      },
      "geometry": {
        "type": "LineString",
        "coordinates": [[-73.9937216, 40.7508688], [-73.993697, 40.7508586]]
      }
    },
    {
      "type": "Feature",
      "properties": {
        "level": "platform",
        "type": "wall",
        "platform": "7",
        "color": "#999999",
        "source": "PCIP Phase 2 Appendix A, sheet A-001, November 2020, PDF page 45"
      },
      "geometry": {
        "type": "LineString",
        "coordinates": [[-73.9938003, 40.7507585], [-73.9938048, 40.7507558]]
      }
    },
    {
      "type": "Feature",
      "properties": {
        "level": "platform",
        "type": "wall",
        "platform": "7",
        "color": "#999999",
        "source": "PCIP Phase 2 Appendix A, sheet A-001, November 2020, PDF page 45"
      },
      "geometry": {
        "type": "LineString",
        "coordinates": [[-73.9938052, 40.7507553], [-73.9937471, 40.7507307]]
      }
    },
    {
      "type": "Feature",
      "properties": {
        "level": "platform",
        "type": "wall",
        "platform": "8",
        "color": "#999999",
        "source": "PCIP Phase 2 Appendix A, sheet A-001, November 2020, PDF page 45"
      },
      "geometry": {
        "type": "LineString",
        "coordinates": [[-73.9937087, 40.7508772], [-73.9937127, 40.7508749]]
      }
    },
    {
      "type": "Feature",
      "properties": {
        "level": "platform",
        "type": "wall",
        "platform": "7",
        "color": "#999999",
        "source": "PCIP Phase 2 Appendix A, sheet A-001, November 2020, PDF page 45"
      },
      "geometry": {
        "type": "LineString",
        "coordinates": [[-73.993793, 40.7507631], [-73.9937965, 40.750761]]
      }
    },
    {
      "type": "Feature",
      "properties": {
        "level": "platform",
        "type": "wall",
        "platform": "2",
        "color": "#999999",
        "source": "PCIP Phase 2 Appendix A, sheet A-001, November 2020, PDF page 45"
      },
      "geometry": {
        "type": "LineString",
        "coordinates": [[-73.9942031, 40.7502095], [-73.9941887, 40.7502036], [-73.9941788, 40.750217], [-73.9941893, 40.7502214]]
      }
    },
    {
      "type": "Feature",
      "properties": {
        "level": "platform",
        "type": "wall",
        "platform": "2",
        "color": "#999999",
        "source": "PCIP Phase 2 Appendix A, sheet A-001, November 2020, PDF page 45"
      },
      "geometry": {
        "type": "LineString",
        "coordinates": [[-73.9941909, 40.75022], [-73.9941821, 40.7502163], [-73.9941897, 40.7502059], [-73.9942015, 40.7502109]]
      }
    },
    {
      "type": "Feature",
      "properties": {
        "level": "platform",
        "type": "wall",
        "platform": "8",
        "color": "#999999",
        "source": "PCIP Phase 2 Appendix A, sheet A-001, November 2020, PDF page 45"
      },
      "geometry": {
        "type": "LineString",
        "coordinates": [[-73.9937087, 40.7508772], [-73.9936893, 40.7508692], [-73.9936906, 40.7508674]]
      }
    },
    {
      "type": "Feature",
      "properties": {
        "level": "platform",
        "type": "wall",
        "platform": "7",
        "color": "#999999",
        "source": "PCIP Phase 2 Appendix A, sheet A-001, November 2020, PDF page 45"
      },
      "geometry": {
        "type": "LineString",
        "coordinates": [[-73.9937426, 40.7507424], [-73.9937924, 40.7507635]]
      }
    },
    {
      "type": "Feature",
      "properties": {
        "level": "platform",
        "type": "wall",
        "platform": "2",
        "color": "#999999",
        "source": "PCIP Phase 2 Appendix A, sheet A-001, November 2020, PDF page 45"
      },
      "geometry": {
        "type": "LineString",
        "coordinates": [[-73.9941965, 40.7502155], [-73.9941922, 40.7502145], [-73.9941952, 40.7502164]]
      }
    },
    {
      "type": "Feature",
      "properties": {
        "level": "platform",
        "type": "wall",
        "platform": "8",
        "color": "#999999",
        "source": "PCIP Phase 2 Appendix A, sheet A-001, November 2020, PDF page 45"
      },
      "geometry": {
        "type": "LineString",
        "coordinates": [[-73.9937026, 40.7508807], [-73.9937066, 40.7508784]]
      }
    },
    {
      "type": "Feature",
      "properties": {
        "level": "platform",
        "type": "wall",
        "platform": "8",
        "color": "#999999",
        "source": "PCIP Phase 2 Appendix A, sheet A-001, November 2020, PDF page 45"
      },
      "geometry": {
        "type": "LineString",
        "coordinates": [[-73.9937065, 40.7508784], [-73.9936861, 40.7508697], [-73.9936885, 40.7508665]]
      }
    },
    {
      "type": "Feature",
      "properties": {
        "level": "platform",
        "type": "wall",
        "platform": "7",
        "color": "#999999",
        "source": "PCIP Phase 2 Appendix A, sheet A-001, November 2020, PDF page 45"
      },
      "geometry": {
        "type": "LineString",
        "coordinates": [[-73.9937904, 40.7507647], [-73.9937394, 40.7507431]]
      }
    },
    {
      "type": "Feature",
      "properties": {
        "level": "platform",
        "type": "wall",
        "platform": "7",
        "color": "#999999",
        "source": "PCIP Phase 2 Appendix A, sheet A-001, November 2020, PDF page 45"
      },
      "geometry": {
        "type": "LineString",
        "coordinates": [[-73.9937865, 40.750767], [-73.9937904, 40.7507647]]
      }
    },
    {
      "type": "Feature",
      "properties": {
        "level": "platform",
        "type": "enclosure",
        "platform": "8",
        "color": "#999999",
        "source": "PCIP Phase 2 Appendix A, sheet A-001, November 2020, PDF page 45"
      },
      "geometry": {
        "type": "Polygon",
        "coordinates": [[[-73.9937051, 40.7508646], [-73.9937053, 40.7508643], [-73.9936959, 40.7508602], [-73.9936956, 40.7508606], [-73.9937051, 40.7508646]]]
      }
    },
    {
      "type": "Feature",
      "properties": {
        "level": "platform",
        "type": "wall",
        "platform": "8",
        "color": "#999999",
        "source": "PCIP Phase 2 Appendix A, sheet A-001, November 2020, PDF page 45"
      },
      "geometry": {
        "type": "LineString",
        "coordinates": [[-73.9937051, 40.7508646], [-73.9937047, 40.7508651], [-73.9937039, 40.7508658], [-73.9937033, 40.7508663], [-73.9937022, 40.7508669], [-73.9937011, 40.7508673], [-73.9936999, 40.7508678], [-73.9936989, 40.750868], [-73.9936976, 40.7508683], [-73.9936964, 40.7508684], [-73.9936954, 40.7508684], [-73.9936941, 40.7508683], [-73.9936929, 40.750868], [-73.9936917, 40.7508677], [-73.9936906, 40.7508674]]
      }
    },
    {
      "type": "Feature",
      "properties": {
        "level": "platform",
        "type": "wall",
        "platform": "8",
        "color": "#999999",
        "source": "PCIP Phase 2 Appendix A, sheet A-001, November 2020, PDF page 45"
      },
      "geometry": {
        "type": "LineString",
        "coordinates": [[-73.993697, 40.7508586], [-73.9936959, 40.7508602], [-73.9936938, 40.7508593]]
      }
    },
    {
      "type": "Feature",
      "properties": {
        "level": "platform",
        "type": "wall",
        "platform": "1",
        "color": "#999999",
        "source": "PCIP Phase 2 Appendix A, sheet A-001, November 2020, PDF page 45"
      },
      "geometry": {
        "type": "LineString",
        "coordinates": [[-73.9942444, 40.7500952], [-73.9942549, 40.7500971]]
      }
    },
    {
      "type": "Feature",
      "properties": {
        "level": "platform",
        "type": "wall",
        "platform": "1",
        "color": "#999999",
        "source": "PCIP Phase 2 Appendix A, sheet A-001, November 2020, PDF page 45"
      },
      "geometry": {
        "type": "LineString",
        "coordinates": [[-73.9942524, 40.7501005], [-73.9942444, 40.7500952], [-73.9942444, 40.7500952]]
      }
    },
    {
      "type": "Feature",
      "properties": {
        "level": "platform",
        "type": "wall",
        "platform": "4",
        "color": "#999999",
        "source": "PCIP Phase 2 Appendix A, sheet A-001, November 2020, PDF page 45"
      },
      "geometry": {
        "type": "LineString",
        "coordinates": [[-73.9940055, 40.7504261], [-73.9940142, 40.750418]]
      }
    },
    {
      "type": "Feature",
      "properties": {
        "level": "platform",
        "type": "wall",
        "platform": "6",
        "color": "#999999",
        "source": "PCIP Phase 2 Appendix A, sheet A-001, November 2020, PDF page 45"
      },
      "geometry": {
        "type": "LineString",
        "coordinates": [[-73.9938497, 40.7506396], [-73.993853, 40.7506364]]
      }
    },
    {
      "type": "Feature",
      "properties": {
        "level": "platform",
        "type": "wall",
        "platform": "5",
        "color": "#999999",
        "source": "PCIP Phase 2 Appendix A, sheet A-001, November 2020, PDF page 45"
      },
      "geometry": {
        "type": "LineString",
        "coordinates": [[-73.9939281, 40.750533], [-73.9939313, 40.75053]]
      }
    },
    {
      "type": "Feature",
      "properties": {
        "level": "platform",
        "type": "wall",
        "platform": "6",
        "color": "#999999",
        "source": "PCIP Phase 2 Appendix A, sheet A-001, November 2020, PDF page 45"
      },
      "geometry": {
        "type": "LineString",
        "coordinates": [[-73.9938509, 40.750638], [-73.9938305, 40.7506294]]
      }
    },
    {
      "type": "Feature",
      "properties": {
        "level": "platform",
        "type": "wall",
        "platform": "6",
        "color": "#999999",
        "source": "PCIP Phase 2 Appendix A, sheet A-001, November 2020, PDF page 45"
      },
      "geometry": {
        "type": "LineString",
        "coordinates": [[-73.9938268, 40.7506299], [-73.9938497, 40.7506396]]
      }
    },
    {
      "type": "Feature",
      "properties": {
        "level": "platform",
        "type": "wall",
        "platform": "6",
        "color": "#999999",
        "source": "PCIP Phase 2 Appendix A, sheet A-001, November 2020, PDF page 45"
      },
      "geometry": {
        "type": "LineString",
        "coordinates": [[-73.993844, 40.7506451], [-73.9938497, 40.7506396]]
      }
    },
    {
      "type": "Feature",
      "properties": {
        "level": "platform",
        "type": "wall",
        "platform": "5",
        "color": "#999999",
        "source": "PCIP Phase 2 Appendix A, sheet A-001, November 2020, PDF page 45"
      },
      "geometry": {
        "type": "LineString",
        "coordinates": [[-73.9939281, 40.750533], [-73.9939031, 40.7505224], [-73.9939012, 40.750525], [-73.9939033, 40.7505259], [-73.9939041, 40.7505249], [-73.9939266, 40.7505345]]
      }
    },
    {
      "type": "Feature",
      "properties": {
        "level": "platform",
        "type": "wall",
        "platform": "5",
        "color": "#999999",
        "source": "PCIP Phase 2 Appendix A, sheet A-001, November 2020, PDF page 45"
      },
      "geometry": {
        "type": "LineString",
        "coordinates": [[-73.9939224, 40.7505386], [-73.9939281, 40.750533]]
      }
    },
    {
      "type": "Feature",
      "properties": {
        "level": "platform",
        "type": "wall",
        "platform": "4",
        "color": "#999999",
        "source": "PCIP Phase 2 Appendix A, sheet A-001, November 2020, PDF page 45"
      },
      "geometry": {
        "type": "LineString",
        "coordinates": [[-73.9940109, 40.75042], [-73.9939859, 40.7504096], [-73.9939839, 40.7504123], [-73.993986, 40.7504132]]
      }
    },
    {
      "type": "Feature",
      "properties": {
        "level": "platform",
        "type": "wall",
        "platform": "4",
        "color": "#999999",
        "source": "PCIP Phase 2 Appendix A, sheet A-001, November 2020, PDF page 45"
      },
      "geometry": {
        "type": "LineString",
        "coordinates": [[-73.9939869, 40.7504121], [-73.9940097, 40.7504216]]
      }
    },
    {
      "type": "Feature",
      "properties": {
        "level": "platform",
        "type": "wall",
        "platform": "6",
        "color": "#999999",
        "source": "PCIP Phase 2 Appendix A, sheet A-001, November 2020, PDF page 45"
      },
      "geometry": {
        "type": "LineString",
        "coordinates": [[-73.9938342, 40.7506546], [-73.9938431, 40.750646]]
      }
    },
    {
      "type": "Feature",
      "properties": {
        "level": "platform",
        "type": "wall",
        "platform": "5",
        "color": "#999999",
        "source": "PCIP Phase 2 Appendix A, sheet A-001, November 2020, PDF page 45"
      },
      "geometry": {
        "type": "LineString",
        "coordinates": [[-73.9939161, 40.7505447], [-73.9939215, 40.7505394]]
      }
    },
    {
      "type": "Feature",
      "properties": {
        "level": "platform",
        "type": "wall",
        "platform": "4",
        "color": "#999999",
        "source": "PCIP Phase 2 Appendix A, sheet A-001, November 2020, PDF page 45"
      },
      "geometry": {
        "type": "LineString",
        "coordinates": [[-73.9939959, 40.750435], [-73.9940046, 40.7504269]]
      }
    },
    {
      "type": "Feature",
      "properties": {
        "level": "platform",
        "type": "wall",
        "platform": "6",
        "color": "#999999",
        "source": "PCIP Phase 2 Appendix A, sheet A-001, November 2020, PDF page 45"
      },
      "geometry": {
        "type": "LineString",
        "coordinates": [[-73.9938404, 40.7506482], [-73.9938197, 40.7506394], [-73.9938207, 40.7506382], [-73.9938189, 40.7506374]]
      }
    },
    {
      "type": "Feature",
      "properties": {
        "level": "platform",
        "type": "wall",
        "platform": "6",
        "color": "#999999",
        "source": "PCIP Phase 2 Appendix A, sheet A-001, November 2020, PDF page 45"
      },
      "geometry": {
        "type": "LineString",
        "coordinates": [[-73.9938185, 40.7506374], [-73.9938165, 40.7506401], [-73.993839, 40.7506497]]
      }
    },
    {
      "type": "Feature",
      "properties": {
        "level": "platform",
        "type": "wall",
        "platform": "5",
        "color": "#999999",
        "source": "PCIP Phase 2 Appendix A, sheet A-001, November 2020, PDF page 45"
      },
      "geometry": {
        "type": "LineString",
        "coordinates": [[-73.9939176, 40.7505432], [-73.993897, 40.7505345], [-73.9938981, 40.7505331], [-73.993897, 40.7505326]]
      }
    },
    {
      "type": "Feature",
      "properties": {
        "level": "platform",
        "type": "wall",
        "platform": "1",
        "color": "#999999",
        "source": "PCIP Phase 2 Appendix A, sheet A-001, November 2020, PDF page 45"
      },
      "geometry": {
        "type": "LineString",
        "coordinates": [[-73.994243, 40.750096], [-73.9942466, 40.7500976]]
      }
    },
    {
      "type": "Feature",
      "properties": {
        "level": "platform",
        "type": "wall",
        "platform": "1",
        "color": "#999999",
        "source": "PCIP Phase 2 Appendix A, sheet A-001, November 2020, PDF page 45"
      },
      "geometry": {
        "type": "LineString",
        "coordinates": [[-73.9942466, 40.7500976], [-73.9942425, 40.7500967], [-73.9942388, 40.7500999]]
      }
    },
    {
      "type": "Feature",
      "properties": {
        "level": "platform",
        "type": "wall",
        "platform": "5",
        "color": "#999999",
        "source": "PCIP Phase 2 Appendix A, sheet A-001, November 2020, PDF page 45"
      },
      "geometry": {
        "type": "LineString",
        "coordinates": [[-73.9938948, 40.7505337], [-73.9938937, 40.7505352], [-73.9939161, 40.7505447]]
      }
    },
    {
      "type": "Feature",
      "properties": {
        "level": "platform",
        "type": "wall",
        "platform": "5",
        "color": "#999999",
        "source": "PCIP Phase 2 Appendix A, sheet A-001, November 2020, PDF page 45"
      },
      "geometry": {
        "type": "LineString",
        "coordinates": [[-73.9939127, 40.750548], [-73.9939161, 40.7505447]]
      }
    },
    {
      "type": "Feature",
      "properties": {
        "level": "platform",
        "type": "wall",
        "platform": "4",
        "color": "#999999",
        "source": "PCIP Phase 2 Appendix A, sheet A-001, November 2020, PDF page 45"
      },
      "geometry": {
        "type": "LineString",
        "coordinates": [[-73.9940003, 40.7504305], [-73.9939797, 40.7504218], [-73.9939807, 40.7504204], [-73.9939799, 40.75042]]
      }
    },
    {
      "type": "Feature",
      "properties": {
        "level": "platform",
        "type": "wall",
        "platform": "3",
        "color": "#999999",
        "source": "PCIP Phase 2 Appendix A, sheet A-001, November 2020, PDF page 45"
      },
      "geometry": {
        "type": "LineString",
        "coordinates": [[-73.9940903, 40.7503069], [-73.9940928, 40.7503046]]
      }
    },
    {
      "type": "Feature",
      "properties": {
        "level": "platform",
        "type": "wall",
        "platform": "4",
        "color": "#999999",
        "source": "PCIP Phase 2 Appendix A, sheet A-001, November 2020, PDF page 45"
      },
      "geometry": {
        "type": "LineString",
        "coordinates": [[-73.9939779, 40.7504205], [-73.9939764, 40.7504225], [-73.9939987, 40.750432]]
      }
    },
    {
      "type": "Feature",
      "properties": {
        "level": "platform",
        "type": "wall",
        "platform": "3",
        "color": "#999999",
        "source": "PCIP Phase 2 Appendix A, sheet A-001, November 2020, PDF page 45"
      },
      "geometry": {
        "type": "LineString",
        "coordinates": [[-73.9940903, 40.7503069], [-73.9940722, 40.7502992]]
      }
    },
    {
      "type": "Feature",
      "properties": {
        "level": "platform",
        "type": "wall",
        "platform": "1",
        "color": "#999999",
        "source": "PCIP Phase 2 Appendix A, sheet A-001, November 2020, PDF page 45"
      },
      "geometry": {
        "type": "LineString",
        "coordinates": [[-73.9942405, 40.7500885], [-73.9942429, 40.7500853], [-73.9942509, 40.7500887], [-73.9942509, 40.7500887], [-73.9942514, 40.7500889]]
      }
    },
    {
      "type": "Feature",
      "properties": {
        "level": "platform",
        "type": "wall",
        "platform": "1",
        "color": "#999999",
        "source": "PCIP Phase 2 Appendix A, sheet A-001, November 2020, PDF page 45"
      },
      "geometry": {
        "type": "LineString",
        "coordinates": [[-73.9942514, 40.7500889], [-73.9943232, 40.7501194], [-73.9943225, 40.7501204], [-73.9942504, 40.7500898]]
      }
    },
    {
      "type": "Feature",
      "properties": {
        "level": "platform",
        "type": "wall",
        "platform": "1",
        "color": "#999999",
        "source": "PCIP Phase 2 Appendix A, sheet A-001, November 2020, PDF page 45"
      },
      "geometry": {
        "type": "LineString",
        "coordinates": [[-73.9942504, 40.7500898], [-73.9942444, 40.7500952]]
      }
    },
    {
      "type": "Feature",
      "properties": {
        "level": "platform",
        "type": "wall",
        "platform": "3",
        "color": "#999999",
        "source": "PCIP Phase 2 Appendix A, sheet A-001, November 2020, PDF page 45"
      },
      "geometry": {
        "type": "LineString",
        "coordinates": [[-73.994071, 40.7503008], [-73.9940888, 40.7503084]]
      }
    },
    {
      "type": "Feature",
      "properties": {
        "level": "platform",
        "type": "wall",
        "platform": "3",
        "color": "#999999",
        "source": "PCIP Phase 2 Appendix A, sheet A-001, November 2020, PDF page 45"
      },
      "geometry": {
        "type": "LineString",
        "coordinates": [[-73.9940843, 40.7503127], [-73.9940888, 40.7503084]]
      }
    },
    {
      "type": "Feature",
      "properties": {
        "level": "platform",
        "type": "wall",
        "platform": "1",
        "color": "#999999",
        "source": "PCIP Phase 2 Appendix A, sheet A-001, November 2020, PDF page 45"
      },
      "geometry": {
        "type": "LineString",
        "coordinates": [[-73.9942438, 40.7500878], [-73.9942495, 40.7500902]]
      }
    },
    {
      "type": "Feature",
      "properties": {
        "level": "platform",
        "type": "wall",
        "platform": "3",
        "color": "#999999",
        "source": "PCIP Phase 2 Appendix A, sheet A-001, November 2020, PDF page 45"
      },
      "geometry": {
        "type": "LineString",
        "coordinates": [[-73.994079, 40.7503176], [-73.9940835, 40.7503135]]
      }
    },
    {
      "type": "Feature",
      "properties": {
        "level": "platform",
        "type": "wall",
        "platform": "1",
        "color": "#999999",
        "source": "PCIP Phase 2 Appendix A, sheet A-001, November 2020, PDF page 45"
      },
      "geometry": {
        "type": "LineString",
        "coordinates": [[-73.9942442, 40.7500951], [-73.9942401, 40.7500944], [-73.994243, 40.750096]]
      }
    },
    {
      "type": "Feature",
      "properties": {
        "level": "platform",
        "type": "wall",
        "platform": "3",
        "color": "#999999",
        "source": "PCIP Phase 2 Appendix A, sheet A-001, November 2020, PDF page 45"
      },
      "geometry": {
        "type": "LineString",
        "coordinates": [[-73.994079, 40.7503176], [-73.9940634, 40.750311]]
      }
    },
    {
      "type": "Feature",
      "properties": {
        "level": "platform",
        "type": "wall",
        "platform": "3",
        "color": "#999999",
        "source": "PCIP Phase 2 Appendix A, sheet A-001, November 2020, PDF page 45"
      },
      "geometry": {
        "type": "LineString",
        "coordinates": [[-73.9940604, 40.7503118], [-73.9940774, 40.750319]]
      }
    },
    {
      "type": "Feature",
      "properties": {
        "level": "platform",
        "type": "wall",
        "platform": "3",
        "color": "#999999",
        "source": "PCIP Phase 2 Appendix A, sheet A-001, November 2020, PDF page 45"
      },
      "geometry": {
        "type": "LineString",
        "coordinates": [[-73.9940748, 40.7503215], [-73.9940774, 40.750319]]
      }
    },
    {
      "type": "Feature",
      "properties": {
        "level": "platform",
        "type": "wall",
        "platform": "1",
        "color": "#999999",
        "source": "PCIP Phase 2 Appendix A, sheet A-001, November 2020, PDF page 45"
      },
      "geometry": {
        "type": "LineString",
        "coordinates": [[-73.9942394, 40.7500993], [-73.9942363, 40.750098]]
      }
    },
    {
      "type": "Feature",
      "properties": {
        "level": "platform",
        "type": "wall",
        "platform": "1",
        "color": "#999999",
        "source": "PCIP Phase 2 Appendix A, sheet A-001, November 2020, PDF page 45"
      },
      "geometry": {
        "type": "LineString",
        "coordinates": [[-73.9942329, 40.7500989], [-73.9942377, 40.7501009]]
      }
    },
    {
      "type": "Feature",
      "properties": {
        "level": "platform",
        "type": "wall",
        "platform": "1",
        "color": "#999999",
        "source": "PCIP Phase 2 Appendix A, sheet A-001, November 2020, PDF page 45"
      },
      "geometry": {
        "type": "LineString",
        "coordinates": [[-73.9942376, 40.7500963], [-73.9942355, 40.7500954], [-73.9942329, 40.7500989]]
      }
    },
    {
      "type": "Feature",
      "properties": {
        "level": "platform",
        "type": "wall",
        "platform": "6",
        "color": "#999999",
        "source": "PCIP Phase 2 Appendix A, sheet A-001, November 2020, PDF page 45"
      },
      "geometry": {
        "type": "LineString",
        "coordinates": [[-73.9938352, 40.7506353], [-73.9938257, 40.7506313], [-73.9938261, 40.7506308]]
      }
    },
    {
      "type": "Feature",
      "properties": {
        "level": "platform",
        "type": "wall",
        "platform": "6",
        "color": "#999999",
        "source": "PCIP Phase 2 Appendix A, sheet A-001, November 2020, PDF page 45"
      },
      "geometry": {
        "type": "LineString",
        "coordinates": [[-73.9938352, 40.7506353], [-73.993835, 40.7506356], [-73.9938342, 40.7506364], [-73.9938334, 40.7506371], [-73.9938324, 40.7506377], [-73.9938313, 40.7506381], [-73.9938302, 40.7506384], [-73.9938291, 40.7506388], [-73.9938277, 40.7506391], [-73.9938266, 40.7506392], [-73.9938255, 40.7506392], [-73.9938242, 40.750639], [-73.993823, 40.7506387], [-73.9938218, 40.7506385], [-73.9938208, 40.750638]]
      }
    },
    {
      "type": "Feature",
      "properties": {
        "level": "platform",
        "type": "wall",
        "platform": "6",
        "color": "#999999",
        "source": "PCIP Phase 2 Appendix A, sheet A-001, November 2020, PDF page 45"
      },
      "geometry": {
        "type": "LineString",
        "coordinates": [[-73.9938261, 40.7506308], [-73.9938356, 40.7506349], [-73.9938352, 40.7506353]]
      }
    },
    {
      "type": "Feature",
      "properties": {
        "level": "platform",
        "type": "wall",
        "platform": "4",
        "color": "#999999",
        "source": "PCIP Phase 2 Appendix A, sheet A-001, November 2020, PDF page 45"
      },
      "geometry": {
        "type": "LineString",
        "coordinates": [[-73.9939955, 40.7504172], [-73.993986, 40.7504132]]
      }
    },
    {
      "type": "Feature",
      "properties": {
        "level": "platform",
        "type": "wall",
        "platform": "4",
        "color": "#999999",
        "source": "PCIP Phase 2 Appendix A, sheet A-001, November 2020, PDF page 45"
      },
      "geometry": {
        "type": "LineString",
        "coordinates": [[-73.993986, 40.7504132], [-73.9939857, 40.7504137], [-73.9939952, 40.7504175]]
      }
    },
    {
      "type": "Feature",
      "properties": {
        "level": "platform",
        "type": "wall",
        "platform": "4",
        "color": "#999999",
        "source": "PCIP Phase 2 Appendix A, sheet A-001, November 2020, PDF page 45"
      },
      "geometry": {
        "type": "LineString",
        "coordinates": [[-73.9939952, 40.7504175], [-73.9939947, 40.7504179], [-73.9939941, 40.7504187], [-73.9939931, 40.7504193], [-73.9939921, 40.75042], [-73.9939912, 40.7504204], [-73.9939901, 40.7504208], [-73.993989, 40.7504211], [-73.9939877, 40.7504214], [-73.9939866, 40.7504214], [-73.9939852, 40.7504214], [-73.9939841, 40.7504214], [-73.993983, 40.7504211], [-73.9939818, 40.7504208], [-73.9939807, 40.7504204]]
      }
    },
    {
      "type": "Feature",
      "properties": {
        "level": "platform",
        "type": "wall",
        "platform": "6",
        "color": "#999999",
        "source": "PCIP Phase 2 Appendix A, sheet A-001, November 2020, PDF page 45"
      },
      "geometry": {
        "type": "LineString",
        "coordinates": [[-73.9938305, 40.7506294], [-73.9938259, 40.7506274], [-73.993825, 40.7506285]]
      }
    },
    {
      "type": "Feature",
      "properties": {
        "level": "platform",
        "type": "wall",
        "platform": "6",
        "color": "#999999",
        "source": "PCIP Phase 2 Appendix A, sheet A-001, November 2020, PDF page 45"
      },
      "geometry": {
        "type": "LineString",
        "coordinates": [[-73.9938305, 40.7506294], [-73.9938297, 40.7506305], [-73.993825, 40.7506285]]
      }
    },
    {
      "type": "Feature",
      "properties": {
        "level": "platform",
        "type": "wall",
        "platform": "6",
        "color": "#999999",
        "source": "PCIP Phase 2 Appendix A, sheet A-001, November 2020, PDF page 45"
      },
      "geometry": {
        "type": "LineString",
        "coordinates": [[-73.9938265, 40.7506201], [-73.9938253, 40.7506196], [-73.9938217, 40.7506244], [-73.9938312, 40.7506284], [-73.9938305, 40.7506294]]
      }
    },
    {
      "type": "Feature",
      "properties": {
        "level": "platform",
        "type": "wall",
        "platform": "3",
        "color": "#999999",
        "source": "PCIP Phase 2 Appendix A, sheet A-001, November 2020, PDF page 45"
      },
      "geometry": {
        "type": "LineString",
        "coordinates": [[-73.9940722, 40.7502992], [-73.9940698, 40.7502983], [-73.99406, 40.7503116], [-73.9940604, 40.7503118]]
      }
    },
    {
      "type": "Feature",
      "properties": {
        "level": "platform",
        "type": "wall",
        "platform": "3",
        "color": "#999999",
        "source": "PCIP Phase 2 Appendix A, sheet A-001, November 2020, PDF page 45"
      },
      "geometry": {
        "type": "LineString",
        "coordinates": [[-73.9940634, 40.750311], [-73.9940632, 40.7503109], [-73.9940706, 40.7503007], [-73.994071, 40.7503008]]
      }
    },
    {
      "type": "Feature",
      "properties": {
        "level": "platform",
        "type": "wall",
        "platform": "3",
        "color": "#999999",
        "source": "PCIP Phase 2 Appendix A, sheet A-001, November 2020, PDF page 45"
      },
      "geometry": {
        "type": "LineString",
        "coordinates": [[-73.994071, 40.7503008], [-73.9940634, 40.750311]]
      }
    },
    {
      "type": "Feature",
      "properties": {
        "level": "platform",
        "type": "wall",
        "platform": "3",
        "color": "#999999",
        "source": "PCIP Phase 2 Appendix A, sheet A-001, November 2020, PDF page 45"
      },
      "geometry": {
        "type": "LineString",
        "coordinates": [[-73.9940634, 40.750311], [-73.9940624, 40.7503125], [-73.9940605, 40.7503117], [-73.9940604, 40.7503118]]
      }
    },
    {
      "type": "Feature",
      "properties": {
        "level": "platform",
        "type": "wall",
        "platform": "2",
        "color": "#999999",
        "source": "PCIP Phase 2 Appendix A, sheet A-001, November 2020, PDF page 45"
      },
      "geometry": {
        "type": "LineString",
        "coordinates": [[-73.9941515, 40.7501881], [-73.9941507, 40.7501892], [-73.9941526, 40.75019], [-73.9941432, 40.7502027]]
      }
    },
    {
      "type": "Feature",
      "properties": {
        "level": "platform",
        "type": "wall",
        "platform": "7",
        "color": "#999999",
        "source": "PCIP Phase 2 Appendix A, sheet A-001, November 2020, PDF page 45"
      },
      "geometry": {
        "type": "LineString",
        "coordinates": [[-73.9937395, 40.750741], [-73.9937426, 40.7507424]]
      }
    },
    {
      "type": "Feature",
      "properties": {
        "level": "platform",
        "type": "wall",
        "platform": "7",
        "color": "#999999",
        "source": "PCIP Phase 2 Appendix A, sheet A-001, November 2020, PDF page 45"
      },
      "geometry": {
        "type": "LineString",
        "coordinates": [[-73.9937426, 40.7507424], [-73.9937418, 40.7507435], [-73.9937394, 40.7507431]]
      }
    },
    {
      "type": "Feature",
      "properties": {
        "level": "platform",
        "type": "wall",
        "platform": "7",
        "color": "#999999",
        "source": "PCIP Phase 2 Appendix A, sheet A-001, November 2020, PDF page 45"
      },
      "geometry": {
        "type": "LineString",
        "coordinates": [[-73.9937452, 40.750734], [-73.9937474, 40.7507358], [-73.9937426, 40.7507424]]
      }
    },
    {
      "type": "Feature",
      "properties": {
        "level": "platform",
        "type": "wall",
        "platform": "6",
        "color": "#999999",
        "source": "PCIP Phase 2 Appendix A, sheet A-001, November 2020, PDF page 45"
      },
      "geometry": {
        "type": "LineString",
        "coordinates": [[-73.993825, 40.7506304], [-73.9938197, 40.7506376], [-73.9938189, 40.7506374]]
      }
    },
    {
      "type": "Feature",
      "properties": {
        "level": "platform",
        "type": "wall",
        "platform": "5",
        "color": "#999999",
        "source": "PCIP Phase 2 Appendix A, sheet A-001, November 2020, PDF page 45"
      },
      "geometry": {
        "type": "LineString",
        "coordinates": [[-73.9938978, 40.7505233], [-73.9938995, 40.750524], [-73.9938991, 40.7505245], [-73.9939017, 40.7505262], [-73.993897, 40.7505326]]
      }
    },
    {
      "type": "Feature",
      "properties": {
        "level": "platform",
        "type": "wall",
        "platform": "4",
        "color": "#999999",
        "source": "PCIP Phase 2 Appendix A, sheet A-001, November 2020, PDF page 45"
      },
      "geometry": {
        "type": "LineString",
        "coordinates": [[-73.9939824, 40.7504114], [-73.9939848, 40.7504133], [-73.9939799, 40.75042]]
      }
    },
    {
      "type": "Feature",
      "properties": {
        "level": "platform",
        "type": "wall",
        "platform": "1",
        "color": "#999999",
        "source": "PCIP Phase 2 Appendix A, sheet A-001, November 2020, PDF page 45"
      },
      "geometry": {
        "type": "LineString",
        "coordinates": [[-73.9941797, 40.7500601], [-73.9942267, 40.7500799], [-73.9942259, 40.750081], [-73.9942284, 40.7500821], [-73.9942196, 40.7500941]]
      }
    },
    {
      "type": "Feature",
      "properties": {
        "level": "platform",
        "type": "wall",
        "platform": "4",
        "color": "#999999",
        "source": "PCIP Phase 2 Appendix A, sheet A-001, November 2020, PDF page 45"
      },
      "geometry": {
        "type": "LineString",
        "coordinates": [[-73.9939779, 40.7504205], [-73.9939759, 40.7504202], [-73.9939755, 40.7504207], [-73.9939739, 40.75042]]
      }
    },
    {
      "type": "Feature",
      "properties": {
        "level": "platform",
        "type": "wall",
        "platform": "7",
        "color": "#999999",
        "source": "PCIP Phase 2 Appendix A, sheet A-001, November 2020, PDF page 45"
      },
      "geometry": {
        "type": "LineString",
        "coordinates": [[-73.9937394, 40.7507431], [-73.9937383, 40.7507426], [-73.9937395, 40.750741]]
      }
    },
    {
      "type": "Feature",
      "properties": {
        "level": "platform",
        "type": "wall",
        "platform": "8",
        "color": "#999999",
        "source": "PCIP Phase 2 Appendix A, sheet A-001, November 2020, PDF page 45"
      },
      "geometry": {
        "type": "LineString",
        "coordinates": [[-73.9936634, 40.750845], [-73.9936657, 40.7508468], [-73.9936601, 40.7508545], [-73.9936569, 40.750854]]
      }
    },
    {
      "type": "Feature",
      "properties": {
        "level": "platform",
        "type": "wall",
        "platform": "2",
        "color": "#999999",
        "source": "PCIP Phase 2 Appendix A, sheet A-001, November 2020, PDF page 45"
      },
      "geometry": {
        "type": "LineString",
        "coordinates": [[-73.9941341, 40.7502022], [-73.9941503, 40.7502091], [-73.9941415, 40.7502211], [-73.9941253, 40.7502142]]
      }
    },
    {
      "type": "Feature",
      "properties": {
        "level": "platform",
        "type": "wall",
        "platform": "1",
        "color": "#999999",
        "source": "PCIP Phase 2 Appendix A, sheet A-001, November 2020, PDF page 45"
      },
      "geometry": {
        "type": "LineString",
        "coordinates": [[-73.9941797, 40.7500601], [-73.9941783, 40.7500621], [-73.9941766, 40.7500614], [-73.994178, 40.7500594]]
      }
    },
    {
      "type": "Feature",
      "properties": {
        "level": "platform",
        "type": "wall",
        "platform": "1",
        "color": "#999999",
        "source": "PCIP Phase 2 Appendix A, sheet A-001, November 2020, PDF page 45"
      },
      "geometry": {
        "type": "LineString",
        "coordinates": [[-73.994144, 40.7500409], [-73.9941517, 40.7500442], [-73.994182, 40.750057], [-73.9941797, 40.7500601]]
      }
    },
    {
      "type": "Feature",
      "properties": {
        "level": "platform",
        "type": "wall",
        "platform": "1",
        "color": "#999999",
        "source": "PCIP Phase 2 Appendix A, sheet A-001, November 2020, PDF page 45"
      },
      "geometry": {
        "type": "LineString",
        "coordinates": [[-73.9941433, 40.7500619], [-73.994153, 40.7500489], [-73.994178, 40.7500594]]
      }
    },
    {
      "type": "Feature",
      "properties": {
        "level": "platform",
        "type": "wall",
        "platform": "1",
        "color": "#999999",
        "source": "PCIP Phase 2 Appendix A, sheet A-001, November 2020, PDF page 45"
      },
      "geometry": {
        "type": "LineString",
        "coordinates": [[-73.994178, 40.7500594], [-73.9941795, 40.7500574], [-73.9941509, 40.7500453]]
      }
    },
    {
      "type": "Feature",
      "properties": {
        "level": "platform",
        "type": "wall",
        "platform": "3",
        "color": "#999999",
        "source": "PCIP Phase 2 Appendix A, sheet A-001, November 2020, PDF page 45"
      },
      "geometry": {
        "type": "LineString",
        "coordinates": [[-73.9939968, 40.7502868], [-73.9940126, 40.7502935], [-73.9940158, 40.7502892], [-73.9940137, 40.7502883], [-73.9940117, 40.750291], [-73.9939816, 40.7502782], [-73.993992, 40.7502638], [-73.9940223, 40.7502766], [-73.9940196, 40.7502803], [-73.9940217, 40.7502812], [-73.9940256, 40.7502759], [-73.9940098, 40.7502692]]
      }
    },
    {
      "type": "Feature",
      "properties": {
        "level": "platform",
        "type": "wall",
        "platform": "6",
        "color": "#999999",
        "source": "PCIP Phase 2 Appendix A, sheet A-001, November 2020, PDF page 45"
      },
      "geometry": {
        "type": "LineString",
        "coordinates": [[-73.9937647, 40.750601], [-73.9937784, 40.7506068], [-73.9937761, 40.7506099], [-73.9937782, 40.7506108], [-73.9937816, 40.7506061], [-73.9937659, 40.7505994]]
      }
    },
    {
      "type": "Feature",
      "properties": {
        "level": "platform",
        "type": "wall",
        "platform": "6",
        "color": "#999999",
        "source": "PCIP Phase 2 Appendix A, sheet A-001, November 2020, PDF page 45"
      },
      "geometry": {
        "type": "LineString",
        "coordinates": [[-73.9937535, 40.7506162], [-73.9937693, 40.7506229], [-73.9937729, 40.7506179], [-73.9937708, 40.750617], [-73.9937683, 40.7506204], [-73.9937547, 40.7506146]]
      }
    },
    {
      "type": "Feature",
      "properties": {
        "level": "platform",
        "type": "wall",
        "platform": "2",
        "color": "#999999",
        "source": "PCIP Phase 2 Appendix A, sheet A-001, November 2020, PDF page 45"
      },
      "geometry": {
        "type": "LineString",
        "coordinates": [[-73.9940777, 40.7501769], [-73.9940935, 40.7501836], [-73.9940971, 40.7501788], [-73.9940949, 40.7501779], [-73.9940926, 40.7501811], [-73.9940789, 40.7501753]]
      }
    },
    {
      "type": "Feature",
      "properties": {
        "level": "platform",
        "type": "wall",
        "platform": "2",
        "color": "#999999",
        "source": "PCIP Phase 2 Appendix A, sheet A-001, November 2020, PDF page 45"
      },
      "geometry": {
        "type": "LineString",
        "coordinates": [[-73.9940887, 40.7501616], [-73.9941026, 40.7501675], [-73.9941004, 40.7501706], [-73.9941025, 40.7501715], [-73.9941059, 40.7501668], [-73.9940899, 40.7501601]]
      }
    },
    {
      "type": "Feature",
      "properties": {
        "level": "platform",
        "type": "wall",
        "platform": "4",
        "color": "#999999",
        "source": "PCIP Phase 2 Appendix A, sheet A-001, November 2020, PDF page 45"
      },
      "geometry": {
        "type": "LineString",
        "coordinates": [[-73.993925, 40.7503829], [-73.9939395, 40.7503891], [-73.993937, 40.7503924], [-73.9939391, 40.7503933], [-73.9939428, 40.7503884], [-73.9939262, 40.7503813]]
      }
    },
    {
      "type": "Feature",
      "properties": {
        "level": "platform",
        "type": "wall",
        "platform": "4",
        "color": "#999999",
        "source": "PCIP Phase 2 Appendix A, sheet A-001, November 2020, PDF page 45"
      },
      "geometry": {
        "type": "LineString",
        "coordinates": [[-73.9939132, 40.7503989], [-73.9939298, 40.7504059], [-73.9939338, 40.7504005], [-73.9939317, 40.7503996], [-73.9939289, 40.7504034], [-73.9939144, 40.7503973]]
      }
    },
    {
      "type": "Feature",
      "properties": {
        "level": "platform",
        "type": "wall",
        "platform": "1",
        "color": "#999999",
        "source": "PCIP Phase 2 Appendix A, sheet A-001, November 2020, PDF page 45"
      },
      "geometry": {
        "type": "LineString",
        "coordinates": [[-73.9941574, 40.7500679], [-73.9941683, 40.7500726], [-73.9941713, 40.7500686], [-73.994173, 40.7500693], [-73.9941691, 40.7500745], [-73.9941565, 40.7500692]]
      }
    },
    {
      "type": "Feature",
      "properties": {
        "level": "platform",
        "type": "wall",
        "platform": "3",
        "color": "#999999",
        "source": "PCIP Phase 2 Appendix A, sheet A-001, November 2020, PDF page 45"
      },
      "geometry": {
        "type": "LineString",
        "coordinates": [[-73.9939804, 40.7502798], [-73.9939905, 40.7502841]]
      }
    },
    {
      "type": "Feature",
      "properties": {
        "level": "platform",
        "type": "wall",
        "platform": "6",
        "color": "#999999",
        "source": "PCIP Phase 2 Appendix A, sheet A-001, November 2020, PDF page 45"
      },
      "geometry": {
        "type": "LineString",
        "coordinates": [[-73.993737, 40.7506094], [-73.9937472, 40.7506135]]
      }
    },
    {
      "type": "Feature",
      "properties": {
        "level": "platform",
        "type": "wall",
        "platform": "3",
        "color": "#999999",
        "source": "PCIP Phase 2 Appendix A, sheet A-001, November 2020, PDF page 45"
      },
      "geometry": {
        "type": "LineString",
        "coordinates": [[-73.9940035, 40.7502666], [-73.9939932, 40.7502622]]
      }
    },
    {
      "type": "Feature",
      "properties": {
        "level": "platform",
        "type": "wall",
        "platform": "6",
        "color": "#999999",
        "source": "PCIP Phase 2 Appendix A, sheet A-001, November 2020, PDF page 45"
      },
      "geometry": {
        "type": "LineString",
        "coordinates": [[-73.9937484, 40.7506119], [-73.9937381, 40.7506078], [-73.9937483, 40.7505941], [-73.9937582, 40.7505983]]
      }
    },
    {
      "type": "Feature",
      "properties": {
        "level": "platform",
        "type": "wall",
        "platform": "2",
        "color": "#999999",
        "source": "PCIP Phase 2 Appendix A, sheet A-001, November 2020, PDF page 45"
      },
      "geometry": {
        "type": "LineString",
        "coordinates": [[-73.9940726, 40.7501726], [-73.9940623, 40.7501682], [-73.9940723, 40.7501547], [-73.9940824, 40.750159]]
      }
    },
    {
      "type": "Feature",
      "properties": {
        "level": "platform",
        "type": "wall",
        "platform": "2",
        "color": "#999999",
        "source": "PCIP Phase 2 Appendix A, sheet A-001, November 2020, PDF page 45"
      },
      "geometry": {
        "type": "LineString",
        "coordinates": [[-73.9940611, 40.7501698], [-73.9940714, 40.7501742]]
      }
    },
    {
      "type": "Feature",
      "properties": {
        "level": "platform",
        "type": "wall",
        "platform": "6",
        "color": "#999999",
        "source": "PCIP Phase 2 Appendix A, sheet A-001, November 2020, PDF page 45"
      },
      "geometry": {
        "type": "LineString",
        "coordinates": [[-73.9937593, 40.7505967], [-73.9937495, 40.7505925]]
      }
    },
    {
      "type": "Feature",
      "properties": {
        "level": "platform",
        "type": "wall",
        "platform": "2",
        "color": "#999999",
        "source": "PCIP Phase 2 Appendix A, sheet A-001, November 2020, PDF page 45"
      },
      "geometry": {
        "type": "LineString",
        "coordinates": [[-73.9940836, 40.7501574], [-73.9940735, 40.7501531], [-73.9940735, 40.7501531], [-73.9940451, 40.7501411], [-73.9940419, 40.7501454], [-73.9940436, 40.7501461]]
      }
    },
    {
      "type": "Feature",
      "properties": {
        "level": "platform",
        "type": "wall",
        "platform": "4",
        "color": "#999999",
        "source": "PCIP Phase 2 Appendix A, sheet A-001, November 2020, PDF page 45"
      },
      "geometry": {
        "type": "LineString",
        "coordinates": [[-73.9938976, 40.7503923], [-73.9939069, 40.7503962]]
      }
    },
    {
      "type": "Feature",
      "properties": {
        "level": "platform",
        "type": "wall",
        "platform": "4",
        "color": "#999999",
        "source": "PCIP Phase 2 Appendix A, sheet A-001, November 2020, PDF page 45"
      },
      "geometry": {
        "type": "LineString",
        "coordinates": [[-73.9939198, 40.7503786], [-73.9939106, 40.7503747], [-73.9939106, 40.7503747], [-73.9938822, 40.7503627], [-73.9938785, 40.7503676], [-73.99388, 40.7503682]]
      }
    },
    {
      "type": "Feature",
      "properties": {
        "level": "platform",
        "type": "wall",
        "platform": "4",
        "color": "#999999",
        "source": "PCIP Phase 2 Appendix A, sheet A-001, November 2020, PDF page 45"
      },
      "geometry": {
        "type": "LineString",
        "coordinates": [[-73.9939081, 40.7503946], [-73.9938988, 40.7503907], [-73.9939094, 40.7503763], [-73.9939187, 40.7503802]]
      }
    },
    {
      "type": "Feature",
      "properties": {
        "level": "platform",
        "type": "wall",
        "platform": "1",
        "color": "#999999",
        "source": "PCIP Phase 2 Appendix A, sheet A-001, November 2020, PDF page 45"
      },
      "geometry": {
        "type": "LineString",
        "coordinates": [[-73.9941433, 40.7500619], [-73.9941511, 40.7500652]]
      }
    },
    {
      "type": "Feature",
      "properties": {
        "level": "platform",
        "type": "wall",
        "platform": "1",
        "color": "#999999",
        "source": "PCIP Phase 2 Appendix A, sheet A-001, November 2020, PDF page 45"
      },
      "geometry": {
        "type": "LineString",
        "coordinates": [[-73.9941424, 40.7500632], [-73.9941501, 40.7500665]]
      }
    },
    {
      "type": "Feature",
      "properties": {
        "level": "platform",
        "type": "wall",
        "platform": "1",
        "color": "#999999",
        "source": "PCIP Phase 2 Appendix A, sheet A-001, November 2020, PDF page 45"
      },
      "geometry": {
        "type": "LineString",
        "coordinates": [[-73.9941509, 40.7500453], [-73.9941397, 40.7500604], [-73.9941397, 40.7500604], [-73.9941433, 40.7500619]]
      }
    },
    {
      "type": "Feature",
      "properties": {
        "level": "platform",
        "type": "wall",
        "platform": "1",
        "color": "#999999",
        "source": "PCIP Phase 2 Appendix A, sheet A-001, November 2020, PDF page 45"
      },
      "geometry": {
        "type": "LineString",
        "coordinates": [[-73.9941141, 40.7500431], [-73.9941127, 40.7500425], [-73.9941081, 40.7500487], [-73.9941424, 40.7500632]]
      }
    },
    {
      "type": "Feature",
      "properties": {
        "level": "platform",
        "type": "wall",
        "platform": "1",
        "color": "#999999",
        "source": "PCIP Phase 2 Appendix A, sheet A-001, November 2020, PDF page 45"
      },
      "geometry": {
        "type": "LineString",
        "coordinates": [[-73.9940279, 40.7500174], [-73.9940258, 40.7500165], [-73.9940378, 40.7500003], [-73.9941174, 40.7500338], [-73.994106, 40.7500493], [-73.9941415, 40.7500643], [-73.9941424, 40.7500632]]
      }
    },
    {
      "type": "Feature",
      "properties": {
        "level": "platform",
        "type": "wall",
        "platform": "4",
        "color": "#999999",
        "source": "PCIP Phase 2 Appendix A, sheet A-001, November 2020, PDF page 45"
      },
      "geometry": {
        "type": "LineString",
        "coordinates": [[-73.9938747, 40.7503754], [-73.9938732, 40.7503748], [-73.9938692, 40.7503802], [-73.9938976, 40.7503923]]
      }
    },
    {
      "type": "Feature",
      "properties": {
        "level": "platform",
        "type": "wall",
        "platform": "6",
        "color": "#999999",
        "source": "PCIP Phase 2 Appendix A, sheet A-001, November 2020, PDF page 45"
      },
      "geometry": {
        "type": "LineString",
        "coordinates": [[-73.9937128, 40.7505943], [-73.9937113, 40.7505937], [-73.9937086, 40.7505973], [-73.993737, 40.7506094]]
      }
    },
    {
      "type": "Feature",
      "properties": {
        "level": "platform",
        "type": "wall",
        "platform": "6",
        "color": "#999999",
        "source": "PCIP Phase 2 Appendix A, sheet A-001, November 2020, PDF page 45"
      },
      "geometry": {
        "type": "LineString",
        "coordinates": [[-73.9937495, 40.7505925], [-73.9937207, 40.7505805], [-73.9937181, 40.750584]]
      }
    },
    {
      "type": "Feature",
      "properties": {
        "level": "platform",
        "type": "wall",
        "platform": "3",
        "color": "#999999",
        "source": "PCIP Phase 2 Appendix A, sheet A-001, November 2020, PDF page 45"
      },
      "geometry": {
        "type": "LineString",
        "coordinates": [[-73.9939561, 40.7502649], [-73.9939546, 40.7502643], [-73.9939519, 40.7502679], [-73.9939804, 40.7502798]]
      }
    },
    {
      "type": "Feature",
      "properties": {
        "level": "platform",
        "type": "wall",
        "platform": "3",
        "color": "#999999",
        "source": "PCIP Phase 2 Appendix A, sheet A-001, November 2020, PDF page 45"
      },
      "geometry": {
        "type": "LineString",
        "coordinates": [[-73.9939932, 40.7502622], [-73.9939647, 40.7502503], [-73.9939615, 40.7502546], [-73.9939632, 40.7502553]]
      }
    },
    {
      "type": "Feature",
      "properties": {
        "level": "platform",
        "type": "wall",
        "platform": "2",
        "color": "#999999",
        "source": "PCIP Phase 2 Appendix A, sheet A-001, November 2020, PDF page 45"
      },
      "geometry": {
        "type": "LineString",
        "coordinates": [[-73.9940375, 40.7501544], [-73.9940358, 40.7501536], [-73.9940327, 40.7501578], [-73.9940611, 40.7501698]]
      }
    },
    {
      "type": "Feature",
      "properties": {
        "level": "platform",
        "type": "wall",
        "platform": "1",
        "color": "#999999",
        "source": "PCIP Phase 2 Appendix A, sheet A-001, November 2020, PDF page 45"
      },
      "geometry": {
        "type": "LineString",
        "coordinates": [[-73.994136, 40.7500375], [-73.9941208, 40.7500311], [-73.9941175, 40.7500359], [-73.994119, 40.7500366]]
      }
    },
    {
      "type": "Feature",
      "properties": {
        "level": "platform",
        "type": "wall",
        "platform": "2",
        "color": "#999999",
        "source": "PCIP Phase 2 Appendix A, sheet A-001, November 2020, PDF page 45"
      },
      "geometry": {
        "type": "LineString",
        "coordinates": [[-73.9939961, 40.7501217], [-73.9939841, 40.7501167], [-73.9939876, 40.7501119], [-73.9939965, 40.7501156]]
      }
    },
    {
      "type": "Feature",
      "properties": {
        "level": "platform",
        "type": "wall",
        "platform": "2",
        "color": "#999999",
        "source": "PCIP Phase 2 Appendix A, sheet A-001, November 2020, PDF page 45"
      },
      "geometry": {
        "type": "LineString",
        "coordinates": [[-73.9939965, 40.7501156], [-73.9939996, 40.750117], [-73.9939961, 40.7501217]]
      }
    },
    {
      "type": "Feature",
      "properties": {
        "level": "platform",
        "type": "wall",
        "platform": "2",
        "color": "#999999",
        "source": "PCIP Phase 2 Appendix A, sheet A-001, November 2020, PDF page 45"
      },
      "geometry": {
        "type": "LineString",
        "coordinates": [[-73.9939961, 40.7501217], [-73.9939965, 40.7501156]]
      }
    },
    {
      "type": "Feature",
      "properties": {
        "level": "platform",
        "type": "wall",
        "platform": "7",
        "color": "#999999",
        "source": "PCIP Phase 2 Appendix A, sheet A-001, November 2020, PDF page 45"
      },
      "geometry": {
        "type": "LineString",
        "coordinates": [[-73.9935601, 40.7506514], [-73.9935596, 40.750652], [-73.9935533, 40.7506493], [-73.993554, 40.7506484], [-73.9935689, 40.7506545]]
      }
    },
    {
      "type": "Feature",
      "properties": {
        "level": "platform",
        "type": "wall",
        "platform": "7",
        "color": "#999999",
        "source": "PCIP Phase 2 Appendix A, sheet A-001, November 2020, PDF page 45"
      },
      "geometry": {
        "type": "LineString",
        "coordinates": [[-73.9935432, 40.7506892], [-73.9935268, 40.7506822], [-73.9935371, 40.7506682], [-73.9935382, 40.7506668], [-73.9935481, 40.750671]]
      }
    },
    {
      "type": "Feature",
      "properties": {
        "level": "platform",
        "type": "wall",
        "platform": "6",
        "color": "#999999",
        "source": "PCIP Phase 2 Appendix A, sheet A-001, November 2020, PDF page 45"
      },
      "geometry": {
        "type": "LineString",
        "coordinates": [[-73.9929402, 40.7502628], [-73.9929718, 40.7502762], [-73.9929619, 40.7502896], [-73.9929608, 40.7502891], [-73.9929601, 40.7502901], [-73.992983, 40.7502998], [-73.9929814, 40.750302], [-73.9930703, 40.7503395], [-73.9930719, 40.7503373], [-73.993448, 40.7504961], [-73.9934507, 40.7504924], [-73.9936317, 40.750569]]
      }
    },
    {
      "type": "Feature",
      "properties": {
        "level": "platform",
        "type": "wall",
        "platform": "6",
        "color": "#999999",
        "source": "PCIP Phase 2 Appendix A, sheet A-001, November 2020, PDF page 45"
      },
      "geometry": {
        "type": "LineString",
        "coordinates": [[-73.9936319, 40.7505688], [-73.9936354, 40.750564]]
      }
    },
    {
      "type": "Feature",
      "properties": {
        "level": "platform",
        "type": "wall",
        "platform": "6",
        "color": "#999999",
        "source": "PCIP Phase 2 Appendix A, sheet A-001, November 2020, PDF page 45"
      },
      "geometry": {
        "type": "LineString",
        "coordinates": [[-73.9936375, 40.7505492], [-73.993644, 40.750552]]
      }
    },
    {
      "type": "Feature",
      "properties": {
        "level": "platform",
        "type": "wall",
        "platform": "5",
        "color": "#999999",
        "source": "PCIP Phase 2 Appendix A, sheet A-001, November 2020, PDF page 45"
      },
      "geometry": {
        "type": "LineString",
        "coordinates": [[-73.993695, 40.7504587], [-73.9937042, 40.7504626], [-73.9937025, 40.750465], [-73.9937067, 40.7504668], [-73.9937107, 40.7504614]]
      }
    },
    {
      "type": "Feature",
      "properties": {
        "level": "platform",
        "type": "wall",
        "platform": "4",
        "color": "#999999",
        "source": "PCIP Phase 2 Appendix A, sheet A-001, November 2020, PDF page 45"
      },
      "geometry": {
        "type": "LineString",
        "coordinates": [[-73.9937946, 40.7503473], [-73.9937864, 40.7503438], [-73.993797, 40.7503295]]
      }
    },
    {
      "type": "Feature",
      "properties": {
        "level": "platform",
        "type": "wall",
        "platform": "3",
        "color": "#999999",
        "source": "PCIP Phase 2 Appendix A, sheet A-001, November 2020, PDF page 45"
      },
      "geometry": {
        "type": "LineString",
        "coordinates": [[-73.9938767, 40.7502358], [-73.993891, 40.7502419], [-73.993886, 40.7502488], [-73.9939017, 40.7502554], [-73.993908, 40.750247], [-73.9938893, 40.7502391], [-73.9939002, 40.7502242], [-73.9939189, 40.7502322], [-73.993925, 40.7502236], [-73.9939091, 40.7502171], [-73.9939041, 40.7502238], [-73.99389, 40.7502178]]
      }
    },
    {
      "type": "Feature",
      "properties": {
        "level": "platform",
        "type": "wall",
        "platform": "2",
        "color": "#999999",
        "source": "PCIP Phase 2 Appendix A, sheet A-001, November 2020, PDF page 45"
      },
      "geometry": {
        "type": "LineString",
        "coordinates": [[-73.9939507, 40.7501354], [-73.9939793, 40.7501475], [-73.9939849, 40.7501398], [-73.9939719, 40.7501343], [-73.9939832, 40.7501186], [-73.9939967, 40.7501243], [-73.9940023, 40.7501167], [-73.9939723, 40.7501041]]
      }
    },
    {
      "type": "Feature",
      "properties": {
        "level": "platform",
        "type": "wall",
        "platform": "3",
        "color": "#999999",
        "source": "PCIP Phase 2 Appendix A, sheet A-001, November 2020, PDF page 45"
      },
      "geometry": {
        "type": "LineString",
        "coordinates": [[-73.9938847, 40.7502208], [-73.9938864, 40.7502216], [-73.9938829, 40.7502263]]
      }
    },
    {
      "type": "Feature",
      "properties": {
        "level": "platform",
        "type": "wall",
        "platform": "3",
        "color": "#999999",
        "source": "PCIP Phase 2 Appendix A, sheet A-001, November 2020, PDF page 45"
      },
      "geometry": {
        "type": "LineString",
        "coordinates": [[-73.9938829, 40.7502263], [-73.9938771, 40.750223]]
      }
    },
    {
      "type": "Feature",
      "properties": {
        "level": "platform",
        "type": "wall",
        "platform": "3",
        "color": "#999999",
        "source": "PCIP Phase 2 Appendix A, sheet A-001, November 2020, PDF page 45"
      },
      "geometry": {
        "type": "LineString",
        "coordinates": [[-73.9938727, 40.7502314], [-73.9938792, 40.7502258], [-73.9938828, 40.7502264]]
      }
    },
    {
      "type": "Feature",
      "properties": {
        "level": "platform",
        "type": "wall",
        "platform": "3",
        "color": "#999999",
        "source": "PCIP Phase 2 Appendix A, sheet A-001, November 2020, PDF page 45"
      },
      "geometry": {
        "type": "LineString",
        "coordinates": [[-73.9938828, 40.7502264], [-73.9938776, 40.7502335], [-73.9938727, 40.7502314]]
      }
    },
    {
      "type": "Feature",
      "properties": {
        "level": "platform",
        "type": "wall",
        "platform": "1",
        "color": "#999999",
        "source": "PCIP Phase 2 Appendix A, sheet A-001, November 2020, PDF page 45"
      },
      "geometry": {
        "type": "LineString",
        "coordinates": [[-73.9939143, 40.7499479], [-73.9939347, 40.7499566], [-73.9939214, 40.7499746], [-73.9940267, 40.750019], [-73.9940261, 40.7500198], [-73.9940324, 40.7500225], [-73.9940359, 40.7500177]]
      }
    },
    {
      "type": "Feature",
      "properties": {
        "level": "platform",
        "type": "wall",
        "platform": "3",
        "color": "#999999",
        "source": "PCIP Phase 2 Appendix A, sheet A-001, November 2020, PDF page 45"
      },
      "geometry": {
        "type": "LineString",
        "coordinates": [[-73.9938868, 40.7502196], [-73.9938897, 40.7502208], [-73.9938785, 40.750236], [-73.9938711, 40.7502328]]
      }
    },
    {
      "type": "Feature",
      "properties": {
        "level": "platform",
        "type": "wall",
        "platform": "3",
        "color": "#999999",
        "source": "PCIP Phase 2 Appendix A, sheet A-001, November 2020, PDF page 45"
      },
      "geometry": {
        "type": "LineString",
        "coordinates": [[-73.9938722, 40.7502319], [-73.9938764, 40.7502336]]
      }
    },
    {
      "type": "Feature",
      "properties": {
        "level": "platform",
        "type": "wall",
        "platform": "3",
        "color": "#999999",
        "source": "PCIP Phase 2 Appendix A, sheet A-001, November 2020, PDF page 45"
      },
      "geometry": {
        "type": "LineString",
        "coordinates": [[-73.9938756, 40.7502347], [-73.9938711, 40.7502328]]
      }
    },
    {
      "type": "Feature",
      "properties": {
        "level": "platform",
        "type": "wall",
        "platform": "3",
        "color": "#999999",
        "source": "PCIP Phase 2 Appendix A, sheet A-001, November 2020, PDF page 45"
      },
      "geometry": {
        "type": "LineString",
        "coordinates": [[-73.9938863, 40.7502194], [-73.9938322, 40.7501967]]
      }
    },
    {
      "type": "Feature",
      "properties": {
        "level": "platform",
        "type": "wall",
        "platform": "3",
        "color": "#999999",
        "source": "PCIP Phase 2 Appendix A, sheet A-001, November 2020, PDF page 45"
      },
      "geometry": {
        "type": "LineString",
        "coordinates": [[-73.9938771, 40.750223], [-73.9938815, 40.7502238], [-73.9938847, 40.7502208]]
      }
    },
    {
      "type": "Feature",
      "properties": {
        "level": "platform",
        "type": "wall",
        "platform": "2",
        "color": "#999999",
        "source": "PCIP Phase 2 Appendix A, sheet A-001, November 2020, PDF page 45"
      },
      "geometry": {
        "type": "LineString",
        "coordinates": [[-73.993965, 40.7501111], [-73.9939677, 40.7501122], [-73.9939599, 40.7501229], [-73.9939542, 40.7501205]]
      }
    },
    {
      "type": "Feature",
      "properties": {
        "level": "platform",
        "type": "wall",
        "platform": "2",
        "color": "#999999",
        "source": "PCIP Phase 2 Appendix A, sheet A-001, November 2020, PDF page 45"
      },
      "geometry": {
        "type": "LineString",
        "coordinates": [[-73.9939622, 40.7501134], [-73.9939655, 40.7501104]]
      }
    },
    {
      "type": "Feature",
      "properties": {
        "level": "platform",
        "type": "wall",
        "platform": "2",
        "color": "#999999",
        "source": "PCIP Phase 2 Appendix A, sheet A-001, November 2020, PDF page 45"
      },
      "geometry": {
        "type": "LineString",
        "coordinates": [[-73.9939586, 40.750113], [-73.993958, 40.7501127], [-73.9939622, 40.7501134]]
      }
    },
    {
      "type": "Feature",
      "properties": {
        "level": "platform",
        "type": "wall",
        "platform": "2",
        "color": "#999999",
        "source": "PCIP Phase 2 Appendix A, sheet A-001, November 2020, PDF page 45"
      },
      "geometry": {
        "type": "LineString",
        "coordinates": [[-73.9939542, 40.7501205], [-73.9939599, 40.7501154], [-73.9939643, 40.7501162], [-73.9939611, 40.7501145]]
      }
    },
    {
      "type": "Feature",
      "properties": {
        "level": "platform",
        "type": "wall",
        "platform": "5",
        "color": "#999999",
        "source": "PCIP Phase 2 Appendix A, sheet A-001, November 2020, PDF page 45"
      },
      "geometry": {
        "type": "LineString",
        "coordinates": [[-73.9937063, 40.7504595], [-73.9937178, 40.7504439]]
      }
    },
    {
      "type": "Feature",
      "properties": {
        "level": "platform",
        "type": "wall",
        "platform": "2",
        "color": "#999999",
        "source": "PCIP Phase 2 Appendix A, sheet A-001, November 2020, PDF page 45"
      },
      "geometry": {
        "type": "LineString",
        "coordinates": [[-73.9939642, 40.7501099], [-73.9939617, 40.7501133]]
      }
    },
    {
      "type": "Feature",
      "properties": {
        "level": "platform",
        "type": "wall",
        "platform": "8",
        "color": "#999999",
        "source": "PCIP Phase 2 Appendix A, sheet A-001, November 2020, PDF page 45"
      },
      "geometry": {
        "type": "LineString",
        "coordinates": [[-73.9934703, 40.7507782], [-73.9934711, 40.7507771], [-73.9934705, 40.7507768], [-73.9934789, 40.7507653]]
      }
    },
    {
      "type": "Feature",
      "properties": {
        "level": "platform",
        "type": "wall",
        "platform": "3",
        "color": "#999999",
        "source": "PCIP Phase 2 Appendix A, sheet A-001, November 2020, PDF page 45"
      },
      "geometry": {
        "type": "LineString",
        "coordinates": [[-73.9938831, 40.7502193], [-73.9938805, 40.7502228]]
      }
    },
    {
      "type": "Feature",
      "properties": {
        "level": "platform",
        "type": "wall",
        "platform": "8",
        "color": "#999999",
        "source": "PCIP Phase 2 Appendix A, sheet A-001, November 2020, PDF page 45"
      },
      "geometry": {
        "type": "LineString",
        "coordinates": [[-73.9934603, 40.7507562], [-73.9934796, 40.7507644]]
      }
    },
    {
      "type": "Feature",
      "properties": {
        "level": "platform",
        "type": "wall",
        "platform": "8",
        "color": "#999999",
        "source": "PCIP Phase 2 Appendix A, sheet A-001, November 2020, PDF page 45"
      },
      "geometry": {
        "type": "LineString",
        "coordinates": [[-73.9934792, 40.750765], [-73.9934597, 40.7507568]]
      }
    },
    {
      "type": "Feature",
      "properties": {
        "level": "platform",
        "type": "wall",
        "platform": "8",
        "color": "#999999",
        "source": "PCIP Phase 2 Appendix A, sheet A-001, November 2020, PDF page 45"
      },
      "geometry": {
        "type": "LineString",
        "coordinates": [[-73.9934451, 40.7507697], [-73.9934685, 40.7507795]]
      }
    },
    {
      "type": "Feature",
      "properties": {
        "level": "platform",
        "type": "wall",
        "platform": "3",
        "color": "#999999",
        "source": "PCIP Phase 2 Appendix A, sheet A-001, November 2020, PDF page 45"
      },
      "geometry": {
        "type": "LineString",
        "coordinates": [[-73.9938678, 40.75023], [-73.9938722, 40.7502319]]
      }
    },
    {
      "type": "Feature",
      "properties": {
        "level": "platform",
        "type": "wall",
        "platform": "6",
        "color": "#999999",
        "source": "PCIP Phase 2 Appendix A, sheet A-001, November 2020, PDF page 45"
      },
      "geometry": {
        "type": "LineString",
        "coordinates": [[-73.9936294, 40.7505602], [-73.993625, 40.7505583], [-73.9936323, 40.7505485], [-73.9936367, 40.7505503], [-73.9936375, 40.7505492]]
      }
    },
    {
      "type": "Feature",
      "properties": {
        "level": "platform",
        "type": "wall",
        "platform": "3",
        "color": "#999999",
        "source": "PCIP Phase 2 Appendix A, sheet A-001, November 2020, PDF page 45"
      },
      "geometry": {
        "type": "LineString",
        "coordinates": [[-73.9938711, 40.7502328], [-73.9938211, 40.7502116]]
      }
    },
    {
      "type": "Feature",
      "properties": {
        "level": "platform",
        "type": "wall",
        "platform": "2",
        "color": "#999999",
        "source": "PCIP Phase 2 Appendix A, sheet A-001, November 2020, PDF page 45"
      },
      "geometry": {
        "type": "LineString",
        "coordinates": [[-73.9939497, 40.7501195], [-73.9939535, 40.7501211]]
      }
    },
    {
      "type": "Feature",
      "properties": {
        "level": "platform",
        "type": "enclosure",
        "platform": "6",
        "color": "#999999",
        "source": "PCIP Phase 2 Appendix A, sheet A-001, November 2020, PDF page 45"
      },
      "geometry": {
        "type": "Polygon",
        "coordinates": [[[-73.9936371, 40.7505491], [-73.9936052, 40.7505357], [-73.9936048, 40.7505362], [-73.9936366, 40.7505497], [-73.9936371, 40.7505491]]]
      }
    },
    {
      "type": "Feature",
      "properties": {
        "level": "platform",
        "type": "wall",
        "platform": "2",
        "color": "#999999",
        "source": "PCIP Phase 2 Appendix A, sheet A-001, November 2020, PDF page 45"
      },
      "geometry": {
        "type": "LineString",
        "coordinates": [[-73.9939131, 40.7500872], [-73.9939664, 40.7501096], [-73.993971, 40.7501115], [-73.9939608, 40.7501254], [-73.9939526, 40.7501219]]
      }
    },
    {
      "type": "Feature",
      "properties": {
        "level": "platform",
        "type": "wall",
        "platform": "2",
        "color": "#999999",
        "source": "PCIP Phase 2 Appendix A, sheet A-001, November 2020, PDF page 45"
      },
      "geometry": {
        "type": "LineString",
        "coordinates": [[-73.9939524, 40.7501218], [-73.9939029, 40.7501009]]
      }
    },
    {
      "type": "Feature",
      "properties": {
        "level": "platform",
        "type": "wall",
        "platform": "2",
        "color": "#999999",
        "source": "PCIP Phase 2 Appendix A, sheet A-001, November 2020, PDF page 45"
      },
      "geometry": {
        "type": "LineString",
        "coordinates": [[-73.9939585, 40.7501075], [-73.9939617, 40.7501089]]
      }
    },
    {
      "type": "Feature",
      "properties": {
        "level": "platform",
        "type": "wall",
        "platform": "2",
        "color": "#999999",
        "source": "PCIP Phase 2 Appendix A, sheet A-001, November 2020, PDF page 45"
      },
      "geometry": {
        "type": "LineString",
        "coordinates": [[-73.9939589, 40.7501127], [-73.9939617, 40.7501089]]
      }
    },
    {
      "type": "Feature",
      "properties": {
        "level": "platform",
        "type": "wall",
        "platform": "2",
        "color": "#999999",
        "source": "PCIP Phase 2 Appendix A, sheet A-001, November 2020, PDF page 45"
      },
      "geometry": {
        "type": "LineString",
        "coordinates": [[-73.993953, 40.7501206], [-73.9939586, 40.750113]]
      }
    },
    {
      "type": "Feature",
      "properties": {
        "level": "platform",
        "type": "wall",
        "platform": "7",
        "color": "#999999",
        "source": "PCIP Phase 2 Appendix A, sheet A-001, November 2020, PDF page 45"
      },
      "geometry": {
        "type": "LineString",
        "coordinates": [[-73.9935488, 40.7506677], [-73.9935514, 40.7506642], [-73.9935483, 40.7506629], [-73.9935565, 40.7506513], [-73.9935597, 40.7506527], [-73.9935605, 40.7506516]]
      }
    },
    {
      "type": "Feature",
      "properties": {
        "level": "platform",
        "type": "wall",
        "platform": "3",
        "color": "#999999",
        "source": "PCIP Phase 2 Appendix A, sheet A-001, November 2020, PDF page 45"
      },
      "geometry": {
        "type": "LineString",
        "coordinates": [[-73.9938774, 40.7502169], [-73.9938806, 40.7502183]]
      }
    },
    {
      "type": "Feature",
      "properties": {
        "level": "platform",
        "type": "wall",
        "platform": "3",
        "color": "#999999",
        "source": "PCIP Phase 2 Appendix A, sheet A-001, November 2020, PDF page 45"
      },
      "geometry": {
        "type": "LineString",
        "coordinates": [[-73.9938777, 40.7502222], [-73.9938806, 40.7502183]]
      }
    },
    {
      "type": "Feature",
      "properties": {
        "level": "platform",
        "type": "wall",
        "platform": "3",
        "color": "#999999",
        "source": "PCIP Phase 2 Appendix A, sheet A-001, November 2020, PDF page 45"
      },
      "geometry": {
        "type": "LineString",
        "coordinates": [[-73.993871, 40.7502313], [-73.9938771, 40.750223]]
      }
    },
    {
      "type": "Feature",
      "properties": {
        "level": "platform",
        "type": "wall",
        "platform": "5",
        "color": "#999999",
        "source": "PCIP Phase 2 Appendix A, sheet A-001, November 2020, PDF page 45"
      },
      "geometry": {
        "type": "LineString",
        "coordinates": [[-73.9936878, 40.7504299], [-73.9936716, 40.750423], [-73.9936724, 40.7504219], [-73.9937171, 40.7504407], [-73.9937139, 40.750445], [-73.9937123, 40.7504443], [-73.9937127, 40.7504436]]
      }
    },
    {
      "type": "Feature",
      "properties": {
        "level": "platform",
        "type": "wall",
        "platform": "5",
        "color": "#999999",
        "source": "PCIP Phase 2 Appendix A, sheet A-001, November 2020, PDF page 45"
      },
      "geometry": {
        "type": "LineString",
        "coordinates": [[-73.9937123, 40.7504443], [-73.9937145, 40.7504412], [-73.9936893, 40.7504305]]
      }
    },
    {
      "type": "Feature",
      "properties": {
        "level": "platform",
        "type": "wall",
        "platform": "2",
        "color": "#999999",
        "source": "PCIP Phase 2 Appendix A, sheet A-001, November 2020, PDF page 45"
      },
      "geometry": {
        "type": "LineString",
        "coordinates": [[-73.9939554, 40.7501062], [-73.9939585, 40.7501075]]
      }
    },
    {
      "type": "Feature",
      "properties": {
        "level": "platform",
        "type": "wall",
        "platform": "2",
        "color": "#999999",
        "source": "PCIP Phase 2 Appendix A, sheet A-001, November 2020, PDF page 45"
      },
      "geometry": {
        "type": "LineString",
        "coordinates": [[-73.9939542, 40.7501134], [-73.9939585, 40.7501075]]
      }
    },
    {
      "type": "Feature",
      "properties": {
        "level": "platform",
        "type": "wall",
        "platform": "2",
        "color": "#999999",
        "source": "PCIP Phase 2 Appendix A, sheet A-001, November 2020, PDF page 45"
      },
      "geometry": {
        "type": "LineString",
        "coordinates": [[-73.9939515, 40.7501114], [-73.9939542, 40.7501134]]
      }
    },
    {
      "type": "Feature",
      "properties": {
        "level": "platform",
        "type": "wall",
        "platform": "2",
        "color": "#999999",
        "source": "PCIP Phase 2 Appendix A, sheet A-001, November 2020, PDF page 45"
      },
      "geometry": {
        "type": "LineString",
        "coordinates": [[-73.9939539, 40.7501137], [-73.9939503, 40.750113]]
      }
    },
    {
      "type": "Feature",
      "properties": {
        "level": "platform",
        "type": "wall",
        "platform": "2",
        "color": "#999999",
        "source": "PCIP Phase 2 Appendix A, sheet A-001, November 2020, PDF page 45"
      },
      "geometry": {
        "type": "LineString",
        "coordinates": [[-73.9939497, 40.7501195], [-73.9939539, 40.7501137]]
      }
    },
    {
      "type": "Feature",
      "properties": {
        "level": "platform",
        "type": "wall",
        "platform": "2",
        "color": "#999999",
        "source": "PCIP Phase 2 Appendix A, sheet A-001, November 2020, PDF page 45"
      },
      "geometry": {
        "type": "LineString",
        "coordinates": [[-73.9939466, 40.7501181], [-73.9939497, 40.7501195]]
      }
    },
    {
      "type": "Feature",
      "properties": {
        "level": "platform",
        "type": "wall",
        "platform": "3",
        "color": "#999999",
        "source": "PCIP Phase 2 Appendix A, sheet A-001, November 2020, PDF page 45"
      },
      "geometry": {
        "type": "LineString",
        "coordinates": [[-73.9938315, 40.7501976], [-73.9938774, 40.7502169]]
      }
    },
    {
      "type": "Feature",
      "properties": {
        "level": "platform",
        "type": "wall",
        "platform": "3",
        "color": "#999999",
        "source": "PCIP Phase 2 Appendix A, sheet A-001, November 2020, PDF page 45"
      },
      "geometry": {
        "type": "LineString",
        "coordinates": [[-73.9938678, 40.75023], [-73.9938774, 40.7502169]]
      }
    },
    {
      "type": "Feature",
      "properties": {
        "level": "platform",
        "type": "wall",
        "platform": "3",
        "color": "#999999",
        "source": "PCIP Phase 2 Appendix A, sheet A-001, November 2020, PDF page 45"
      },
      "geometry": {
        "type": "LineString",
        "coordinates": [[-73.9938646, 40.7502287], [-73.9938678, 40.75023]]
      }
    },
    {
      "type": "Feature",
      "properties": {
        "level": "platform",
        "type": "wall",
        "platform": "2",
        "color": "#999999",
        "source": "PCIP Phase 2 Appendix A, sheet A-001, November 2020, PDF page 45"
      },
      "geometry": {
        "type": "LineString",
        "coordinates": [[-73.9939124, 40.7500881], [-73.9939554, 40.7501062]]
      }
    },
    {
      "type": "Feature",
      "properties": {
        "level": "platform",
        "type": "wall",
        "platform": "2",
        "color": "#999999",
        "source": "PCIP Phase 2 Appendix A, sheet A-001, November 2020, PDF page 45"
      },
      "geometry": {
        "type": "LineString",
        "coordinates": [[-73.9939515, 40.7501114], [-73.9939554, 40.7501062]]
      }
    },
    {
      "type": "Feature",
      "properties": {
        "level": "platform",
        "type": "wall",
        "platform": "2",
        "color": "#999999",
        "source": "PCIP Phase 2 Appendix A, sheet A-001, November 2020, PDF page 45"
      },
      "geometry": {
        "type": "LineString",
        "coordinates": [[-73.9939503, 40.750113], [-73.9939496, 40.7501129], [-73.993951, 40.750111], [-73.9939515, 40.7501114]]
      }
    },
    {
      "type": "Feature",
      "properties": {
        "level": "platform",
        "type": "wall",
        "platform": "2",
        "color": "#999999",
        "source": "PCIP Phase 2 Appendix A, sheet A-001, November 2020, PDF page 45"
      },
      "geometry": {
        "type": "LineString",
        "coordinates": [[-73.9939466, 40.7501181], [-73.9939503, 40.750113]]
      }
    },
    {
      "type": "Feature",
      "properties": {
        "level": "platform",
        "type": "wall",
        "platform": "2",
        "color": "#999999",
        "source": "PCIP Phase 2 Appendix A, sheet A-001, November 2020, PDF page 45"
      },
      "geometry": {
        "type": "LineString",
        "coordinates": [[-73.9939466, 40.7501181], [-73.9939036, 40.7500999], [-73.9939029, 40.7501009]]
      }
    },
    {
      "type": "Feature",
      "properties": {
        "level": "platform",
        "type": "wall",
        "platform": "3",
        "color": "#999999",
        "source": "PCIP Phase 2 Appendix A, sheet A-001, November 2020, PDF page 45"
      },
      "geometry": {
        "type": "LineString",
        "coordinates": [[-73.9938646, 40.7502287], [-73.9938742, 40.7502157]]
      }
    },
    {
      "type": "Feature",
      "properties": {
        "level": "platform",
        "type": "wall",
        "platform": "3",
        "color": "#999999",
        "source": "PCIP Phase 2 Appendix A, sheet A-001, November 2020, PDF page 45"
      },
      "geometry": {
        "type": "LineString",
        "coordinates": [[-73.9938646, 40.7502287], [-73.9938218, 40.7502107], [-73.9938211, 40.7502116]]
      }
    },
    {
      "type": "Feature",
      "properties": {
        "level": "platform",
        "type": "wall",
        "platform": "2",
        "color": "#999999",
        "source": "PCIP Phase 2 Appendix A, sheet A-001, November 2020, PDF page 45"
      },
      "geometry": {
        "type": "LineString",
        "coordinates": [[-73.9939097, 40.7500947], [-73.9939503, 40.750112]]
      }
    },
    {
      "type": "Feature",
      "properties": {
        "level": "platform",
        "type": "wall",
        "platform": "4",
        "color": "#999999",
        "source": "PCIP Phase 2 Appendix A, sheet A-001, November 2020, PDF page 45"
      },
      "geometry": {
        "type": "LineString",
        "coordinates": [[-73.9937888, 40.750326], [-73.9937291, 40.7503007]]
      }
    },
    {
      "type": "Feature",
      "properties": {
        "level": "platform",
        "type": "wall",
        "platform": "4",
        "color": "#999999",
        "source": "PCIP Phase 2 Appendix A, sheet A-001, November 2020, PDF page 45"
      },
      "geometry": {
        "type": "LineString",
        "coordinates": [[-73.9937284, 40.7503017], [-73.9937878, 40.7503269]]
      }
    },
    {
      "type": "Feature",
      "properties": {
        "level": "platform",
        "type": "wall",
        "platform": "4",
        "color": "#999999",
        "source": "PCIP Phase 2 Appendix A, sheet A-001, November 2020, PDF page 45"
      },
      "geometry": {
        "type": "LineString",
        "coordinates": [[-73.9937753, 40.7503379], [-73.9937819, 40.7503321], [-73.9937862, 40.7503329], [-73.9937801, 40.7503292], [-73.9937841, 40.7503301], [-73.9937878, 40.7503269]]
      }
    },
    {
      "type": "Feature",
      "properties": {
        "level": "platform",
        "type": "wall",
        "platform": "4",
        "color": "#999999",
        "source": "PCIP Phase 2 Appendix A, sheet A-001, November 2020, PDF page 45"
      },
      "geometry": {
        "type": "LineString",
        "coordinates": [[-73.9937763, 40.750337], [-73.9937199, 40.7503131], [-73.9937192, 40.7503141]]
      }
    },
    {
      "type": "Feature",
      "properties": {
        "level": "platform",
        "type": "wall",
        "platform": "4",
        "color": "#999999",
        "source": "PCIP Phase 2 Appendix A, sheet A-001, November 2020, PDF page 45"
      },
      "geometry": {
        "type": "LineString",
        "coordinates": [[-73.9937753, 40.7503379], [-73.9937192, 40.7503141]]
      }
    },
    {
      "type": "Feature",
      "properties": {
        "level": "platform",
        "type": "wall",
        "platform": "8",
        "color": "#999999",
        "source": "PCIP Phase 2 Appendix A, sheet A-001, November 2020, PDF page 45"
      },
      "geometry": {
        "type": "LineString",
        "coordinates": [[-73.9933209, 40.7506973], [-73.9934603, 40.7507562]]
      }
    },
    {
      "type": "Feature",
      "properties": {
        "level": "platform",
        "type": "wall",
        "platform": "8",
        "color": "#999999",
        "source": "PCIP Phase 2 Appendix A, sheet A-001, November 2020, PDF page 45"
      },
      "geometry": {
        "type": "LineString",
        "coordinates": [[-73.9934602, 40.7507563], [-73.9934003, 40.7507312]]
      }
    },
    {
      "type": "Feature",
      "properties": {
        "level": "platform",
        "type": "wall",
        "platform": "8",
        "color": "#999999",
        "source": "PCIP Phase 2 Appendix A, sheet A-001, November 2020, PDF page 45"
      },
      "geometry": {
        "type": "LineString",
        "coordinates": [[-73.9934597, 40.7507568], [-73.9934, 40.7507316]]
      }
    },
    {
      "type": "Feature",
      "properties": {
        "level": "platform",
        "type": "wall",
        "platform": "8",
        "color": "#999999",
        "source": "PCIP Phase 2 Appendix A, sheet A-001, November 2020, PDF page 45"
      },
      "geometry": {
        "type": "LineString",
        "coordinates": [[-73.9933996, 40.7507321], [-73.9934592, 40.7507572]]
      }
    },
    {
      "type": "Feature",
      "properties": {
        "level": "platform",
        "type": "wall",
        "platform": "8",
        "color": "#999999",
        "source": "PCIP Phase 2 Appendix A, sheet A-001, November 2020, PDF page 45"
      },
      "geometry": {
        "type": "LineString",
        "coordinates": [[-73.9934473, 40.7507677], [-73.9934532, 40.7507624], [-73.9934576, 40.7507632], [-73.9934513, 40.7507597], [-73.9934555, 40.7507604], [-73.9934592, 40.7507572]]
      }
    },
    {
      "type": "Feature",
      "properties": {
        "level": "platform",
        "type": "wall",
        "platform": "8",
        "color": "#999999",
        "source": "PCIP Phase 2 Appendix A, sheet A-001, November 2020, PDF page 45"
      },
      "geometry": {
        "type": "LineString",
        "coordinates": [[-73.9933722, 40.7507203], [-73.9933743, 40.7507212], [-73.9933658, 40.7507327], [-73.9933637, 40.7507318], [-73.9933633, 40.7507322], [-73.9934473, 40.7507677]]
      }
    },
    {
      "type": "Feature",
      "properties": {
        "level": "platform",
        "type": "wall",
        "platform": "8",
        "color": "#999999",
        "source": "PCIP Phase 2 Appendix A, sheet A-001, November 2020, PDF page 45"
      },
      "geometry": {
        "type": "LineString",
        "coordinates": [[-73.9934473, 40.7507677], [-73.9934701, 40.7507773], [-73.9934696, 40.7507779], [-73.9934467, 40.7507683]]
      }
    },
    {
      "type": "Feature",
      "properties": {
        "level": "platform",
        "type": "wall",
        "platform": "8",
        "color": "#999999",
        "source": "PCIP Phase 2 Appendix A, sheet A-001, November 2020, PDF page 45"
      },
      "geometry": {
        "type": "LineString",
        "coordinates": [[-73.9934472, 40.7507678], [-73.9933909, 40.7507439], [-73.9933904, 40.7507445]]
      }
    },
    {
      "type": "Feature",
      "properties": {
        "level": "platform",
        "type": "wall",
        "platform": "8",
        "color": "#999999",
        "source": "PCIP Phase 2 Appendix A, sheet A-001, November 2020, PDF page 45"
      },
      "geometry": {
        "type": "LineString",
        "coordinates": [[-73.9934467, 40.7507683], [-73.9933904, 40.7507445]]
      }
    },
    {
      "type": "Feature",
      "properties": {
        "level": "platform",
        "type": "wall",
        "platform": "8",
        "color": "#999999",
        "source": "PCIP Phase 2 Appendix A, sheet A-001, November 2020, PDF page 45"
      },
      "geometry": {
        "type": "LineString",
        "coordinates": [[-73.9934463, 40.7507687], [-73.9933902, 40.7507449]]
      }
    },
    {
      "type": "Feature",
      "properties": {
        "level": "platform",
        "type": "wall",
        "platform": "8",
        "color": "#999999",
        "source": "PCIP Phase 2 Appendix A, sheet A-001, November 2020, PDF page 45"
      },
      "geometry": {
        "type": "LineString",
        "coordinates": [[-73.9934115, 40.7507556], [-73.9934451, 40.7507697]]
      }
    },
    {
      "type": "Feature",
      "properties": {
        "level": "platform",
        "type": "wall",
        "platform": "5",
        "color": "#999999",
        "source": "PCIP Phase 2 Appendix A, sheet A-001, November 2020, PDF page 45"
      },
      "geometry": {
        "type": "LineString",
        "coordinates": [[-73.9936783, 40.7504457], [-73.9937035, 40.7504565], [-73.9937058, 40.7504534], [-73.9937072, 40.750454], [-73.9937042, 40.7504582], [-73.9936471, 40.7504342]]
      }
    },
    {
      "type": "Feature",
      "properties": {
        "level": "platform",
        "type": "wall",
        "platform": "5",
        "color": "#999999",
        "source": "PCIP Phase 2 Appendix A, sheet A-001, November 2020, PDF page 45"
      },
      "geometry": {
        "type": "LineString",
        "coordinates": [[-73.9936893, 40.7504305], [-73.9936783, 40.7504457]]
      }
    },
    {
      "type": "Feature",
      "properties": {
        "level": "platform",
        "type": "wall",
        "platform": "5",
        "color": "#999999",
        "source": "PCIP Phase 2 Appendix A, sheet A-001, November 2020, PDF page 45"
      },
      "geometry": {
        "type": "LineString",
        "coordinates": [[-73.9936766, 40.750445], [-73.9936878, 40.7504299]]
      }
    },
    {
      "type": "Feature",
      "properties": {
        "level": "platform",
        "type": "wall",
        "platform": "5",
        "color": "#999999",
        "source": "PCIP Phase 2 Appendix A, sheet A-001, November 2020, PDF page 45"
      },
      "geometry": {
        "type": "LineString",
        "coordinates": [[-73.9936417, 40.7504302], [-73.9936766, 40.750445]]
      }
    },
    {
      "type": "Feature",
      "properties": {
        "level": "platform",
        "type": "wall",
        "platform": "1",
        "color": "#999999",
        "source": "PCIP Phase 2 Appendix A, sheet A-001, November 2020, PDF page 45"
      },
      "geometry": {
        "type": "LineString",
        "coordinates": [[-73.9939923, 40.7499994], [-73.994001, 40.7499918], [-73.9940053, 40.7499926]]
      }
    },
    {
      "type": "Feature",
      "properties": {
        "level": "platform",
        "type": "wall",
        "platform": "1",
        "color": "#999999",
        "source": "PCIP Phase 2 Appendix A, sheet A-001, November 2020, PDF page 45"
      },
      "geometry": {
        "type": "LineString",
        "coordinates": [[-73.9940053, 40.7499926], [-73.9940022, 40.7499908]]
      }
    },
    {
      "type": "Feature",
      "properties": {
        "level": "platform",
        "type": "wall",
        "platform": "1",
        "color": "#999999",
        "source": "PCIP Phase 2 Appendix A, sheet A-001, November 2020, PDF page 45"
      },
      "geometry": {
        "type": "LineString",
        "coordinates": [[-73.9940032, 40.7499898], [-73.9940095, 40.7499843]]
      }
    },
    {
      "type": "Feature",
      "properties": {
        "level": "platform",
        "type": "wall",
        "platform": "1",
        "color": "#999999",
        "source": "PCIP Phase 2 Appendix A, sheet A-001, November 2020, PDF page 45"
      },
      "geometry": {
        "type": "LineString",
        "coordinates": [[-73.9940075, 40.7499859], [-73.9939563, 40.7499643]]
      }
    },
    {
      "type": "Feature",
      "properties": {
        "level": "platform",
        "type": "wall",
        "platform": "1",
        "color": "#999999",
        "source": "PCIP Phase 2 Appendix A, sheet A-001, November 2020, PDF page 45"
      },
      "geometry": {
        "type": "LineString",
        "coordinates": [[-73.9940015, 40.7499847], [-73.9940065, 40.7499868]]
      }
    },
    {
      "type": "Feature",
      "properties": {
        "level": "platform",
        "type": "wall",
        "platform": "1",
        "color": "#999999",
        "source": "PCIP Phase 2 Appendix A, sheet A-001, November 2020, PDF page 45"
      },
      "geometry": {
        "type": "LineString",
        "coordinates": [[-73.994002, 40.7499895], [-73.9940047, 40.749986]]
      }
    },
    {
      "type": "Feature",
      "properties": {
        "level": "platform",
        "type": "wall",
        "platform": "1",
        "color": "#999999",
        "source": "PCIP Phase 2 Appendix A, sheet A-001, November 2020, PDF page 45"
      },
      "geometry": {
        "type": "LineString",
        "coordinates": [[-73.9940014, 40.7499903], [-73.9939992, 40.7499889], [-73.994002, 40.7499895]]
      }
    },
    {
      "type": "Feature",
      "properties": {
        "level": "platform",
        "type": "wall",
        "platform": "1",
        "color": "#999999",
        "source": "PCIP Phase 2 Appendix A, sheet A-001, November 2020, PDF page 45"
      },
      "geometry": {
        "type": "LineString",
        "coordinates": [[-73.9939935, 40.7499974], [-73.9939468, 40.7499776]]
      }
    },
    {
      "type": "Feature",
      "properties": {
        "level": "platform",
        "type": "wall",
        "platform": "1",
        "color": "#999999",
        "source": "PCIP Phase 2 Appendix A, sheet A-001, November 2020, PDF page 45"
      },
      "geometry": {
        "type": "LineString",
        "coordinates": [[-73.9939983, 40.7499833], [-73.9940015, 40.7499847]]
      }
    },
    {
      "type": "Feature",
      "properties": {
        "level": "platform",
        "type": "wall",
        "platform": "1",
        "color": "#999999",
        "source": "PCIP Phase 2 Appendix A, sheet A-001, November 2020, PDF page 45"
      },
      "geometry": {
        "type": "LineString",
        "coordinates": [[-73.9939931, 40.749996], [-73.9940015, 40.7499847]]
      }
    },
    {
      "type": "Feature",
      "properties": {
        "level": "platform",
        "type": "wall",
        "platform": "1",
        "color": "#999999",
        "source": "PCIP Phase 2 Appendix A, sheet A-001, November 2020, PDF page 45"
      },
      "geometry": {
        "type": "LineString",
        "coordinates": [[-73.99399, 40.7499946], [-73.9939931, 40.749996]]
      }
    },
    {
      "type": "Feature",
      "properties": {
        "level": "platform",
        "type": "wall",
        "platform": "7",
        "color": "#999999",
        "source": "PCIP Phase 2 Appendix A, sheet A-001, November 2020, PDF page 45"
      },
      "geometry": {
        "type": "LineString",
        "coordinates": [[-73.9935068, 40.7506464], [-73.9935139, 40.7506402], [-73.9935182, 40.7506411], [-73.9935118, 40.7506374], [-73.9935162, 40.7506382], [-73.9935222, 40.7506328]]
      }
    },
    {
      "type": "Feature",
      "properties": {
        "level": "platform",
        "type": "wall",
        "platform": "7",
        "color": "#999999",
        "source": "PCIP Phase 2 Appendix A, sheet A-001, November 2020, PDF page 45"
      },
      "geometry": {
        "type": "LineString",
        "coordinates": [[-73.9935207, 40.750634], [-73.9934608, 40.7506089]]
      }
    },
    {
      "type": "Feature",
      "properties": {
        "level": "platform",
        "type": "wall",
        "platform": "7",
        "color": "#999999",
        "source": "PCIP Phase 2 Appendix A, sheet A-001, November 2020, PDF page 45"
      },
      "geometry": {
        "type": "LineString",
        "coordinates": [[-73.9934601, 40.7506098], [-73.9935198, 40.7506349]]
      }
    },
    {
      "type": "Feature",
      "properties": {
        "level": "platform",
        "type": "wall",
        "platform": "1",
        "color": "#999999",
        "source": "PCIP Phase 2 Appendix A, sheet A-001, November 2020, PDF page 45"
      },
      "geometry": {
        "type": "LineString",
        "coordinates": [[-73.9939556, 40.7499652], [-73.9939983, 40.7499833]]
      }
    },
    {
      "type": "Feature",
      "properties": {
        "level": "platform",
        "type": "wall",
        "platform": "1",
        "color": "#999999",
        "source": "PCIP Phase 2 Appendix A, sheet A-001, November 2020, PDF page 45"
      },
      "geometry": {
        "type": "LineString",
        "coordinates": [[-73.9939942, 40.7499889], [-73.9939983, 40.7499833]]
      }
    },
    {
      "type": "Feature",
      "properties": {
        "level": "platform",
        "type": "wall",
        "platform": "1",
        "color": "#999999",
        "source": "PCIP Phase 2 Appendix A, sheet A-001, November 2020, PDF page 45"
      },
      "geometry": {
        "type": "LineString",
        "coordinates": [[-73.9939942, 40.7499889], [-73.993996, 40.7499903], [-73.9939936, 40.7499897]]
      }
    },
    {
      "type": "Feature",
      "properties": {
        "level": "platform",
        "type": "wall",
        "platform": "1",
        "color": "#999999",
        "source": "PCIP Phase 2 Appendix A, sheet A-001, November 2020, PDF page 45"
      },
      "geometry": {
        "type": "LineString",
        "coordinates": [[-73.99399, 40.7499946], [-73.9939936, 40.7499897]]
      }
    },
    {
      "type": "Feature",
      "properties": {
        "level": "platform",
        "type": "wall",
        "platform": "1",
        "color": "#999999",
        "source": "PCIP Phase 2 Appendix A, sheet A-001, November 2020, PDF page 45"
      },
      "geometry": {
        "type": "LineString",
        "coordinates": [[-73.99399, 40.7499946], [-73.9939475, 40.7499766], [-73.9939468, 40.7499776]]
      }
    },
    {
      "type": "Feature",
      "properties": {
        "level": "platform",
        "type": "wall",
        "platform": "7",
        "color": "#999999",
        "source": "PCIP Phase 2 Appendix A, sheet A-001, November 2020, PDF page 45"
      },
      "geometry": {
        "type": "LineString",
        "coordinates": [[-73.9935078, 40.7506455], [-73.9934514, 40.7506216], [-73.9934507, 40.7506226]]
      }
    },
    {
      "type": "Feature",
      "properties": {
        "level": "platform",
        "type": "wall",
        "platform": "7",
        "color": "#999999",
        "source": "PCIP Phase 2 Appendix A, sheet A-001, November 2020, PDF page 45"
      },
      "geometry": {
        "type": "LineString",
        "coordinates": [[-73.9935068, 40.7506464], [-73.9934507, 40.7506226]]
      }
    },
    {
      "type": "Feature",
      "properties": {
        "level": "platform",
        "type": "wall",
        "platform": "6",
        "color": "#999999",
        "source": "PCIP Phase 2 Appendix A, sheet A-001, November 2020, PDF page 45"
      },
      "geometry": {
        "type": "LineString",
        "coordinates": [[-73.993588, 40.7505278], [-73.9935906, 40.7505256]]
      }
    },
    {
      "type": "Feature",
      "properties": {
        "level": "platform",
        "type": "wall",
        "platform": "6",
        "color": "#999999",
        "source": "PCIP Phase 2 Appendix A, sheet A-001, November 2020, PDF page 45"
      },
      "geometry": {
        "type": "LineString",
        "coordinates": [[-73.9935891, 40.7505268], [-73.9935808, 40.7505235]]
      }
    },
    {
      "type": "Feature",
      "properties": {
        "level": "platform",
        "type": "wall",
        "platform": "6",
        "color": "#999999",
        "source": "PCIP Phase 2 Appendix A, sheet A-001, November 2020, PDF page 45"
      },
      "geometry": {
        "type": "LineString",
        "coordinates": [[-73.9935285, 40.7505026], [-73.993588, 40.7505278]]
      }
    },
    {
      "type": "Feature",
      "properties": {
        "level": "platform",
        "type": "wall",
        "platform": "6",
        "color": "#999999",
        "source": "PCIP Phase 2 Appendix A, sheet A-001, November 2020, PDF page 45"
      },
      "geometry": {
        "type": "LineString",
        "coordinates": [[-73.9935762, 40.7505383], [-73.9935822, 40.7505329], [-73.9935864, 40.7505338], [-73.9935803, 40.7505302], [-73.9935843, 40.7505311], [-73.993588, 40.7505278]]
      }
    },
    {
      "type": "Feature",
      "properties": {
        "level": "platform",
        "type": "wall",
        "platform": "6",
        "color": "#999999",
        "source": "PCIP Phase 2 Appendix A, sheet A-001, November 2020, PDF page 45"
      },
      "geometry": {
        "type": "LineString",
        "coordinates": [[-73.9935762, 40.7505383], [-73.9935197, 40.7505146], [-73.993519, 40.7505155]]
      }
    },
    {
      "type": "Feature",
      "properties": {
        "level": "platform",
        "type": "wall",
        "platform": "6",
        "color": "#999999",
        "source": "PCIP Phase 2 Appendix A, sheet A-001, November 2020, PDF page 45"
      },
      "geometry": {
        "type": "LineString",
        "coordinates": [[-73.9935752, 40.7505391], [-73.9935707, 40.7505372]]
      }
    },
    {
      "type": "Feature",
      "properties": {
        "level": "platform",
        "type": "wall",
        "platform": "8",
        "color": "#999999",
        "source": "PCIP Phase 2 Appendix A, sheet A-001, November 2020, PDF page 45"
      },
      "geometry": {
        "type": "LineString",
        "coordinates": [[-73.9933904, 40.7507445], [-73.9933605, 40.7507319], [-73.993357, 40.7507367], [-73.9934093, 40.7507586]]
      }
    },
    {
      "type": "Feature",
      "properties": {
        "level": "platform",
        "type": "wall",
        "platform": "5",
        "color": "#999999",
        "source": "PCIP Phase 2 Appendix A, sheet A-001, November 2020, PDF page 45"
      },
      "geometry": {
        "type": "LineString",
        "coordinates": [[-73.9936598, 40.7504166], [-73.9936629, 40.7504179], [-73.9936621, 40.750419], [-73.9936526, 40.750415]]
      }
    },
    {
      "type": "Feature",
      "properties": {
        "level": "platform",
        "type": "wall",
        "platform": "5",
        "color": "#999999",
        "source": "PCIP Phase 2 Appendix A, sheet A-001, November 2020, PDF page 45"
      },
      "geometry": {
        "type": "LineString",
        "coordinates": [[-73.9936407, 40.7504315], [-73.9936363, 40.7504296]]
      }
    },
    {
      "type": "Feature",
      "properties": {
        "level": "platform",
        "type": "wall",
        "platform": "5",
        "color": "#999999",
        "source": "PCIP Phase 2 Appendix A, sheet A-001, November 2020, PDF page 45"
      },
      "geometry": {
        "type": "LineString",
        "coordinates": [[-73.9936526, 40.750415], [-73.993621, 40.7504018], [-73.9936219, 40.7504005], [-73.9936537, 40.750414]]
      }
    },
    {
      "type": "Feature",
      "properties": {
        "level": "platform",
        "type": "wall",
        "platform": "5",
        "color": "#999999",
        "source": "PCIP Phase 2 Appendix A, sheet A-001, November 2020, PDF page 45"
      },
      "geometry": {
        "type": "LineString",
        "coordinates": [[-73.9936376, 40.7504285], [-73.9936415, 40.7504301]]
      }
    },
    {
      "type": "Feature",
      "properties": {
        "level": "platform",
        "type": "wall",
        "platform": "6",
        "color": "#999999",
        "source": "PCIP Phase 2 Appendix A, sheet A-001, November 2020, PDF page 45"
      },
      "geometry": {
        "type": "LineString",
        "coordinates": [[-73.9935745, 40.7505208], [-73.9935293, 40.7505016]]
      }
    },
    {
      "type": "Feature",
      "properties": {
        "level": "platform",
        "type": "wall",
        "platform": "6",
        "color": "#999999",
        "source": "PCIP Phase 2 Appendix A, sheet A-001, November 2020, PDF page 45"
      },
      "geometry": {
        "type": "LineString",
        "coordinates": [[-73.9935644, 40.7505345], [-73.993519, 40.7505155]]
      }
    },
    {
      "type": "Feature",
      "properties": {
        "level": "platform",
        "type": "wall",
        "platform": "5",
        "color": "#999999",
        "source": "PCIP Phase 2 Appendix A, sheet A-001, November 2020, PDF page 45"
      },
      "geometry": {
        "type": "LineString",
        "coordinates": [[-73.9936379, 40.7504282], [-73.993645, 40.750422], [-73.9936493, 40.750423], [-73.9936429, 40.7504192], [-73.9936472, 40.7504202], [-73.9936526, 40.750415]]
      }
    },
    {
      "type": "Feature",
      "properties": {
        "level": "platform",
        "type": "wall",
        "platform": "5",
        "color": "#999999",
        "source": "PCIP Phase 2 Appendix A, sheet A-001, November 2020, PDF page 45"
      },
      "geometry": {
        "type": "LineString",
        "coordinates": [[-73.9936523, 40.7504151], [-73.9935939, 40.7503905]]
      }
    },
    {
      "type": "Feature",
      "properties": {
        "level": "platform",
        "type": "wall",
        "platform": "5",
        "color": "#999999",
        "source": "PCIP Phase 2 Appendix A, sheet A-001, November 2020, PDF page 45"
      },
      "geometry": {
        "type": "LineString",
        "coordinates": [[-73.9935932, 40.7503915], [-73.9936513, 40.7504161]]
      }
    },
    {
      "type": "Feature",
      "properties": {
        "level": "platform",
        "type": "wall",
        "platform": "5",
        "color": "#999999",
        "source": "PCIP Phase 2 Appendix A, sheet A-001, November 2020, PDF page 45"
      },
      "geometry": {
        "type": "LineString",
        "coordinates": [[-73.9936379, 40.7504282], [-73.9935833, 40.7504053]]
      }
    },
    {
      "type": "Feature",
      "properties": {
        "level": "platform",
        "type": "wall",
        "platform": "5",
        "color": "#999999",
        "source": "PCIP Phase 2 Appendix A, sheet A-001, November 2020, PDF page 45"
      },
      "geometry": {
        "type": "LineString",
        "coordinates": [[-73.9936363, 40.7504296], [-73.993609, 40.750418], [-73.9936098, 40.7504169], [-73.9936376, 40.7504285]]
      }
    },
    {
      "type": "Feature",
      "properties": {
        "level": "platform",
        "type": "wall",
        "platform": "8",
        "color": "#999999",
        "source": "PCIP Phase 2 Appendix A, sheet A-001, November 2020, PDF page 45"
      },
      "geometry": {
        "type": "LineString",
        "coordinates": [[-73.9934, 40.7507316], [-73.9933724, 40.75072]]
      }
    },
    {
      "type": "Feature",
      "properties": {
        "level": "platform",
        "type": "wall",
        "platform": "3",
        "color": "#999999",
        "source": "PCIP Phase 2 Appendix A, sheet A-001, November 2020, PDF page 45"
      },
      "geometry": {
        "type": "LineString",
        "coordinates": [[-73.9937188, 40.7501672], [-73.9937787, 40.7501924]]
      }
    },
    {
      "type": "Feature",
      "properties": {
        "level": "platform",
        "type": "wall",
        "platform": "3",
        "color": "#999999",
        "source": "PCIP Phase 2 Appendix A, sheet A-001, November 2020, PDF page 45"
      },
      "geometry": {
        "type": "LineString",
        "coordinates": [[-73.9937844, 40.7501783], [-73.993796, 40.7501832], [-73.9937874, 40.7501952], [-73.9937791, 40.7501917]]
      }
    },
    {
      "type": "Feature",
      "properties": {
        "level": "platform",
        "type": "wall",
        "platform": "2",
        "color": "#999999",
        "source": "PCIP Phase 2 Appendix A, sheet A-001, November 2020, PDF page 45"
      },
      "geometry": {
        "type": "LineString",
        "coordinates": [[-73.9937987, 40.7500588], [-73.9938584, 40.7500841]]
      }
    },
    {
      "type": "Feature",
      "properties": {
        "level": "platform",
        "type": "wall",
        "platform": "2",
        "color": "#999999",
        "source": "PCIP Phase 2 Appendix A, sheet A-001, November 2020, PDF page 45"
      },
      "geometry": {
        "type": "LineString",
        "coordinates": [[-73.9938641, 40.75007], [-73.9938757, 40.7500749], [-73.9938669, 40.7500869], [-73.9938588, 40.7500834]]
      }
    },
    {
      "type": "Feature",
      "properties": {
        "level": "platform",
        "type": "wall",
        "platform": "3",
        "color": "#999999",
        "source": "PCIP Phase 2 Appendix A, sheet A-001, November 2020, PDF page 45"
      },
      "geometry": {
        "type": "LineString",
        "coordinates": [[-73.9937175, 40.7501646], [-73.9937795, 40.7501906]]
      }
    },
    {
      "type": "Feature",
      "properties": {
        "level": "platform",
        "type": "wall",
        "platform": "3",
        "color": "#999999",
        "source": "PCIP Phase 2 Appendix A, sheet A-001, November 2020, PDF page 45"
      },
      "geometry": {
        "type": "LineString",
        "coordinates": [[-73.9937187, 40.7501645], [-73.9937797, 40.7501901]]
      }
    },
    {
      "type": "Feature",
      "properties": {
        "level": "platform",
        "type": "wall",
        "platform": "3",
        "color": "#999999",
        "source": "PCIP Phase 2 Appendix A, sheet A-001, November 2020, PDF page 45"
      },
      "geometry": {
        "type": "LineString",
        "coordinates": [[-73.9937798, 40.7501899], [-73.9937864, 40.7501928], [-73.993793, 40.7501838], [-73.9937837, 40.7501801]]
      }
    },
    {
      "type": "Feature",
      "properties": {
        "level": "platform",
        "type": "wall",
        "platform": "3",
        "color": "#999999",
        "source": "PCIP Phase 2 Appendix A, sheet A-001, November 2020, PDF page 45"
      },
      "geometry": {
        "type": "LineString",
        "coordinates": [[-73.9937811, 40.7501869], [-73.9937798, 40.7501899]]
      }
    },
    {
      "type": "Feature",
      "properties": {
        "level": "platform",
        "type": "wall",
        "platform": "2",
        "color": "#999999",
        "source": "PCIP Phase 2 Appendix A, sheet A-001, November 2020, PDF page 45"
      },
      "geometry": {
        "type": "LineString",
        "coordinates": [[-73.9937999, 40.7500572], [-73.9938592, 40.7500823]]
      }
    },
    {
      "type": "Feature",
      "properties": {
        "level": "platform",
        "type": "wall",
        "platform": "2",
        "color": "#999999",
        "source": "PCIP Phase 2 Appendix A, sheet A-001, November 2020, PDF page 45"
      },
      "geometry": {
        "type": "LineString",
        "coordinates": [[-73.9937985, 40.750056], [-73.9938593, 40.7500818]]
      }
    },
    {
      "type": "Feature",
      "properties": {
        "level": "platform",
        "type": "wall",
        "platform": "2",
        "color": "#999999",
        "source": "PCIP Phase 2 Appendix A, sheet A-001, November 2020, PDF page 45"
      },
      "geometry": {
        "type": "LineString",
        "coordinates": [[-73.9938594, 40.7500816], [-73.9938662, 40.7500845], [-73.9938724, 40.7500756], [-73.9938634, 40.7500718]]
      }
    },
    {
      "type": "Feature",
      "properties": {
        "level": "platform",
        "type": "wall",
        "platform": "2",
        "color": "#999999",
        "source": "PCIP Phase 2 Appendix A, sheet A-001, November 2020, PDF page 45"
      },
      "geometry": {
        "type": "LineString",
        "coordinates": [[-73.9938606, 40.7500785], [-73.9938594, 40.7500816]]
      }
    },
    {
      "type": "Feature",
      "properties": {
        "level": "platform",
        "type": "wall",
        "platform": "3",
        "color": "#999999",
        "source": "PCIP Phase 2 Appendix A, sheet A-001, November 2020, PDF page 45"
      },
      "geometry": {
        "type": "LineString",
        "coordinates": [[-73.9937821, 40.7501844], [-73.9937851, 40.7501867], [-73.9937779, 40.7501845]]
      }
    },
    {
      "type": "Feature",
      "properties": {
        "level": "platform",
        "type": "wall",
        "platform": "2",
        "color": "#999999",
        "source": "PCIP Phase 2 Appendix A, sheet A-001, November 2020, PDF page 45"
      },
      "geometry": {
        "type": "LineString",
        "coordinates": [[-73.9938618, 40.7500761], [-73.9938648, 40.7500784], [-73.9938576, 40.7500762]]
      }
    },
    {
      "type": "Feature",
      "properties": {
        "level": "platform",
        "type": "wall",
        "platform": "3",
        "color": "#999999",
        "source": "PCIP Phase 2 Appendix A, sheet A-001, November 2020, PDF page 45"
      },
      "geometry": {
        "type": "LineString",
        "coordinates": [[-73.9937841, 40.7501794], [-73.993725, 40.7501544], [-73.9937247, 40.7501548]]
      }
    },
    {
      "type": "Feature",
      "properties": {
        "level": "platform",
        "type": "wall",
        "platform": "3",
        "color": "#999999",
        "source": "PCIP Phase 2 Appendix A, sheet A-001, November 2020, PDF page 45"
      },
      "geometry": {
        "type": "LineString",
        "coordinates": [[-73.9937838, 40.7501799], [-73.9937247, 40.7501548]]
      }
    },
    {
      "type": "Feature",
      "properties": {
        "level": "platform",
        "type": "wall",
        "platform": "2",
        "color": "#999999",
        "source": "PCIP Phase 2 Appendix A, sheet A-001, November 2020, PDF page 45"
      },
      "geometry": {
        "type": "LineString",
        "coordinates": [[-73.9938635, 40.7500716], [-73.9938044, 40.7500465]]
      }
    },
    {
      "type": "Feature",
      "properties": {
        "level": "platform",
        "type": "wall",
        "platform": "2",
        "color": "#999999",
        "source": "PCIP Phase 2 Appendix A, sheet A-001, November 2020, PDF page 45"
      },
      "geometry": {
        "type": "LineString",
        "coordinates": [[-73.9938637, 40.750071], [-73.9938047, 40.7500461]]
      }
    },
    {
      "type": "Feature",
      "properties": {
        "level": "platform",
        "type": "wall",
        "platform": "2",
        "color": "#999999",
        "source": "PCIP Phase 2 Appendix A, sheet A-001, November 2020, PDF page 45"
      },
      "geometry": {
        "type": "LineString",
        "coordinates": [[-73.9938364, 40.7500563], [-73.9938399, 40.7500516], [-73.9938336, 40.7500489], [-73.9938301, 40.7500537]]
      }
    },
    {
      "type": "Feature",
      "properties": {
        "level": "platform",
        "type": "wall",
        "platform": "8",
        "color": "#999999",
        "source": "PCIP Phase 2 Appendix A, sheet A-001, November 2020, PDF page 45"
      },
      "geometry": {
        "type": "LineString",
        "coordinates": [[-73.9933493, 40.7507102], [-73.9933204, 40.7506979]]
      }
    },
    {
      "type": "Feature",
      "properties": {
        "level": "platform",
        "type": "wall",
        "platform": "8",
        "color": "#999999",
        "source": "PCIP Phase 2 Appendix A, sheet A-001, November 2020, PDF page 45"
      },
      "geometry": {
        "type": "LineString",
        "coordinates": [[-73.9933404, 40.7507221], [-73.993339, 40.7507215], [-73.9933475, 40.7507099], [-73.993349, 40.7507105]]
      }
    },
    {
      "type": "Feature",
      "properties": {
        "level": "platform",
        "type": "wall",
        "platform": "8",
        "color": "#999999",
        "source": "PCIP Phase 2 Appendix A, sheet A-001, November 2020, PDF page 45"
      },
      "geometry": {
        "type": "LineString",
        "coordinates": [[-73.9933114, 40.7507102], [-73.9933402, 40.7507224]]
      }
    },
    {
      "type": "Feature",
      "properties": {
        "level": "platform",
        "type": "wall",
        "platform": "8",
        "color": "#999999",
        "source": "PCIP Phase 2 Appendix A, sheet A-001, November 2020, PDF page 45"
      },
      "geometry": {
        "type": "LineString",
        "coordinates": [[-73.9933397, 40.7507231], [-73.9933108, 40.7507109]]
      }
    },
    {
      "type": "Feature",
      "properties": {
        "level": "platform",
        "type": "wall",
        "platform": "6",
        "color": "#999999",
        "source": "PCIP Phase 2 Appendix A, sheet A-001, November 2020, PDF page 45"
      },
      "geometry": {
        "type": "LineString",
        "coordinates": [[-73.9934824, 40.7504985], [-73.9934911, 40.7504867]]
      }
    },
    {
      "type": "Feature",
      "properties": {
        "level": "platform",
        "type": "wall",
        "platform": "6",
        "color": "#999999",
        "source": "PCIP Phase 2 Appendix A, sheet A-001, November 2020, PDF page 45"
      },
      "geometry": {
        "type": "LineString",
        "coordinates": [[-73.993489, 40.7504858], [-73.9934803, 40.7504976]]
      }
    },
    {
      "type": "Feature",
      "properties": {
        "level": "platform",
        "type": "wall",
        "platform": "3",
        "color": "#999999",
        "source": "PCIP Phase 2 Appendix A, sheet A-001, November 2020, PDF page 45"
      },
      "geometry": {
        "type": "LineString",
        "coordinates": [[-73.9937305, 40.7501586], [-73.9937255, 40.7501552]]
      }
    },
    {
      "type": "Feature",
      "properties": {
        "level": "platform",
        "type": "wall",
        "platform": "3",
        "color": "#999999",
        "source": "PCIP Phase 2 Appendix A, sheet A-001, November 2020, PDF page 45"
      },
      "geometry": {
        "type": "LineString",
        "coordinates": [[-73.9937187, 40.7501645], [-73.9937251, 40.7501659]]
      }
    },
    {
      "type": "Feature",
      "properties": {
        "level": "platform",
        "type": "wall",
        "platform": "2",
        "color": "#999999",
        "source": "PCIP Phase 2 Appendix A, sheet A-001, November 2020, PDF page 45"
      },
      "geometry": {
        "type": "LineString",
        "coordinates": [[-73.9938102, 40.7500503], [-73.9938052, 40.7500469]]
      }
    },
    {
      "type": "Feature",
      "properties": {
        "level": "platform",
        "type": "wall",
        "platform": "2",
        "color": "#999999",
        "source": "PCIP Phase 2 Appendix A, sheet A-001, November 2020, PDF page 45"
      },
      "geometry": {
        "type": "LineString",
        "coordinates": [[-73.9937985, 40.750056], [-73.9938049, 40.7500574]]
      }
    },
    {
      "type": "Feature",
      "properties": {
        "level": "platform",
        "type": "wall",
        "platform": "5",
        "color": "#999999",
        "source": "PCIP Phase 2 Appendix A, sheet A-001, November 2020, PDF page 45"
      },
      "geometry": {
        "type": "LineString",
        "coordinates": [[-73.9935282, 40.7503614], [-73.9935649, 40.7503767]]
      }
    },
    {
      "type": "Feature",
      "properties": {
        "level": "platform",
        "type": "wall",
        "platform": "5",
        "color": "#999999",
        "source": "PCIP Phase 2 Appendix A, sheet A-001, November 2020, PDF page 45"
      },
      "geometry": {
        "type": "LineString",
        "coordinates": [[-73.9935649, 40.7503767], [-73.993553, 40.7503928], [-73.9935163, 40.7503775]]
      }
    },
    {
      "type": "Feature",
      "properties": {
        "level": "platform",
        "type": "wall",
        "platform": "6",
        "color": "#999999",
        "source": "PCIP Phase 2 Appendix A, sheet A-001, November 2020, PDF page 45"
      },
      "geometry": {
        "type": "LineString",
        "coordinates": [[-73.9934621, 40.7504908], [-73.9934756, 40.7504965]]
      }
    },
    {
      "type": "Feature",
      "properties": {
        "level": "platform",
        "type": "wall",
        "platform": "6",
        "color": "#999999",
        "source": "PCIP Phase 2 Appendix A, sheet A-001, November 2020, PDF page 45"
      },
      "geometry": {
        "type": "LineString",
        "coordinates": [[-73.9934446, 40.7504854], [-73.9934744, 40.7504981]]
      }
    },
    {
      "type": "Feature",
      "properties": {
        "level": "platform",
        "type": "wall",
        "platform": "6",
        "color": "#999999",
        "source": "PCIP Phase 2 Appendix A, sheet A-001, November 2020, PDF page 45"
      },
      "geometry": {
        "type": "LineString",
        "coordinates": [[-73.9934863, 40.750482], [-73.9934562, 40.7504692]]
      }
    },
    {
      "type": "Feature",
      "properties": {
        "level": "platform",
        "type": "wall",
        "platform": "6",
        "color": "#999999",
        "source": "PCIP Phase 2 Appendix A, sheet A-001, November 2020, PDF page 45"
      },
      "geometry": {
        "type": "LineString",
        "coordinates": [[-73.9934851, 40.7504836], [-73.9934675, 40.7504761]]
      }
    },
    {
      "type": "Feature",
      "properties": {
        "level": "platform",
        "type": "wall",
        "platform": "5",
        "color": "#999999",
        "source": "PCIP Phase 2 Appendix A, sheet A-001, November 2020, PDF page 45"
      },
      "geometry": {
        "type": "LineString",
        "coordinates": [[-73.9935398, 40.7503851], [-73.9935521, 40.7503904]]
      }
    },
    {
      "type": "Feature",
      "properties": {
        "level": "platform",
        "type": "wall",
        "platform": "5",
        "color": "#999999",
        "source": "PCIP Phase 2 Appendix A, sheet A-001, November 2020, PDF page 45"
      },
      "geometry": {
        "type": "LineString",
        "coordinates": [[-73.9935521, 40.7503904], [-73.9935616, 40.7503774], [-73.993527, 40.750363]]
      }
    },
    {
      "type": "Feature",
      "properties": {
        "level": "platform",
        "type": "wall",
        "platform": "8",
        "color": "#999999",
        "source": "PCIP Phase 2 Appendix A, sheet A-001, November 2020, PDF page 45"
      },
      "geometry": {
        "type": "LineString",
        "coordinates": [[-73.9933084, 40.7506928], [-73.9933019, 40.7506901], [-73.9933024, 40.7506895], [-73.9933209, 40.7506973]]
      }
    },
    {
      "type": "Feature",
      "properties": {
        "level": "platform",
        "type": "wall",
        "platform": "8",
        "color": "#999999",
        "source": "PCIP Phase 2 Appendix A, sheet A-001, November 2020, PDF page 45"
      },
      "geometry": {
        "type": "LineString",
        "coordinates": [[-73.9933153, 40.7506941], [-73.9933214, 40.7506967], [-73.9933209, 40.7506973]]
      }
    },
    {
      "type": "Feature",
      "properties": {
        "level": "platform",
        "type": "wall",
        "platform": "8",
        "color": "#999999",
        "source": "PCIP Phase 2 Appendix A, sheet A-001, November 2020, PDF page 45"
      },
      "geometry": {
        "type": "LineString",
        "coordinates": [[-73.9933204, 40.7506979], [-73.9933084, 40.7506928]]
      }
    },
    {
      "type": "Feature",
      "properties": {
        "level": "platform",
        "type": "wall",
        "platform": "8",
        "color": "#999999",
        "source": "PCIP Phase 2 Appendix A, sheet A-001, November 2020, PDF page 45"
      },
      "geometry": {
        "type": "LineString",
        "coordinates": [[-73.9933204, 40.7506979], [-73.9933114, 40.7507102]]
      }
    },
    {
      "type": "Feature",
      "properties": {
        "level": "platform",
        "type": "wall",
        "platform": "8",
        "color": "#999999",
        "source": "PCIP Phase 2 Appendix A, sheet A-001, November 2020, PDF page 45"
      },
      "geometry": {
        "type": "LineString",
        "coordinates": [[-73.9933108, 40.7507109], [-73.9933089, 40.7507136], [-73.9932531, 40.7506899]]
      }
    },
    {
      "type": "Feature",
      "properties": {
        "level": "platform",
        "type": "wall",
        "platform": "7",
        "color": "#999999",
        "source": "PCIP Phase 2 Appendix A, sheet A-001, November 2020, PDF page 45"
      },
      "geometry": {
        "type": "LineString",
        "coordinates": [[-73.9933958, 40.7505955], [-73.993395, 40.7505952], [-73.9933914, 40.7506]]
      }
    },
    {
      "type": "Feature",
      "properties": {
        "level": "platform",
        "type": "wall",
        "platform": "7",
        "color": "#999999",
        "source": "PCIP Phase 2 Appendix A, sheet A-001, November 2020, PDF page 45"
      },
      "geometry": {
        "type": "LineString",
        "coordinates": [[-73.9933958, 40.7505955], [-73.9933923, 40.7506003], [-73.9933914, 40.7506]]
      }
    },
    {
      "type": "Feature",
      "properties": {
        "level": "platform",
        "type": "wall",
        "platform": "7",
        "color": "#999999",
        "source": "PCIP Phase 2 Appendix A, sheet A-001, November 2020, PDF page 45"
      },
      "geometry": {
        "type": "LineString",
        "coordinates": [[-73.9933914, 40.7506], [-73.9933888, 40.7506035], [-73.9933952, 40.7506061], [-73.9933982, 40.750602], [-73.9934035, 40.7506042], [-73.9934065, 40.7506001], [-73.9933958, 40.7505955]]
      }
    },
    {
      "type": "Feature",
      "properties": {
        "level": "platform",
        "type": "wall",
        "platform": "7",
        "color": "#999999",
        "source": "PCIP Phase 2 Appendix A, sheet A-001, November 2020, PDF page 45"
      },
      "geometry": {
        "type": "LineString",
        "coordinates": [[-73.9933986, 40.7505817], [-73.9934044, 40.7505839], [-73.9933958, 40.7505955]]
      }
    },
    {
      "type": "Feature",
      "properties": {
        "level": "platform",
        "type": "wall",
        "platform": "7",
        "color": "#999999",
        "source": "PCIP Phase 2 Appendix A, sheet A-001, November 2020, PDF page 45"
      },
      "geometry": {
        "type": "LineString",
        "coordinates": [[-73.9933914, 40.7506], [-73.9933866, 40.7505979]]
      }
    },
    {
      "type": "Feature",
      "properties": {
        "level": "platform",
        "type": "wall",
        "platform": "8",
        "color": "#999999",
        "source": "PCIP Phase 2 Appendix A, sheet A-001, November 2020, PDF page 45"
      },
      "geometry": {
        "type": "LineString",
        "coordinates": [[-73.9933028, 40.7507066], [-73.9933093, 40.7507093]]
      }
    },
    {
      "type": "Feature",
      "properties": {
        "level": "platform",
        "type": "wall",
        "platform": "8",
        "color": "#999999",
        "source": "PCIP Phase 2 Appendix A, sheet A-001, November 2020, PDF page 45"
      },
      "geometry": {
        "type": "LineString",
        "coordinates": [[-73.9933093, 40.7507093], [-73.9933181, 40.7506974], [-73.9933082, 40.7506932]]
      }
    },
    {
      "type": "Feature",
      "properties": {
        "level": "platform",
        "type": "wall",
        "platform": "8",
        "color": "#999999",
        "source": "PCIP Phase 2 Appendix A, sheet A-001, November 2020, PDF page 45"
      },
      "geometry": {
        "type": "LineString",
        "coordinates": [[-73.9933087, 40.7507101], [-73.9933025, 40.7507075]]
      }
    },
    {
      "type": "Feature",
      "properties": {
        "level": "platform",
        "type": "wall",
        "platform": "8",
        "color": "#999999",
        "source": "PCIP Phase 2 Appendix A, sheet A-001, November 2020, PDF page 45"
      },
      "geometry": {
        "type": "LineString",
        "coordinates": [[-73.9933022, 40.7507086], [-73.993308, 40.7507111], [-73.9933087, 40.7507101]]
      }
    },
    {
      "type": "Feature",
      "properties": {
        "level": "platform",
        "type": "wall",
        "platform": "7",
        "color": "#999999",
        "source": "PCIP Phase 2 Appendix A, sheet A-001, November 2020, PDF page 45"
      },
      "geometry": {
        "type": "LineString",
        "coordinates": [[-73.9933974, 40.7505833], [-73.9934011, 40.7505846], [-73.9933913, 40.7505978], [-73.9933878, 40.7505963]]
      }
    },
    {
      "type": "Feature",
      "properties": {
        "level": "platform",
        "type": "wall",
        "platform": "7",
        "color": "#999999",
        "source": "PCIP Phase 2 Appendix A, sheet A-001, November 2020, PDF page 45"
      },
      "geometry": {
        "type": "LineString",
        "coordinates": [[-73.9933866, 40.7505979], [-73.9933365, 40.7505767]]
      }
    },
    {
      "type": "Feature",
      "properties": {
        "level": "platform",
        "type": "wall",
        "platform": "7",
        "color": "#999999",
        "source": "PCIP Phase 2 Appendix A, sheet A-001, November 2020, PDF page 45"
      },
      "geometry": {
        "type": "LineString",
        "coordinates": [[-73.9933485, 40.7505604], [-73.9933986, 40.7505817]]
      }
    },
    {
      "type": "Feature",
      "properties": {
        "level": "platform",
        "type": "wall",
        "platform": "8",
        "color": "#999999",
        "source": "PCIP Phase 2 Appendix A, sheet A-001, November 2020, PDF page 45"
      },
      "geometry": {
        "type": "LineString",
        "coordinates": [[-73.9932655, 40.7506732], [-73.9933153, 40.7506941]]
      }
    },
    {
      "type": "Feature",
      "properties": {
        "level": "platform",
        "type": "wall",
        "platform": "8",
        "color": "#999999",
        "source": "PCIP Phase 2 Appendix A, sheet A-001, November 2020, PDF page 45"
      },
      "geometry": {
        "type": "LineString",
        "coordinates": [[-73.9932543, 40.7506883], [-73.9933022, 40.7507086]]
      }
    },
    {
      "type": "Feature",
      "properties": {
        "level": "platform",
        "type": "wall",
        "platform": "8",
        "color": "#999999",
        "source": "PCIP Phase 2 Appendix A, sheet A-001, November 2020, PDF page 45"
      },
      "geometry": {
        "type": "LineString",
        "coordinates": [[-73.9932426, 40.7506821], [-73.9933025, 40.7507075]]
      }
    },
    {
      "type": "Feature",
      "properties": {
        "level": "platform",
        "type": "wall",
        "platform": "8",
        "color": "#999999",
        "source": "PCIP Phase 2 Appendix A, sheet A-001, November 2020, PDF page 45"
      },
      "geometry": {
        "type": "LineString",
        "coordinates": [[-73.9933036, 40.7507035], [-73.9933038, 40.7507036], [-73.9933028, 40.7507066]]
      }
    },
    {
      "type": "Feature",
      "properties": {
        "level": "platform",
        "type": "wall",
        "platform": "6",
        "color": "#999999",
        "source": "PCIP Phase 2 Appendix A, sheet A-001, November 2020, PDF page 45"
      },
      "geometry": {
        "type": "LineString",
        "coordinates": [[-73.9934457, 40.7504838], [-73.9934621, 40.7504908]]
      }
    },
    {
      "type": "Feature",
      "properties": {
        "level": "platform",
        "type": "wall",
        "platform": "6",
        "color": "#999999",
        "source": "PCIP Phase 2 Appendix A, sheet A-001, November 2020, PDF page 45"
      },
      "geometry": {
        "type": "LineString",
        "coordinates": [[-73.9934631, 40.750488], [-73.9934621, 40.7504908]]
      }
    },
    {
      "type": "Feature",
      "properties": {
        "level": "platform",
        "type": "wall",
        "platform": "6",
        "color": "#999999",
        "source": "PCIP Phase 2 Appendix A, sheet A-001, November 2020, PDF page 45"
      },
      "geometry": {
        "type": "LineString",
        "coordinates": [[-73.993446, 40.7504835], [-73.9934622, 40.7504904]]
      }
    },
    {
      "type": "Feature",
      "properties": {
        "level": "platform",
        "type": "wall",
        "platform": "1",
        "color": "#999999",
        "source": "PCIP Phase 2 Appendix A, sheet A-001, November 2020, PDF page 45"
      },
      "geometry": {
        "type": "LineString",
        "coordinates": [[-73.9938579, 40.7499439], [-73.9938675, 40.7499354], [-73.9938716, 40.7499361]]
      }
    },
    {
      "type": "Feature",
      "properties": {
        "level": "platform",
        "type": "wall",
        "platform": "1",
        "color": "#999999",
        "source": "PCIP Phase 2 Appendix A, sheet A-001, November 2020, PDF page 45"
      },
      "geometry": {
        "type": "LineString",
        "coordinates": [[-73.9938716, 40.7499361], [-73.9938685, 40.7499343]]
      }
    },
    {
      "type": "Feature",
      "properties": {
        "level": "platform",
        "type": "wall",
        "platform": "5",
        "color": "#999999",
        "source": "PCIP Phase 2 Appendix A, sheet A-001, November 2020, PDF page 45"
      },
      "geometry": {
        "type": "LineString",
        "coordinates": [[-73.9935176, 40.7503757], [-73.9935398, 40.7503851]]
      }
    },
    {
      "type": "Feature",
      "properties": {
        "level": "platform",
        "type": "wall",
        "platform": "5",
        "color": "#999999",
        "source": "PCIP Phase 2 Appendix A, sheet A-001, November 2020, PDF page 45"
      },
      "geometry": {
        "type": "LineString",
        "coordinates": [[-73.9935416, 40.7503807], [-73.9935398, 40.7503851]]
      }
    },
    {
      "type": "Feature",
      "properties": {
        "level": "platform",
        "type": "wall",
        "platform": "7",
        "color": "#999999",
        "source": "PCIP Phase 2 Appendix A, sheet A-001, November 2020, PDF page 45"
      },
      "geometry": {
        "type": "LineString",
        "coordinates": [[-73.993326, 40.7505678], [-73.9933857, 40.7505931]]
      }
    },
    {
      "type": "Feature",
      "properties": {
        "level": "platform",
        "type": "wall",
        "platform": "7",
        "color": "#999999",
        "source": "PCIP Phase 2 Appendix A, sheet A-001, November 2020, PDF page 45"
      },
      "geometry": {
        "type": "LineString",
        "coordinates": [[-73.9933248, 40.7505667], [-73.9933858, 40.7505926]]
      }
    },
    {
      "type": "Feature",
      "properties": {
        "level": "platform",
        "type": "wall",
        "platform": "6",
        "color": "#999999",
        "source": "PCIP Phase 2 Appendix A, sheet A-001, November 2020, PDF page 45"
      },
      "geometry": {
        "type": "LineString",
        "coordinates": [[-73.9934005, 40.7504624], [-73.9934627, 40.7504885]]
      }
    },
    {
      "type": "Feature",
      "properties": {
        "level": "platform",
        "type": "wall",
        "platform": "6",
        "color": "#999999",
        "source": "PCIP Phase 2 Appendix A, sheet A-001, November 2020, PDF page 45"
      },
      "geometry": {
        "type": "LineString",
        "coordinates": [[-73.9934018, 40.7504622], [-73.9934631, 40.750488]]
      }
    },
    {
      "type": "Feature",
      "properties": {
        "level": "platform",
        "type": "wall",
        "platform": "6",
        "color": "#999999",
        "source": "PCIP Phase 2 Appendix A, sheet A-001, November 2020, PDF page 45"
      },
      "geometry": {
        "type": "LineString",
        "coordinates": [[-73.9934675, 40.7504761], [-73.993464, 40.7504849], [-73.9934672, 40.7504873], [-73.9934604, 40.7504842], [-73.9934636, 40.7504866], [-73.9934631, 40.750488]]
      }
    },
    {
      "type": "Feature",
      "properties": {
        "level": "platform",
        "type": "wall",
        "platform": "8",
        "color": "#999999",
        "source": "PCIP Phase 2 Appendix A, sheet A-001, November 2020, PDF page 45"
      },
      "geometry": {
        "type": "LineString",
        "coordinates": [[-73.9933036, 40.7507035], [-73.9933017, 40.7507061]]
      }
    },
    {
      "type": "Feature",
      "properties": {
        "level": "platform",
        "type": "wall",
        "platform": "8",
        "color": "#999999",
        "source": "PCIP Phase 2 Appendix A, sheet A-001, November 2020, PDF page 45"
      },
      "geometry": {
        "type": "LineString",
        "coordinates": [[-73.9933082, 40.7506932], [-73.9933048, 40.7507012], [-73.9933081, 40.7507034], [-73.9933006, 40.7507012], [-73.9933036, 40.7507035]]
      }
    },
    {
      "type": "Feature",
      "properties": {
        "level": "platform",
        "type": "wall",
        "platform": "8",
        "color": "#999999",
        "source": "PCIP Phase 2 Appendix A, sheet A-001, November 2020, PDF page 45"
      },
      "geometry": {
        "type": "LineString",
        "coordinates": [[-73.9932929, 40.7507024], [-73.9933017, 40.7507061]]
      }
    },
    {
      "type": "Feature",
      "properties": {
        "level": "platform",
        "type": "wall",
        "platform": "8",
        "color": "#999999",
        "source": "PCIP Phase 2 Appendix A, sheet A-001, November 2020, PDF page 45"
      },
      "geometry": {
        "type": "LineString",
        "coordinates": [[-73.9933011, 40.7507069], [-73.9932923, 40.7507032]]
      }
    },
    {
      "type": "Feature",
      "properties": {
        "level": "platform",
        "type": "wall",
        "platform": "6",
        "color": "#999999",
        "source": "PCIP Phase 2 Appendix A, sheet A-001, November 2020, PDF page 45"
      },
      "geometry": {
        "type": "LineString",
        "coordinates": [[-73.9934142, 40.7504663], [-73.9934634, 40.7504869]]
      }
    },
    {
      "type": "Feature",
      "properties": {
        "level": "platform",
        "type": "wall",
        "platform": "1",
        "color": "#999999",
        "source": "PCIP Phase 2 Appendix A, sheet A-001, November 2020, PDF page 45"
      },
      "geometry": {
        "type": "LineString",
        "coordinates": [[-73.9938695, 40.7499333], [-73.9938758, 40.7499278]]
      }
    },
    {
      "type": "Feature",
      "properties": {
        "level": "platform",
        "type": "wall",
        "platform": "5",
        "color": "#999999",
        "source": "PCIP Phase 2 Appendix A, sheet A-001, November 2020, PDF page 45"
      },
      "geometry": {
        "type": "LineString",
        "coordinates": [[-73.9935421, 40.7503788], [-73.9935451, 40.7503811], [-73.9935379, 40.7503789]]
      }
    },
    {
      "type": "Feature",
      "properties": {
        "level": "platform",
        "type": "wall",
        "platform": "7",
        "color": "#999999",
        "source": "PCIP Phase 2 Appendix A, sheet A-001, November 2020, PDF page 45"
      },
      "geometry": {
        "type": "LineString",
        "coordinates": [[-73.9933896, 40.7505826], [-73.9933873, 40.750588]]
      }
    },
    {
      "type": "Feature",
      "properties": {
        "level": "platform",
        "type": "wall",
        "platform": "8",
        "color": "#999999",
        "source": "PCIP Phase 2 Appendix A, sheet A-001, November 2020, PDF page 45"
      },
      "geometry": {
        "type": "LineString",
        "coordinates": [[-73.9933076, 40.7506944], [-73.9932511, 40.7506706], [-73.9932519, 40.7506695]]
      }
    },
    {
      "type": "Feature",
      "properties": {
        "level": "platform",
        "type": "wall",
        "platform": "8",
        "color": "#999999",
        "source": "PCIP Phase 2 Appendix A, sheet A-001, November 2020, PDF page 45"
      },
      "geometry": {
        "type": "LineString",
        "coordinates": [[-73.9933082, 40.7506932], [-73.9932643, 40.7506748]]
      }
    },
    {
      "type": "Feature",
      "properties": {
        "level": "platform",
        "type": "wall",
        "platform": "6",
        "color": "#999999",
        "source": "PCIP Phase 2 Appendix A, sheet A-001, November 2020, PDF page 45"
      },
      "geometry": {
        "type": "LineString",
        "coordinates": [[-73.993466, 40.7504796], [-73.9934189, 40.7504599]]
      }
    },
    {
      "type": "Feature",
      "properties": {
        "level": "platform",
        "type": "wall",
        "platform": "6",
        "color": "#999999",
        "source": "PCIP Phase 2 Appendix A, sheet A-001, November 2020, PDF page 45"
      },
      "geometry": {
        "type": "LineString",
        "coordinates": [[-73.9934622, 40.7504847], [-73.993466, 40.7504796]]
      }
    },
    {
      "type": "Feature",
      "properties": {
        "level": "platform",
        "type": "wall",
        "platform": "6",
        "color": "#999999",
        "source": "PCIP Phase 2 Appendix A, sheet A-001, November 2020, PDF page 45"
      },
      "geometry": {
        "type": "LineString",
        "coordinates": [[-73.9934665, 40.7504786], [-73.993407, 40.7504536]]
      }
    },
    {
      "type": "Feature",
      "properties": {
        "level": "platform",
        "type": "wall",
        "platform": "7",
        "color": "#999999",
        "source": "PCIP Phase 2 Appendix A, sheet A-001, November 2020, PDF page 45"
      },
      "geometry": {
        "type": "LineString",
        "coordinates": [[-73.9933896, 40.7505826], [-73.9933304, 40.7505577]]
      }
    },
    {
      "type": "Feature",
      "properties": {
        "level": "platform",
        "type": "wall",
        "platform": "7",
        "color": "#999999",
        "source": "PCIP Phase 2 Appendix A, sheet A-001, November 2020, PDF page 45"
      },
      "geometry": {
        "type": "LineString",
        "coordinates": [[-73.993391, 40.7505793], [-73.9933896, 40.7505826]]
      }
    },
    {
      "type": "Feature",
      "properties": {
        "level": "platform",
        "type": "wall",
        "platform": "6",
        "color": "#999999",
        "source": "PCIP Phase 2 Appendix A, sheet A-001, November 2020, PDF page 45"
      },
      "geometry": {
        "type": "LineString",
        "coordinates": [[-73.9934666, 40.750478], [-73.9934097, 40.7504541]]
      }
    },
    {
      "type": "Feature",
      "properties": {
        "level": "platform",
        "type": "wall",
        "platform": "7",
        "color": "#999999",
        "source": "PCIP Phase 2 Appendix A, sheet A-001, November 2020, PDF page 45"
      },
      "geometry": {
        "type": "LineString",
        "coordinates": [[-73.9933896, 40.7505822], [-73.993333, 40.7505582]]
      }
    },
    {
      "type": "Feature",
      "properties": {
        "level": "platform",
        "type": "wall",
        "platform": "6",
        "color": "#999999",
        "source": "PCIP Phase 2 Appendix A, sheet A-001, November 2020, PDF page 45"
      },
      "geometry": {
        "type": "LineString",
        "coordinates": [[-73.9934674, 40.7504762], [-73.9934549, 40.750471]]
      }
    },
    {
      "type": "Feature",
      "properties": {
        "level": "platform",
        "type": "wall",
        "platform": "6",
        "color": "#999999",
        "source": "PCIP Phase 2 Appendix A, sheet A-001, November 2020, PDF page 45"
      },
      "geometry": {
        "type": "LineString",
        "coordinates": [[-73.9934675, 40.7504761], [-73.9934551, 40.7504708]]
      }
    },
    {
      "type": "Feature",
      "properties": {
        "level": "platform",
        "type": "wall",
        "platform": "4",
        "color": "#999999",
        "source": "PCIP Phase 2 Appendix A, sheet A-001, November 2020, PDF page 45"
      },
      "geometry": {
        "type": "LineString",
        "coordinates": [[-73.9935325, 40.7502358], [-73.9936157, 40.7502709]]
      }
    },
    {
      "type": "Feature",
      "properties": {
        "level": "platform",
        "type": "wall",
        "platform": "4",
        "color": "#999999",
        "source": "PCIP Phase 2 Appendix A, sheet A-001, November 2020, PDF page 45"
      },
      "geometry": {
        "type": "LineString",
        "coordinates": [[-73.9936157, 40.7502709], [-73.9936336, 40.7502784], [-73.993644, 40.7502644], [-73.9936223, 40.7502552]]
      }
    },
    {
      "type": "Feature",
      "properties": {
        "level": "platform",
        "type": "wall",
        "platform": "4",
        "color": "#999999",
        "source": "PCIP Phase 2 Appendix A, sheet A-001, November 2020, PDF page 45"
      },
      "geometry": {
        "type": "LineString",
        "coordinates": [[-73.9935565, 40.7502445], [-73.9936162, 40.7502696]]
      }
    },
    {
      "type": "Feature",
      "properties": {
        "level": "platform",
        "type": "wall",
        "platform": "4",
        "color": "#999999",
        "source": "PCIP Phase 2 Appendix A, sheet A-001, November 2020, PDF page 45"
      },
      "geometry": {
        "type": "LineString",
        "coordinates": [[-73.9936219, 40.7502563], [-73.9936189, 40.7502632], [-73.9936221, 40.7502656], [-73.9936149, 40.7502634], [-73.9936179, 40.7502657], [-73.9936162, 40.7502696]]
      }
    },
    {
      "type": "Feature",
      "properties": {
        "level": "platform",
        "type": "wall",
        "platform": "4",
        "color": "#999999",
        "source": "PCIP Phase 2 Appendix A, sheet A-001, November 2020, PDF page 45"
      },
      "geometry": {
        "type": "LineString",
        "coordinates": [[-73.9936219, 40.7502563], [-73.9935653, 40.7502325], [-73.9935662, 40.7502314]]
      }
    },
    {
      "type": "Feature",
      "properties": {
        "level": "platform",
        "type": "wall",
        "platform": "4",
        "color": "#999999",
        "source": "PCIP Phase 2 Appendix A, sheet A-001, November 2020, PDF page 45"
      },
      "geometry": {
        "type": "LineString",
        "coordinates": [[-73.9936223, 40.7502552], [-73.9935662, 40.7502314]]
      }
    },
    {
      "type": "Feature",
      "properties": {
        "level": "platform",
        "type": "wall",
        "platform": "6",
        "color": "#999999",
        "source": "PCIP Phase 2 Appendix A, sheet A-001, November 2020, PDF page 45"
      },
      "geometry": {
        "type": "LineString",
        "coordinates": [[-73.9934382, 40.7504827], [-73.9933758, 40.7504562], [-73.9933778, 40.7504535], [-73.9933799, 40.7504544], [-73.9933791, 40.7504555], [-73.9934394, 40.7504811]]
      }
    },
    {
      "type": "Feature",
      "properties": {
        "level": "platform",
        "type": "wall",
        "platform": "6",
        "color": "#999999",
        "source": "PCIP Phase 2 Appendix A, sheet A-001, November 2020, PDF page 45"
      },
      "geometry": {
        "type": "LineString",
        "coordinates": [[-73.9934017, 40.7504649], [-73.9934397, 40.7504808]]
      }
    },
    {
      "type": "Feature",
      "properties": {
        "level": "platform",
        "type": "wall",
        "platform": "6",
        "color": "#999999",
        "source": "PCIP Phase 2 Appendix A, sheet A-001, November 2020, PDF page 45"
      },
      "geometry": {
        "type": "LineString",
        "coordinates": [[-73.9934499, 40.7504666], [-73.9933873, 40.7504402], [-73.9933852, 40.7504431], [-73.9933873, 40.750444], [-73.9933883, 40.7504427]]
      }
    },
    {
      "type": "Feature",
      "properties": {
        "level": "platform",
        "type": "wall",
        "platform": "6",
        "color": "#999999",
        "source": "PCIP Phase 2 Appendix A, sheet A-001, November 2020, PDF page 45"
      },
      "geometry": {
        "type": "LineString",
        "coordinates": [[-73.9934486, 40.7504683], [-73.9934109, 40.7504525]]
      }
    },
    {
      "type": "Feature",
      "properties": {
        "level": "platform",
        "type": "wall",
        "platform": "6",
        "color": "#999999",
        "source": "PCIP Phase 2 Appendix A, sheet A-001, November 2020, PDF page 45"
      },
      "geometry": {
        "type": "LineString",
        "coordinates": [[-73.9933883, 40.7504427], [-73.9934488, 40.7504681]]
      }
    },
    {
      "type": "Feature",
      "properties": {
        "level": "platform",
        "type": "wall",
        "platform": "5",
        "color": "#999999",
        "source": "PCIP Phase 2 Appendix A, sheet A-001, November 2020, PDF page 45"
      },
      "geometry": {
        "type": "LineString",
        "coordinates": [[-73.9935219, 40.7503587], [-73.9934651, 40.7503346], [-73.9934628, 40.7503377], [-73.9934649, 40.7503386]]
      }
    },
    {
      "type": "Feature",
      "properties": {
        "level": "platform",
        "type": "wall",
        "platform": "5",
        "color": "#999999",
        "source": "PCIP Phase 2 Appendix A, sheet A-001, November 2020, PDF page 45"
      },
      "geometry": {
        "type": "LineString",
        "coordinates": [[-73.99351, 40.7503748], [-73.9934532, 40.7503507], [-73.9934549, 40.7503483], [-73.993457, 40.7503492]]
      }
    },
    {
      "type": "Feature",
      "properties": {
        "level": "platform",
        "type": "wall",
        "platform": "7",
        "color": "#999999",
        "source": "PCIP Phase 2 Appendix A, sheet A-001, November 2020, PDF page 45"
      },
      "geometry": {
        "type": "LineString",
        "coordinates": [[-73.9933474, 40.750562], [-73.9933112, 40.7505467], [-73.9933102, 40.750548], [-73.9933081, 40.7505471], [-73.9933102, 40.7505442], [-73.9933422, 40.7505578]]
      }
    },
    {
      "type": "Feature",
      "properties": {
        "level": "platform",
        "type": "wall",
        "platform": "7",
        "color": "#999999",
        "source": "PCIP Phase 2 Appendix A, sheet A-001, November 2020, PDF page 45"
      },
      "geometry": {
        "type": "LineString",
        "coordinates": [[-73.9933248, 40.7505667], [-73.9933375, 40.7505708]]
      }
    },
    {
      "type": "Feature",
      "properties": {
        "level": "platform",
        "type": "wall",
        "platform": "7",
        "color": "#999999",
        "source": "PCIP Phase 2 Appendix A, sheet A-001, November 2020, PDF page 45"
      },
      "geometry": {
        "type": "LineString",
        "coordinates": [[-73.9933423, 40.7505641], [-73.9933312, 40.7505581]]
      }
    },
    {
      "type": "Feature",
      "properties": {
        "level": "platform",
        "type": "wall",
        "platform": "6",
        "color": "#999999",
        "source": "PCIP Phase 2 Appendix A, sheet A-001, November 2020, PDF page 45"
      },
      "geometry": {
        "type": "LineString",
        "coordinates": [[-73.9934018, 40.7504622], [-73.9934142, 40.7504663]]
      }
    },
    {
      "type": "Feature",
      "properties": {
        "level": "platform",
        "type": "wall",
        "platform": "6",
        "color": "#999999",
        "source": "PCIP Phase 2 Appendix A, sheet A-001, November 2020, PDF page 45"
      },
      "geometry": {
        "type": "LineString",
        "coordinates": [[-73.9934189, 40.7504599], [-73.9934076, 40.7504539]]
      }
    },
    {
      "type": "Feature",
      "properties": {
        "level": "platform",
        "type": "wall",
        "platform": "8",
        "color": "#999999",
        "source": "PCIP Phase 2 Appendix A, sheet A-001, November 2020, PDF page 45"
      },
      "geometry": {
        "type": "LineString",
        "coordinates": [[-73.9932519, 40.7506695], [-73.9932288, 40.7506597], [-73.9932281, 40.7506607], [-73.993226, 40.7506598], [-73.9932279, 40.7506572], [-73.9932592, 40.7506705]]
      }
    },
    {
      "type": "Feature",
      "properties": {
        "level": "platform",
        "type": "wall",
        "platform": "8",
        "color": "#999999",
        "source": "PCIP Phase 2 Appendix A, sheet A-001, November 2020, PDF page 45"
      },
      "geometry": {
        "type": "LineString",
        "coordinates": [[-73.993258, 40.7506721], [-73.9932519, 40.7506695]]
      }
    },
    {
      "type": "Feature",
      "properties": {
        "level": "platform",
        "type": "wall",
        "platform": "8",
        "color": "#999999",
        "source": "PCIP Phase 2 Appendix A, sheet A-001, November 2020, PDF page 45"
      },
      "geometry": {
        "type": "LineString",
        "coordinates": [[-73.9932468, 40.7506873], [-73.9932155, 40.750674], [-73.9932175, 40.7506713], [-73.9932196, 40.7506721], [-73.9932188, 40.7506733], [-73.993248, 40.7506857]]
      }
    },
    {
      "type": "Feature",
      "properties": {
        "level": "platform",
        "type": "wall",
        "platform": "7",
        "color": "#999999",
        "source": "PCIP Phase 2 Appendix A, sheet A-001, November 2020, PDF page 45"
      },
      "geometry": {
        "type": "LineString",
        "coordinates": [[-73.993325, 40.7505695], [-73.9933315, 40.7505723]]
      }
    },
    {
      "type": "Feature",
      "properties": {
        "level": "platform",
        "type": "wall",
        "platform": "7",
        "color": "#999999",
        "source": "PCIP Phase 2 Appendix A, sheet A-001, November 2020, PDF page 45"
      },
      "geometry": {
        "type": "LineString",
        "coordinates": [[-73.9933409, 40.7505595], [-73.9933342, 40.7505567]]
      }
    },
    {
      "type": "Feature",
      "properties": {
        "level": "platform",
        "type": "wall",
        "platform": "7",
        "color": "#999999",
        "source": "PCIP Phase 2 Appendix A, sheet A-001, November 2020, PDF page 45"
      },
      "geometry": {
        "type": "LineString",
        "coordinates": [[-73.9933302, 40.750574], [-73.9932982, 40.7505605], [-73.9933002, 40.7505577], [-73.9933023, 40.7505586], [-73.9933015, 40.7505598], [-73.9933314, 40.7505724]]
      }
    },
    {
      "type": "Feature",
      "properties": {
        "level": "platform",
        "type": "wall",
        "platform": "4",
        "color": "#999999",
        "source": "PCIP Phase 2 Appendix A, sheet A-001, November 2020, PDF page 45"
      },
      "geometry": {
        "type": "LineString",
        "coordinates": [[-73.9935662, 40.7502314], [-73.993543, 40.7502216], [-73.993542, 40.750223], [-73.9935399, 40.7502222], [-73.9935421, 40.7502191], [-73.9936473, 40.7502637], [-73.9936346, 40.7502809], [-73.9935293, 40.7502365], [-73.993531, 40.7502341], [-73.9935331, 40.750235]]
      }
    },
    {
      "type": "Feature",
      "properties": {
        "level": "platform",
        "type": "wall",
        "platform": "8",
        "color": "#999999",
        "source": "PCIP Phase 2 Appendix A, sheet A-001, November 2020, PDF page 45"
      },
      "geometry": {
        "type": "LineString",
        "coordinates": [[-73.9930315, 40.7505805], [-73.9930294, 40.7505796], [-73.9930345, 40.7505727], [-73.9930624, 40.7505846], [-73.9930471, 40.7506053], [-73.9930192, 40.7505934], [-73.9930241, 40.7505868], [-73.9930262, 40.7505876]]
      }
    },
    {
      "type": "Feature",
      "properties": {
        "level": "platform",
        "type": "wall",
        "platform": "7",
        "color": "#999999",
        "source": "PCIP Phase 2 Appendix A, sheet A-001, November 2020, PDF page 45"
      },
      "geometry": {
        "type": "LineString",
        "coordinates": [[-73.993113, 40.7504698], [-73.9931109, 40.7504689], [-73.993116, 40.750462], [-73.9931437, 40.7504738], [-73.9931286, 40.7504946], [-73.9931007, 40.7504828], [-73.9931056, 40.7504761], [-73.9931077, 40.750477]]
      }
    },
    {
      "type": "Feature",
      "properties": {
        "level": "platform",
        "type": "wall",
        "platform": "8",
        "color": "#999999",
        "source": "PCIP Phase 2 Appendix A, sheet A-001, November 2020, PDF page 45"
      },
      "geometry": {
        "type": "LineString",
        "coordinates": [[-73.9929387, 40.7505424], [-73.9929143, 40.750532], [-73.9929225, 40.7505209], [-73.9929467, 40.7505311]]
      }
    },
    {
      "type": "Feature",
      "properties": {
        "level": "platform",
        "type": "wall",
        "platform": "7",
        "color": "#999999",
        "source": "PCIP Phase 2 Appendix A, sheet A-001, November 2020, PDF page 45"
      },
      "geometry": {
        "type": "LineString",
        "coordinates": [[-73.9930148, 40.7504386], [-73.9930053, 40.7504346], [-73.9930153, 40.750421], [-73.9930249, 40.7504249], [-73.9930337, 40.7504129], [-73.9929436, 40.7503749], [-73.9929418, 40.7503773], [-73.9928222, 40.7503268], [-73.992819, 40.7503311]]
      }
    },
    {
      "type": "Feature",
      "properties": {
        "level": "platform",
        "type": "wall",
        "platform": "8",
        "color": "#999999",
        "source": "PCIP Phase 2 Appendix A, sheet A-001, November 2020, PDF page 45"
      },
      "geometry": {
        "type": "LineString",
        "coordinates": [[-73.9929078, 40.7505132], [-73.9928824, 40.7505026]]
      }
    },
    {
      "type": "Feature",
      "properties": {
        "level": "platform",
        "type": "wall",
        "platform": "8",
        "color": "#999999",
        "source": "PCIP Phase 2 Appendix A, sheet A-001, November 2020, PDF page 45"
      },
      "geometry": {
        "type": "LineString",
        "coordinates": [[-73.9929078, 40.7505132], [-73.9929061, 40.7505154], [-73.992904, 40.7505145]]
      }
    },
    {
      "type": "Feature",
      "properties": {
        "level": "platform",
        "type": "wall",
        "platform": "8",
        "color": "#999999",
        "source": "PCIP Phase 2 Appendix A, sheet A-001, November 2020, PDF page 45"
      },
      "geometry": {
        "type": "LineString",
        "coordinates": [[-73.9929008, 40.7505226], [-73.9928987, 40.7505217], [-73.9928979, 40.7505228]]
      }
    },
    {
      "type": "Feature",
      "properties": {
        "level": "platform",
        "type": "wall",
        "platform": "8",
        "color": "#999999",
        "source": "PCIP Phase 2 Appendix A, sheet A-001, November 2020, PDF page 45"
      },
      "geometry": {
        "type": "LineString",
        "coordinates": [[-73.9928988, 40.7505253], [-73.9929008, 40.7505226]]
      }
    },
    {
      "type": "Feature",
      "properties": {
        "level": "platform",
        "type": "wall",
        "platform": "8",
        "color": "#999999",
        "source": "PCIP Phase 2 Appendix A, sheet A-001, November 2020, PDF page 45"
      },
      "geometry": {
        "type": "LineString",
        "coordinates": [[-73.9928692, 40.7505127], [-73.9928988, 40.7505253]]
      }
    },
    {
      "type": "Feature",
      "properties": {
        "level": "platform",
        "type": "wall",
        "platform": "8",
        "color": "#999999",
        "source": "PCIP Phase 2 Appendix A, sheet A-001, November 2020, PDF page 45"
      },
      "geometry": {
        "type": "LineString",
        "coordinates": [[-73.9928979, 40.7505228], [-73.9928709, 40.7505113]]
      }
    },
    {
      "type": "Feature",
      "properties": {
        "level": "platform",
        "type": "wall",
        "platform": "8",
        "color": "#999999",
        "source": "PCIP Phase 2 Appendix A, sheet A-001, November 2020, PDF page 45"
      },
      "geometry": {
        "type": "LineString",
        "coordinates": [[-73.9928808, 40.750504], [-73.9929045, 40.7505139]]
      }
    },
    {
      "type": "Feature",
      "properties": {
        "level": "platform",
        "type": "wall",
        "platform": "7",
        "color": "#999999",
        "source": "PCIP Phase 2 Appendix A, sheet A-001, November 2020, PDF page 45"
      },
      "geometry": {
        "type": "LineString",
        "coordinates": [[-73.9929729, 40.7504152], [-73.9929708, 40.7504143], [-73.9929696, 40.7504159]]
      }
    },
    {
      "type": "Feature",
      "properties": {
        "level": "platform",
        "type": "wall",
        "platform": "7",
        "color": "#999999",
        "source": "PCIP Phase 2 Appendix A, sheet A-001, November 2020, PDF page 45"
      },
      "geometry": {
        "type": "LineString",
        "coordinates": [[-73.9929706, 40.7504184], [-73.9929729, 40.7504152]]
      }
    },
    {
      "type": "Feature",
      "properties": {
        "level": "platform",
        "type": "wall",
        "platform": "7",
        "color": "#999999",
        "source": "PCIP Phase 2 Appendix A, sheet A-001, November 2020, PDF page 45"
      },
      "geometry": {
        "type": "LineString",
        "coordinates": [[-73.9929621, 40.7504148], [-73.9929706, 40.7504184]]
      }
    },
    {
      "type": "Feature",
      "properties": {
        "level": "platform",
        "type": "wall",
        "platform": "7",
        "color": "#999999",
        "source": "PCIP Phase 2 Appendix A, sheet A-001, November 2020, PDF page 45"
      },
      "geometry": {
        "type": "LineString",
        "coordinates": [[-73.9929804, 40.7504048], [-73.9929782, 40.750408], [-73.9929761, 40.7504072]]
      }
    },
    {
      "type": "Feature",
      "properties": {
        "level": "platform",
        "type": "wall",
        "platform": "7",
        "color": "#999999",
        "source": "PCIP Phase 2 Appendix A, sheet A-001, November 2020, PDF page 45"
      },
      "geometry": {
        "type": "LineString",
        "coordinates": [[-73.9929804, 40.7504048], [-73.9929767, 40.7504032]]
      }
    },
    {
      "type": "Feature",
      "properties": {
        "level": "platform",
        "type": "wall",
        "platform": "7",
        "color": "#999999",
        "source": "PCIP Phase 2 Appendix A, sheet A-001, November 2020, PDF page 45"
      },
      "geometry": {
        "type": "LineString",
        "coordinates": [[-73.9929696, 40.7504159], [-73.9929639, 40.7504135]]
      }
    },
    {
      "type": "Feature",
      "properties": {
        "level": "platform",
        "type": "wall",
        "platform": "7",
        "color": "#999999",
        "source": "PCIP Phase 2 Appendix A, sheet A-001, November 2020, PDF page 45"
      },
      "geometry": {
        "type": "LineString",
        "coordinates": [[-73.9929767, 40.7504032], [-73.9929792, 40.7504011]]
      }
    },
    {
      "type": "Feature",
      "properties": {
        "level": "platform",
        "type": "wall",
        "platform": "7",
        "color": "#999999",
        "source": "PCIP Phase 2 Appendix A, sheet A-001, November 2020, PDF page 45"
      },
      "geometry": {
        "type": "LineString",
        "coordinates": [[-73.9929692, 40.7504094], [-73.992975, 40.7504046]]
      }
    },
    {
      "type": "Feature",
      "properties": {
        "level": "platform",
        "type": "wall",
        "platform": "7",
        "color": "#999999",
        "source": "PCIP Phase 2 Appendix A, sheet A-001, November 2020, PDF page 45"
      },
      "geometry": {
        "type": "LineString",
        "coordinates": [[-73.9929639, 40.7504135], [-73.9929683, 40.7504103]]
      }
    },
    {
      "type": "Feature",
      "properties": {
        "level": "platform",
        "type": "wall",
        "platform": "8",
        "color": "#999999",
        "source": "PCIP Phase 2 Appendix A, sheet A-001, November 2020, PDF page 45"
      },
      "geometry": {
        "type": "LineString",
        "coordinates": [[-73.9928771, 40.7505064], [-73.9928868, 40.7504982]]
      }
    },
    {
      "type": "Feature",
      "properties": {
        "level": "platform",
        "type": "wall",
        "platform": "8",
        "color": "#999999",
        "source": "PCIP Phase 2 Appendix A, sheet A-001, November 2020, PDF page 45"
      },
      "geometry": {
        "type": "LineString",
        "coordinates": [[-73.9928709, 40.7505113], [-73.992876, 40.7505072]]
      }
    },
    {
      "type": "Feature",
      "properties": {
        "level": "platform",
        "type": "wall",
        "platform": "7",
        "color": "#999999",
        "source": "PCIP Phase 2 Appendix A, sheet A-001, November 2020, PDF page 45"
      },
      "geometry": {
        "type": "LineString",
        "coordinates": [[-73.992819, 40.7503311], [-73.9928524, 40.7503453]]
      }
    },
    {
      "type": "Feature",
      "properties": {
        "level": "platform",
        "type": "column",
        "platform": "7",
        "color": "#999999",
        "source": "PCIP Phase 2 Appendix A, sheet A-001, November 2020, PDF page 45"
      },
      "geometry": {
        "type": "Polygon",
        "coordinates": [[[-73.9928524, 40.7503453], [-73.9928465, 40.750344], [-73.9928446, 40.7503495], [-73.9928518, 40.7503507], [-73.9928534, 40.7503455], [-73.9928524, 40.7503453]]]
      }
    },
    {
      "type": "Feature",
      "properties": {
        "level": "platform",
        "type": "wall",
        "platform": "7",
        "color": "#999999",
        "source": "PCIP Phase 2 Appendix A, sheet A-001, November 2020, PDF page 45"
      },
      "geometry": {
        "type": "LineString",
        "coordinates": [[-73.9928185, 40.7503502], [-73.9928365, 40.7503576], [-73.9928426, 40.7503493], [-73.9928446, 40.7503495]]
      }
    },
    {
      "type": "Feature",
      "properties": {
        "level": "platform",
        "type": "wall",
        "platform": "7",
        "color": "#999999",
        "source": "PCIP Phase 2 Appendix A, sheet A-001, November 2020, PDF page 45"
      },
      "geometry": {
        "type": "LineString",
        "coordinates": [[-73.9928197, 40.7503486], [-73.9928352, 40.7503552], [-73.9928438, 40.7503435], [-73.9928228, 40.7503346], [-73.9928148, 40.7503459]]
      }
    },
    {
      "type": "Feature",
      "properties": {
        "level": "platform",
        "type": "wall",
        "platform": "6",
        "color": "#999999",
        "source": "PCIP Phase 2 Appendix A, sheet A-001, November 2020, PDF page 45"
      },
      "geometry": {
        "type": "LineString",
        "coordinates": [[-73.9928609, 40.7502401], [-73.9928851, 40.7502503], [-73.9928899, 40.7502438]]
      }
    },
    {
      "type": "Feature",
      "properties": {
        "level": "platform",
        "type": "wall",
        "platform": "6",
        "color": "#999999",
        "source": "PCIP Phase 2 Appendix A, sheet A-001, November 2020, PDF page 45"
      },
      "geometry": {
        "type": "LineString",
        "coordinates": [[-73.9928932, 40.7502389], [-73.9928975, 40.7502332]]
      }
    },
    {
      "type": "Feature",
      "properties": {
        "level": "platform",
        "type": "wall",
        "platform": "6",
        "color": "#999999",
        "source": "PCIP Phase 2 Appendix A, sheet A-001, November 2020, PDF page 45"
      },
      "geometry": {
        "type": "LineString",
        "coordinates": [[-73.9928943, 40.7502318], [-73.9928975, 40.7502332]]
      }
    },
    {
      "type": "Feature",
      "properties": {
        "level": "platform",
        "type": "wall",
        "platform": "7",
        "color": "#999999",
        "source": "PCIP Phase 2 Appendix A, sheet A-001, November 2020, PDF page 45"
      },
      "geometry": {
        "type": "LineString",
        "coordinates": [[-73.9928113, 40.750349], [-73.9927934, 40.7503414], [-73.9927924, 40.7503429], [-73.9927905, 40.7503421], [-73.9927926, 40.7503392], [-73.9928109, 40.7503469], [-73.9928207, 40.7503337], [-73.9928179, 40.7503326]]
      }
    },
    {
      "type": "Feature",
      "properties": {
        "level": "platform",
        "type": "wall",
        "platform": "6",
        "color": "#999999",
        "source": "PCIP Phase 2 Appendix A, sheet A-001, November 2020, PDF page 45"
      },
      "geometry": {
        "type": "LineString",
        "coordinates": [[-73.9928841, 40.7502478], [-73.9928878, 40.7502429]]
      }
    },
    {
      "type": "Feature",
      "properties": {
        "level": "platform",
        "type": "wall",
        "platform": "6",
        "color": "#999999",
        "source": "PCIP Phase 2 Appendix A, sheet A-001, November 2020, PDF page 45"
      },
      "geometry": {
        "type": "LineString",
        "coordinates": [[-73.9928621, 40.7502385], [-73.9928841, 40.7502478]]
      }
    },
    {
      "type": "Feature",
      "properties": {
        "level": "platform",
        "type": "wall",
        "platform": "6",
        "color": "#999999",
        "source": "PCIP Phase 2 Appendix A, sheet A-001, November 2020, PDF page 45"
      },
      "geometry": {
        "type": "LineString",
        "coordinates": [[-73.9928911, 40.750238], [-73.9928942, 40.7502339]]
      }
    },
    {
      "type": "Feature",
      "properties": {
        "level": "platform",
        "type": "wall",
        "platform": "6",
        "color": "#999999",
        "source": "PCIP Phase 2 Appendix A, sheet A-001, November 2020, PDF page 45"
      },
      "geometry": {
        "type": "LineString",
        "coordinates": [[-73.9928942, 40.7502339], [-73.9928931, 40.7502334], [-73.9928943, 40.7502318]]
      }
    },
    {
      "type": "Feature",
      "properties": {
        "level": "platform",
        "type": "wall",
        "platform": "7",
        "color": "#999999",
        "source": "PCIP Phase 2 Appendix A, sheet A-001, November 2020, PDF page 45"
      },
      "geometry": {
        "type": "LineString",
        "coordinates": [[-73.9927957, 40.7503212], [-73.992819, 40.7503311]]
      }
    },
    {
      "type": "Feature",
      "properties": {
        "level": "platform",
        "type": "wall",
        "platform": "7",
        "color": "#999999",
        "source": "PCIP Phase 2 Appendix A, sheet A-001, November 2020, PDF page 45"
      },
      "geometry": {
        "type": "LineString",
        "coordinates": [[-73.9928179, 40.7503326], [-73.9927945, 40.7503228]]
      }
    },
    {
      "type": "Feature",
      "properties": {
        "level": "platform",
        "type": "wall",
        "platform": "7",
        "color": "#999999",
        "source": "PCIP Phase 2 Appendix A, sheet A-001, November 2020, PDF page 45"
      },
      "geometry": {
        "type": "LineString",
        "coordinates": [[-73.9928179, 40.7503326], [-73.9928095, 40.750344], [-73.9927861, 40.7503341], [-73.9927945, 40.7503228]]
      }
    },
    {
      "type": "Feature",
      "properties": {
        "level": "platform",
        "type": "wall",
        "platform": "6",
        "color": "#999999",
        "source": "PCIP Phase 2 Appendix A, sheet A-001, November 2020, PDF page 45"
      },
      "geometry": {
        "type": "LineString",
        "coordinates": [[-73.9928733, 40.7502229], [-73.9928848, 40.7502278]]
      }
    },
    {
      "type": "Feature",
      "properties": {
        "level": "platform",
        "type": "wall",
        "platform": "6",
        "color": "#999999",
        "source": "PCIP Phase 2 Appendix A, sheet A-001, November 2020, PDF page 45"
      },
      "geometry": {
        "type": "LineString",
        "coordinates": [[-73.9928721, 40.7502245], [-73.9928837, 40.7502294]]
      }
    },
    {
      "type": "Feature",
      "properties": {
        "level": "platform",
        "type": "wall",
        "platform": "7",
        "color": "#999999",
        "source": "PCIP Phase 2 Appendix A, sheet A-001, November 2020, PDF page 45"
      },
      "geometry": {
        "type": "LineString",
        "coordinates": [[-73.9927847, 40.7503491], [-73.9927901, 40.7503419], [-73.9927905, 40.7503421], [-73.9927851, 40.7503494]]
      }
    },
    {
      "type": "Feature",
      "properties": {
        "level": "platform",
        "type": "wall",
        "platform": "7",
        "color": "#999999",
        "source": "PCIP Phase 2 Appendix A, sheet A-001, November 2020, PDF page 45"
      },
      "geometry": {
        "type": "LineString",
        "coordinates": [[-73.992781, 40.750338], [-73.9927803, 40.750339], [-73.9927801, 40.7503397], [-73.9927799, 40.7503407], [-73.9927795, 40.7503416], [-73.9927796, 40.7503427], [-73.9927797, 40.7503436], [-73.99278, 40.7503443], [-73.9927804, 40.7503453], [-73.992781, 40.750346], [-73.9927815, 40.7503468], [-73.9927823, 40.7503476], [-73.9927832, 40.7503482], [-73.9927841, 40.7503488], [-73.9927847, 40.7503491]]
      }
    },
    {
      "type": "Feature",
      "properties": {
        "level": "platform",
        "type": "wall",
        "platform": "6",
        "color": "#999999",
        "source": "PCIP Phase 2 Appendix A, sheet A-001, November 2020, PDF page 45"
      },
      "geometry": {
        "type": "LineString",
        "coordinates": [[-73.9928721, 40.7502245], [-73.9928609, 40.7502401], [-73.9928312, 40.7502275], [-73.9928351, 40.7502222], [-73.9928372, 40.7502231]]
      }
    },
    {
      "type": "Feature",
      "properties": {
        "level": "platform",
        "type": "wall",
        "platform": "6",
        "color": "#999999",
        "source": "PCIP Phase 2 Appendix A, sheet A-001, November 2020, PDF page 45"
      },
      "geometry": {
        "type": "LineString",
        "coordinates": [[-73.9928425, 40.7502159], [-73.9928404, 40.750215], [-73.9928437, 40.7502106], [-73.9928733, 40.7502229], [-73.9928721, 40.7502245]]
      }
    },
    {
      "type": "Feature",
      "properties": {
        "level": "platform",
        "type": "wall",
        "platform": "7",
        "color": "#999999",
        "source": "PCIP Phase 2 Appendix A, sheet A-001, November 2020, PDF page 45"
      },
      "geometry": {
        "type": "LineString",
        "coordinates": [[-73.9927945, 40.7503228], [-73.9927928, 40.7503221], [-73.992781, 40.750338], [-73.9927789, 40.7503372], [-73.9927919, 40.7503196], [-73.9927957, 40.7503212]]
      }
    },
    {
      "type": "Feature",
      "properties": {
        "level": "platform",
        "type": "wall",
        "platform": "7",
        "color": "#999999",
        "source": "PCIP Phase 2 Appendix A, sheet A-001, November 2020, PDF page 45"
      },
      "geometry": {
        "type": "LineString",
        "coordinates": [[-73.9927957, 40.7503212], [-73.9927986, 40.7503172], [-73.9927756, 40.7503054], [-73.9925008, 40.7501893], [-73.9924931, 40.7501998], [-73.9925037, 40.7502041], [-73.9924832, 40.7502323], [-73.9924727, 40.7502278]]
      }
    },
    {
      "type": "Feature",
      "properties": {
        "level": "platform",
        "type": "wall",
        "platform": "1",
        "color": "#999999",
        "source": "PCIP Phase 2 Appendix A, sheet A-001, November 2020, PDF page 45"
      },
      "geometry": {
        "type": "LineString",
        "coordinates": [[-73.9932021, 40.749642], [-73.9932307, 40.7496541]]
      }
    },
    {
      "type": "Feature",
      "properties": {
        "level": "platform",
        "type": "wall",
        "platform": "1",
        "color": "#999999",
        "source": "PCIP Phase 2 Appendix A, sheet A-001, November 2020, PDF page 45"
      },
      "geometry": {
        "type": "LineString",
        "coordinates": [[-73.9932278, 40.7496581], [-73.9932307, 40.7496541]]
      }
    },
    {
      "type": "Feature",
      "properties": {
        "level": "platform",
        "type": "wall",
        "platform": "1",
        "color": "#999999",
        "source": "PCIP Phase 2 Appendix A, sheet A-001, November 2020, PDF page 45"
      },
      "geometry": {
        "type": "LineString",
        "coordinates": [[-73.9932278, 40.7496581], [-73.9932257, 40.7496572], [-73.9932274, 40.7496548], [-73.993203, 40.7496445]]
      }
    },
    {
      "type": "Feature",
      "properties": {
        "level": "platform",
        "type": "wall",
        "platform": "1",
        "color": "#999999",
        "source": "PCIP Phase 2 Appendix A, sheet A-001, November 2020, PDF page 45"
      },
      "geometry": {
        "type": "LineString",
        "coordinates": [[-73.9932021, 40.749642], [-73.9931897, 40.7496591], [-73.9932182, 40.749671], [-73.9932225, 40.7496653]]
      }
    },
    {
      "type": "Feature",
      "properties": {
        "level": "platform",
        "type": "wall",
        "platform": "1",
        "color": "#999999",
        "source": "PCIP Phase 2 Appendix A, sheet A-001, November 2020, PDF page 45"
      },
      "geometry": {
        "type": "LineString",
        "coordinates": [[-73.9932173, 40.7496685], [-73.993193, 40.7496584], [-73.993203, 40.7496445]]
      }
    },
    {
      "type": "Feature",
      "properties": {
        "level": "platform",
        "type": "wall",
        "platform": "1",
        "color": "#999999",
        "source": "PCIP Phase 2 Appendix A, sheet A-001, November 2020, PDF page 45"
      },
      "geometry": {
        "type": "LineString",
        "coordinates": [[-73.9932173, 40.7496685], [-73.9932204, 40.7496644]]
      }
    },
    {
      "type": "Feature",
      "properties": {
        "level": "platform",
        "type": "wall",
        "platform": "5",
        "color": "#999999",
        "source": "PCIP Phase 2 Appendix A, sheet A-001, November 2020, PDF page 45"
      },
      "geometry": {
        "type": "LineString",
        "coordinates": [[-73.9928839, 40.7500862], [-73.9928566, 40.7500746], [-73.9928576, 40.7500731], [-73.9928545, 40.7500718]]
      }
    },
    {
      "type": "Feature",
      "properties": {
        "level": "platform",
        "type": "wall",
        "platform": "5",
        "color": "#999999",
        "source": "PCIP Phase 2 Appendix A, sheet A-001, November 2020, PDF page 45"
      },
      "geometry": {
        "type": "LineString",
        "coordinates": [[-73.9928757, 40.7500973], [-73.9928696, 40.7501056], [-73.9928422, 40.750094], [-73.9928413, 40.7500953], [-73.9928381, 40.750094]]
      }
    },
    {
      "type": "Feature",
      "properties": {
        "level": "platform",
        "type": "wall",
        "platform": "5",
        "color": "#999999",
        "source": "PCIP Phase 2 Appendix A, sheet A-001, November 2020, PDF page 45"
      },
      "geometry": {
        "type": "LineString",
        "coordinates": [[-73.992881, 40.7500902], [-73.9928839, 40.7500862]]
      }
    },
    {
      "type": "Feature",
      "properties": {
        "level": "platform",
        "type": "wall",
        "platform": "5",
        "color": "#999999",
        "source": "PCIP Phase 2 Appendix A, sheet A-001, November 2020, PDF page 45"
      },
      "geometry": {
        "type": "LineString",
        "coordinates": [[-73.992881, 40.7500902], [-73.9928789, 40.7500893], [-73.9928807, 40.7500869], [-73.9928547, 40.7500761]]
      }
    },
    {
      "type": "Feature",
      "properties": {
        "level": "platform",
        "type": "wall",
        "platform": "5",
        "color": "#999999",
        "source": "PCIP Phase 2 Appendix A, sheet A-001, November 2020, PDF page 45"
      },
      "geometry": {
        "type": "LineString",
        "coordinates": [[-73.9928686, 40.7501031], [-73.9928736, 40.7500964]]
      }
    },
    {
      "type": "Feature",
      "properties": {
        "level": "platform",
        "type": "wall",
        "platform": "5",
        "color": "#999999",
        "source": "PCIP Phase 2 Appendix A, sheet A-001, November 2020, PDF page 45"
      },
      "geometry": {
        "type": "LineString",
        "coordinates": [[-73.9928428, 40.7500922], [-73.9928686, 40.7501031]]
      }
    },
    {
      "type": "Feature",
      "properties": {
        "level": "platform",
        "type": "wall",
        "platform": "1",
        "color": "#999999",
        "source": "PCIP Phase 2 Appendix A, sheet A-001, November 2020, PDF page 45"
      },
      "geometry": {
        "type": "LineString",
        "coordinates": [[-73.9931988, 40.7496544], [-73.9932023, 40.7496496]]
      }
    },
    {
      "type": "Feature",
      "properties": {
        "level": "platform",
        "type": "wall",
        "platform": "2",
        "color": "#999999",
        "source": "PCIP Phase 2 Appendix A, sheet A-001, November 2020, PDF page 45"
      },
      "geometry": {
        "type": "LineString",
        "coordinates": [[-73.9930848, 40.749762], [-73.993109, 40.7497722], [-73.9931133, 40.7497663]]
      }
    },
    {
      "type": "Feature",
      "properties": {
        "level": "platform",
        "type": "wall",
        "platform": "2",
        "color": "#999999",
        "source": "PCIP Phase 2 Appendix A, sheet A-001, November 2020, PDF page 45"
      },
      "geometry": {
        "type": "LineString",
        "coordinates": [[-73.9930972, 40.7497451], [-73.9931215, 40.7497552]]
      }
    },
    {
      "type": "Feature",
      "properties": {
        "level": "platform",
        "type": "wall",
        "platform": "2",
        "color": "#999999",
        "source": "PCIP Phase 2 Appendix A, sheet A-001, November 2020, PDF page 45"
      },
      "geometry": {
        "type": "LineString",
        "coordinates": [[-73.9931186, 40.7497592], [-73.9931215, 40.7497552]]
      }
    },
    {
      "type": "Feature",
      "properties": {
        "level": "platform",
        "type": "wall",
        "platform": "2",
        "color": "#999999",
        "source": "PCIP Phase 2 Appendix A, sheet A-001, November 2020, PDF page 45"
      },
      "geometry": {
        "type": "LineString",
        "coordinates": [[-73.9931186, 40.7497592], [-73.9931165, 40.7497583], [-73.9931183, 40.7497559], [-73.9930961, 40.7497467]]
      }
    },
    {
      "type": "Feature",
      "properties": {
        "level": "platform",
        "type": "wall",
        "platform": "2",
        "color": "#999999",
        "source": "PCIP Phase 2 Appendix A, sheet A-001, November 2020, PDF page 45"
      },
      "geometry": {
        "type": "LineString",
        "coordinates": [[-73.993108, 40.7497697], [-73.9931112, 40.7497654]]
      }
    },
    {
      "type": "Feature",
      "properties": {
        "level": "platform",
        "type": "wall",
        "platform": "2",
        "color": "#999999",
        "source": "PCIP Phase 2 Appendix A, sheet A-001, November 2020, PDF page 45"
      },
      "geometry": {
        "type": "LineString",
        "coordinates": [[-73.9930859, 40.7497604], [-73.993108, 40.7497697]]
      }
    },
    {
      "type": "Feature",
      "properties": {
        "level": "platform",
        "type": "wall",
        "platform": "5",
        "color": "#999999",
        "source": "PCIP Phase 2 Appendix A, sheet A-001, November 2020, PDF page 45"
      },
      "geometry": {
        "type": "LineString",
        "coordinates": [[-73.9928547, 40.7500761], [-73.9928428, 40.7500922]]
      }
    },
    {
      "type": "Feature",
      "properties": {
        "level": "platform",
        "type": "wall",
        "platform": "4",
        "color": "#999999",
        "source": "PCIP Phase 2 Appendix A, sheet A-001, November 2020, PDF page 45"
      },
      "geometry": {
        "type": "LineString",
        "coordinates": [[-73.992932, 40.749971], [-73.9929341, 40.7499718], [-73.9929398, 40.7499642], [-73.9929104, 40.749952], [-73.9928962, 40.7499712], [-73.9929254, 40.7499836], [-73.9929288, 40.749979], [-73.9929267, 40.7499781]]
      }
    },
    {
      "type": "Feature",
      "properties": {
        "level": "platform",
        "type": "wall",
        "platform": "3",
        "color": "#999999",
        "source": "PCIP Phase 2 Appendix A, sheet A-001, November 2020, PDF page 45"
      },
      "geometry": {
        "type": "LineString",
        "coordinates": [[-73.9929899, 40.749844], [-73.9929911, 40.7498424], [-73.9930203, 40.7498548], [-73.9930175, 40.7498586], [-73.9930154, 40.7498577]]
      }
    },
    {
      "type": "Feature",
      "properties": {
        "level": "platform",
        "type": "wall",
        "platform": "3",
        "color": "#999999",
        "source": "PCIP Phase 2 Appendix A, sheet A-001, November 2020, PDF page 45"
      },
      "geometry": {
        "type": "LineString",
        "coordinates": [[-73.9930101, 40.7498649], [-73.9930122, 40.7498658], [-73.993006, 40.7498742], [-73.9929767, 40.7498618]]
      }
    },
    {
      "type": "Feature",
      "properties": {
        "level": "platform",
        "type": "wall",
        "platform": "1",
        "color": "#999999",
        "source": "PCIP Phase 2 Appendix A, sheet A-001, November 2020, PDF page 45"
      },
      "geometry": {
        "type": "LineString",
        "coordinates": [[-73.9931665, 40.7496514], [-73.9931623, 40.7496496], [-73.9931634, 40.749648]]
      }
    },
    {
      "type": "Feature",
      "properties": {
        "level": "platform",
        "type": "wall",
        "platform": "1",
        "color": "#999999",
        "source": "PCIP Phase 2 Appendix A, sheet A-001, November 2020, PDF page 45"
      },
      "geometry": {
        "type": "LineString",
        "coordinates": [[-73.9931667, 40.7496473], [-73.9931688, 40.7496482], [-73.9931665, 40.7496514]]
      }
    },
    {
      "type": "Feature",
      "properties": {
        "level": "platform",
        "type": "wall",
        "platform": "2",
        "color": "#999999",
        "source": "PCIP Phase 2 Appendix A, sheet A-001, November 2020, PDF page 45"
      },
      "geometry": {
        "type": "LineString",
        "coordinates": [[-73.9930961, 40.7497467], [-73.9930848, 40.749762], [-73.9930589, 40.749751], [-73.9930616, 40.7497473], [-73.9930637, 40.7497482]]
      }
    },
    {
      "type": "Feature",
      "properties": {
        "level": "platform",
        "type": "wall",
        "platform": "2",
        "color": "#999999",
        "source": "PCIP Phase 2 Appendix A, sheet A-001, November 2020, PDF page 45"
      },
      "geometry": {
        "type": "LineString",
        "coordinates": [[-73.993069, 40.7497411], [-73.9930669, 40.7497402], [-73.9930714, 40.7497341], [-73.9930972, 40.7497451], [-73.9930961, 40.7497467]]
      }
    },
    {
      "type": "Feature",
      "properties": {
        "level": "platform",
        "type": "wall",
        "platform": "1",
        "color": "#999999",
        "source": "PCIP Phase 2 Appendix A, sheet A-001, November 2020, PDF page 45"
      },
      "geometry": {
        "type": "LineString",
        "coordinates": [[-73.9931812, 40.749631], [-73.993177, 40.7496293], [-73.9931758, 40.7496309]]
      }
    },
    {
      "type": "Feature",
      "properties": {
        "level": "platform",
        "type": "wall",
        "platform": "1",
        "color": "#999999",
        "source": "PCIP Phase 2 Appendix A, sheet A-001, November 2020, PDF page 45"
      },
      "geometry": {
        "type": "LineString",
        "coordinates": [[-73.9931768, 40.7496333], [-73.9931788, 40.7496342], [-73.9931812, 40.749631]]
      }
    },
    {
      "type": "Feature",
      "properties": {
        "level": "platform",
        "type": "wall",
        "platform": "5",
        "color": "#999999",
        "source": "PCIP Phase 2 Appendix A, sheet A-001, November 2020, PDF page 45"
      },
      "geometry": {
        "type": "LineString",
        "coordinates": [[-73.992827, 40.7500623], [-73.9928533, 40.7500734], [-73.9928545, 40.7500718]]
      }
    },
    {
      "type": "Feature",
      "properties": {
        "level": "platform",
        "type": "wall",
        "platform": "5",
        "color": "#999999",
        "source": "PCIP Phase 2 Appendix A, sheet A-001, November 2020, PDF page 45"
      },
      "geometry": {
        "type": "LineString",
        "coordinates": [[-73.9928381, 40.750094], [-73.9928391, 40.7500927], [-73.992813, 40.7500816]]
      }
    },
    {
      "type": "Feature",
      "properties": {
        "level": "platform",
        "type": "wall",
        "platform": "1",
        "color": "#999999",
        "source": "PCIP Phase 2 Appendix A, sheet A-001, November 2020, PDF page 45"
      },
      "geometry": {
        "type": "LineString",
        "coordinates": [[-73.9931768, 40.7496333], [-73.9931655, 40.7496489], [-73.9931397, 40.7496379], [-73.9931414, 40.7496355]]
      }
    },
    {
      "type": "Feature",
      "properties": {
        "level": "platform",
        "type": "wall",
        "platform": "1",
        "color": "#999999",
        "source": "PCIP Phase 2 Appendix A, sheet A-001, November 2020, PDF page 45"
      },
      "geometry": {
        "type": "LineString",
        "coordinates": [[-73.9931758, 40.7496309], [-73.9931779, 40.7496317], [-73.9931768, 40.7496333]]
      }
    },
    {
      "type": "Feature",
      "properties": {
        "level": "platform",
        "type": "wall",
        "platform": "8",
        "color": "#999999",
        "source": "PCIP Phase 2 Appendix A, sheet A-001, November 2020, PDF page 45"
      },
      "geometry": {
        "type": "LineString",
        "coordinates": [[-73.9926067, 40.7504027], [-73.9926071, 40.7504022], [-73.9925454, 40.7503763]]
      }
    },
    {
      "type": "Feature",
      "properties": {
        "level": "platform",
        "type": "wall",
        "platform": "8",
        "color": "#999999",
        "source": "PCIP Phase 2 Appendix A, sheet A-001, November 2020, PDF page 45"
      },
      "geometry": {
        "type": "LineString",
        "coordinates": [[-73.9925551, 40.7503672], [-73.9926145, 40.7503922]]
      }
    },
    {
      "type": "Feature",
      "properties": {
        "level": "platform",
        "type": "wall",
        "platform": "8",
        "color": "#999999",
        "source": "PCIP Phase 2 Appendix A, sheet A-001, November 2020, PDF page 45"
      },
      "geometry": {
        "type": "LineString",
        "coordinates": [[-73.9926065, 40.750402], [-73.9926015, 40.7503986]]
      }
    },
    {
      "type": "Feature",
      "properties": {
        "level": "platform",
        "type": "wall",
        "platform": "1",
        "color": "#999999",
        "source": "PCIP Phase 2 Appendix A, sheet A-001, November 2020, PDF page 45"
      },
      "geometry": {
        "type": "LineString",
        "coordinates": [[-73.9931544, 40.7496218], [-73.9931758, 40.7496309]]
      }
    },
    {
      "type": "Feature",
      "properties": {
        "level": "platform",
        "type": "wall",
        "platform": "8",
        "color": "#999999",
        "source": "PCIP Phase 2 Appendix A, sheet A-001, November 2020, PDF page 45"
      },
      "geometry": {
        "type": "LineString",
        "coordinates": [[-73.9925547, 40.7503677], [-73.9926133, 40.7503923]]
      }
    },
    {
      "type": "Feature",
      "properties": {
        "level": "platform",
        "type": "wall",
        "platform": "8",
        "color": "#999999",
        "source": "PCIP Phase 2 Appendix A, sheet A-001, November 2020, PDF page 45"
      },
      "geometry": {
        "type": "LineString",
        "coordinates": [[-73.9926071, 40.7503909], [-73.9926133, 40.7503923]]
      }
    },
    {
      "type": "Feature",
      "properties": {
        "level": "platform",
        "type": "wall",
        "platform": "8",
        "color": "#999999",
        "source": "PCIP Phase 2 Appendix A, sheet A-001, November 2020, PDF page 45"
      },
      "geometry": {
        "type": "LineString",
        "coordinates": [[-73.9926044, 40.7504017], [-73.992545, 40.7503767]]
      }
    },
    {
      "type": "Feature",
      "properties": {
        "level": "platform",
        "type": "wall",
        "platform": "8",
        "color": "#999999",
        "source": "PCIP Phase 2 Appendix A, sheet A-001, November 2020, PDF page 45"
      },
      "geometry": {
        "type": "LineString",
        "coordinates": [[-73.9926033, 40.7504033], [-73.9925434, 40.7503781]]
      }
    },
    {
      "type": "Feature",
      "properties": {
        "level": "platform",
        "type": "wall",
        "platform": "7",
        "color": "#999999",
        "source": "PCIP Phase 2 Appendix A, sheet A-001, November 2020, PDF page 45"
      },
      "geometry": {
        "type": "LineString",
        "coordinates": [[-73.9926188, 40.7502626], [-73.9926783, 40.7502876]]
      }
    },
    {
      "type": "Feature",
      "properties": {
        "level": "platform",
        "type": "wall",
        "platform": "7",
        "color": "#999999",
        "source": "PCIP Phase 2 Appendix A, sheet A-001, November 2020, PDF page 45"
      },
      "geometry": {
        "type": "LineString",
        "coordinates": [[-73.9926185, 40.7502631], [-73.9926779, 40.750288]]
      }
    },
    {
      "type": "Feature",
      "properties": {
        "level": "platform",
        "type": "wall",
        "platform": "7",
        "color": "#999999",
        "source": "PCIP Phase 2 Appendix A, sheet A-001, November 2020, PDF page 45"
      },
      "geometry": {
        "type": "LineString",
        "coordinates": [[-73.9926819, 40.7502812], [-73.9926211, 40.7502554]]
      }
    },
    {
      "type": "Feature",
      "properties": {
        "level": "platform",
        "type": "wall",
        "platform": "7",
        "color": "#999999",
        "source": "PCIP Phase 2 Appendix A, sheet A-001, November 2020, PDF page 45"
      },
      "geometry": {
        "type": "LineString",
        "coordinates": [[-73.9926819, 40.7502812], [-73.9926755, 40.7502797]]
      }
    },
    {
      "type": "Feature",
      "properties": {
        "level": "platform",
        "type": "wall",
        "platform": "7",
        "color": "#999999",
        "source": "PCIP Phase 2 Appendix A, sheet A-001, November 2020, PDF page 45"
      },
      "geometry": {
        "type": "LineString",
        "coordinates": [[-73.9926724, 40.7502838], [-73.9926774, 40.7502872]]
      }
    },
    {
      "type": "Feature",
      "properties": {
        "level": "platform",
        "type": "wall",
        "platform": "7",
        "color": "#999999",
        "source": "PCIP Phase 2 Appendix A, sheet A-001, November 2020, PDF page 45"
      },
      "geometry": {
        "type": "LineString",
        "coordinates": [[-73.9926817, 40.7502784], [-73.992622, 40.750253]]
      }
    },
    {
      "type": "Feature",
      "properties": {
        "level": "platform",
        "type": "wall",
        "platform": "7",
        "color": "#999999",
        "source": "PCIP Phase 2 Appendix A, sheet A-001, November 2020, PDF page 45"
      },
      "geometry": {
        "type": "LineString",
        "coordinates": [[-73.9926806, 40.75028], [-73.9926213, 40.7502548]]
      }
    },
    {
      "type": "Feature",
      "properties": {
        "level": "platform",
        "type": "wall",
        "platform": "5",
        "color": "#999999",
        "source": "PCIP Phase 2 Appendix A, sheet A-001, November 2020, PDF page 45"
      },
      "geometry": {
        "type": "LineString",
        "coordinates": [[-73.992829, 40.7500652], [-73.9928208, 40.7500617]]
      }
    },
    {
      "type": "Feature",
      "properties": {
        "level": "platform",
        "type": "wall",
        "platform": "5",
        "color": "#999999",
        "source": "PCIP Phase 2 Appendix A, sheet A-001, November 2020, PDF page 45"
      },
      "geometry": {
        "type": "LineString",
        "coordinates": [[-73.9928241, 40.7500719], [-73.992829, 40.7500652]]
      }
    },
    {
      "type": "Feature",
      "properties": {
        "level": "platform",
        "type": "wall",
        "platform": "5",
        "color": "#999999",
        "source": "PCIP Phase 2 Appendix A, sheet A-001, November 2020, PDF page 45"
      },
      "geometry": {
        "type": "LineString",
        "coordinates": [[-73.9928188, 40.7500791], [-73.9928171, 40.7500813], [-73.9928089, 40.7500778]]
      }
    },
    {
      "type": "Feature",
      "properties": {
        "level": "platform",
        "type": "wall",
        "platform": "1",
        "color": "#999999",
        "source": "PCIP Phase 2 Appendix A, sheet A-001, November 2020, PDF page 45"
      },
      "geometry": {
        "type": "LineString",
        "coordinates": [[-73.993151, 40.7496226], [-73.9931523, 40.7496209], [-73.9931544, 40.7496218]]
      }
    },
    {
      "type": "Feature",
      "properties": {
        "level": "platform",
        "type": "wall",
        "platform": "1",
        "color": "#999999",
        "source": "PCIP Phase 2 Appendix A, sheet A-001, November 2020, PDF page 45"
      },
      "geometry": {
        "type": "LineString",
        "coordinates": [[-73.9931503, 40.7496161], [-73.9931566, 40.7496187], [-73.9931544, 40.7496218]]
      }
    },
    {
      "type": "Feature",
      "properties": {
        "level": "platform",
        "type": "wall",
        "platform": "1",
        "color": "#999999",
        "source": "PCIP Phase 2 Appendix A, sheet A-001, November 2020, PDF page 45"
      },
      "geometry": {
        "type": "LineString",
        "coordinates": [[-73.9931337, 40.7496385], [-73.99314, 40.7496412], [-73.9931418, 40.7496388]]
      }
    },
    {
      "type": "Feature",
      "properties": {
        "level": "platform",
        "type": "wall",
        "platform": "4",
        "color": "#999999",
        "source": "PCIP Phase 2 Appendix A, sheet A-001, November 2020, PDF page 45"
      },
      "geometry": {
        "type": "LineString",
        "coordinates": [[-73.9929104, 40.749952], [-73.9928862, 40.7499417]]
      }
    },
    {
      "type": "Feature",
      "properties": {
        "level": "platform",
        "type": "wall",
        "platform": "4",
        "color": "#999999",
        "source": "PCIP Phase 2 Appendix A, sheet A-001, November 2020, PDF page 45"
      },
      "geometry": {
        "type": "LineString",
        "coordinates": [[-73.9928974, 40.7499697], [-73.9928753, 40.7499603]]
      }
    },
    {
      "type": "Feature",
      "properties": {
        "level": "platform",
        "type": "wall",
        "platform": "4",
        "color": "#999999",
        "source": "PCIP Phase 2 Appendix A, sheet A-001, November 2020, PDF page 45"
      },
      "geometry": {
        "type": "LineString",
        "coordinates": [[-73.9928962, 40.7499712], [-73.992872, 40.749961], [-73.992878, 40.7499529]]
      }
    },
    {
      "type": "Feature",
      "properties": {
        "level": "platform",
        "type": "wall",
        "platform": "1",
        "color": "#999999",
        "source": "PCIP Phase 2 Appendix A, sheet A-001, November 2020, PDF page 45"
      },
      "geometry": {
        "type": "LineString",
        "coordinates": [[-73.9931499, 40.7496278], [-73.9931478, 40.7496269], [-73.993151, 40.7496226]]
      }
    },
    {
      "type": "Feature",
      "properties": {
        "level": "platform",
        "type": "wall",
        "platform": "1",
        "color": "#999999",
        "source": "PCIP Phase 2 Appendix A, sheet A-001, November 2020, PDF page 45"
      },
      "geometry": {
        "type": "LineString",
        "coordinates": [[-73.9931414, 40.7496355], [-73.9931425, 40.7496341], [-73.9931446, 40.749635]]
      }
    },
    {
      "type": "Feature",
      "properties": {
        "level": "platform",
        "type": "wall",
        "platform": "3",
        "color": "#999999",
        "source": "PCIP Phase 2 Appendix A, sheet A-001, November 2020, PDF page 45"
      },
      "geometry": {
        "type": "LineString",
        "coordinates": [[-73.9929899, 40.749844], [-73.9929656, 40.7498339], [-73.9929608, 40.7498404]]
      }
    },
    {
      "type": "Feature",
      "properties": {
        "level": "platform",
        "type": "wall",
        "platform": "3",
        "color": "#999999",
        "source": "PCIP Phase 2 Appendix A, sheet A-001, November 2020, PDF page 45"
      },
      "geometry": {
        "type": "LineString",
        "coordinates": [[-73.9929887, 40.7498456], [-73.9929665, 40.7498364]]
      }
    },
    {
      "type": "Feature",
      "properties": {
        "level": "platform",
        "type": "wall",
        "platform": "3",
        "color": "#999999",
        "source": "PCIP Phase 2 Appendix A, sheet A-001, November 2020, PDF page 45"
      },
      "geometry": {
        "type": "LineString",
        "coordinates": [[-73.9929767, 40.7498618], [-73.9929887, 40.7498456]]
      }
    },
    {
      "type": "Feature",
      "properties": {
        "level": "platform",
        "type": "wall",
        "platform": "3",
        "color": "#999999",
        "source": "PCIP Phase 2 Appendix A, sheet A-001, November 2020, PDF page 45"
      },
      "geometry": {
        "type": "LineString",
        "coordinates": [[-73.9929767, 40.7498618], [-73.9929525, 40.7498516]]
      }
    },
    {
      "type": "Feature",
      "properties": {
        "level": "platform",
        "type": "wall",
        "platform": "1",
        "color": "#999999",
        "source": "PCIP Phase 2 Appendix A, sheet A-001, November 2020, PDF page 45"
      },
      "geometry": {
        "type": "LineString",
        "coordinates": [[-73.993151, 40.7496226], [-73.9931468, 40.7496208], [-73.9931503, 40.7496161]]
      }
    },
    {
      "type": "Feature",
      "properties": {
        "level": "platform",
        "type": "wall",
        "platform": "1",
        "color": "#999999",
        "source": "PCIP Phase 2 Appendix A, sheet A-001, November 2020, PDF page 45"
      },
      "geometry": {
        "type": "LineString",
        "coordinates": [[-73.9931414, 40.7496355], [-73.9931372, 40.7496337], [-73.9931337, 40.7496385]]
      }
    },
    {
      "type": "Feature",
      "properties": {
        "level": "platform",
        "type": "wall",
        "platform": "4",
        "color": "#999999",
        "source": "PCIP Phase 2 Appendix A, sheet A-001, November 2020, PDF page 45"
      },
      "geometry": {
        "type": "LineString",
        "coordinates": [[-73.9929019, 40.7499504], [-73.9928872, 40.7499442]]
      }
    },
    {
      "type": "Feature",
      "properties": {
        "level": "platform",
        "type": "wall",
        "platform": "3",
        "color": "#999999",
        "source": "PCIP Phase 2 Appendix A, sheet A-001, November 2020, PDF page 45"
      },
      "geometry": {
        "type": "LineString",
        "coordinates": [[-73.9929706, 40.7498571], [-73.9929558, 40.7498509]]
      }
    },
    {
      "type": "Feature",
      "properties": {
        "level": "platform",
        "type": "wall",
        "platform": "4",
        "color": "#999999",
        "source": "PCIP Phase 2 Appendix A, sheet A-001, November 2020, PDF page 45"
      },
      "geometry": {
        "type": "LineString",
        "coordinates": [[-73.9928872, 40.7499442], [-73.9928854, 40.7499466], [-73.9928833, 40.7499457]]
      }
    },
    {
      "type": "Feature",
      "properties": {
        "level": "platform",
        "type": "wall",
        "platform": "4",
        "color": "#999999",
        "source": "PCIP Phase 2 Appendix A, sheet A-001, November 2020, PDF page 45"
      },
      "geometry": {
        "type": "LineString",
        "coordinates": [[-73.9928753, 40.7499603], [-73.9928801, 40.7499538]]
      }
    },
    {
      "type": "Feature",
      "properties": {
        "level": "platform",
        "type": "wall",
        "platform": "3",
        "color": "#999999",
        "source": "PCIP Phase 2 Appendix A, sheet A-001, November 2020, PDF page 45"
      },
      "geometry": {
        "type": "LineString",
        "coordinates": [[-73.9929665, 40.7498364], [-73.9929629, 40.7498413]]
      }
    },
    {
      "type": "Feature",
      "properties": {
        "level": "platform",
        "type": "wall",
        "platform": "3",
        "color": "#999999",
        "source": "PCIP Phase 2 Appendix A, sheet A-001, November 2020, PDF page 45"
      },
      "geometry": {
        "type": "LineString",
        "coordinates": [[-73.9929558, 40.7498509], [-73.9929576, 40.7498485], [-73.9929555, 40.7498476]]
      }
    },
    {
      "type": "Feature",
      "properties": {
        "level": "platform",
        "type": "wall",
        "platform": "4",
        "color": "#999999",
        "source": "PCIP Phase 2 Appendix A, sheet A-001, November 2020, PDF page 45"
      },
      "geometry": {
        "type": "LineString",
        "coordinates": [[-73.9928833, 40.7499457], [-73.9928862, 40.7499417]]
      }
    },
    {
      "type": "Feature",
      "properties": {
        "level": "platform",
        "type": "wall",
        "platform": "3",
        "color": "#999999",
        "source": "PCIP Phase 2 Appendix A, sheet A-001, November 2020, PDF page 45"
      },
      "geometry": {
        "type": "LineString",
        "coordinates": [[-73.9929555, 40.7498476], [-73.9929525, 40.7498516]]
      }
    },
    {
      "type": "Feature",
      "properties": {
        "level": "platform",
        "type": "wall",
        "platform": "8",
        "color": "#999999",
        "source": "PCIP Phase 2 Appendix A, sheet A-001, November 2020, PDF page 45"
      },
      "geometry": {
        "type": "LineString",
        "coordinates": [[-73.9925515, 40.7503705], [-73.9925473, 40.7503695], [-73.9925534, 40.7503732]]
      }
    },
    {
      "type": "Feature",
      "properties": {
        "level": "platform",
        "type": "wall",
        "platform": "8",
        "color": "#999999",
        "source": "PCIP Phase 2 Appendix A, sheet A-001, November 2020, PDF page 45"
      },
      "geometry": {
        "type": "LineString",
        "coordinates": [[-73.9925487, 40.7503733], [-73.9925454, 40.7503763]]
      }
    },
    {
      "type": "Feature",
      "properties": {
        "level": "platform",
        "type": "wall",
        "platform": "8",
        "color": "#999999",
        "source": "PCIP Phase 2 Appendix A, sheet A-001, November 2020, PDF page 45"
      },
      "geometry": {
        "type": "LineString",
        "coordinates": [[-73.9925454, 40.7503763], [-73.9925426, 40.7503788]]
      }
    },
    {
      "type": "Feature",
      "properties": {
        "level": "platform",
        "type": "wall",
        "platform": "7",
        "color": "#999999",
        "source": "PCIP Phase 2 Appendix A, sheet A-001, November 2020, PDF page 45"
      },
      "geometry": {
        "type": "LineString",
        "coordinates": [[-73.9926196, 40.7502588], [-73.9926226, 40.7502612]]
      }
    },
    {
      "type": "Feature",
      "properties": {
        "level": "platform",
        "type": "wall",
        "platform": "7",
        "color": "#999999",
        "source": "PCIP Phase 2 Appendix A, sheet A-001, November 2020, PDF page 45"
      },
      "geometry": {
        "type": "LineString",
        "coordinates": [[-73.9926179, 40.7502649], [-73.9925984, 40.7502566], [-73.992606, 40.7502463], [-73.992622, 40.750253]]
      }
    },
    {
      "type": "Feature",
      "properties": {
        "level": "platform",
        "type": "wall",
        "platform": "7",
        "color": "#999999",
        "source": "PCIP Phase 2 Appendix A, sheet A-001, November 2020, PDF page 45"
      },
      "geometry": {
        "type": "LineString",
        "coordinates": [[-73.9926213, 40.7502548], [-73.9926212, 40.7502548], [-73.9926212, 40.7502548], [-73.9926069, 40.7502488], [-73.9926016, 40.7502559], [-73.9926185, 40.7502631]]
      }
    },
    {
      "type": "Feature",
      "properties": {
        "level": "platform",
        "type": "wall",
        "platform": "7",
        "color": "#999999",
        "source": "PCIP Phase 2 Appendix A, sheet A-001, November 2020, PDF page 45"
      },
      "geometry": {
        "type": "LineString",
        "coordinates": [[-73.9926197, 40.7502586], [-73.9926171, 40.7502566], [-73.9926196, 40.7502588]]
      }
    },
    {
      "type": "Feature",
      "properties": {
        "level": "platform",
        "type": "wall",
        "platform": "7",
        "color": "#999999",
        "source": "PCIP Phase 2 Appendix A, sheet A-001, November 2020, PDF page 45"
      },
      "geometry": {
        "type": "LineString",
        "coordinates": [[-73.9926197, 40.7502586], [-73.9926213, 40.7502548]]
      }
    },
    {
      "type": "Feature",
      "properties": {
        "level": "platform",
        "type": "wall",
        "platform": "8",
        "color": "#999999",
        "source": "PCIP Phase 2 Appendix A, sheet A-001, November 2020, PDF page 45"
      },
      "geometry": {
        "type": "LineString",
        "coordinates": [[-73.9924884, 40.7503579], [-73.9925286, 40.750375]]
      }
    },
    {
      "type": "Feature",
      "properties": {
        "level": "platform",
        "type": "wall",
        "platform": "8",
        "color": "#999999",
        "source": "PCIP Phase 2 Appendix A, sheet A-001, November 2020, PDF page 45"
      },
      "geometry": {
        "type": "LineString",
        "coordinates": [[-73.9924728, 40.7503723], [-73.9925168, 40.7503909]]
      }
    },
    {
      "type": "Feature",
      "properties": {
        "level": "platform",
        "type": "wall",
        "platform": "5",
        "color": "#999999",
        "source": "PCIP Phase 2 Appendix A, sheet A-001, November 2020, PDF page 45"
      },
      "geometry": {
        "type": "LineString",
        "coordinates": [[-73.9926801, 40.7500091], [-73.9926557, 40.7499988], [-73.992665, 40.7499862], [-73.9927785, 40.7500344], [-73.9927765, 40.7500371]]
      }
    },
    {
      "type": "Feature",
      "properties": {
        "level": "platform",
        "type": "wall",
        "platform": "5",
        "color": "#999999",
        "source": "PCIP Phase 2 Appendix A, sheet A-001, November 2020, PDF page 45"
      },
      "geometry": {
        "type": "LineString",
        "coordinates": [[-73.9927765, 40.7500371], [-73.9927744, 40.7500362], [-73.9927753, 40.7500351], [-73.9927468, 40.7500231]]
      }
    },
    {
      "type": "Feature",
      "properties": {
        "level": "platform",
        "type": "wall",
        "platform": "5",
        "color": "#999999",
        "source": "PCIP Phase 2 Appendix A, sheet A-001, November 2020, PDF page 45"
      },
      "geometry": {
        "type": "LineString",
        "coordinates": [[-73.9927694, 40.7500468], [-73.9926801, 40.7500091]]
      }
    },
    {
      "type": "Feature",
      "properties": {
        "level": "platform",
        "type": "wall",
        "platform": "5",
        "color": "#999999",
        "source": "PCIP Phase 2 Appendix A, sheet A-001, November 2020, PDF page 45"
      },
      "geometry": {
        "type": "LineString",
        "coordinates": [[-73.9926808, 40.7500076], [-73.9927683, 40.7500445], [-73.9927691, 40.7500434], [-73.9927713, 40.7500443], [-73.9927694, 40.7500468]]
      }
    },
    {
      "type": "Feature",
      "properties": {
        "level": "platform",
        "type": "wall",
        "platform": "4",
        "color": "#999999",
        "source": "PCIP Phase 2 Appendix A, sheet A-001, November 2020, PDF page 45"
      },
      "geometry": {
        "type": "LineString",
        "coordinates": [[-73.992849, 40.7499387], [-73.9927563, 40.7498996]]
      }
    },
    {
      "type": "Feature",
      "properties": {
        "level": "platform",
        "type": "wall",
        "platform": "4",
        "color": "#999999",
        "source": "PCIP Phase 2 Appendix A, sheet A-001, November 2020, PDF page 45"
      },
      "geometry": {
        "type": "LineString",
        "coordinates": [[-73.9927512, 40.7499125], [-73.9927268, 40.7499021], [-73.9927364, 40.7498891], [-73.9928502, 40.7499371], [-73.992849, 40.7499387]]
      }
    },
    {
      "type": "Feature",
      "properties": {
        "level": "platform",
        "type": "wall",
        "platform": "4",
        "color": "#999999",
        "source": "PCIP Phase 2 Appendix A, sheet A-001, November 2020, PDF page 45"
      },
      "geometry": {
        "type": "LineString",
        "coordinates": [[-73.9927518, 40.7499108], [-73.9928416, 40.7499487], [-73.9928405, 40.7499501]]
      }
    },
    {
      "type": "Feature",
      "properties": {
        "level": "platform",
        "type": "wall",
        "platform": "4",
        "color": "#999999",
        "source": "PCIP Phase 2 Appendix A, sheet A-001, November 2020, PDF page 45"
      },
      "geometry": {
        "type": "LineString",
        "coordinates": [[-73.9928405, 40.7499501], [-73.9927512, 40.7499125]]
      }
    },
    {
      "type": "Feature",
      "properties": {
        "level": "platform",
        "type": "wall",
        "platform": "8",
        "color": "#999999",
        "source": "PCIP Phase 2 Appendix A, sheet A-001, November 2020, PDF page 45"
      },
      "geometry": {
        "type": "LineString",
        "coordinates": [[-73.9925262, 40.7503752], [-73.992523, 40.7503739]]
      }
    },
    {
      "type": "Feature",
      "properties": {
        "level": "platform",
        "type": "wall",
        "platform": "8",
        "color": "#999999",
        "source": "PCIP Phase 2 Appendix A, sheet A-001, November 2020, PDF page 45"
      },
      "geometry": {
        "type": "LineString",
        "coordinates": [[-73.9925262, 40.7503752], [-73.9925158, 40.7503893]]
      }
    },
    {
      "type": "Feature",
      "properties": {
        "level": "platform",
        "type": "wall",
        "platform": "8",
        "color": "#999999",
        "source": "PCIP Phase 2 Appendix A, sheet A-001, November 2020, PDF page 45"
      },
      "geometry": {
        "type": "LineString",
        "coordinates": [[-73.9925158, 40.7503893], [-73.9925127, 40.7503879]]
      }
    },
    {
      "type": "Feature",
      "properties": {
        "level": "platform",
        "type": "wall",
        "platform": "8",
        "color": "#999999",
        "source": "PCIP Phase 2 Appendix A, sheet A-001, November 2020, PDF page 45"
      },
      "geometry": {
        "type": "LineString",
        "coordinates": [[-73.992523, 40.7503739], [-73.9925199, 40.7503726]]
      }
    },
    {
      "type": "Feature",
      "properties": {
        "level": "platform",
        "type": "wall",
        "platform": "8",
        "color": "#999999",
        "source": "PCIP Phase 2 Appendix A, sheet A-001, November 2020, PDF page 45"
      },
      "geometry": {
        "type": "LineString",
        "coordinates": [[-73.992523, 40.7503739], [-73.9925127, 40.7503879]]
      }
    },
    {
      "type": "Feature",
      "properties": {
        "level": "platform",
        "type": "wall",
        "platform": "8",
        "color": "#999999",
        "source": "PCIP Phase 2 Appendix A, sheet A-001, November 2020, PDF page 45"
      },
      "geometry": {
        "type": "LineString",
        "coordinates": [[-73.9925127, 40.7503879], [-73.9925095, 40.7503866]]
      }
    },
    {
      "type": "Feature",
      "properties": {
        "level": "platform",
        "type": "wall",
        "platform": "8",
        "color": "#999999",
        "source": "PCIP Phase 2 Appendix A, sheet A-001, November 2020, PDF page 45"
      },
      "geometry": {
        "type": "LineString",
        "coordinates": [[-73.9925199, 40.7503726], [-73.9925167, 40.7503712]]
      }
    },
    {
      "type": "Feature",
      "properties": {
        "level": "platform",
        "type": "wall",
        "platform": "8",
        "color": "#999999",
        "source": "PCIP Phase 2 Appendix A, sheet A-001, November 2020, PDF page 45"
      },
      "geometry": {
        "type": "LineString",
        "coordinates": [[-73.9925199, 40.7503726], [-73.9925095, 40.7503866]]
      }
    },
    {
      "type": "Feature",
      "properties": {
        "level": "platform",
        "type": "wall",
        "platform": "8",
        "color": "#999999",
        "source": "PCIP Phase 2 Appendix A, sheet A-001, November 2020, PDF page 45"
      },
      "geometry": {
        "type": "LineString",
        "coordinates": [[-73.9925095, 40.7503866], [-73.9925064, 40.7503853]]
      }
    },
    {
      "type": "Feature",
      "properties": {
        "level": "platform",
        "type": "wall",
        "platform": "8",
        "color": "#999999",
        "source": "PCIP Phase 2 Appendix A, sheet A-001, November 2020, PDF page 45"
      },
      "geometry": {
        "type": "LineString",
        "coordinates": [[-73.9925167, 40.7503712], [-73.9925136, 40.7503699]]
      }
    },
    {
      "type": "Feature",
      "properties": {
        "level": "platform",
        "type": "wall",
        "platform": "8",
        "color": "#999999",
        "source": "PCIP Phase 2 Appendix A, sheet A-001, November 2020, PDF page 45"
      },
      "geometry": {
        "type": "LineString",
        "coordinates": [[-73.9925167, 40.7503712], [-73.9925064, 40.7503853]]
      }
    },
    {
      "type": "Feature",
      "properties": {
        "level": "platform",
        "type": "wall",
        "platform": "8",
        "color": "#999999",
        "source": "PCIP Phase 2 Appendix A, sheet A-001, November 2020, PDF page 45"
      },
      "geometry": {
        "type": "LineString",
        "coordinates": [[-73.9925064, 40.7503853], [-73.9924738, 40.7503714]]
      }
    },
    {
      "type": "Feature",
      "properties": {
        "level": "platform",
        "type": "wall",
        "platform": "8",
        "color": "#999999",
        "source": "PCIP Phase 2 Appendix A, sheet A-001, November 2020, PDF page 45"
      },
      "geometry": {
        "type": "LineString",
        "coordinates": [[-73.9925136, 40.7503699], [-73.9925104, 40.7503686]]
      }
    },
    {
      "type": "Feature",
      "properties": {
        "level": "platform",
        "type": "wall",
        "platform": "8",
        "color": "#999999",
        "source": "PCIP Phase 2 Appendix A, sheet A-001, November 2020, PDF page 45"
      },
      "geometry": {
        "type": "LineString",
        "coordinates": [[-73.9925136, 40.7503699], [-73.9925033, 40.7503838]]
      }
    },
    {
      "type": "Feature",
      "properties": {
        "level": "platform",
        "type": "wall",
        "platform": "8",
        "color": "#999999",
        "source": "PCIP Phase 2 Appendix A, sheet A-001, November 2020, PDF page 45"
      },
      "geometry": {
        "type": "LineString",
        "coordinates": [[-73.9925104, 40.7503686], [-73.9925073, 40.7503672]]
      }
    },
    {
      "type": "Feature",
      "properties": {
        "level": "platform",
        "type": "wall",
        "platform": "8",
        "color": "#999999",
        "source": "PCIP Phase 2 Appendix A, sheet A-001, November 2020, PDF page 45"
      },
      "geometry": {
        "type": "LineString",
        "coordinates": [[-73.9925104, 40.7503686], [-73.9925002, 40.7503824]]
      }
    },
    {
      "type": "Feature",
      "properties": {
        "level": "platform",
        "type": "wall",
        "platform": "8",
        "color": "#999999",
        "source": "PCIP Phase 2 Appendix A, sheet A-001, November 2020, PDF page 45"
      },
      "geometry": {
        "type": "LineString",
        "coordinates": [[-73.9925073, 40.7503672], [-73.9924875, 40.7503588]]
      }
    },
    {
      "type": "Feature",
      "properties": {
        "level": "platform",
        "type": "wall",
        "platform": "8",
        "color": "#999999",
        "source": "PCIP Phase 2 Appendix A, sheet A-001, November 2020, PDF page 45"
      },
      "geometry": {
        "type": "LineString",
        "coordinates": [[-73.9925073, 40.7503672], [-73.992497, 40.7503811]]
      }
    },
    {
      "type": "Feature",
      "properties": {
        "level": "platform",
        "type": "wall",
        "platform": "3",
        "color": "#999999",
        "source": "PCIP Phase 2 Appendix A, sheet A-001, November 2020, PDF page 45"
      },
      "geometry": {
        "type": "LineString",
        "coordinates": [[-73.9929031, 40.749821], [-73.9928686, 40.7498063]]
      }
    },
    {
      "type": "Feature",
      "properties": {
        "level": "platform",
        "type": "wall",
        "platform": "3",
        "color": "#999999",
        "source": "PCIP Phase 2 Appendix A, sheet A-001, November 2020, PDF page 45"
      },
      "geometry": {
        "type": "LineString",
        "coordinates": [[-73.9929093, 40.7498121], [-73.9929105, 40.7498105], [-73.9928688, 40.7497929]]
      }
    },
    {
      "type": "Feature",
      "properties": {
        "level": "platform",
        "type": "wall",
        "platform": "3",
        "color": "#999999",
        "source": "PCIP Phase 2 Appendix A, sheet A-001, November 2020, PDF page 45"
      },
      "geometry": {
        "type": "LineString",
        "coordinates": [[-73.9929093, 40.7498121], [-73.9928687, 40.7497949]]
      }
    },
    {
      "type": "Feature",
      "properties": {
        "level": "platform",
        "type": "wall",
        "platform": "7",
        "color": "#999999",
        "source": "PCIP Phase 2 Appendix A, sheet A-001, November 2020, PDF page 45"
      },
      "geometry": {
        "type": "LineString",
        "coordinates": [[-73.9925684, 40.750268], [-73.9925709, 40.750262], [-73.9925676, 40.7502597], [-73.9925752, 40.7502619]]
      }
    },
    {
      "type": "Feature",
      "properties": {
        "level": "platform",
        "type": "wall",
        "platform": "2",
        "color": "#999999",
        "source": "PCIP Phase 2 Appendix A, sheet A-001, November 2020, PDF page 45"
      },
      "geometry": {
        "type": "LineString",
        "coordinates": [[-73.9929844, 40.749706], [-73.9929224, 40.74968]]
      }
    },
    {
      "type": "Feature",
      "properties": {
        "level": "platform",
        "type": "wall",
        "platform": "2",
        "color": "#999999",
        "source": "PCIP Phase 2 Appendix A, sheet A-001, November 2020, PDF page 45"
      },
      "geometry": {
        "type": "LineString",
        "coordinates": [[-73.9929184, 40.7496902], [-73.9929775, 40.7497153]]
      }
    },
    {
      "type": "Feature",
      "properties": {
        "level": "platform",
        "type": "wall",
        "platform": "2",
        "color": "#999999",
        "source": "PCIP Phase 2 Appendix A, sheet A-001, November 2020, PDF page 45"
      },
      "geometry": {
        "type": "LineString",
        "coordinates": [[-73.9929221, 40.7496796], [-73.9929015, 40.7496709], [-73.9928942, 40.7496808], [-73.9929772, 40.7497157]]
      }
    },
    {
      "type": "Feature",
      "properties": {
        "level": "platform",
        "type": "wall",
        "platform": "7",
        "color": "#999999",
        "source": "PCIP Phase 2 Appendix A, sheet A-001, November 2020, PDF page 45"
      },
      "geometry": {
        "type": "LineString",
        "coordinates": [[-73.9925677, 40.7502698], [-73.9925485, 40.7502616], [-73.9925507, 40.7502586], [-73.9925526, 40.7502594], [-73.9925516, 40.7502609], [-73.9925684, 40.750268]]
      }
    },
    {
      "type": "Feature",
      "properties": {
        "level": "platform",
        "type": "wall",
        "platform": "1",
        "color": "#999999",
        "source": "PCIP Phase 2 Appendix A, sheet A-001, November 2020, PDF page 45"
      },
      "geometry": {
        "type": "LineString",
        "coordinates": [[-73.9929938, 40.7495612], [-73.9930678, 40.7495924]]
      }
    },
    {
      "type": "Feature",
      "properties": {
        "level": "platform",
        "type": "wall",
        "platform": "1",
        "color": "#999999",
        "source": "PCIP Phase 2 Appendix A, sheet A-001, November 2020, PDF page 45"
      },
      "geometry": {
        "type": "LineString",
        "coordinates": [[-73.9930462, 40.7495838], [-73.9930674, 40.7495928]]
      }
    },
    {
      "type": "Feature",
      "properties": {
        "level": "platform",
        "type": "wall",
        "platform": "2",
        "color": "#999999",
        "source": "PCIP Phase 2 Appendix A, sheet A-001, November 2020, PDF page 45"
      },
      "geometry": {
        "type": "LineString",
        "coordinates": [[-73.9929717, 40.7497115], [-73.9929767, 40.7497149]]
      }
    },
    {
      "type": "Feature",
      "properties": {
        "level": "platform",
        "type": "wall",
        "platform": "2",
        "color": "#999999",
        "source": "PCIP Phase 2 Appendix A, sheet A-001, November 2020, PDF page 45"
      },
      "geometry": {
        "type": "LineString",
        "coordinates": [[-73.9929832, 40.7497061], [-73.992922, 40.7496804]]
      }
    },
    {
      "type": "Feature",
      "properties": {
        "level": "platform",
        "type": "wall",
        "platform": "2",
        "color": "#999999",
        "source": "PCIP Phase 2 Appendix A, sheet A-001, November 2020, PDF page 45"
      },
      "geometry": {
        "type": "LineString",
        "coordinates": [[-73.9929832, 40.7497061], [-73.9929768, 40.7497047]]
      }
    },
    {
      "type": "Feature",
      "properties": {
        "level": "platform",
        "type": "wall",
        "platform": "1",
        "color": "#999999",
        "source": "PCIP Phase 2 Appendix A, sheet A-001, November 2020, PDF page 45"
      },
      "geometry": {
        "type": "LineString",
        "coordinates": [[-73.9930707, 40.7495873], [-73.9929956, 40.7495555]]
      }
    },
    {
      "type": "Feature",
      "properties": {
        "level": "platform",
        "type": "wall",
        "platform": "1",
        "color": "#999999",
        "source": "PCIP Phase 2 Appendix A, sheet A-001, November 2020, PDF page 45"
      },
      "geometry": {
        "type": "LineString",
        "coordinates": [[-73.9930707, 40.7495873], [-73.9930643, 40.7495859]]
      }
    },
    {
      "type": "Feature",
      "properties": {
        "level": "platform",
        "type": "wall",
        "platform": "1",
        "color": "#999999",
        "source": "PCIP Phase 2 Appendix A, sheet A-001, November 2020, PDF page 45"
      },
      "geometry": {
        "type": "LineString",
        "coordinates": [[-73.9930622, 40.7495887], [-73.9930671, 40.7495921]]
      }
    },
    {
      "type": "Feature",
      "properties": {
        "level": "platform",
        "type": "wall",
        "platform": "2",
        "color": "#999999",
        "source": "PCIP Phase 2 Appendix A, sheet A-001, November 2020, PDF page 45"
      },
      "geometry": {
        "type": "LineString",
        "coordinates": [[-73.992983, 40.7497034], [-73.9929225, 40.7496779]]
      }
    },
    {
      "type": "Feature",
      "properties": {
        "level": "platform",
        "type": "wall",
        "platform": "5",
        "color": "#999999",
        "source": "PCIP Phase 2 Appendix A, sheet A-001, November 2020, PDF page 45"
      },
      "geometry": {
        "type": "LineString",
        "coordinates": [[-73.9927469, 40.750023], [-73.9927097, 40.7500074]]
      }
    },
    {
      "type": "Feature",
      "properties": {
        "level": "platform",
        "type": "wall",
        "platform": "5",
        "color": "#999999",
        "source": "PCIP Phase 2 Appendix A, sheet A-001, November 2020, PDF page 45"
      },
      "geometry": {
        "type": "LineString",
        "coordinates": [[-73.9927468, 40.7500231], [-73.9927097, 40.7500074]]
      }
    },
    {
      "type": "Feature",
      "properties": {
        "level": "platform",
        "type": "wall",
        "platform": "7",
        "color": "#999999",
        "source": "PCIP Phase 2 Appendix A, sheet A-001, November 2020, PDF page 45"
      },
      "geometry": {
        "type": "LineString",
        "coordinates": [[-73.992572, 40.7502595], [-73.9925733, 40.7502562]]
      }
    },
    {
      "type": "Feature",
      "properties": {
        "level": "platform",
        "type": "wall",
        "platform": "1",
        "color": "#999999",
        "source": "PCIP Phase 2 Appendix A, sheet A-001, November 2020, PDF page 45"
      },
      "geometry": {
        "type": "LineString",
        "coordinates": [[-73.9930693, 40.7495861], [-73.9929957, 40.7495549]]
      }
    },
    {
      "type": "Feature",
      "properties": {
        "level": "platform",
        "type": "wall",
        "platform": "1",
        "color": "#999999",
        "source": "PCIP Phase 2 Appendix A, sheet A-001, November 2020, PDF page 45"
      },
      "geometry": {
        "type": "LineString",
        "coordinates": [[-73.9930693, 40.7495861], [-73.9930705, 40.7495845], [-73.9929963, 40.7495531]]
      }
    },
    {
      "type": "Feature",
      "properties": {
        "level": "platform",
        "type": "wall",
        "platform": "4",
        "color": "#999999",
        "source": "PCIP Phase 2 Appendix A, sheet A-001, November 2020, PDF page 45"
      },
      "geometry": {
        "type": "LineString",
        "coordinates": [[-73.9928184, 40.7499259], [-73.9927565, 40.7498997]]
      }
    },
    {
      "type": "Feature",
      "properties": {
        "level": "platform",
        "type": "wall",
        "platform": "4",
        "color": "#999999",
        "source": "PCIP Phase 2 Appendix A, sheet A-001, November 2020, PDF page 45"
      },
      "geometry": {
        "type": "LineString",
        "coordinates": [[-73.9927523, 40.7499102], [-73.9928114, 40.7499353]]
      }
    },
    {
      "type": "Feature",
      "properties": {
        "level": "platform",
        "type": "wall",
        "platform": "4",
        "color": "#999999",
        "source": "PCIP Phase 2 Appendix A, sheet A-001, November 2020, PDF page 45"
      },
      "geometry": {
        "type": "LineString",
        "coordinates": [[-73.9927519, 40.7499107], [-73.9928111, 40.7499358]]
      }
    },
    {
      "type": "Feature",
      "properties": {
        "level": "platform",
        "type": "wall",
        "platform": "5",
        "color": "#999999",
        "source": "PCIP Phase 2 Appendix A, sheet A-001, November 2020, PDF page 45"
      },
      "geometry": {
        "type": "LineString",
        "coordinates": [[-73.9927457, 40.7500232], [-73.9926843, 40.7499973]]
      }
    },
    {
      "type": "Feature",
      "properties": {
        "level": "platform",
        "type": "wall",
        "platform": "5",
        "color": "#999999",
        "source": "PCIP Phase 2 Appendix A, sheet A-001, November 2020, PDF page 45"
      },
      "geometry": {
        "type": "LineString",
        "coordinates": [[-73.9927457, 40.7500232], [-73.9927393, 40.7500217]]
      }
    },
    {
      "type": "Feature",
      "properties": {
        "level": "platform",
        "type": "wall",
        "platform": "7",
        "color": "#999999",
        "source": "PCIP Phase 2 Appendix A, sheet A-001, November 2020, PDF page 45"
      },
      "geometry": {
        "type": "LineString",
        "coordinates": [[-73.9925733, 40.7502562], [-73.9925593, 40.7502503], [-73.9925579, 40.7502523], [-73.992556, 40.7502515], [-73.9925586, 40.7502479], [-73.9925741, 40.7502543]]
      }
    },
    {
      "type": "Feature",
      "properties": {
        "level": "platform",
        "type": "wall",
        "platform": "4",
        "color": "#999999",
        "source": "PCIP Phase 2 Appendix A, sheet A-001, November 2020, PDF page 45"
      },
      "geometry": {
        "type": "LineString",
        "coordinates": [[-73.9928172, 40.749926], [-73.9927562, 40.7499002]]
      }
    },
    {
      "type": "Feature",
      "properties": {
        "level": "platform",
        "type": "wall",
        "platform": "4",
        "color": "#999999",
        "source": "PCIP Phase 2 Appendix A, sheet A-001, November 2020, PDF page 45"
      },
      "geometry": {
        "type": "LineString",
        "coordinates": [[-73.9928172, 40.749926], [-73.9928108, 40.7499246]]
      }
    },
    {
      "type": "Feature",
      "properties": {
        "level": "platform",
        "type": "wall",
        "platform": "4",
        "color": "#999999",
        "source": "PCIP Phase 2 Appendix A, sheet A-001, November 2020, PDF page 45"
      },
      "geometry": {
        "type": "LineString",
        "coordinates": [[-73.9928056, 40.7499316], [-73.9928106, 40.7499349]]
      }
    },
    {
      "type": "Feature",
      "properties": {
        "level": "platform",
        "type": "wall",
        "platform": "1",
        "color": "#999999",
        "source": "PCIP Phase 2 Appendix A, sheet A-001, November 2020, PDF page 45"
      },
      "geometry": {
        "type": "LineString",
        "coordinates": [[-73.9930004, 40.7495628], [-73.9930622, 40.7495887]]
      }
    },
    {
      "type": "Feature",
      "properties": {
        "level": "platform",
        "type": "wall",
        "platform": "1",
        "color": "#999999",
        "source": "PCIP Phase 2 Appendix A, sheet A-001, November 2020, PDF page 45"
      },
      "geometry": {
        "type": "LineString",
        "coordinates": [[-73.9930626, 40.7495852], [-73.9930595, 40.7495838]]
      }
    },
    {
      "type": "Feature",
      "properties": {
        "level": "platform",
        "type": "wall",
        "platform": "1",
        "color": "#999999",
        "source": "PCIP Phase 2 Appendix A, sheet A-001, November 2020, PDF page 45"
      },
      "geometry": {
        "type": "LineString",
        "coordinates": [[-73.9930626, 40.7495852], [-73.9930605, 40.749588]]
      }
    },
    {
      "type": "Feature",
      "properties": {
        "level": "platform",
        "type": "wall",
        "platform": "8",
        "color": "#999999",
        "source": "PCIP Phase 2 Appendix A, sheet A-001, November 2020, PDF page 45"
      },
      "geometry": {
        "type": "LineString",
        "coordinates": [[-73.9924884, 40.7503579], [-73.9924882, 40.7503579], [-73.9924686, 40.7503496], [-73.9924653, 40.750354]]
      }
    },
    {
      "type": "Feature",
      "properties": {
        "level": "platform",
        "type": "wall",
        "platform": "8",
        "color": "#999999",
        "source": "PCIP Phase 2 Appendix A, sheet A-001, November 2020, PDF page 45"
      },
      "geometry": {
        "type": "LineString",
        "coordinates": [[-73.9924875, 40.7503588], [-73.9924819, 40.7503642], [-73.9924776, 40.7503632], [-73.9924838, 40.7503669], [-73.9924797, 40.750366], [-73.9924744, 40.7503708]]
      }
    },
    {
      "type": "Feature",
      "properties": {
        "level": "platform",
        "type": "wall",
        "platform": "1",
        "color": "#999999",
        "source": "PCIP Phase 2 Appendix A, sheet A-001, November 2020, PDF page 45"
      },
      "geometry": {
        "type": "LineString",
        "coordinates": [[-73.9930595, 40.7495838], [-73.9930563, 40.7495825]]
      }
    },
    {
      "type": "Feature",
      "properties": {
        "level": "platform",
        "type": "wall",
        "platform": "1",
        "color": "#999999",
        "source": "PCIP Phase 2 Appendix A, sheet A-001, November 2020, PDF page 45"
      },
      "geometry": {
        "type": "LineString",
        "coordinates": [[-73.9930595, 40.7495838], [-73.9930573, 40.7495867]]
      }
    },
    {
      "type": "Feature",
      "properties": {
        "level": "platform",
        "type": "wall",
        "platform": "8",
        "color": "#999999",
        "source": "PCIP Phase 2 Appendix A, sheet A-001, November 2020, PDF page 45"
      },
      "geometry": {
        "type": "LineString",
        "coordinates": [[-73.9924674, 40.7503549], [-73.9924696, 40.7503521], [-73.9924866, 40.7503593]]
      }
    },
    {
      "type": "Feature",
      "properties": {
        "level": "platform",
        "type": "wall",
        "platform": "8",
        "color": "#999999",
        "source": "PCIP Phase 2 Appendix A, sheet A-001, November 2020, PDF page 45"
      },
      "geometry": {
        "type": "LineString",
        "coordinates": [[-73.9924744, 40.7503708], [-73.9924601, 40.7503648], [-73.9924621, 40.7503621]]
      }
    },
    {
      "type": "Feature",
      "properties": {
        "level": "platform",
        "type": "wall",
        "platform": "1",
        "color": "#999999",
        "source": "PCIP Phase 2 Appendix A, sheet A-001, November 2020, PDF page 45"
      },
      "geometry": {
        "type": "LineString",
        "coordinates": [[-73.9930563, 40.7495825], [-73.9930531, 40.7495811]]
      }
    },
    {
      "type": "Feature",
      "properties": {
        "level": "platform",
        "type": "wall",
        "platform": "1",
        "color": "#999999",
        "source": "PCIP Phase 2 Appendix A, sheet A-001, November 2020, PDF page 45"
      },
      "geometry": {
        "type": "LineString",
        "coordinates": [[-73.9930563, 40.7495825], [-73.9930542, 40.7495854]]
      }
    },
    {
      "type": "Feature",
      "properties": {
        "level": "platform",
        "type": "wall",
        "platform": "8",
        "color": "#999999",
        "source": "PCIP Phase 2 Appendix A, sheet A-001, November 2020, PDF page 45"
      },
      "geometry": {
        "type": "LineString",
        "coordinates": [[-73.99246, 40.7503612], [-73.9924569, 40.7503655], [-73.9924728, 40.7503723]]
      }
    },
    {
      "type": "Feature",
      "properties": {
        "level": "platform",
        "type": "wall",
        "platform": "1",
        "color": "#999999",
        "source": "PCIP Phase 2 Appendix A, sheet A-001, November 2020, PDF page 45"
      },
      "geometry": {
        "type": "LineString",
        "coordinates": [[-73.9930531, 40.7495811], [-73.99305, 40.7495798]]
      }
    },
    {
      "type": "Feature",
      "properties": {
        "level": "platform",
        "type": "wall",
        "platform": "1",
        "color": "#999999",
        "source": "PCIP Phase 2 Appendix A, sheet A-001, November 2020, PDF page 45"
      },
      "geometry": {
        "type": "LineString",
        "coordinates": [[-73.9930531, 40.7495811], [-73.993051, 40.749584]]
      }
    },
    {
      "type": "Feature",
      "properties": {
        "level": "platform",
        "type": "wall",
        "platform": "1",
        "color": "#999999",
        "source": "PCIP Phase 2 Appendix A, sheet A-001, November 2020, PDF page 45"
      },
      "geometry": {
        "type": "LineString",
        "coordinates": [[-73.99305, 40.7495798], [-73.9930468, 40.7495785]]
      }
    },
    {
      "type": "Feature",
      "properties": {
        "level": "platform",
        "type": "wall",
        "platform": "1",
        "color": "#999999",
        "source": "PCIP Phase 2 Appendix A, sheet A-001, November 2020, PDF page 45"
      },
      "geometry": {
        "type": "LineString",
        "coordinates": [[-73.99305, 40.7495798], [-73.9930479, 40.7495827]]
      }
    },
    {
      "type": "Feature",
      "properties": {
        "level": "platform",
        "type": "wall",
        "platform": "1",
        "color": "#999999",
        "source": "PCIP Phase 2 Appendix A, sheet A-001, November 2020, PDF page 45"
      },
      "geometry": {
        "type": "LineString",
        "coordinates": [[-73.9929936, 40.7495616], [-73.9930462, 40.7495838]]
      }
    },
    {
      "type": "Feature",
      "properties": {
        "level": "platform",
        "type": "wall",
        "platform": "1",
        "color": "#999999",
        "source": "PCIP Phase 2 Appendix A, sheet A-001, November 2020, PDF page 45"
      },
      "geometry": {
        "type": "LineString",
        "coordinates": [[-73.9930462, 40.7495838], [-73.9930405, 40.7495915], [-73.9930405, 40.7495915]]
      }
    },
    {
      "type": "Feature",
      "properties": {
        "level": "platform",
        "type": "wall",
        "platform": "1",
        "color": "#999999",
        "source": "PCIP Phase 2 Appendix A, sheet A-001, November 2020, PDF page 45"
      },
      "geometry": {
        "type": "LineString",
        "coordinates": [[-73.9930405, 40.7495915], [-73.9929903, 40.7495704]]
      }
    },
    {
      "type": "Feature",
      "properties": {
        "level": "platform",
        "type": "wall",
        "platform": "1",
        "color": "#999999",
        "source": "PCIP Phase 2 Appendix A, sheet A-001, November 2020, PDF page 45"
      },
      "geometry": {
        "type": "LineString",
        "coordinates": [[-73.9930402, 40.749592], [-73.9929901, 40.7495708]]
      }
    },
    {
      "type": "Feature",
      "properties": {
        "level": "platform",
        "type": "wall",
        "platform": "1",
        "color": "#999999",
        "source": "PCIP Phase 2 Appendix A, sheet A-001, November 2020, PDF page 45"
      },
      "geometry": {
        "type": "LineString",
        "coordinates": [[-73.9930344, 40.7495998], [-73.9929863, 40.7495794]]
      }
    },
    {
      "type": "Feature",
      "properties": {
        "level": "platform",
        "type": "wall",
        "platform": "1",
        "color": "#999999",
        "source": "PCIP Phase 2 Appendix A, sheet A-001, November 2020, PDF page 45"
      },
      "geometry": {
        "type": "LineString",
        "coordinates": [[-73.9930344, 40.7495998], [-73.9930332, 40.7496014], [-73.9929684, 40.7495739], [-73.9929868, 40.749549]]
      }
    },
    {
      "type": "Feature",
      "properties": {
        "level": "platform",
        "type": "wall",
        "platform": "1",
        "color": "#999999",
        "source": "PCIP Phase 2 Appendix A, sheet A-001, November 2020, PDF page 45"
      },
      "geometry": {
        "type": "LineString",
        "coordinates": [[-73.9929866, 40.7495789], [-73.9930348, 40.7495993], [-73.9930344, 40.7495998]]
      }
    },
    {
      "type": "Feature",
      "properties": {
        "level": "platform",
        "type": "wall",
        "platform": "1",
        "color": "#999999",
        "source": "PCIP Phase 2 Appendix A, sheet A-001, November 2020, PDF page 45"
      },
      "geometry": {
        "type": "LineString",
        "coordinates": [[-73.9930468, 40.7495785], [-73.9930437, 40.7495771]]
      }
    },
    {
      "type": "Feature",
      "properties": {
        "level": "platform",
        "type": "wall",
        "platform": "1",
        "color": "#999999",
        "source": "PCIP Phase 2 Appendix A, sheet A-001, November 2020, PDF page 45"
      },
      "geometry": {
        "type": "LineString",
        "coordinates": [[-73.9930468, 40.7495785], [-73.9930447, 40.7495813]]
      }
    },
    {
      "type": "Feature",
      "properties": {
        "level": "platform",
        "type": "wall",
        "platform": "1",
        "color": "#999999",
        "source": "PCIP Phase 2 Appendix A, sheet A-001, November 2020, PDF page 45"
      },
      "geometry": {
        "type": "LineString",
        "coordinates": [[-73.9930437, 40.7495771], [-73.9930405, 40.7495758]]
      }
    },
    {
      "type": "Feature",
      "properties": {
        "level": "platform",
        "type": "wall",
        "platform": "1",
        "color": "#999999",
        "source": "PCIP Phase 2 Appendix A, sheet A-001, November 2020, PDF page 45"
      },
      "geometry": {
        "type": "LineString",
        "coordinates": [[-73.9930437, 40.7495771], [-73.9930416, 40.74958]]
      }
    },
    {
      "type": "Feature",
      "properties": {
        "level": "platform",
        "type": "wall",
        "platform": "3",
        "color": "#999999",
        "source": "PCIP Phase 2 Appendix A, sheet A-001, November 2020, PDF page 45"
      },
      "geometry": {
        "type": "LineString",
        "coordinates": [[-73.9928648, 40.7498152], [-73.992859, 40.749823], [-73.9928209, 40.7498069]]
      }
    },
    {
      "type": "Feature",
      "properties": {
        "level": "platform",
        "type": "wall",
        "platform": "1",
        "color": "#999999",
        "source": "PCIP Phase 2 Appendix A, sheet A-001, November 2020, PDF page 45"
      },
      "geometry": {
        "type": "LineString",
        "coordinates": [[-73.9930405, 40.7495758], [-73.9930374, 40.7495745]]
      }
    },
    {
      "type": "Feature",
      "properties": {
        "level": "platform",
        "type": "wall",
        "platform": "1",
        "color": "#999999",
        "source": "PCIP Phase 2 Appendix A, sheet A-001, November 2020, PDF page 45"
      },
      "geometry": {
        "type": "LineString",
        "coordinates": [[-73.9930405, 40.7495758], [-73.9930384, 40.7495787]]
      }
    },
    {
      "type": "Feature",
      "properties": {
        "level": "platform",
        "type": "wall",
        "platform": "3",
        "color": "#999999",
        "source": "PCIP Phase 2 Appendix A, sheet A-001, November 2020, PDF page 45"
      },
      "geometry": {
        "type": "LineString",
        "coordinates": [[-73.9928686, 40.7498063], [-73.9928581, 40.7498205]]
      }
    },
    {
      "type": "Feature",
      "properties": {
        "level": "platform",
        "type": "wall",
        "platform": "3",
        "color": "#999999",
        "source": "PCIP Phase 2 Appendix A, sheet A-001, November 2020, PDF page 45"
      },
      "geometry": {
        "type": "LineString",
        "coordinates": [[-73.9928581, 40.7498205], [-73.9928242, 40.7498062]]
      }
    },
    {
      "type": "Feature",
      "properties": {
        "level": "platform",
        "type": "wall",
        "platform": "1",
        "color": "#999999",
        "source": "PCIP Phase 2 Appendix A, sheet A-001, November 2020, PDF page 45"
      },
      "geometry": {
        "type": "LineString",
        "coordinates": [[-73.9930374, 40.7495745], [-73.9930342, 40.7495731]]
      }
    },
    {
      "type": "Feature",
      "properties": {
        "level": "platform",
        "type": "wall",
        "platform": "1",
        "color": "#999999",
        "source": "PCIP Phase 2 Appendix A, sheet A-001, November 2020, PDF page 45"
      },
      "geometry": {
        "type": "LineString",
        "coordinates": [[-73.9930374, 40.7495745], [-73.9930352, 40.7495773]]
      }
    },
    {
      "type": "Feature",
      "properties": {
        "level": "platform",
        "type": "wall",
        "platform": "1",
        "color": "#999999",
        "source": "PCIP Phase 2 Appendix A, sheet A-001, November 2020, PDF page 45"
      },
      "geometry": {
        "type": "LineString",
        "coordinates": [[-73.9930342, 40.7495731], [-73.9930311, 40.7495718]]
      }
    },
    {
      "type": "Feature",
      "properties": {
        "level": "platform",
        "type": "wall",
        "platform": "1",
        "color": "#999999",
        "source": "PCIP Phase 2 Appendix A, sheet A-001, November 2020, PDF page 45"
      },
      "geometry": {
        "type": "LineString",
        "coordinates": [[-73.9930342, 40.7495731], [-73.9930321, 40.749576]]
      }
    },
    {
      "type": "Feature",
      "properties": {
        "level": "platform",
        "type": "wall",
        "platform": "3",
        "color": "#999999",
        "source": "PCIP Phase 2 Appendix A, sheet A-001, November 2020, PDF page 45"
      },
      "geometry": {
        "type": "LineString",
        "coordinates": [[-73.9928687, 40.7497949], [-73.9928582, 40.7497971]]
      }
    },
    {
      "type": "Feature",
      "properties": {
        "level": "platform",
        "type": "wall",
        "platform": "3",
        "color": "#999999",
        "source": "PCIP Phase 2 Appendix A, sheet A-001, November 2020, PDF page 45"
      },
      "geometry": {
        "type": "LineString",
        "coordinates": [[-73.9928688, 40.7497929], [-73.9928399, 40.7497992]]
      }
    },
    {
      "type": "Feature",
      "properties": {
        "level": "platform",
        "type": "wall",
        "platform": "6",
        "color": "#999999",
        "source": "PCIP Phase 2 Appendix A, sheet A-001, November 2020, PDF page 45"
      },
      "geometry": {
        "type": "LineString",
        "coordinates": [[-73.99256, 40.7501047], [-73.9926194, 40.7501297]]
      }
    },
    {
      "type": "Feature",
      "properties": {
        "level": "platform",
        "type": "wall",
        "platform": "6",
        "color": "#999999",
        "source": "PCIP Phase 2 Appendix A, sheet A-001, November 2020, PDF page 45"
      },
      "geometry": {
        "type": "LineString",
        "coordinates": [[-73.9925598, 40.7501051], [-73.9926191, 40.7501302]]
      }
    },
    {
      "type": "Feature",
      "properties": {
        "level": "platform",
        "type": "wall",
        "platform": "5",
        "color": "#999999",
        "source": "PCIP Phase 2 Appendix A, sheet A-001, November 2020, PDF page 45"
      },
      "geometry": {
        "type": "LineString",
        "coordinates": [[-73.9927097, 40.7500074], [-73.9926845, 40.7499968]]
      }
    },
    {
      "type": "Feature",
      "properties": {
        "level": "platform",
        "type": "wall",
        "platform": "5",
        "color": "#999999",
        "source": "PCIP Phase 2 Appendix A, sheet A-001, November 2020, PDF page 45"
      },
      "geometry": {
        "type": "LineString",
        "coordinates": [[-73.9927097, 40.7500074], [-73.9926849, 40.749997]]
      }
    },
    {
      "type": "Feature",
      "properties": {
        "level": "platform",
        "type": "wall",
        "platform": "1",
        "color": "#999999",
        "source": "PCIP Phase 2 Appendix A, sheet A-001, November 2020, PDF page 45"
      },
      "geometry": {
        "type": "LineString",
        "coordinates": [[-73.9930311, 40.7495718], [-73.9930279, 40.7495704]]
      }
    },
    {
      "type": "Feature",
      "properties": {
        "level": "platform",
        "type": "wall",
        "platform": "1",
        "color": "#999999",
        "source": "PCIP Phase 2 Appendix A, sheet A-001, November 2020, PDF page 45"
      },
      "geometry": {
        "type": "LineString",
        "coordinates": [[-73.9930311, 40.7495718], [-73.9930289, 40.7495746]]
      }
    },
    {
      "type": "Feature",
      "properties": {
        "level": "platform",
        "type": "wall",
        "platform": "6",
        "color": "#999999",
        "source": "PCIP Phase 2 Appendix A, sheet A-001, November 2020, PDF page 45"
      },
      "geometry": {
        "type": "LineString",
        "coordinates": [[-73.9926136, 40.750126], [-73.9926186, 40.7501294]]
      }
    },
    {
      "type": "Feature",
      "properties": {
        "level": "platform",
        "type": "wall",
        "platform": "6",
        "color": "#999999",
        "source": "PCIP Phase 2 Appendix A, sheet A-001, November 2020, PDF page 45"
      },
      "geometry": {
        "type": "LineString",
        "coordinates": [[-73.9926248, 40.7501209], [-73.9925637, 40.7500952]]
      }
    },
    {
      "type": "Feature",
      "properties": {
        "level": "platform",
        "type": "wall",
        "platform": "6",
        "color": "#999999",
        "source": "PCIP Phase 2 Appendix A, sheet A-001, November 2020, PDF page 45"
      },
      "geometry": {
        "type": "LineString",
        "coordinates": [[-73.9926248, 40.7501209], [-73.9926184, 40.7501195]]
      }
    },
    {
      "type": "Feature",
      "properties": {
        "level": "platform",
        "type": "wall",
        "platform": "6",
        "color": "#999999",
        "source": "PCIP Phase 2 Appendix A, sheet A-001, November 2020, PDF page 45"
      },
      "geometry": {
        "type": "LineString",
        "coordinates": [[-73.9926246, 40.7501183], [-73.9925648, 40.750093]]
      }
    },
    {
      "type": "Feature",
      "properties": {
        "level": "platform",
        "type": "wall",
        "platform": "6",
        "color": "#999999",
        "source": "PCIP Phase 2 Appendix A, sheet A-001, November 2020, PDF page 45"
      },
      "geometry": {
        "type": "LineString",
        "coordinates": [[-73.9926234, 40.7501199], [-73.9925641, 40.7500948], [-73.9925641, 40.7500948], [-73.9925639, 40.7500947]]
      }
    },
    {
      "type": "Feature",
      "properties": {
        "level": "platform",
        "type": "wall",
        "platform": "1",
        "color": "#999999",
        "source": "PCIP Phase 2 Appendix A, sheet A-001, November 2020, PDF page 45"
      },
      "geometry": {
        "type": "LineString",
        "coordinates": [[-73.9930279, 40.7495704], [-73.9930247, 40.7495691]]
      }
    },
    {
      "type": "Feature",
      "properties": {
        "level": "platform",
        "type": "wall",
        "platform": "1",
        "color": "#999999",
        "source": "PCIP Phase 2 Appendix A, sheet A-001, November 2020, PDF page 45"
      },
      "geometry": {
        "type": "LineString",
        "coordinates": [[-73.9930279, 40.7495704], [-73.9930258, 40.7495733]]
      }
    },
    {
      "type": "Feature",
      "properties": {
        "level": "platform",
        "type": "wall",
        "platform": "3",
        "color": "#999999",
        "source": "PCIP Phase 2 Appendix A, sheet A-001, November 2020, PDF page 45"
      },
      "geometry": {
        "type": "LineString",
        "coordinates": [[-73.9928582, 40.7497971], [-73.9928515, 40.7498062], [-73.9928441, 40.7498031]]
      }
    },
    {
      "type": "Feature",
      "properties": {
        "level": "platform",
        "type": "wall",
        "platform": "1",
        "color": "#999999",
        "source": "PCIP Phase 2 Appendix A, sheet A-001, November 2020, PDF page 45"
      },
      "geometry": {
        "type": "LineString",
        "coordinates": [[-73.9930247, 40.7495691], [-73.9930216, 40.7495678]]
      }
    },
    {
      "type": "Feature",
      "properties": {
        "level": "platform",
        "type": "wall",
        "platform": "1",
        "color": "#999999",
        "source": "PCIP Phase 2 Appendix A, sheet A-001, November 2020, PDF page 45"
      },
      "geometry": {
        "type": "LineString",
        "coordinates": [[-73.9930247, 40.7495691], [-73.9930226, 40.749572]]
      }
    },
    {
      "type": "Feature",
      "properties": {
        "level": "platform",
        "type": "wall",
        "platform": "1",
        "color": "#999999",
        "source": "PCIP Phase 2 Appendix A, sheet A-001, November 2020, PDF page 45"
      },
      "geometry": {
        "type": "LineString",
        "coordinates": [[-73.9930216, 40.7495678], [-73.9930184, 40.7495664]]
      }
    },
    {
      "type": "Feature",
      "properties": {
        "level": "platform",
        "type": "wall",
        "platform": "1",
        "color": "#999999",
        "source": "PCIP Phase 2 Appendix A, sheet A-001, November 2020, PDF page 45"
      },
      "geometry": {
        "type": "LineString",
        "coordinates": [[-73.9930216, 40.7495678], [-73.9930195, 40.7495706]]
      }
    },
    {
      "type": "Feature",
      "properties": {
        "level": "platform",
        "type": "wall",
        "platform": "3",
        "color": "#999999",
        "source": "PCIP Phase 2 Appendix A, sheet A-001, November 2020, PDF page 45"
      },
      "geometry": {
        "type": "LineString",
        "coordinates": [[-73.9928441, 40.7498031], [-73.9928377, 40.7498119]]
      }
    },
    {
      "type": "Feature",
      "properties": {
        "level": "platform",
        "type": "wall",
        "platform": "1",
        "color": "#999999",
        "source": "PCIP Phase 2 Appendix A, sheet A-001, November 2020, PDF page 45"
      },
      "geometry": {
        "type": "LineString",
        "coordinates": [[-73.9930184, 40.7495664], [-73.9930153, 40.7495651]]
      }
    },
    {
      "type": "Feature",
      "properties": {
        "level": "platform",
        "type": "wall",
        "platform": "1",
        "color": "#999999",
        "source": "PCIP Phase 2 Appendix A, sheet A-001, November 2020, PDF page 45"
      },
      "geometry": {
        "type": "LineString",
        "coordinates": [[-73.9930184, 40.7495664], [-73.9930163, 40.7495693]]
      }
    },
    {
      "type": "Feature",
      "properties": {
        "level": "platform",
        "type": "wall",
        "platform": "3",
        "color": "#999999",
        "source": "PCIP Phase 2 Appendix A, sheet A-001, November 2020, PDF page 45"
      },
      "geometry": {
        "type": "LineString",
        "coordinates": [[-73.9928412, 40.7498019], [-73.9928347, 40.7498106]]
      }
    },
    {
      "type": "Feature",
      "properties": {
        "level": "platform",
        "type": "wall",
        "platform": "1",
        "color": "#999999",
        "source": "PCIP Phase 2 Appendix A, sheet A-001, November 2020, PDF page 45"
      },
      "geometry": {
        "type": "LineString",
        "coordinates": [[-73.9930153, 40.7495651], [-73.9930121, 40.7495638]]
      }
    },
    {
      "type": "Feature",
      "properties": {
        "level": "platform",
        "type": "wall",
        "platform": "1",
        "color": "#999999",
        "source": "PCIP Phase 2 Appendix A, sheet A-001, November 2020, PDF page 45"
      },
      "geometry": {
        "type": "LineString",
        "coordinates": [[-73.9930153, 40.7495651], [-73.9930132, 40.749568]]
      }
    },
    {
      "type": "Feature",
      "properties": {
        "level": "platform",
        "type": "wall",
        "platform": "2",
        "color": "#999999",
        "source": "PCIP Phase 2 Appendix A, sheet A-001, November 2020, PDF page 45"
      },
      "geometry": {
        "type": "LineString",
        "coordinates": [[-73.9929205, 40.7496852], [-73.9929175, 40.7496829], [-73.9929247, 40.7496851]]
      }
    },
    {
      "type": "Feature",
      "properties": {
        "level": "platform",
        "type": "wall",
        "platform": "3",
        "color": "#999999",
        "source": "PCIP Phase 2 Appendix A, sheet A-001, November 2020, PDF page 45"
      },
      "geometry": {
        "type": "LineString",
        "coordinates": [[-73.9928399, 40.7497992], [-73.9928295, 40.7497948]]
      }
    },
    {
      "type": "Feature",
      "properties": {
        "level": "platform",
        "type": "wall",
        "platform": "3",
        "color": "#999999",
        "source": "PCIP Phase 2 Appendix A, sheet A-001, November 2020, PDF page 45"
      },
      "geometry": {
        "type": "LineString",
        "coordinates": [[-73.9928383, 40.7498006], [-73.992832, 40.7498095]]
      }
    },
    {
      "type": "Feature",
      "properties": {
        "level": "platform",
        "type": "wall",
        "platform": "2",
        "color": "#999999",
        "source": "PCIP Phase 2 Appendix A, sheet A-001, November 2020, PDF page 45"
      },
      "geometry": {
        "type": "LineString",
        "coordinates": [[-73.9929225, 40.7496779], [-73.9929007, 40.7496686], [-73.9928911, 40.7496816], [-73.9929173, 40.7496925]]
      }
    },
    {
      "type": "Feature",
      "properties": {
        "level": "platform",
        "type": "wall",
        "platform": "1",
        "color": "#999999",
        "source": "PCIP Phase 2 Appendix A, sheet A-001, November 2020, PDF page 45"
      },
      "geometry": {
        "type": "LineString",
        "coordinates": [[-73.9930121, 40.7495638], [-73.993009, 40.7495624]]
      }
    },
    {
      "type": "Feature",
      "properties": {
        "level": "platform",
        "type": "wall",
        "platform": "1",
        "color": "#999999",
        "source": "PCIP Phase 2 Appendix A, sheet A-001, November 2020, PDF page 45"
      },
      "geometry": {
        "type": "LineString",
        "coordinates": [[-73.9930121, 40.7495638], [-73.99301, 40.7495666]]
      }
    },
    {
      "type": "Feature",
      "properties": {
        "level": "platform",
        "type": "wall",
        "platform": "5",
        "color": "#999999",
        "source": "PCIP Phase 2 Appendix A, sheet A-001, November 2020, PDF page 45"
      },
      "geometry": {
        "type": "LineString",
        "coordinates": [[-73.9926832, 40.7499997], [-73.9926879, 40.7500012]]
      }
    },
    {
      "type": "Feature",
      "properties": {
        "level": "platform",
        "type": "wall",
        "platform": "4",
        "color": "#999999",
        "source": "PCIP Phase 2 Appendix A, sheet A-001, November 2020, PDF page 45"
      },
      "geometry": {
        "type": "LineString",
        "coordinates": [[-73.9927519, 40.7499107], [-73.9927532, 40.7499071], [-73.9927504, 40.7499042], [-73.9927577, 40.7499063]]
      }
    },
    {
      "type": "Feature",
      "properties": {
        "level": "platform",
        "type": "wall",
        "platform": "3",
        "color": "#999999",
        "source": "PCIP Phase 2 Appendix A, sheet A-001, November 2020, PDF page 45"
      },
      "geometry": {
        "type": "LineString",
        "coordinates": [[-73.9928355, 40.7497994], [-73.9928334, 40.7498023]]
      }
    },
    {
      "type": "Feature",
      "properties": {
        "level": "platform",
        "type": "enclosure",
        "platform": "3",
        "color": "#999999",
        "source": "PCIP Phase 2 Appendix A, sheet A-001, November 2020, PDF page 45"
      },
      "geometry": {
        "type": "Polygon",
        "coordinates": [[[-73.9928329, 40.749803], [-73.9928279, 40.7498015], [-73.9928311, 40.7498039], [-73.992829, 40.7498082], [-73.9928329, 40.749803]]]
      }
    },
    {
      "type": "Feature",
      "properties": {
        "level": "platform",
        "type": "wall",
        "platform": "3",
        "color": "#999999",
        "source": "PCIP Phase 2 Appendix A, sheet A-001, November 2020, PDF page 45"
      },
      "geometry": {
        "type": "LineString",
        "coordinates": [[-73.9928329, 40.749803], [-73.9928352, 40.7498037], [-73.9928322, 40.7498014], [-73.9928334, 40.7497986]]
      }
    },
    {
      "type": "Feature",
      "properties": {
        "level": "platform",
        "type": "wall",
        "platform": "5",
        "color": "#999999",
        "source": "PCIP Phase 2 Appendix A, sheet A-001, November 2020, PDF page 45"
      },
      "geometry": {
        "type": "LineString",
        "coordinates": [[-73.9926845, 40.7499968], [-73.9926658, 40.7499889], [-73.9926588, 40.7499983], [-73.9926808, 40.7500076]]
      }
    },
    {
      "type": "Feature",
      "properties": {
        "level": "platform",
        "type": "wall",
        "platform": "5",
        "color": "#999999",
        "source": "PCIP Phase 2 Appendix A, sheet A-001, November 2020, PDF page 45"
      },
      "geometry": {
        "type": "LineString",
        "coordinates": [[-73.9926808, 40.7500076], [-73.9926839, 40.7500014], [-73.9926829, 40.7500006]]
      }
    },
    {
      "type": "Feature",
      "properties": {
        "level": "platform",
        "type": "wall",
        "platform": "4",
        "color": "#999999",
        "source": "PCIP Phase 2 Appendix A, sheet A-001, November 2020, PDF page 45"
      },
      "geometry": {
        "type": "LineString",
        "coordinates": [[-73.9927563, 40.7498996], [-73.9927374, 40.7498916], [-73.9927299, 40.7499016], [-73.9927518, 40.7499108]]
      }
    },
    {
      "type": "Feature",
      "properties": {
        "level": "platform",
        "type": "wall",
        "platform": "1",
        "color": "#999999",
        "source": "PCIP Phase 2 Appendix A, sheet A-001, November 2020, PDF page 45"
      },
      "geometry": {
        "type": "LineString",
        "coordinates": [[-73.993009, 40.7495624], [-73.9930058, 40.7495611]]
      }
    },
    {
      "type": "Feature",
      "properties": {
        "level": "platform",
        "type": "wall",
        "platform": "1",
        "color": "#999999",
        "source": "PCIP Phase 2 Appendix A, sheet A-001, November 2020, PDF page 45"
      },
      "geometry": {
        "type": "LineString",
        "coordinates": [[-73.993009, 40.7495624], [-73.9930068, 40.7495653]]
      }
    },
    {
      "type": "Feature",
      "properties": {
        "level": "platform",
        "type": "wall",
        "platform": "4",
        "color": "#999999",
        "source": "PCIP Phase 2 Appendix A, sheet A-001, November 2020, PDF page 45"
      },
      "geometry": {
        "type": "LineString",
        "coordinates": [[-73.9927553, 40.7499032], [-73.9927562, 40.7499002]]
      }
    },
    {
      "type": "Feature",
      "properties": {
        "level": "platform",
        "type": "wall",
        "platform": "5",
        "color": "#999999",
        "source": "PCIP Phase 2 Appendix A, sheet A-001, November 2020, PDF page 45"
      },
      "geometry": {
        "type": "LineString",
        "coordinates": [[-73.9926829, 40.7500006], [-73.9926807, 40.749999], [-73.9926832, 40.7499997]]
      }
    },
    {
      "type": "Feature",
      "properties": {
        "level": "platform",
        "type": "wall",
        "platform": "1",
        "color": "#999999",
        "source": "PCIP Phase 2 Appendix A, sheet A-001, November 2020, PDF page 45"
      },
      "geometry": {
        "type": "LineString",
        "coordinates": [[-73.9930058, 40.7495611], [-73.9930027, 40.7495597]]
      }
    },
    {
      "type": "Feature",
      "properties": {
        "level": "platform",
        "type": "wall",
        "platform": "1",
        "color": "#999999",
        "source": "PCIP Phase 2 Appendix A, sheet A-001, November 2020, PDF page 45"
      },
      "geometry": {
        "type": "LineString",
        "coordinates": [[-73.9930058, 40.7495611], [-73.9930037, 40.7495639]]
      }
    },
    {
      "type": "Feature",
      "properties": {
        "level": "platform",
        "type": "wall",
        "platform": "3",
        "color": "#999999",
        "source": "PCIP Phase 2 Appendix A, sheet A-001, November 2020, PDF page 45"
      },
      "geometry": {
        "type": "LineString",
        "coordinates": [[-73.9928305, 40.7497973], [-73.9928242, 40.7498062]]
      }
    },
    {
      "type": "Feature",
      "properties": {
        "level": "platform",
        "type": "wall",
        "platform": "3",
        "color": "#999999",
        "source": "PCIP Phase 2 Appendix A, sheet A-001, November 2020, PDF page 45"
      },
      "geometry": {
        "type": "LineString",
        "coordinates": [[-73.9928295, 40.7497948], [-73.9928209, 40.7498069]]
      }
    },
    {
      "type": "Feature",
      "properties": {
        "level": "platform",
        "type": "wall",
        "platform": "1",
        "color": "#999999",
        "source": "PCIP Phase 2 Appendix A, sheet A-001, November 2020, PDF page 45"
      },
      "geometry": {
        "type": "LineString",
        "coordinates": [[-73.9930027, 40.7495597], [-73.9929995, 40.7495584]]
      }
    },
    {
      "type": "Feature",
      "properties": {
        "level": "platform",
        "type": "wall",
        "platform": "1",
        "color": "#999999",
        "source": "PCIP Phase 2 Appendix A, sheet A-001, November 2020, PDF page 45"
      },
      "geometry": {
        "type": "LineString",
        "coordinates": [[-73.9930027, 40.7495597], [-73.9930004, 40.7495628]]
      }
    },
    {
      "type": "Feature",
      "properties": {
        "level": "platform",
        "type": "wall",
        "platform": "1",
        "color": "#999999",
        "source": "PCIP Phase 2 Appendix A, sheet A-001, November 2020, PDF page 45"
      },
      "geometry": {
        "type": "LineString",
        "coordinates": [[-73.9929973, 40.7495614], [-73.9930004, 40.7495628]]
      }
    },
    {
      "type": "Feature",
      "properties": {
        "level": "platform",
        "type": "wall",
        "platform": "1",
        "color": "#999999",
        "source": "PCIP Phase 2 Appendix A, sheet A-001, November 2020, PDF page 45"
      },
      "geometry": {
        "type": "LineString",
        "coordinates": [[-73.9929863, 40.7495794], [-73.9929717, 40.7495732], [-73.9929877, 40.7495515]]
      }
    },
    {
      "type": "Feature",
      "properties": {
        "level": "platform",
        "type": "wall",
        "platform": "1",
        "color": "#999999",
        "source": "PCIP Phase 2 Appendix A, sheet A-001, November 2020, PDF page 45"
      },
      "geometry": {
        "type": "LineString",
        "coordinates": [[-73.9929863, 40.7495794], [-73.9929901, 40.7495708]]
      }
    },
    {
      "type": "Feature",
      "properties": {
        "level": "platform",
        "type": "wall",
        "platform": "1",
        "color": "#999999",
        "source": "PCIP Phase 2 Appendix A, sheet A-001, November 2020, PDF page 45"
      },
      "geometry": {
        "type": "LineString",
        "coordinates": [[-73.9929995, 40.7495584], [-73.9929963, 40.7495571]]
      }
    },
    {
      "type": "Feature",
      "properties": {
        "level": "platform",
        "type": "wall",
        "platform": "1",
        "color": "#999999",
        "source": "PCIP Phase 2 Appendix A, sheet A-001, November 2020, PDF page 45"
      },
      "geometry": {
        "type": "LineString",
        "coordinates": [[-73.9929995, 40.7495584], [-73.9929973, 40.7495614]]
      }
    },
    {
      "type": "Feature",
      "properties": {
        "level": "platform",
        "type": "wall",
        "platform": "1",
        "color": "#999999",
        "source": "PCIP Phase 2 Appendix A, sheet A-001, November 2020, PDF page 45"
      },
      "geometry": {
        "type": "LineString",
        "coordinates": [[-73.9929941, 40.7495601], [-73.9929973, 40.7495614]]
      }
    },
    {
      "type": "Feature",
      "properties": {
        "level": "platform",
        "type": "wall",
        "platform": "1",
        "color": "#999999",
        "source": "PCIP Phase 2 Appendix A, sheet A-001, November 2020, PDF page 45"
      },
      "geometry": {
        "type": "LineString",
        "coordinates": [[-73.9929903, 40.7495704], [-73.9929915, 40.7495678], [-73.9929882, 40.7495655], [-73.9929957, 40.7495677], [-73.9929925, 40.7495653], [-73.9929936, 40.7495616]]
      }
    },
    {
      "type": "Feature",
      "properties": {
        "level": "platform",
        "type": "wall",
        "platform": "1",
        "color": "#999999",
        "source": "PCIP Phase 2 Appendix A, sheet A-001, November 2020, PDF page 45"
      },
      "geometry": {
        "type": "LineString",
        "coordinates": [[-73.9929963, 40.7495571], [-73.9929941, 40.7495601]]
      }
    },
    {
      "type": "Feature",
      "properties": {
        "level": "platform",
        "type": "wall",
        "platform": "1",
        "color": "#999999",
        "source": "PCIP Phase 2 Appendix A, sheet A-001, November 2020, PDF page 45"
      },
      "geometry": {
        "type": "LineString",
        "coordinates": [[-73.9929941, 40.7495601], [-73.9929957, 40.7495549]]
      }
    },
    {
      "type": "Feature",
      "properties": {
        "level": "platform",
        "type": "wall",
        "platform": "1",
        "color": "#999999",
        "source": "PCIP Phase 2 Appendix A, sheet A-001, November 2020, PDF page 45"
      },
      "geometry": {
        "type": "LineString",
        "coordinates": [[-73.9929957, 40.7495549], [-73.9929877, 40.7495515]]
      }
    },
    {
      "type": "Feature",
      "properties": {
        "level": "platform",
        "type": "wall",
        "platform": "1",
        "color": "#999999",
        "source": "PCIP Phase 2 Appendix A, sheet A-001, November 2020, PDF page 45"
      },
      "geometry": {
        "type": "LineString",
        "coordinates": [[-73.9929963, 40.7495531], [-73.9929868, 40.749549]]
      }
    },
    {
      "type": "Feature",
      "properties": {
        "level": "platform",
        "type": "wall",
        "platform": "8",
        "color": "#999999",
        "source": "PCIP Phase 2 Appendix A, sheet A-001, November 2020, PDF page 45"
      },
      "geometry": {
        "type": "LineString",
        "coordinates": [[-73.9924142, 40.7503073], [-73.9924248, 40.7503117], [-73.9924049, 40.7503387], [-73.9923943, 40.7503342]]
      }
    },
    {
      "type": "Feature",
      "properties": {
        "level": "platform",
        "type": "wall",
        "platform": "6",
        "color": "#999999",
        "source": "PCIP Phase 2 Appendix A, sheet A-001, November 2020, PDF page 45"
      },
      "geometry": {
        "type": "LineString",
        "coordinates": [[-73.9925612, 40.7501013], [-73.9925582, 40.750099], [-73.9925654, 40.7501012]]
      }
    },
    {
      "type": "Feature",
      "properties": {
        "level": "platform",
        "type": "wall",
        "platform": "6",
        "color": "#999999",
        "source": "PCIP Phase 2 Appendix A, sheet A-001, November 2020, PDF page 45"
      },
      "geometry": {
        "type": "LineString",
        "coordinates": [[-73.9925592, 40.7501069], [-73.9925395, 40.7500988], [-73.9925488, 40.7500862], [-73.9925646, 40.7500929], [-73.9925639, 40.7500947]]
      }
    },
    {
      "type": "Feature",
      "properties": {
        "level": "platform",
        "type": "wall",
        "platform": "6",
        "color": "#999999",
        "source": "PCIP Phase 2 Appendix A, sheet A-001, November 2020, PDF page 45"
      },
      "geometry": {
        "type": "LineString",
        "coordinates": [[-73.9925639, 40.7500947], [-73.9925498, 40.7500887], [-73.9925428, 40.7500981], [-73.9925598, 40.7501053]]
      }
    },
    {
      "type": "Feature",
      "properties": {
        "level": "platform",
        "type": "wall",
        "platform": "6",
        "color": "#999999",
        "source": "PCIP Phase 2 Appendix A, sheet A-001, November 2020, PDF page 45"
      },
      "geometry": {
        "type": "LineString",
        "coordinates": [[-73.9925624, 40.7500989], [-73.9925637, 40.7500952]]
      }
    },
    {
      "type": "Feature",
      "properties": {
        "level": "platform",
        "type": "wall",
        "platform": "2",
        "color": "#999999",
        "source": "PCIP Phase 2 Appendix A, sheet A-001, November 2020, PDF page 45"
      },
      "geometry": {
        "type": "LineString",
        "coordinates": [[-73.9928858, 40.7496529], [-73.9928494, 40.7496375]]
      }
    },
    {
      "type": "Feature",
      "properties": {
        "level": "platform",
        "type": "wall",
        "platform": "2",
        "color": "#999999",
        "source": "PCIP Phase 2 Appendix A, sheet A-001, November 2020, PDF page 45"
      },
      "geometry": {
        "type": "LineString",
        "coordinates": [[-73.9928491, 40.7496367], [-73.9928318, 40.7496294], [-73.9928257, 40.7496377], [-73.9928778, 40.7496596]]
      }
    },
    {
      "type": "Feature",
      "properties": {
        "level": "platform",
        "type": "wall",
        "platform": "2",
        "color": "#999999",
        "source": "PCIP Phase 2 Appendix A, sheet A-001, November 2020, PDF page 45"
      },
      "geometry": {
        "type": "LineString",
        "coordinates": [[-73.9928848, 40.7496498], [-73.9928309, 40.7496269], [-73.9928224, 40.7496384], [-73.9928766, 40.7496612]]
      }
    },
    {
      "type": "Feature",
      "properties": {
        "level": "platform",
        "type": "wall",
        "platform": "2",
        "color": "#999999",
        "source": "PCIP Phase 2 Appendix A, sheet A-001, November 2020, PDF page 45"
      },
      "geometry": {
        "type": "LineString",
        "coordinates": [[-73.9928836, 40.7496514], [-73.9928491, 40.7496367]]
      }
    },
    {
      "type": "Feature",
      "properties": {
        "level": "platform",
        "type": "wall",
        "platform": "2",
        "color": "#999999",
        "source": "PCIP Phase 2 Appendix A, sheet A-001, November 2020, PDF page 45"
      },
      "geometry": {
        "type": "LineString",
        "coordinates": [[-73.9928463, 40.7496435], [-73.9928431, 40.7496411], [-73.9928504, 40.7496432], [-73.9928468, 40.7496416], [-73.9928488, 40.7496373]]
      }
    },
    {
      "type": "Feature",
      "properties": {
        "level": "platform",
        "type": "wall",
        "platform": "2",
        "color": "#999999",
        "source": "PCIP Phase 2 Appendix A, sheet A-001, November 2020, PDF page 45"
      },
      "geometry": {
        "type": "LineString",
        "coordinates": [[-73.9928353, 40.7496196], [-73.9928166, 40.7496119]]
      }
    },
    {
      "type": "Feature",
      "properties": {
        "level": "platform",
        "type": "wall",
        "platform": "4",
        "color": "#999999",
        "source": "PCIP Phase 2 Appendix A, sheet A-001, November 2020, PDF page 45"
      },
      "geometry": {
        "type": "LineString",
        "coordinates": [[-73.992623, 40.7498751], [-73.9926283, 40.7498773]]
      }
    },
    {
      "type": "Feature",
      "properties": {
        "level": "platform",
        "type": "wall",
        "platform": "1",
        "color": "#999999",
        "source": "PCIP Phase 2 Appendix A, sheet A-001, November 2020, PDF page 45"
      },
      "geometry": {
        "type": "LineString",
        "coordinates": [[-73.9927555, 40.7494968], [-73.992761, 40.7494991], [-73.9927944, 40.7494539], [-73.9929001, 40.7494985], [-73.9928656, 40.7495452], [-73.9928711, 40.7495475]]
      }
    },
    {
      "type": "Feature",
      "properties": {
        "level": "platform",
        "type": "wall",
        "platform": "5",
        "color": "#999999",
        "source": "PCIP Phase 2 Appendix A, sheet A-001, November 2020, PDF page 45"
      },
      "geometry": {
        "type": "LineString",
        "coordinates": [[-73.992551, 40.7499729], [-73.9925367, 40.7499668], [-73.9925317, 40.7499737], [-73.9924976, 40.7499592], [-73.9924986, 40.7499575], [-73.9924968, 40.7499566], [-73.9925003, 40.7499518], [-73.992494, 40.7499491], [-73.9924905, 40.7499539], [-73.9924888, 40.7499528], [-73.9924873, 40.7499548], [-73.9924358, 40.7499332], [-73.992441, 40.7499258], [-73.9924328, 40.7499223]]
      }
    },
    {
      "type": "Feature",
      "properties": {
        "level": "platform",
        "type": "wall",
        "platform": "6",
        "color": "#999999",
        "source": "PCIP Phase 2 Appendix A, sheet A-001, November 2020, PDF page 45"
      },
      "geometry": {
        "type": "LineString",
        "coordinates": [[-73.9924843, 40.750058], [-73.9924977, 40.7500635], [-73.9924838, 40.7500823], [-73.9924705, 40.7500767]]
      }
    },
    {
      "type": "Feature",
      "properties": {
        "level": "platform",
        "type": "wall",
        "platform": "8",
        "color": "#999999",
        "source": "PCIP Phase 2 Appendix A, sheet A-001, November 2020, PDF page 45"
      },
      "geometry": {
        "type": "LineString",
        "coordinates": [[-73.9921935, 40.7502179], [-73.9921948, 40.7502184], [-73.9921942, 40.7502192], [-73.992195, 40.7502196], [-73.9921956, 40.7502188], [-73.9922087, 40.7502243], [-73.9922081, 40.7502251], [-73.9922089, 40.7502255], [-73.9922095, 40.7502247], [-73.9922112, 40.7502254], [-73.99221, 40.750227], [-73.9922235, 40.7502327], [-73.9922221, 40.7502346], [-73.9922227, 40.7502349], [-73.9922232, 40.7502342], [-73.9922276, 40.7502305], [-73.9922284, 40.7502293], [-73.9922373, 40.7502331], [-73.9922365, 40.7502342], [-73.9922345, 40.750239], [-73.9922341, 40.7502397], [-73.9922347, 40.7502399], [-73.9922361, 40.750238], [-73.9922403, 40.7502398], [-73.9922389, 40.7502417], [-73.9922395, 40.750242], [-73.99224, 40.7502414], [-73.9922444, 40.7502376], [-73.9922453, 40.7502365], [-73.9922516, 40.7502392], [-73.9922508, 40.7502403], [-73.9922488, 40.7502451], [-73.9922484, 40.7502457], [-73.992249, 40.750246], [-73.9922504, 40.7502441], [-73.9922546, 40.7502459], [-73.9922532, 40.7502478], [-73.9922538, 40.7502481], [-73.9922543, 40.7502474], [-73.9922588, 40.7502437], [-73.9922597, 40.7502424], [-73.9922685, 40.7502461], [-73.9922676, 40.7502474], [-73.9922657, 40.7502522], [-73.9922652, 40.7502529], [-73.9922658, 40.7502531], [-73.9922672, 40.7502512], [-73.9922693, 40.7502521]]
      }
    },
    {
      "type": "Feature",
      "properties": {
        "level": "platform",
        "type": "wall",
        "platform": "5",
        "color": "#999999",
        "source": "PCIP Phase 2 Appendix A, sheet A-001, November 2020, PDF page 45"
      },
      "geometry": {
        "type": "LineString",
        "coordinates": [[-73.9924191, 40.7498864], [-73.9924734, 40.7499094]]
      }
    },
    {
      "type": "Feature",
      "properties": {
        "level": "platform",
        "type": "wall",
        "platform": "5",
        "color": "#999999",
        "source": "PCIP Phase 2 Appendix A, sheet A-001, November 2020, PDF page 45"
      },
      "geometry": {
        "type": "LineString",
        "coordinates": [[-73.9924729, 40.74991], [-73.992475, 40.7499109], [-73.9924766, 40.7499087], [-73.9924064, 40.7498789], [-73.9923977, 40.7498907], [-73.992468, 40.7499203], [-73.9924697, 40.7499181], [-73.9924676, 40.7499172], [-73.9924671, 40.7499178], [-73.9924085, 40.7498932]]
      }
    },
    {
      "type": "Feature",
      "properties": {
        "level": "platform",
        "type": "wall",
        "platform": "2",
        "color": "#999999",
        "source": "PCIP Phase 2 Appendix A, sheet A-001, November 2020, PDF page 45"
      },
      "geometry": {
        "type": "LineString",
        "coordinates": [[-73.9927109, 40.7495673], [-73.9926846, 40.7495561]]
      }
    },
    {
      "type": "Feature",
      "properties": {
        "level": "platform",
        "type": "wall",
        "platform": "4",
        "color": "#999999",
        "source": "PCIP Phase 2 Appendix A, sheet A-001, November 2020, PDF page 45"
      },
      "geometry": {
        "type": "LineString",
        "coordinates": [[-73.9925131, 40.749813], [-73.9925096, 40.749818], [-73.9925176, 40.7498214]]
      }
    },
    {
      "type": "Feature",
      "properties": {
        "level": "platform",
        "type": "wall",
        "platform": "6",
        "color": "#999999",
        "source": "PCIP Phase 2 Appendix A, sheet A-001, November 2020, PDF page 45"
      },
      "geometry": {
        "type": "LineString",
        "coordinates": [[-73.9923331, 40.7500316], [-73.99234, 40.7500345], [-73.99235, 40.750021], [-73.992337, 40.7500154], [-73.992339, 40.7500127]]
      }
    },
    {
      "type": "Feature",
      "properties": {
        "level": "platform",
        "type": "wall",
        "platform": "6",
        "color": "#999999",
        "source": "PCIP Phase 2 Appendix A, sheet A-001, November 2020, PDF page 45"
      },
      "geometry": {
        "type": "LineString",
        "coordinates": [[-73.9923492, 40.7500091], [-73.9923565, 40.7500122], [-73.9923663, 40.7499986], [-73.9923594, 40.7499956]]
      }
    },
    {
      "type": "Feature",
      "properties": {
        "level": "platform",
        "type": "wall",
        "platform": "6",
        "color": "#999999",
        "source": "PCIP Phase 2 Appendix A, sheet A-001, November 2020, PDF page 45"
      },
      "geometry": {
        "type": "LineString",
        "coordinates": [[-73.992339, 40.7500127], [-73.9923435, 40.7500067], [-73.9923492, 40.7500091]]
      }
    },
    {
      "type": "Feature",
      "properties": {
        "level": "platform",
        "type": "wall",
        "platform": "6",
        "color": "#999999",
        "source": "PCIP Phase 2 Appendix A, sheet A-001, November 2020, PDF page 45"
      },
      "geometry": {
        "type": "LineString",
        "coordinates": [[-73.9923492, 40.7500091], [-73.9923449, 40.7500152], [-73.992339, 40.7500127]]
      }
    },
    {
      "type": "Feature",
      "properties": {
        "level": "platform",
        "type": "wall",
        "platform": "6",
        "color": "#999999",
        "source": "PCIP Phase 2 Appendix A, sheet A-001, November 2020, PDF page 45"
      },
      "geometry": {
        "type": "LineString",
        "coordinates": [[-73.992339, 40.7500127], [-73.9923249, 40.7500068], [-73.9923301, 40.7499997], [-73.9923499, 40.7500081], [-73.9923492, 40.7500091]]
      }
    },
    {
      "type": "Feature",
      "properties": {
        "level": "platform",
        "type": "wall",
        "platform": "5",
        "color": "#999999",
        "source": "PCIP Phase 2 Appendix A, sheet A-001, November 2020, PDF page 45"
      },
      "geometry": {
        "type": "LineString",
        "coordinates": [[-73.9924191, 40.7498864], [-73.9924143, 40.7498883], [-73.9924109, 40.7498877], [-73.992416, 40.7498905]]
      }
    },
    {
      "type": "Feature",
      "properties": {
        "level": "platform",
        "type": "wall",
        "platform": "5",
        "color": "#999999",
        "source": "PCIP Phase 2 Appendix A, sheet A-001, November 2020, PDF page 45"
      },
      "geometry": {
        "type": "LineString",
        "coordinates": [[-73.9924085, 40.7498932], [-73.9924009, 40.74989], [-73.9924073, 40.7498814], [-73.9924191, 40.7498864]]
      }
    },
    {
      "type": "Feature",
      "properties": {
        "level": "platform",
        "type": "wall",
        "platform": "5",
        "color": "#999999",
        "source": "PCIP Phase 2 Appendix A, sheet A-001, November 2020, PDF page 45"
      },
      "geometry": {
        "type": "LineString",
        "coordinates": [[-73.9924126, 40.7498899], [-73.9924085, 40.7498932]]
      }
    },
    {
      "type": "Feature",
      "properties": {
        "level": "platform",
        "type": "wall",
        "platform": "6",
        "color": "#999999",
        "source": "PCIP Phase 2 Appendix A, sheet A-001, November 2020, PDF page 45"
      },
      "geometry": {
        "type": "LineString",
        "coordinates": [[-73.9922562, 40.7499794], [-73.9922319, 40.7499692], [-73.9922391, 40.7499595], [-73.992314, 40.7499912], [-73.9923135, 40.7499919], [-73.9923156, 40.7499928], [-73.9923173, 40.7499905], [-73.9922382, 40.749957], [-73.9922288, 40.74997], [-73.9923081, 40.7500034], [-73.9923097, 40.7500012], [-73.9923076, 40.7500003]]
      }
    },
    {
      "type": "Feature",
      "properties": {
        "level": "platform",
        "type": "wall",
        "platform": "6",
        "color": "#999999",
        "source": "PCIP Phase 2 Appendix A, sheet A-001, November 2020, PDF page 45"
      },
      "geometry": {
        "type": "LineString",
        "coordinates": [[-73.9923071, 40.7500009], [-73.9922915, 40.7499943]]
      }
    },
    {
      "type": "Feature",
      "properties": {
        "level": "platform",
        "type": "wall",
        "platform": "6",
        "color": "#999999",
        "source": "PCIP Phase 2 Appendix A, sheet A-001, November 2020, PDF page 45"
      },
      "geometry": {
        "type": "LineString",
        "coordinates": [[-73.9922986, 40.7499847], [-73.9922979, 40.7499857], [-73.9922677, 40.7499731]]
      }
    },
    {
      "type": "Feature",
      "properties": {
        "level": "platform",
        "type": "wall",
        "platform": "6",
        "color": "#999999",
        "source": "PCIP Phase 2 Appendix A, sheet A-001, November 2020, PDF page 45"
      },
      "geometry": {
        "type": "LineString",
        "coordinates": [[-73.9922923, 40.7499933], [-73.9922621, 40.7499807]]
      }
    },
    {
      "type": "Feature",
      "properties": {
        "level": "platform",
        "type": "wall",
        "platform": "6",
        "color": "#999999",
        "source": "PCIP Phase 2 Appendix A, sheet A-001, November 2020, PDF page 45"
      },
      "geometry": {
        "type": "LineString",
        "coordinates": [[-73.9922915, 40.7499943], [-73.9922562, 40.7499794]]
      }
    },
    {
      "type": "Feature",
      "properties": {
        "level": "platform",
        "type": "wall",
        "platform": "2",
        "color": "#999999",
        "source": "PCIP Phase 2 Appendix A, sheet A-001, November 2020, PDF page 45"
      },
      "geometry": {
        "type": "LineString",
        "coordinates": [[-73.9925676, 40.749535], [-73.9925929, 40.7495457], [-73.9926022, 40.7495327]]
      }
    },
    {
      "type": "Feature",
      "properties": {
        "level": "platform",
        "type": "wall",
        "platform": "2",
        "color": "#999999",
        "source": "PCIP Phase 2 Appendix A, sheet A-001, November 2020, PDF page 45"
      },
      "geometry": {
        "type": "LineString",
        "coordinates": [[-73.9925207, 40.7494983], [-73.9926022, 40.7495327]]
      }
    },
    {
      "type": "Feature",
      "properties": {
        "level": "platform",
        "type": "wall",
        "platform": "1",
        "color": "#999999",
        "source": "PCIP Phase 2 Appendix A, sheet A-001, November 2020, PDF page 45"
      },
      "geometry": {
        "type": "LineString",
        "coordinates": [[-73.9926375, 40.7494401], [-73.9926627, 40.7494508], [-73.9926719, 40.7494379]]
      }
    },
    {
      "type": "Feature",
      "properties": {
        "level": "platform",
        "type": "wall",
        "platform": "1",
        "color": "#999999",
        "source": "PCIP Phase 2 Appendix A, sheet A-001, November 2020, PDF page 45"
      },
      "geometry": {
        "type": "LineString",
        "coordinates": [[-73.9925904, 40.7494036], [-73.9926719, 40.7494379]]
      }
    },
    {
      "type": "Feature",
      "properties": {
        "level": "platform",
        "type": "wall",
        "platform": "6",
        "color": "#999999",
        "source": "PCIP Phase 2 Appendix A, sheet A-001, November 2020, PDF page 45"
      },
      "geometry": {
        "type": "LineString",
        "coordinates": [[-73.992272, 40.7499778], [-73.9922663, 40.7499773], [-73.9922702, 40.7499802]]
      }
    },
    {
      "type": "Feature",
      "properties": {
        "level": "platform",
        "type": "wall",
        "platform": "2",
        "color": "#999999",
        "source": "PCIP Phase 2 Appendix A, sheet A-001, November 2020, PDF page 45"
      },
      "geometry": {
        "type": "LineString",
        "coordinates": [[-73.992599, 40.7495336], [-73.9925919, 40.7495432], [-73.99251, 40.7495087]]
      }
    },
    {
      "type": "Feature",
      "properties": {
        "level": "platform",
        "type": "wall",
        "platform": "2",
        "color": "#999999",
        "source": "PCIP Phase 2 Appendix A, sheet A-001, November 2020, PDF page 45"
      },
      "geometry": {
        "type": "LineString",
        "coordinates": [[-73.9925795, 40.7495252], [-73.992599, 40.7495336]]
      }
    },
    {
      "type": "Feature",
      "properties": {
        "level": "platform",
        "type": "wall",
        "platform": "1",
        "color": "#999999",
        "source": "PCIP Phase 2 Appendix A, sheet A-001, November 2020, PDF page 45"
      },
      "geometry": {
        "type": "LineString",
        "coordinates": [[-73.9926618, 40.7494483], [-73.9925799, 40.7494136]]
      }
    },
    {
      "type": "Feature",
      "properties": {
        "level": "platform",
        "type": "wall",
        "platform": "1",
        "color": "#999999",
        "source": "PCIP Phase 2 Appendix A, sheet A-001, November 2020, PDF page 45"
      },
      "geometry": {
        "type": "LineString",
        "coordinates": [[-73.9926492, 40.7494305], [-73.9926688, 40.7494387], [-73.9926618, 40.7494483]]
      }
    },
    {
      "type": "Feature",
      "properties": {
        "level": "platform",
        "type": "wall",
        "platform": "6",
        "color": "#999999",
        "source": "PCIP Phase 2 Appendix A, sheet A-001, November 2020, PDF page 45"
      },
      "geometry": {
        "type": "LineString",
        "coordinates": [[-73.9922677, 40.7499731], [-73.9922621, 40.7499807]]
      }
    },
    {
      "type": "Feature",
      "properties": {
        "level": "platform",
        "type": "wall",
        "platform": "6",
        "color": "#999999",
        "source": "PCIP Phase 2 Appendix A, sheet A-001, November 2020, PDF page 45"
      },
      "geometry": {
        "type": "LineString",
        "coordinates": [[-73.9922621, 40.7499807], [-73.9922572, 40.7499787]]
      }
    },
    {
      "type": "Feature",
      "properties": {
        "level": "platform",
        "type": "wall",
        "platform": "6",
        "color": "#999999",
        "source": "PCIP Phase 2 Appendix A, sheet A-001, November 2020, PDF page 45"
      },
      "geometry": {
        "type": "LineString",
        "coordinates": [[-73.9922677, 40.7499716], [-73.9922631, 40.7499734], [-73.9922596, 40.7499728], [-73.9922643, 40.7499762], [-73.9922609, 40.7499756], [-73.9922562, 40.7499794]]
      }
    },
    {
      "type": "Feature",
      "properties": {
        "level": "platform",
        "type": "wall",
        "platform": "1",
        "color": "#999999",
        "source": "PCIP Phase 2 Appendix A, sheet A-001, November 2020, PDF page 45"
      },
      "geometry": {
        "type": "LineString",
        "coordinates": [[-73.9925892, 40.7494052], [-73.9926492, 40.7494305]]
      }
    },
    {
      "type": "Feature",
      "properties": {
        "level": "platform",
        "type": "wall",
        "platform": "2",
        "color": "#999999",
        "source": "PCIP Phase 2 Appendix A, sheet A-001, November 2020, PDF page 45"
      },
      "geometry": {
        "type": "LineString",
        "coordinates": [[-73.9925195, 40.7494999], [-73.992579, 40.7495252]]
      }
    },
    {
      "type": "Feature",
      "properties": {
        "level": "platform",
        "type": "wall",
        "platform": "2",
        "color": "#999999",
        "source": "PCIP Phase 2 Appendix A, sheet A-001, November 2020, PDF page 45"
      },
      "geometry": {
        "type": "LineString",
        "coordinates": [[-73.9925177, 40.7494998], [-73.9925787, 40.7495256]]
      }
    },
    {
      "type": "Feature",
      "properties": {
        "level": "platform",
        "type": "wall",
        "platform": "1",
        "color": "#999999",
        "source": "PCIP Phase 2 Appendix A, sheet A-001, November 2020, PDF page 45"
      },
      "geometry": {
        "type": "LineString",
        "coordinates": [[-73.9926486, 40.7494308], [-73.9925865, 40.7494047], [-73.9925869, 40.7494042]]
      }
    },
    {
      "type": "Feature",
      "properties": {
        "level": "platform",
        "type": "wall",
        "platform": "2",
        "color": "#999999",
        "source": "PCIP Phase 2 Appendix A, sheet A-001, November 2020, PDF page 45"
      },
      "geometry": {
        "type": "LineString",
        "coordinates": [[-73.9925744, 40.7495284], [-73.9925788, 40.7495292], [-73.9925725, 40.7495258]]
      }
    },
    {
      "type": "Feature",
      "properties": {
        "level": "platform",
        "type": "wall",
        "platform": "1",
        "color": "#999999",
        "source": "PCIP Phase 2 Appendix A, sheet A-001, November 2020, PDF page 45"
      },
      "geometry": {
        "type": "LineString",
        "coordinates": [[-73.9926442, 40.7494335], [-73.9926486, 40.7494343], [-73.9926425, 40.7494307]]
      }
    },
    {
      "type": "Feature",
      "properties": {
        "level": "platform",
        "type": "wall",
        "platform": "2",
        "color": "#999999",
        "source": "PCIP Phase 2 Appendix A, sheet A-001, November 2020, PDF page 45"
      },
      "geometry": {
        "type": "LineString",
        "coordinates": [[-73.9925696, 40.7495331], [-73.9925112, 40.7495085]]
      }
    },
    {
      "type": "Feature",
      "properties": {
        "level": "platform",
        "type": "wall",
        "platform": "1",
        "color": "#999999",
        "source": "PCIP Phase 2 Appendix A, sheet A-001, November 2020, PDF page 45"
      },
      "geometry": {
        "type": "LineString",
        "coordinates": [[-73.9926394, 40.7494382], [-73.9925803, 40.7494131]]
      }
    },
    {
      "type": "Feature",
      "properties": {
        "level": "platform",
        "type": "wall",
        "platform": "2",
        "color": "#999999",
        "source": "PCIP Phase 2 Appendix A, sheet A-001, November 2020, PDF page 45"
      },
      "geometry": {
        "type": "LineString",
        "coordinates": [[-73.9925176, 40.74951], [-73.9925112, 40.7495085]]
      }
    },
    {
      "type": "Feature",
      "properties": {
        "level": "platform",
        "type": "wall",
        "platform": "2",
        "color": "#999999",
        "source": "PCIP Phase 2 Appendix A, sheet A-001, November 2020, PDF page 45"
      },
      "geometry": {
        "type": "LineString",
        "coordinates": [[-73.9925177, 40.7494998], [-73.9925226, 40.7495031]]
      }
    },
    {
      "type": "Feature",
      "properties": {
        "level": "platform",
        "type": "wall",
        "platform": "1",
        "color": "#999999",
        "source": "PCIP Phase 2 Appendix A, sheet A-001, November 2020, PDF page 45"
      },
      "geometry": {
        "type": "LineString",
        "coordinates": [[-73.9925874, 40.749405], [-73.9925923, 40.7494084]]
      }
    },
    {
      "type": "Feature",
      "properties": {
        "level": "platform",
        "type": "wall",
        "platform": "1",
        "color": "#999999",
        "source": "PCIP Phase 2 Appendix A, sheet A-001, November 2020, PDF page 45"
      },
      "geometry": {
        "type": "LineString",
        "coordinates": [[-73.9925873, 40.7494148], [-73.9925811, 40.7494135]]
      }
    },
    {
      "type": "Feature",
      "properties": {
        "level": "platform",
        "type": "wall",
        "platform": "2",
        "color": "#999999",
        "source": "PCIP Phase 2 Appendix A, sheet A-001, November 2020, PDF page 45"
      },
      "geometry": {
        "type": "LineString",
        "coordinates": [[-73.9924303, 40.7494584], [-73.9924826, 40.7494803]]
      }
    },
    {
      "type": "Feature",
      "properties": {
        "level": "platform",
        "type": "wall",
        "platform": "2",
        "color": "#999999",
        "source": "PCIP Phase 2 Appendix A, sheet A-001, November 2020, PDF page 45"
      },
      "geometry": {
        "type": "LineString",
        "coordinates": [[-73.9924826, 40.7494803], [-73.9924931, 40.7494848], [-73.992485, 40.7494958], [-73.9924222, 40.7494693]]
      }
    },
    {
      "type": "Feature",
      "properties": {
        "level": "platform",
        "type": "wall",
        "platform": "2",
        "color": "#999999",
        "source": "PCIP Phase 2 Appendix A, sheet A-001, November 2020, PDF page 45"
      },
      "geometry": {
        "type": "LineString",
        "coordinates": [[-73.9924789, 40.7494794], [-73.9924821, 40.7494808]]
      }
    },
    {
      "type": "Feature",
      "properties": {
        "level": "platform",
        "type": "wall",
        "platform": "2",
        "color": "#999999",
        "source": "PCIP Phase 2 Appendix A, sheet A-001, November 2020, PDF page 45"
      },
      "geometry": {
        "type": "LineString",
        "coordinates": [[-73.9924754, 40.7494841], [-73.9924782, 40.7494847], [-73.9924821, 40.7494808]]
      }
    },
    {
      "type": "Feature",
      "properties": {
        "level": "platform",
        "type": "wall",
        "platform": "2",
        "color": "#999999",
        "source": "PCIP Phase 2 Appendix A, sheet A-001, November 2020, PDF page 45"
      },
      "geometry": {
        "type": "LineString",
        "coordinates": [[-73.9924757, 40.749478], [-73.9924789, 40.7494794]]
      }
    },
    {
      "type": "Feature",
      "properties": {
        "level": "platform",
        "type": "wall",
        "platform": "2",
        "color": "#999999",
        "source": "PCIP Phase 2 Appendix A, sheet A-001, November 2020, PDF page 45"
      },
      "geometry": {
        "type": "LineString",
        "coordinates": [[-73.9924789, 40.7494794], [-73.9924754, 40.7494841]]
      }
    },
    {
      "type": "Feature",
      "properties": {
        "level": "platform",
        "type": "wall",
        "platform": "2",
        "color": "#999999",
        "source": "PCIP Phase 2 Appendix A, sheet A-001, November 2020, PDF page 45"
      },
      "geometry": {
        "type": "LineString",
        "coordinates": [[-73.9924751, 40.7494844], [-73.9924714, 40.7494894]]
      }
    },
    {
      "type": "Feature",
      "properties": {
        "level": "platform",
        "type": "wall",
        "platform": "2",
        "color": "#999999",
        "source": "PCIP Phase 2 Appendix A, sheet A-001, November 2020, PDF page 45"
      },
      "geometry": {
        "type": "LineString",
        "coordinates": [[-73.9924709, 40.7494898], [-73.9924759, 40.7494867], [-73.9924803, 40.7494875], [-73.9924751, 40.7494844]]
      }
    },
    {
      "type": "Feature",
      "properties": {
        "level": "platform",
        "type": "wall",
        "platform": "2",
        "color": "#999999",
        "source": "PCIP Phase 2 Appendix A, sheet A-001, November 2020, PDF page 45"
      },
      "geometry": {
        "type": "LineString",
        "coordinates": [[-73.9924714, 40.7494894], [-73.9924225, 40.7494689]]
      }
    },
    {
      "type": "Feature",
      "properties": {
        "level": "platform",
        "type": "wall",
        "platform": "2",
        "color": "#999999",
        "source": "PCIP Phase 2 Appendix A, sheet A-001, November 2020, PDF page 45"
      },
      "geometry": {
        "type": "LineString",
        "coordinates": [[-73.9924725, 40.7494767], [-73.9924757, 40.749478]]
      }
    },
    {
      "type": "Feature",
      "properties": {
        "level": "platform",
        "type": "wall",
        "platform": "2",
        "color": "#999999",
        "source": "PCIP Phase 2 Appendix A, sheet A-001, November 2020, PDF page 45"
      },
      "geometry": {
        "type": "LineString",
        "coordinates": [[-73.9924757, 40.749478], [-73.9924683, 40.7494881]]
      }
    },
    {
      "type": "Feature",
      "properties": {
        "level": "platform",
        "type": "wall",
        "platform": "2",
        "color": "#999999",
        "source": "PCIP Phase 2 Appendix A, sheet A-001, November 2020, PDF page 45"
      },
      "geometry": {
        "type": "LineString",
        "coordinates": [[-73.9924725, 40.7494767], [-73.9924299, 40.7494588], [-73.9924303, 40.7494584]]
      }
    },
    {
      "type": "Feature",
      "properties": {
        "level": "platform",
        "type": "wall",
        "platform": "2",
        "color": "#999999",
        "source": "PCIP Phase 2 Appendix A, sheet A-001, November 2020, PDF page 45"
      },
      "geometry": {
        "type": "LineString",
        "coordinates": [[-73.9924725, 40.7494767], [-73.9924651, 40.7494867]]
      }
    },
    {
      "type": "Feature",
      "properties": {
        "level": "platform",
        "type": "wall",
        "platform": "2",
        "color": "#999999",
        "source": "PCIP Phase 2 Appendix A, sheet A-001, November 2020, PDF page 45"
      },
      "geometry": {
        "type": "LineString",
        "coordinates": [[-73.9924693, 40.7494755], [-73.992462, 40.7494854]]
      }
    },
    {
      "type": "Feature",
      "properties": {
        "level": "platform",
        "type": "wall",
        "platform": "1",
        "color": "#999999",
        "source": "PCIP Phase 2 Appendix A, sheet A-001, November 2020, PDF page 45"
      },
      "geometry": {
        "type": "LineString",
        "coordinates": [[-73.9924782, 40.749337], [-73.992532, 40.7493598]]
      }
    },
    {
      "type": "Feature",
      "properties": {
        "level": "platform",
        "type": "wall",
        "platform": "1",
        "color": "#999999",
        "source": "PCIP Phase 2 Appendix A, sheet A-001, November 2020, PDF page 45"
      },
      "geometry": {
        "type": "LineString",
        "coordinates": [[-73.992532, 40.7493598], [-73.9925373, 40.7493621], [-73.9925296, 40.7493726], [-73.9924703, 40.7493477]]
      }
    },
    {
      "type": "Feature",
      "properties": {
        "level": "platform",
        "type": "wall",
        "platform": "1",
        "color": "#999999",
        "source": "PCIP Phase 2 Appendix A, sheet A-001, November 2020, PDF page 45"
      },
      "geometry": {
        "type": "LineString",
        "coordinates": [[-73.9925266, 40.7493635], [-73.9925281, 40.7493638], [-73.9925316, 40.7493602]]
      }
    },
    {
      "type": "Feature",
      "properties": {
        "level": "platform",
        "type": "wall",
        "platform": "1",
        "color": "#999999",
        "source": "PCIP Phase 2 Appendix A, sheet A-001, November 2020, PDF page 45"
      },
      "geometry": {
        "type": "LineString",
        "coordinates": [[-73.9925265, 40.7493581], [-73.9925296, 40.7493594]]
      }
    },
    {
      "type": "Feature",
      "properties": {
        "level": "platform",
        "type": "wall",
        "platform": "1",
        "color": "#999999",
        "source": "PCIP Phase 2 Appendix A, sheet A-001, November 2020, PDF page 45"
      },
      "geometry": {
        "type": "LineString",
        "coordinates": [[-73.9925296, 40.7493594], [-73.9925266, 40.7493635]]
      }
    },
    {
      "type": "Feature",
      "properties": {
        "level": "platform",
        "type": "wall",
        "platform": "1",
        "color": "#999999",
        "source": "PCIP Phase 2 Appendix A, sheet A-001, November 2020, PDF page 45"
      },
      "geometry": {
        "type": "LineString",
        "coordinates": [[-73.9925261, 40.7493643], [-73.9925239, 40.7493631], [-73.9925266, 40.7493635]]
      }
    },
    {
      "type": "Feature",
      "properties": {
        "level": "platform",
        "type": "wall",
        "platform": "1",
        "color": "#999999",
        "source": "PCIP Phase 2 Appendix A, sheet A-001, November 2020, PDF page 45"
      },
      "geometry": {
        "type": "LineString",
        "coordinates": [[-73.9925207, 40.7493688], [-73.9925258, 40.7493657], [-73.9925302, 40.7493665], [-73.9925261, 40.7493643]]
      }
    },
    {
      "type": "Feature",
      "properties": {
        "level": "platform",
        "type": "wall",
        "platform": "1",
        "color": "#999999",
        "source": "PCIP Phase 2 Appendix A, sheet A-001, November 2020, PDF page 45"
      },
      "geometry": {
        "type": "LineString",
        "coordinates": [[-73.9925213, 40.7493684], [-73.9924707, 40.7493472]]
      }
    },
    {
      "type": "Feature",
      "properties": {
        "level": "platform",
        "type": "wall",
        "platform": "1",
        "color": "#999999",
        "source": "PCIP Phase 2 Appendix A, sheet A-001, November 2020, PDF page 45"
      },
      "geometry": {
        "type": "LineString",
        "coordinates": [[-73.9925233, 40.7493567], [-73.9925265, 40.7493581]]
      }
    },
    {
      "type": "Feature",
      "properties": {
        "level": "platform",
        "type": "wall",
        "platform": "1",
        "color": "#999999",
        "source": "PCIP Phase 2 Appendix A, sheet A-001, November 2020, PDF page 45"
      },
      "geometry": {
        "type": "LineString",
        "coordinates": [[-73.9925265, 40.7493581], [-73.9925194, 40.7493676]]
      }
    },
    {
      "type": "Feature",
      "properties": {
        "level": "platform",
        "type": "wall",
        "platform": "1",
        "color": "#999999",
        "source": "PCIP Phase 2 Appendix A, sheet A-001, November 2020, PDF page 45"
      },
      "geometry": {
        "type": "LineString",
        "coordinates": [[-73.9925202, 40.7493554], [-73.9925233, 40.7493567]]
      }
    },
    {
      "type": "Feature",
      "properties": {
        "level": "platform",
        "type": "wall",
        "platform": "1",
        "color": "#999999",
        "source": "PCIP Phase 2 Appendix A, sheet A-001, November 2020, PDF page 45"
      },
      "geometry": {
        "type": "LineString",
        "coordinates": [[-73.9925233, 40.7493567], [-73.9925163, 40.7493663]]
      }
    },
    {
      "type": "Feature",
      "properties": {
        "level": "platform",
        "type": "wall",
        "platform": "1",
        "color": "#999999",
        "source": "PCIP Phase 2 Appendix A, sheet A-001, November 2020, PDF page 45"
      },
      "geometry": {
        "type": "LineString",
        "coordinates": [[-73.992517, 40.7493541], [-73.9925202, 40.7493554]]
      }
    },
    {
      "type": "Feature",
      "properties": {
        "level": "platform",
        "type": "wall",
        "platform": "1",
        "color": "#999999",
        "source": "PCIP Phase 2 Appendix A, sheet A-001, November 2020, PDF page 45"
      },
      "geometry": {
        "type": "LineString",
        "coordinates": [[-73.9925202, 40.7493554], [-73.9925131, 40.749365]]
      }
    },
    {
      "type": "Feature",
      "properties": {
        "level": "platform",
        "type": "wall",
        "platform": "1",
        "color": "#999999",
        "source": "PCIP Phase 2 Appendix A, sheet A-001, November 2020, PDF page 45"
      },
      "geometry": {
        "type": "LineString",
        "coordinates": [[-73.992517, 40.7493541], [-73.9924779, 40.7493375], [-73.9924782, 40.749337]]
      }
    },
    {
      "type": "Feature",
      "properties": {
        "level": "platform",
        "type": "wall",
        "platform": "1",
        "color": "#999999",
        "source": "PCIP Phase 2 Appendix A, sheet A-001, November 2020, PDF page 45"
      },
      "geometry": {
        "type": "LineString",
        "coordinates": [[-73.992517, 40.7493541], [-73.9925099, 40.7493636]]
      }
    },
    {
      "type": "Feature",
      "properties": {
        "level": "platform",
        "type": "wall",
        "platform": "2",
        "color": "#999999",
        "source": "PCIP Phase 2 Appendix A, sheet A-001, November 2020, PDF page 45"
      },
      "geometry": {
        "type": "LineString",
        "coordinates": [[-73.9924315, 40.7494568], [-73.9924964, 40.7494841], [-73.9924859, 40.7494983], [-73.992421, 40.7494709]]
      }
    },
    {
      "type": "Feature",
      "properties": {
        "level": "platform",
        "type": "wall",
        "platform": "1",
        "color": "#999999",
        "source": "PCIP Phase 2 Appendix A, sheet A-001, November 2020, PDF page 45"
      },
      "geometry": {
        "type": "LineString",
        "coordinates": [[-73.9924794, 40.7493354], [-73.9925406, 40.7493614], [-73.9925305, 40.7493751], [-73.9924692, 40.7493493]]
      }
    },
    {
      "type": "Feature",
      "properties": {
        "level": "platform",
        "type": "column",
        "platform": "3",
        "color": "#999999",
        "source": "PCIP Phase 2 Appendix A, sheet A-001, November 2020, PDF page 45"
      },
      "geometry": {
        "type": "Polygon",
        "coordinates": [[[-73.9955542, 40.7509518], [-73.995548, 40.750949], [-73.9955445, 40.7509538], [-73.9955507, 40.7509566], [-73.9955542, 40.7509518]]]
      }
    },
    {
      "type": "Feature",
      "properties": {
        "level": "platform",
        "type": "column",
        "platform": "3",
        "color": "#999999",
        "source": "PCIP Phase 2 Appendix A, sheet A-001, November 2020, PDF page 45"
      },
      "geometry": {
        "type": "Polygon",
        "coordinates": [[[-73.9954288, 40.7508842], [-73.9954211, 40.7508807], [-73.9954173, 40.7508854], [-73.9954252, 40.750889], [-73.9954288, 40.7508842]]]
      }
    },
    {
      "type": "Feature",
      "properties": {
        "level": "platform",
        "type": "column",
        "platform": "4",
        "color": "#999999",
        "source": "PCIP Phase 2 Appendix A, sheet A-001, November 2020, PDF page 45"
      },
      "geometry": {
        "type": "Polygon",
        "coordinates": [[[-73.9953439, 40.7509983], [-73.9953377, 40.7509955], [-73.9953342, 40.7510002], [-73.9953404, 40.7510031], [-73.9953439, 40.7509983]]]
      }
    },
    {
      "type": "Feature",
      "properties": {
        "level": "platform",
        "type": "column",
        "platform": "7",
        "color": "#999999",
        "source": "PCIP Phase 2 Appendix A, sheet A-001, November 2020, PDF page 45"
      },
      "geometry": {
        "type": "Polygon",
        "coordinates": [[[-73.9950418, 40.7512887], [-73.9950356, 40.7512859], [-73.9950319, 40.7512906], [-73.995038, 40.7512934], [-73.9950418, 40.7512887]]]
      }
    },
    {
      "type": "Feature",
      "properties": {
        "level": "platform",
        "type": "column",
        "platform": "4",
        "color": "#999999",
        "source": "PCIP Phase 2 Appendix A, sheet A-001, November 2020, PDF page 45"
      },
      "geometry": {
        "type": "Polygon",
        "coordinates": [[[-73.9952765, 40.7509695], [-73.9952703, 40.7509667], [-73.9952666, 40.7509714], [-73.9952728, 40.7509742], [-73.9952765, 40.7509695]]]
      }
    },
    {
      "type": "Feature",
      "properties": {
        "level": "platform",
        "type": "column",
        "platform": "7",
        "color": "#999999",
        "source": "PCIP Phase 2 Appendix A, sheet A-001, November 2020, PDF page 45"
      },
      "geometry": {
        "type": "Polygon",
        "coordinates": [[[-73.9949774, 40.7512675], [-73.9949807, 40.7512626], [-73.9949743, 40.7512601], [-73.9949709, 40.751265], [-73.9949774, 40.7512675]]]
      }
    },
    {
      "type": "Feature",
      "properties": {
        "level": "platform",
        "type": "column",
        "platform": "3",
        "color": "#999999",
        "source": "PCIP Phase 2 Appendix A, sheet A-001, November 2020, PDF page 45"
      },
      "geometry": {
        "type": "Polygon",
        "coordinates": [[[-73.995304, 40.7508238], [-73.9952959, 40.7508206], [-73.9952926, 40.7508254], [-73.9953005, 40.7508286], [-73.995304, 40.7508238]]]
      }
    },
    {
      "type": "Feature",
      "properties": {
        "level": "platform",
        "type": "column",
        "platform": "8",
        "color": "#999999",
        "source": "PCIP Phase 2 Appendix A, sheet A-001, November 2020, PDF page 45"
      },
      "geometry": {
        "type": "Polygon",
        "coordinates": [[[-73.9948375, 40.7513476], [-73.9948409, 40.7513427], [-73.9948345, 40.7513401], [-73.9948312, 40.7513449], [-73.9948375, 40.7513476]]]
      }
    },
    {
      "type": "Feature",
      "properties": {
        "level": "platform",
        "type": "column",
        "platform": "8",
        "color": "#999999",
        "source": "PCIP Phase 2 Appendix A, sheet A-001, November 2020, PDF page 45"
      },
      "geometry": {
        "type": "Polygon",
        "coordinates": [[[-73.9947773, 40.7513218], [-73.9947806, 40.751317], [-73.9947727, 40.7513138], [-73.9947692, 40.7513186], [-73.9947773, 40.7513218]]]
      }
    },
    {
      "type": "Feature",
      "properties": {
        "level": "platform",
        "type": "column",
        "platform": "4",
        "color": "#999999",
        "source": "PCIP Phase 2 Appendix A, sheet A-001, November 2020, PDF page 45"
      },
      "geometry": {
        "type": "Polygon",
        "coordinates": [[[-73.9950931, 40.7508924], [-73.9950854, 40.7508891], [-73.9950818, 40.7508939], [-73.9950896, 40.7508972], [-73.9950931, 40.7508924]]]
      }
    },
    {
      "type": "Feature",
      "properties": {
        "level": "platform",
        "type": "column",
        "platform": "3",
        "color": "#999999",
        "source": "PCIP Phase 2 Appendix A, sheet A-001, November 2020, PDF page 45"
      },
      "geometry": {
        "type": "Polygon",
        "coordinates": [[[-73.9951851, 40.7507656], [-73.9951787, 40.7507631], [-73.9951752, 40.7507679], [-73.9951816, 40.7507704], [-73.9951851, 40.7507656]]]
      }
    },
    {
      "type": "Feature",
      "properties": {
        "level": "platform",
        "type": "column",
        "platform": "3",
        "color": "#999999",
        "source": "PCIP Phase 2 Appendix A, sheet A-001, November 2020, PDF page 45"
      },
      "geometry": {
        "type": "Polygon",
        "coordinates": [[[-73.9951325, 40.75075], [-73.9951359, 40.7507452], [-73.9951294, 40.7507427], [-73.9951261, 40.7507475], [-73.9951325, 40.75075]]]
      }
    },
    {
      "type": "Feature",
      "properties": {
        "level": "platform",
        "type": "enclosure",
        "platform": "8",
        "color": "#999999",
        "source": "PCIP Phase 2 Appendix A, sheet A-001, November 2020, PDF page 45"
      },
      "geometry": {
        "type": "Polygon",
        "coordinates": [[[-73.9947136, 40.7512965], [-73.9947184, 40.7512898], [-73.9947121, 40.7512871], [-73.9947073, 40.7512939], [-73.9947136, 40.7512965]]]
      }
    },
    {
      "type": "Feature",
      "properties": {
        "level": "platform",
        "type": "enclosure",
        "platform": "4",
        "color": "#999999",
        "source": "PCIP Phase 2 Appendix A, sheet A-001, November 2020, PDF page 45"
      },
      "geometry": {
        "type": "Polygon",
        "coordinates": [[[-73.9950317, 40.7508653], [-73.9950254, 40.7508626], [-73.9950205, 40.7508691], [-73.9950268, 40.7508718], [-73.9950317, 40.7508653]]]
      }
    },
    {
      "type": "Feature",
      "properties": {
        "level": "platform",
        "type": "enclosure",
        "platform": "8",
        "color": "#999999",
        "source": "PCIP Phase 2 Appendix A, sheet A-001, November 2020, PDF page 45"
      },
      "geometry": {
        "type": "Polygon",
        "coordinates": [[[-73.9947017, 40.7513097], [-73.9947034, 40.7513075], [-73.9947004, 40.7513062], [-73.9946988, 40.7513084], [-73.9947017, 40.7513097]]]
      }
    },
    {
      "type": "Feature",
      "properties": {
        "level": "platform",
        "type": "enclosure",
        "platform": "7",
        "color": "#999999",
        "source": "PCIP Phase 2 Appendix A, sheet A-001, November 2020, PDF page 45"
      },
      "geometry": {
        "type": "Polygon",
        "coordinates": [[[-73.9947933, 40.7511853], [-73.9947902, 40.751184], [-73.9947885, 40.7511862], [-73.9947917, 40.7511875], [-73.9947933, 40.7511853]]]
      }
    },
    {
      "type": "Feature",
      "properties": {
        "level": "platform",
        "type": "enclosure",
        "platform": "7",
        "color": "#999999",
        "source": "PCIP Phase 2 Appendix A, sheet A-001, November 2020, PDF page 45"
      },
      "geometry": {
        "type": "Polygon",
        "coordinates": [[[-73.994787, 40.7511935], [-73.9947841, 40.7511922], [-73.9947823, 40.7511946], [-73.9947854, 40.7511957], [-73.994787, 40.7511935]]]
      }
    },
    {
      "type": "Feature",
      "properties": {
        "level": "platform",
        "type": "column",
        "platform": "8",
        "color": "#999999",
        "source": "PCIP Phase 2 Appendix A, sheet A-001, November 2020, PDF page 45"
      },
      "geometry": {
        "type": "Polygon",
        "coordinates": [[[-73.9946574, 40.7512658], [-73.9946494, 40.7512624], [-73.9946458, 40.7512672], [-73.9946538, 40.7512706], [-73.9946574, 40.7512658]]]
      }
    },
    {
      "type": "Feature",
      "properties": {
        "level": "platform",
        "type": "column",
        "platform": "6",
        "color": "#999999",
        "source": "PCIP Phase 2 Appendix A, sheet A-001, November 2020, PDF page 45"
      },
      "geometry": {
        "type": "Polygon",
        "coordinates": [[[-73.9948128, 40.7510523], [-73.9948065, 40.7510496], [-73.994803, 40.7510544], [-73.9948093, 40.7510571], [-73.9948128, 40.7510523]]]
      }
    },
    {
      "type": "Feature",
      "properties": {
        "level": "platform",
        "type": "enclosure",
        "platform": "8",
        "color": "#999999",
        "source": "PCIP Phase 2 Appendix A, sheet A-001, November 2020, PDF page 45"
      },
      "geometry": {
        "type": "Polygon",
        "coordinates": [[[-73.9946404, 40.7512839], [-73.9946421, 40.7512815], [-73.994639, 40.7512802], [-73.9946372, 40.7512826], [-73.9946404, 40.7512839]]]
      }
    },
    {
      "type": "Feature",
      "properties": {
        "level": "platform",
        "type": "enclosure",
        "platform": "7",
        "color": "#999999",
        "source": "PCIP Phase 2 Appendix A, sheet A-001, November 2020, PDF page 45"
      },
      "geometry": {
        "type": "Polygon",
        "coordinates": [[[-73.9947238, 40.7511698], [-73.9947255, 40.7511676], [-73.9947225, 40.7511664], [-73.9947209, 40.7511686], [-73.9947238, 40.7511698]]]
      }
    },
    {
      "type": "Feature",
      "properties": {
        "level": "platform",
        "type": "column",
        "platform": "3",
        "color": "#999999",
        "source": "PCIP Phase 2 Appendix A, sheet A-001, November 2020, PDF page 45"
      },
      "geometry": {
        "type": "Polygon",
        "coordinates": [[[-73.9949182, 40.7506535], [-73.9949127, 40.7506512], [-73.9949097, 40.7506553], [-73.9949151, 40.7506577], [-73.9949182, 40.7506535]]]
      }
    },
    {
      "type": "Feature",
      "properties": {
        "level": "platform",
        "type": "column",
        "platform": "3",
        "color": "#999999",
        "source": "PCIP Phase 2 Appendix A, sheet A-001, November 2020, PDF page 45"
      },
      "geometry": {
        "type": "Polygon",
        "coordinates": [[[-73.9948983, 40.7506453], [-73.9948973, 40.7506449], [-73.9948962, 40.7506463], [-73.9948937, 40.7506452], [-73.9948947, 40.7506438], [-73.9948937, 40.7506433], [-73.994891, 40.750647], [-73.9948922, 40.7506475], [-73.994893, 40.7506462], [-73.9948956, 40.7506471], [-73.9948946, 40.7506485], [-73.9948956, 40.750649], [-73.9948983, 40.7506453]]]
      }
    },
    {
      "type": "Feature",
      "properties": {
        "level": "platform",
        "type": "column",
        "platform": "7",
        "color": "#999999",
        "source": "PCIP Phase 2 Appendix A, sheet A-001, November 2020, PDF page 45"
      },
      "geometry": {
        "type": "Polygon",
        "coordinates": [[[-73.9942254, 40.7509441], [-73.9942191, 40.7509414], [-73.9942159, 40.7509457], [-73.9942222, 40.7509484], [-73.9942254, 40.7509441]]]
      }
    },
    {
      "type": "Feature",
      "properties": {
        "level": "platform",
        "type": "column",
        "platform": "2",
        "color": "#999999",
        "source": "PCIP Phase 2 Appendix A, sheet A-001, November 2020, PDF page 45"
      },
      "geometry": {
        "type": "Polygon",
        "coordinates": [[[-73.9946104, 40.7504123], [-73.9946134, 40.7504079], [-73.9946075, 40.7504059], [-73.9946046, 40.7504101], [-73.9946104, 40.7504123]]]
      }
    },
    {
      "type": "Feature",
      "properties": {
        "level": "platform",
        "type": "column",
        "platform": "3",
        "color": "#999999",
        "source": "PCIP Phase 2 Appendix A, sheet A-001, November 2020, PDF page 45"
      },
      "geometry": {
        "type": "Polygon",
        "coordinates": [[[-73.9945317, 40.7505185], [-73.9945261, 40.7505164], [-73.994523, 40.7505209], [-73.9945283, 40.7505232], [-73.9945317, 40.7505185]]]
      }
    },
    {
      "type": "Feature",
      "properties": {
        "level": "platform",
        "type": "enclosure",
        "platform": "1",
        "color": "#999999",
        "source": "PCIP Phase 2 Appendix A, sheet A-001, November 2020, PDF page 45"
      },
      "geometry": {
        "type": "Polygon",
        "coordinates": [[[-73.9946568, 40.7502688], [-73.994649, 40.7502652], [-73.9946459, 40.7502694], [-73.9946537, 40.7502727], [-73.9946568, 40.7502688]]]
      }
    },
    {
      "type": "Feature",
      "properties": {
        "level": "platform",
        "type": "column",
        "platform": "8",
        "color": "#999999",
        "source": "PCIP Phase 2 Appendix A, sheet A-001, November 2020, PDF page 45"
      },
      "geometry": {
        "type": "Polygon",
        "coordinates": [[[-73.9940668, 40.7510091], [-73.9940613, 40.7510068], [-73.9940583, 40.751011], [-73.9940638, 40.7510133], [-73.9940668, 40.7510091]]]
      }
    },
    {
      "type": "Feature",
      "properties": {
        "level": "platform",
        "type": "column",
        "platform": "8",
        "color": "#999999",
        "source": "PCIP Phase 2 Appendix A, sheet A-001, November 2020, PDF page 45"
      },
      "geometry": {
        "type": "Polygon",
        "coordinates": [[[-73.9940522, 40.7510289], [-73.9940467, 40.7510266], [-73.9940438, 40.7510306], [-73.9940493, 40.7510329], [-73.9940522, 40.7510289]]]
      }
    },
    {
      "type": "Feature",
      "properties": {
        "level": "platform",
        "type": "column",
        "platform": "5",
        "color": "#999999",
        "source": "PCIP Phase 2 Appendix A, sheet A-001, November 2020, PDF page 45"
      },
      "geometry": {
        "type": "Polygon",
        "coordinates": [[[-73.9942909, 40.7507055], [-73.9942852, 40.750703], [-73.9942823, 40.750707], [-73.9942879, 40.7507094], [-73.9942909, 40.7507055]]]
      }
    },
    {
      "type": "Feature",
      "properties": {
        "level": "platform",
        "type": "column",
        "platform": "6",
        "color": "#999999",
        "source": "PCIP Phase 2 Appendix A, sheet A-001, November 2020, PDF page 45"
      },
      "geometry": {
        "type": "Polygon",
        "coordinates": [[[-73.9942121, 40.7508121], [-73.9942066, 40.7508095], [-73.9942038, 40.7508132], [-73.9942093, 40.7508155], [-73.9942121, 40.7508121]]]
      }
    },
    {
      "type": "Feature",
      "properties": {
        "level": "platform",
        "type": "column",
        "platform": "6",
        "color": "#999999",
        "source": "PCIP Phase 2 Appendix A, sheet A-001, November 2020, PDF page 45"
      },
      "geometry": {
        "type": "Polygon",
        "coordinates": [[[-73.9942262, 40.7507927], [-73.9942207, 40.7507904], [-73.994218, 40.750794], [-73.9942234, 40.7507964], [-73.9942262, 40.7507927]]]
      }
    },
    {
      "type": "Feature",
      "properties": {
        "level": "platform",
        "type": "column",
        "platform": "3",
        "color": "#999999",
        "source": "PCIP Phase 2 Appendix A, sheet A-001, November 2020, PDF page 45"
      },
      "geometry": {
        "type": "Polygon",
        "coordinates": [[[-73.9944494, 40.7504897], [-73.9944524, 40.7504853], [-73.9944454, 40.7504824], [-73.9944423, 40.7504867], [-73.9944494, 40.7504897]]]
      }
    },
    {
      "type": "Feature",
      "properties": {
        "level": "platform",
        "type": "column",
        "platform": "4",
        "color": "#999999",
        "source": "PCIP Phase 2 Appendix A, sheet A-001, November 2020, PDF page 45"
      },
      "geometry": {
        "type": "Polygon",
        "coordinates": [[[-73.9943861, 40.7505755], [-73.9943804, 40.7505731], [-73.9943775, 40.750577], [-73.9943831, 40.7505794], [-73.9943861, 40.7505755]]]
      }
    },
    {
      "type": "Feature",
      "properties": {
        "level": "platform",
        "type": "column",
        "platform": "4",
        "color": "#999999",
        "source": "PCIP Phase 2 Appendix A, sheet A-001, November 2020, PDF page 45"
      },
      "geometry": {
        "type": "Polygon",
        "coordinates": [[[-73.9943717, 40.7505949], [-73.994366, 40.7505925], [-73.9943631, 40.7505965], [-73.9943688, 40.7505989], [-73.9943717, 40.7505949]]]
      }
    },
    {
      "type": "Feature",
      "properties": {
        "level": "platform",
        "type": "enclosure",
        "platform": "2",
        "color": "#999999",
        "source": "PCIP Phase 2 Appendix A, sheet A-001, November 2020, PDF page 45"
      },
      "geometry": {
        "type": "Polygon",
        "coordinates": [[[-73.9945328, 40.7503738], [-73.994528, 40.7503717], [-73.9945239, 40.7503769], [-73.9945288, 40.750379], [-73.9945328, 40.7503738]]]
      }
    },
    {
      "type": "Feature",
      "properties": {
        "level": "platform",
        "type": "enclosure",
        "platform": "8",
        "color": "#999999",
        "source": "PCIP Phase 2 Appendix A, sheet A-001, November 2020, PDF page 45"
      },
      "geometry": {
        "type": "Polygon",
        "coordinates": [[[-73.994006, 40.7509842], [-73.9939961, 40.75098], [-73.9939934, 40.7509837], [-73.9940033, 40.7509878], [-73.994006, 40.7509842]]]
      }
    },
    {
      "type": "Feature",
      "properties": {
        "level": "platform",
        "type": "enclosure",
        "platform": "7",
        "color": "#999999",
        "source": "PCIP Phase 2 Appendix A, sheet A-001, November 2020, PDF page 45"
      },
      "geometry": {
        "type": "Polygon",
        "coordinates": [[[-73.9940868, 40.7508732], [-73.9940774, 40.7508692], [-73.9940747, 40.7508729], [-73.9940841, 40.7508769], [-73.9940868, 40.7508732]]]
      }
    },
    {
      "type": "Feature",
      "properties": {
        "level": "platform",
        "type": "enclosure",
        "platform": "4",
        "color": "#999999",
        "source": "PCIP Phase 2 Appendix A, sheet A-001, November 2020, PDF page 45"
      },
      "geometry": {
        "type": "Polygon",
        "coordinates": [[[-73.9943109, 40.7505695], [-73.9943012, 40.7505654], [-73.9942986, 40.7505689], [-73.9943083, 40.750573], [-73.9943109, 40.7505695]]]
      }
    },
    {
      "type": "Feature",
      "properties": {
        "level": "platform",
        "type": "enclosure",
        "platform": "3",
        "color": "#999999",
        "source": "PCIP Phase 2 Appendix A, sheet A-001, November 2020, PDF page 45"
      },
      "geometry": {
        "type": "Polygon",
        "coordinates": [[[-73.99439, 40.750461], [-73.9943927, 40.7504569], [-73.9943833, 40.7504529], [-73.9943805, 40.750457], [-73.99439, 40.750461]]]
      }
    },
    {
      "type": "Feature",
      "properties": {
        "level": "platform",
        "type": "enclosure",
        "platform": "2",
        "color": "#999999",
        "source": "PCIP Phase 2 Appendix A, sheet A-001, November 2020, PDF page 45"
      },
      "geometry": {
        "type": "Polygon",
        "coordinates": [[[-73.9944705, 40.7503482], [-73.9944665, 40.7503465], [-73.994463, 40.7503513], [-73.994467, 40.750353], [-73.9944705, 40.7503482]]]
      }
    },
    {
      "type": "Feature",
      "properties": {
        "level": "platform",
        "type": "enclosure",
        "platform": "3",
        "color": "#999999",
        "source": "PCIP Phase 2 Appendix A, sheet A-001, November 2020, PDF page 45"
      },
      "geometry": {
        "type": "Polygon",
        "coordinates": [[[-73.994207, 40.7503811], [-73.9942105, 40.7503763], [-73.9942011, 40.7503723], [-73.9941975, 40.7503771], [-73.994207, 40.7503811]]]
      }
    },
    {
      "type": "Feature",
      "properties": {
        "level": "platform",
        "type": "enclosure",
        "platform": "3",
        "color": "#999999",
        "source": "PCIP Phase 2 Appendix A, sheet A-001, November 2020, PDF page 45"
      },
      "geometry": {
        "type": "Polygon",
        "coordinates": [[[-73.9941216, 40.7503449], [-73.9941251, 40.7503401], [-73.9941157, 40.7503361], [-73.9941121, 40.7503409], [-73.9941216, 40.7503449]]]
      }
    },
    {
      "type": "Feature",
      "properties": {
        "level": "platform",
        "type": "enclosure",
        "platform": "3",
        "color": "#999999",
        "source": "PCIP Phase 2 Appendix A, sheet A-001, November 2020, PDF page 45"
      },
      "geometry": {
        "type": "Polygon",
        "coordinates": [[[-73.9937307, 40.7501735], [-73.9937175, 40.7501679], [-73.9937128, 40.7501743], [-73.9937262, 40.7501798], [-73.9937307, 40.7501735]]]
      }
    },
    {
      "type": "Feature",
      "properties": {
        "level": "platform",
        "type": "enclosure",
        "platform": "4",
        "color": "#999999",
        "source": "PCIP Phase 2 Appendix A, sheet A-001, November 2020, PDF page 45"
      },
      "geometry": {
        "type": "Polygon",
        "coordinates": [[[-73.9934574, 40.7501995], [-73.9934609, 40.7501948], [-73.9934479, 40.7501892], [-73.9934443, 40.750194], [-73.9934574, 40.7501995]]]
      }
    },
    {
      "type": "Feature",
      "properties": {
        "level": "platform",
        "type": "enclosure",
        "platform": "5",
        "color": "#999999",
        "source": "PCIP Phase 2 Appendix A, sheet A-001, November 2020, PDF page 45"
      },
      "geometry": {
        "type": "Polygon",
        "coordinates": [[[-73.9930517, 40.7501661], [-73.9930374, 40.75016], [-73.9930325, 40.7501667], [-73.9930469, 40.7501726], [-73.9930517, 40.7501661]]]
      }
    },
    {
      "type": "Feature",
      "properties": {
        "level": "platform",
        "type": "enclosure",
        "platform": "5",
        "color": "#999999",
        "source": "PCIP Phase 2 Appendix A, sheet A-001, November 2020, PDF page 45"
      },
      "geometry": {
        "type": "Polygon",
        "coordinates": [[[-73.993015, 40.7501593], [-73.9930199, 40.7501526], [-73.9930042, 40.7501459], [-73.9929992, 40.7501526], [-73.993015, 40.7501593]]]
      }
    },
    {
      "type": "Feature",
      "properties": {
        "level": "platform",
        "type": "enclosure",
        "platform": "7",
        "color": "#999999",
        "source": "PCIP Phase 2 Appendix A, sheet A-001, November 2020, PDF page 45"
      },
      "geometry": {
        "type": "Polygon",
        "coordinates": [[[-73.9927122, 40.7503018], [-73.9926984, 40.7502959], [-73.9926947, 40.7503008], [-73.9927088, 40.7503068], [-73.9927122, 40.7503018]]]
      }
    },
    {
      "type": "Feature",
      "properties": {
        "level": "platform",
        "type": "enclosure",
        "platform": "1",
        "color": "#999999",
        "source": "PCIP Phase 2 Appendix A, sheet A-001, November 2020, PDF page 45"
      },
      "geometry": {
        "type": "Polygon",
        "coordinates": [[[-73.9930959, 40.7496137], [-73.993101, 40.7496069], [-73.9930844, 40.7495998], [-73.9930793, 40.7496067], [-73.9930959, 40.7496137]]]
      }
    },
    {
      "type": "Feature",
      "properties": {
        "level": "platform",
        "type": "enclosure",
        "platform": "1",
        "color": "#999999",
        "source": "PCIP Phase 2 Appendix A, sheet A-001, November 2020, PDF page 45"
      },
      "geometry": {
        "type": "Polygon",
        "coordinates": [[[-73.9930452, 40.7495841], [-73.9930286, 40.749577], [-73.9930237, 40.7495839], [-73.9930401, 40.7495909], [-73.9930452, 40.7495841]]]
      }
    },
    {
      "type": "Feature",
      "properties": {
        "level": "platform",
        "type": "enclosure",
        "platform": "1",
        "color": "#999999",
        "source": "PCIP Phase 2 Appendix A, sheet A-001, November 2020, PDF page 45"
      },
      "geometry": {
        "type": "Polygon",
        "coordinates": [[[-73.9929496, 40.7495433], [-73.9929332, 40.7495364], [-73.9929281, 40.7495432], [-73.9929447, 40.7495503], [-73.9929496, 40.7495433]]]
      }
    },
    {
      "type": "Feature",
      "properties": {
        "level": "platform",
        "type": "enclosure",
        "platform": "1",
        "color": "#999999",
        "source": "PCIP Phase 2 Appendix A, sheet A-001, November 2020, PDF page 45"
      },
      "geometry": {
        "type": "Polygon",
        "coordinates": [[[-73.992849, 40.7495101], [-73.9928541, 40.7495032], [-73.9928374, 40.7494962], [-73.9928324, 40.749503], [-73.992849, 40.7495101]]]
      }
    },
    {
      "type": "Feature",
      "properties": {
        "level": "platform",
        "type": "enclosure",
        "platform": "1",
        "color": "#999999",
        "source": "PCIP Phase 2 Appendix A, sheet A-001, November 2020, PDF page 45"
      },
      "geometry": {
        "type": "Polygon",
        "coordinates": [[[-73.9927575, 40.7494619], [-73.9927408, 40.749455], [-73.9927357, 40.7494619], [-73.9927525, 40.7494687], [-73.9927575, 40.7494619]]]
      }
    },
    {
      "type": "Feature",
      "properties": {
        "level": "platform",
        "type": "enclosure",
        "platform": "1",
        "color": "#999999",
        "source": "PCIP Phase 2 Appendix A, sheet A-001, November 2020, PDF page 45"
      },
      "geometry": {
        "type": "Polygon",
        "coordinates": [[[-73.9926609, 40.7494211], [-73.9926442, 40.7494141], [-73.9926394, 40.749421], [-73.9926558, 40.749428], [-73.9926609, 40.7494211]]]
      }
    },
    {
      "type": "Feature",
      "properties": {
        "level": "platform",
        "type": "enclosure",
        "platform": "1",
        "color": "#999999",
        "source": "PCIP Phase 2 Appendix A, sheet A-001, November 2020, PDF page 45"
      },
      "geometry": {
        "type": "Polygon",
        "coordinates": [[[-73.9925597, 40.7493875], [-73.9925648, 40.7493806], [-73.9925482, 40.7493736], [-73.9925431, 40.7493804], [-73.9925597, 40.7493875]]]
      }
    },
    {
      "type": "Feature",
      "properties": {
        "level": "concourse",
        "type": "concourse",
        "source": "PCIP Phase 2 Appendix A, sheet A-001, November 2020, PDF page 45"
      },
      "geometry": {
        "type": "Polygon",
        "coordinates": [[[-73.992896, 40.7495031], [-73.992791, 40.7494586], [-73.992791, 40.7494586], [-73.9927614, 40.7494986], [-73.9927614, 40.7494986], [-73.9927564, 40.7494965], [-73.9927564, 40.7494965], [-73.9927298, 40.7495315], [-73.9927298, 40.7495315], [-73.9927096, 40.7495229], [-73.9927096, 40.7495229], [-73.9926774, 40.7495675], [-73.9926774, 40.7495675], [-73.9926979, 40.7495761], [-73.9926979, 40.7495761], [-73.9925214, 40.7498168], [-73.9925214, 40.7498168], [-73.9924459, 40.7497848], [-73.9924459, 40.7497848], [-73.9924453, 40.7497845], [-73.9924436, 40.749784], [-73.9924409, 40.7497832], [-73.9924372, 40.7497823], [-73.9924326, 40.7497816], [-73.9924271, 40.749781], [-73.9924209, 40.7497808], [-73.9924209, 40.7497808], [-73.992417, 40.7497809], [-73.9924128, 40.7497813], [-73.9924083, 40.7497818], [-73.9924038, 40.7497826], [-73.9923994, 40.7497835], [-73.9923952, 40.7497845], [-73.9923913, 40.7497856], [-73.9923913, 40.7497856], [-73.9923817, 40.7497893], [-73.9923737, 40.7497935], [-73.9923673, 40.7497978], [-73.9923623, 40.7498019], [-73.9923588, 40.7498053], [-73.9923568, 40.7498077], [-73.9923561, 40.7498085], [-73.9923561, 40.7498085], [-73.9923943, 40.7498247], [-73.9923943, 40.7498247], [-73.992391, 40.7498292], [-73.992391, 40.7498292], [-73.992422, 40.7498424], [-73.992422, 40.7498424], [-73.9924081, 40.7498612], [-73.9924081, 40.7498612], [-73.9924574, 40.749882], [-73.9924574, 40.749882], [-73.9923929, 40.7499693], [-73.9923929, 40.7499693], [-73.9923819, 40.7499646], [-73.9923819, 40.7499646], [-73.9923062, 40.750067], [-73.9923062, 40.750067], [-73.9918652, 40.74988], [-73.9918652, 40.74988], [-73.9917946, 40.7499757], [-73.9917946, 40.7499757], [-73.9918268, 40.7499893], [-73.9918268, 40.7499893], [-73.9918386, 40.7499738], [-73.9918386, 40.7499738], [-73.991892, 40.7499965], [-73.991892, 40.7499965], [-73.9919154, 40.7499648], [-73.9919154, 40.7499648], [-73.9919611, 40.7499842], [-73.9919611, 40.7499842], [-73.9919737, 40.7499676], [-73.9919737, 40.7499676], [-73.9923687, 40.7501336], [-73.9923687, 40.7501336], [-73.9923075, 40.7502165], [-73.9923075, 40.7502165], [-73.9922979, 40.7502125], [-73.9922979, 40.7502125], [-73.9922717, 40.750248], [-73.9922717, 40.750248], [-73.9921953, 40.7502156], [-73.9921953, 40.7502156], [-73.9921763, 40.7502414], [-73.9921763, 40.7502414], [-73.9921685, 40.7502381], [-73.9921685, 40.7502381], [-73.9921971, 40.7501993], [-73.9921971, 40.7501993], [-73.9921843, 40.7501939], [-73.9921843, 40.7501939], [-73.9921557, 40.7502326], [-73.9921557, 40.7502326], [-73.9920344, 40.7501809], [-73.9920344, 40.7501809], [-73.9919697, 40.7502685], [-73.9919697, 40.7502685], [-73.9923302, 40.7504213], [-73.9923302, 40.7504213], [-73.992394, 40.7503349], [-73.992394, 40.7503349], [-73.9924042, 40.7503392], [-73.9924042, 40.7503392], [-73.9924244, 40.7503118], [-73.9924244, 40.7503118], [-73.9924142, 40.7503075], [-73.9924142, 40.7503075], [-73.9924722, 40.7502291], [-73.9924722, 40.7502291], [-73.9924823, 40.7502334], [-73.9924823, 40.7502334], [-73.9925034, 40.7502049], [-73.9925034, 40.7502049], [-73.9924929, 40.7502005], [-73.9924929, 40.7502005], [-73.9925004, 40.7501903], [-73.9925004, 40.7501903], [-73.9929052, 40.7503619], [-73.9929052, 40.7503619], [-73.992904, 40.750364], [-73.992901, 40.7503699], [-73.992897, 40.7503792], [-73.9928931, 40.7503915], [-73.99289, 40.7504064], [-73.9928886, 40.7504234], [-73.9928899, 40.7504423], [-73.9928899, 40.7504423], [-73.9928943, 40.750461], [-73.992901, 40.7504778], [-73.9929088, 40.7504924], [-73.9929167, 40.7505043], [-73.9929237, 40.7505133], [-73.9929287, 40.750519], [-73.9929306, 40.7505209], [-73.9929306, 40.7505209], [-73.992841, 40.750483], [-73.992841, 40.750483], [-73.9928313, 40.7504962], [-73.9928313, 40.7504962], [-73.9929387, 40.7505417], [-73.9929387, 40.7505417], [-73.992862, 40.7506455], [-73.992862, 40.7506455], [-73.9929525, 40.7506838], [-73.9929525, 40.7506838], [-73.993101, 40.7504828], [-73.993101, 40.7504828], [-73.9931292, 40.7504947], [-73.9931292, 40.7504947], [-73.993188, 40.750415], [-73.993188, 40.750415], [-73.9935501, 40.7505685], [-73.9935501, 40.7505685], [-73.9935426, 40.7505787], [-73.9935426, 40.7505787], [-73.9936053, 40.7506053], [-73.9936053, 40.7506053], [-73.9935692, 40.7506541], [-73.9935692, 40.7506541], [-73.9935518, 40.7506467], [-73.9935518, 40.7506467], [-73.9935255, 40.7506823], [-73.9935255, 40.7506823], [-73.9935438, 40.7506901], [-73.9935438, 40.7506901], [-73.9934747, 40.7507837], [-73.9934747, 40.7507837], [-73.9933583, 40.7507343], [-73.9933583, 40.7507343], [-73.9933704, 40.7507181], [-73.9933704, 40.7507181], [-73.9933448, 40.7507072], [-73.9933448, 40.7507072], [-73.9933343, 40.7507215], [-73.9933343, 40.7507215], [-73.9933326, 40.7507501], [-73.9933326, 40.7507501], [-73.9934597, 40.750804], [-73.9934597, 40.750804], [-73.9934056, 40.7508773], [-73.9934056, 40.7508773], [-73.9935819, 40.750952], [-73.9935819, 40.750952], [-73.9941267, 40.7502145], [-73.9941267, 40.7502145], [-73.9941424, 40.7502212], [-73.9941424, 40.7502212], [-73.9941511, 40.7502093], [-73.9941511, 40.7502093], [-73.9941335, 40.7502018], [-73.9941335, 40.7502018], [-73.9942131, 40.7500941], [-73.9942131, 40.7500941], [-73.9942221, 40.7500978], [-73.9942221, 40.7500978], [-73.9942323, 40.7500839], [-73.9942323, 40.7500839], [-73.994035, 40.7500003], [-73.994035, 40.7500003], [-73.9940235, 40.7500158], [-73.9940235, 40.7500158], [-73.9939225, 40.749973], [-73.9939225, 40.749973], [-73.9939347, 40.7499565], [-73.9939347, 40.7499565], [-73.9938689, 40.7499286], [-73.9938689, 40.7499286], [-73.9938597, 40.749941], [-73.9938597, 40.749941], [-73.9939049, 40.7499602], [-73.9939049, 40.7499602], [-73.9938891, 40.7499816], [-73.9938891, 40.7499816], [-73.9940197, 40.7500369], [-73.9940197, 40.7500369], [-73.9939716, 40.750102], [-73.9939716, 40.750102], [-73.9940007, 40.7501143], [-73.9940007, 40.7501143], [-73.9939766, 40.7501469], [-73.9939766, 40.7501469], [-73.9939493, 40.7501353], [-73.9939493, 40.7501353], [-73.9938922, 40.7502126], [-73.9938922, 40.7502126], [-73.9938857, 40.7502098], [-73.9938857, 40.7502098], [-73.9938661, 40.7502363], [-73.9938661, 40.7502363], [-73.9938742, 40.7502397], [-73.9938742, 40.7502397], [-73.9937081, 40.7504645], [-73.9937081, 40.7504645], [-73.9936916, 40.7504575], [-73.9936916, 40.7504575], [-73.993681, 40.7504717], [-73.993681, 40.7504717], [-73.9936976, 40.7504788], [-73.9936976, 40.7504788], [-73.9936472, 40.7505469], [-73.9936472, 40.7505469], [-73.9936374, 40.7505427], [-73.9936374, 40.7505427], [-73.9936261, 40.750558], [-73.9936261, 40.750558], [-73.9936342, 40.7505614], [-73.9936342, 40.7505614], [-73.9936304, 40.7505665], [-73.9936304, 40.7505665], [-73.9934505, 40.7504902], [-73.9934505, 40.7504902], [-73.9934475, 40.7504943], [-73.9934475, 40.7504943], [-73.9932206, 40.7503981], [-73.9932206, 40.7503981], [-73.9932303, 40.7503849], [-73.9932303, 40.7503849], [-73.9932129, 40.7503775], [-73.9932129, 40.7503775], [-73.9932751, 40.7502932], [-73.9932751, 40.7502932], [-73.9931986, 40.7502608], [-73.9931986, 40.7502608], [-73.9932002, 40.7502585], [-73.9932002, 40.7502585], [-73.993277, 40.7502911], [-73.993277, 40.7502911], [-73.9932899, 40.7502736], [-73.9932899, 40.7502736], [-73.9932158, 40.7502422], [-73.9932158, 40.7502422], [-73.9932874, 40.7501453], [-73.9932874, 40.7501453], [-73.9933136, 40.7501563], [-73.9933136, 40.7501563], [-73.9933521, 40.7501464], [-73.9933521, 40.7501464], [-73.9933767, 40.7501568], [-73.9933767, 40.7501568], [-73.9933871, 40.7501428], [-73.9933871, 40.7501428], [-73.9933129, 40.7501108], [-73.9933129, 40.7501108], [-73.9933761, 40.7500252], [-73.9933761, 40.7500252], [-73.9934699, 40.750065], [-73.9934699, 40.750065], [-73.9934808, 40.7500502], [-73.9934808, 40.7500502], [-73.9934418, 40.7500337], [-73.9934418, 40.7500337], [-73.9934351, 40.7500109], [-73.9934351, 40.7500109], [-73.9933996, 40.7499959], [-73.9933996, 40.7499959], [-73.9934538, 40.7499224], [-73.9934538, 40.7499224], [-73.9935462, 40.7499613], [-73.9935462, 40.7499613], [-73.993557, 40.7499467], [-73.993557, 40.7499467], [-73.9935162, 40.7499294], [-73.9935162, 40.7499294], [-73.9935187, 40.749919], [-73.9935187, 40.749919], [-73.9935187, 40.7499185], [-73.9935187, 40.749918], [-73.9935186, 40.7499174], [-73.9935185, 40.7499169], [-73.9935184, 40.7499164], [-73.9935183, 40.7499159], [-73.9935182, 40.7499153], [-73.9935182, 40.7499153], [-73.9935165, 40.749912], [-73.9935165, 40.749912], [-73.9935144, 40.7499097], [-73.9935144, 40.7499097], [-73.9935139, 40.7499092], [-73.9935131, 40.7499087], [-73.9935123, 40.7499081], [-73.9935114, 40.7499075], [-73.9935105, 40.749907], [-73.9935096, 40.7499066], [-73.9935088, 40.7499063], [-73.9935088, 40.7499063], [-73.9934762, 40.7498921], [-73.9934762, 40.7498921], [-73.9935078, 40.7498493], [-73.9935078, 40.7498493], [-73.9935446, 40.7498649], [-73.9935446, 40.7498649], [-73.99355, 40.7498666], [-73.9935557, 40.7498673], [-73.9935613, 40.7498671], [-73.9935667, 40.7498659], [-73.9935716, 40.7498639], [-73.9935759, 40.7498611], [-73.9935794, 40.7498574], [-73.9935794, 40.7498574], [-73.9935947, 40.7498367], [-73.9935947, 40.7498367], [-73.993629, 40.7498512], [-73.993629, 40.7498512], [-73.9936415, 40.7498343], [-73.9936415, 40.7498343], [-73.9935156, 40.749781], [-73.9935156, 40.749781], [-73.9935106, 40.7497877], [-73.9935106, 40.7497877], [-73.9934849, 40.7497768], [-73.9934849, 40.7497768], [-73.9934891, 40.7497712], [-73.9934891, 40.7497712], [-73.9933921, 40.74973], [-73.9933921, 40.74973], [-73.9933789, 40.7497479], [-73.9933789, 40.7497479], [-73.9934455, 40.7497761], [-73.9934455, 40.7497761], [-73.993375, 40.7498715], [-73.993375, 40.7498715], [-73.9933077, 40.749843], [-73.9933077, 40.749843], [-73.9932962, 40.7498584], [-73.9932962, 40.7498584], [-73.9933635, 40.7498872], [-73.9933635, 40.7498872], [-73.9933565, 40.7498966], [-73.9933565, 40.7498966], [-73.9933469, 40.7498924], [-73.9933469, 40.7498924], [-73.9933005, 40.7499553], [-73.9933005, 40.7499553], [-73.9933101, 40.7499594], [-73.9933101, 40.7499594], [-73.9932985, 40.749975], [-73.9932985, 40.749975], [-73.9932305, 40.7499462], [-73.9932305, 40.7499462], [-73.9932196, 40.7499609], [-73.9932196, 40.7499609], [-73.9932877, 40.7499897], [-73.9932877, 40.7499897], [-73.9932822, 40.7499972], [-73.9932822, 40.7499972], [-73.993273, 40.7499932], [-73.993273, 40.7499932], [-73.9932251, 40.750058], [-73.9932251, 40.750058], [-73.9932343, 40.7500621], [-73.9932343, 40.7500621], [-73.9932227, 40.7500777], [-73.9932227, 40.7500777], [-73.9931505, 40.750047], [-73.9931505, 40.750047], [-73.9931395, 40.750062], [-73.9931395, 40.750062], [-73.9932099, 40.7500918], [-73.9932099, 40.7500918], [-73.9931844, 40.7501264], [-73.9931844, 40.7501264], [-73.9931837, 40.7501264], [-73.9931817, 40.7501265], [-73.9931786, 40.7501267], [-73.9931745, 40.7501271], [-73.9931694, 40.7501277], [-73.9931636, 40.7501285], [-73.9931572, 40.7501298], [-73.9931572, 40.7501298], [-73.9931503, 40.7501313], [-73.9931432, 40.7501332], [-73.9931361, 40.7501352], [-73.9931293, 40.7501372], [-73.9931231, 40.750139], [-73.9931177, 40.7501406], [-73.9931134, 40.7501418], [-73.9931134, 40.7501418], [-73.9931057, 40.7501442], [-73.9930982, 40.750147], [-73.9930913, 40.7501499], [-73.9930853, 40.7501527], [-73.9930805, 40.7501551], [-73.9930774, 40.7501567], [-73.9930763, 40.7501573], [-73.9930763, 40.7501573], [-73.9929759, 40.7501147], [-73.9929759, 40.7501147], [-73.9929648, 40.7501298], [-73.9929648, 40.7501298], [-73.9930083, 40.7501483], [-73.9930083, 40.7501483], [-73.9929918, 40.7501706], [-73.9929918, 40.7501706], [-73.9929315, 40.7501451], [-73.9929315, 40.7501451], [-73.9928833, 40.7502104], [-73.9928833, 40.7502104], [-73.9928534, 40.7501978], [-73.9928534, 40.7501978], [-73.9928299, 40.7502296], [-73.9928299, 40.7502296], [-73.9928597, 40.7502423], [-73.9928597, 40.7502423], [-73.9928266, 40.7502872], [-73.9928266, 40.7502872], [-73.9924443, 40.7501251], [-73.9924443, 40.7501251], [-73.9924671, 40.7500943], [-73.9924671, 40.7500943], [-73.9924603, 40.7500913], [-73.9924603, 40.7500913], [-73.9924705, 40.7500774], [-73.9924705, 40.7500774], [-73.9924834, 40.7500829], [-73.9924834, 40.7500829], [-73.9924977, 40.7500636], [-73.9924977, 40.7500636], [-73.9924845, 40.750058], [-73.9924845, 40.750058], [-73.9924952, 40.7500435], [-73.9924952, 40.7500435], [-73.9925019, 40.7500467], [-73.9925019, 40.7500467], [-73.9925199, 40.7500222], [-73.9925199, 40.7500222], [-73.9924968, 40.7500125], [-73.9924968, 40.7500125], [-73.9925314, 40.7499657], [-73.9925314, 40.7499657], [-73.9925506, 40.7499738], [-73.9925506, 40.7499738], [-73.9925649, 40.7499545], [-73.9925649, 40.7499545], [-73.9926316, 40.7499828], [-73.9926316, 40.7499828], [-73.9926369, 40.7499756], [-73.9926369, 40.7499756], [-73.9925697, 40.7499472], [-73.9925697, 40.7499472], [-73.9925883, 40.7499221], [-73.9925883, 40.7499221], [-73.9926078, 40.7499304], [-73.9926078, 40.7499304], [-73.9926298, 40.7499005], [-73.9926298, 40.7499005], [-73.9926161, 40.7498947], [-73.9926161, 40.7498947], [-73.9926372, 40.7498662], [-73.9926372, 40.7498662], [-73.9926998, 40.7498928], [-73.9926998, 40.7498928], [-73.9927126, 40.7498755], [-73.9927126, 40.7498755], [-73.9926441, 40.7498465], [-73.9926441, 40.7498465], [-73.9927088, 40.749759], [-73.9927088, 40.749759], [-73.9928175, 40.7498051], [-73.9928175, 40.7498051], [-73.9928265, 40.7497929], [-73.9928265, 40.7497929], [-73.9927615, 40.749764], [-73.9927615, 40.749764], [-73.9927223, 40.7497407], [-73.9927223, 40.7497407], [-73.9928174, 40.7496119], [-73.9928174, 40.7496119], [-73.9928363, 40.74962], [-73.9928363, 40.74962], [-73.9928599, 40.749588], [-73.9928599, 40.749588], [-73.9928456, 40.7495819], [-73.9928456, 40.7495819], [-73.9928727, 40.7495453], [-73.9928727, 40.7495453], [-73.9928667, 40.7495428], [-73.9928667, 40.7495428], [-73.992896, 40.7495031], [-73.992896, 40.7495031]]]
      }
    },
    {
      "type": "Feature",
      "properties": {
        "level": "concourse",
        "type": "concourse",
        "source": "PCIP Phase 2 Appendix A, sheet A-001, November 2020, PDF page 45"
      },
      "geometry": {
        "type": "Polygon",
        "coordinates": [[[-73.9947176, 40.7514308], [-73.99512, 40.7508814], [-73.99512, 40.7508814], [-73.9951003, 40.7508731], [-73.9951003, 40.7508731], [-73.9951417, 40.750817], [-73.9951417, 40.750817], [-73.9951659, 40.7508272], [-73.9951659, 40.7508272], [-73.995207, 40.750772], [-73.995207, 40.750772], [-73.995045, 40.7507033], [-73.995045, 40.7507033], [-73.9950153, 40.7507435], [-73.9950153, 40.7507435], [-73.9949401, 40.7507116], [-73.9949401, 40.7507116], [-73.994895, 40.7507727], [-73.994895, 40.7507727], [-73.9949708, 40.7508048], [-73.9949708, 40.7508048], [-73.9948536, 40.7509635], [-73.9948536, 40.7509635], [-73.9947778, 40.7509314], [-73.9947778, 40.7509314], [-73.994735, 40.7509894], [-73.994735, 40.7509894], [-73.994811, 40.7510216], [-73.994811, 40.7510216], [-73.9946968, 40.7511762], [-73.9946968, 40.7511762], [-73.9946227, 40.7511448], [-73.9946227, 40.7511448], [-73.9945731, 40.7512119], [-73.9945731, 40.7512119], [-73.9946478, 40.7512436], [-73.9946478, 40.7512436], [-73.9945659, 40.7513545], [-73.9945659, 40.7513545], [-73.9945501, 40.7513478], [-73.9945501, 40.7513478], [-73.9945418, 40.751359], [-73.9945418, 40.751359], [-73.9947176, 40.7514308], [-73.9947176, 40.7514308]]]
      }
    }
  ]
}
