{"type": "FeatureCollection", "frame": "feet: x east of the NY Penn Station Master Plan's plans' west edge, y north of platform 5's centerline on the PCIP Phase 2 existing plan, with east and north along Manhattan's street grid", "features": [
{"type": "Feature", "properties": {"level": "platform", "type": "platform", "platform": "9", "source": "PCIP Phase 1 Appendix A, sheet A-021, July 2019, PDF page 31"}, "geometry": {"type": "Polygon", "coordinates": [[[-164.2, 181.1], [-164.2, 181.1], [-160.4, 180.9], [-160.4, 180.9], [-156.7, 180.6], [-156.7, 180.6], [-153.1, 180.5], [-153.1, 180.5], [-149.4, 180.2], [-149.4, 180.2], [-145.7, 179.9], [-145.7, 179.9], [-142.0, 179.6], [-142.0, 179.6], [-138.6, 179.2], [-135.0, 178.9], [-135.0, 178.9], [-131.6, 178.5], [-128.2, 178.2], [-128.2, 178.2], [-124.8, 177.9], [-124.8, 177.9], [-121.2, 177.4], [-121.2, 177.4], [-119.9, 177.3], [-119.9, 177.3], [-116.2, 177.0], [-116.2, 177.0], [-108.9, 176.3], [-108.9, 176.3], [-105.1, 175.9], [-105.1, 175.8], [-102.6, 175.6], [-100.0, 175.3], [-97.3, 175.1], [-94.6, 174.8], [-91.8, 174.5], [-91.8, 174.5], [-88.6, 174.4], [-88.6, 174.4], [-85.4, 174.3], [-85.4, 174.3], [-82.3, 174.0], [-82.3, 174.0], [-79.1, 173.8], [-79.1, 173.8], [-75.9, 173.6], [-75.9, 173.6], [-74.8, 173.5], [-74.8, 173.5], [-71.2, 173.4], [-71.2, 173.4], [-67.7, 173.2], [-67.7, 173.2], [-64.1, 173.1], [-64.1, 173.1], [-60.7, 172.9], [-60.7, 172.9], [-57.0, 172.6], [-57.0, 172.6], [-53.5, 172.5], [-53.5, 172.5], [-50.9, 172.5], [-50.9, 172.5], [-48.4, 172.3], [-48.4, 172.3], [-45.8, 172.2], [-45.8, 172.2], [-42.0, 172.1], [-38.2, 172.0], [-38.2, 172.0], [-34.5, 172.0], [-34.5, 172.0], [-30.7, 171.9], [-30.6, 171.9], [-27.7, 171.8], [-27.7, 171.8], [-21.6, 171.8], [-21.6, 171.8], [-18.6, 171.7], [-18.6, 171.7], [-15.5, 171.7], [-15.5, 171.7], [-11.8, 171.6], [-11.8, 171.6], [-1.4, 171.6], [-1.4, 171.6], [1.9, 171.5], [1.9, 171.5], [11.8, 171.5], [11.8, 171.5], [15.1, 171.3], [15.1, 171.3], [46.5, 171.3], [46.5, 171.3], [49.6, 171.5], [49.7, 171.5], [154.4, 171.5], [154.4, 171.5], [157.9, 171.6], [157.9, 171.6], [219.7, 171.6], [219.7, 171.6], [227.0, 171.3], [227.0, 171.3], [558.3, 171.3], [558.3, 171.3], [629.0, 175.6], [629.0, 175.6], [629.0, 175.6], [629.0, 175.6], [629.0, 175.7], [629.0, 175.7], [629.0, 175.7], [629.1, 175.8], [629.1, 175.8], [629.1, 175.8], [629.1, 175.9], [629.1, 175.9], [629.2, 175.9], [629.2, 175.9], [629.2, 175.9], [629.3, 175.9], [629.3, 175.9], [629.3, 175.9], [642.7, 176.9], [642.8, 176.9], [686.8, 177.3], [686.8, 177.3], [881.3, 178.1], [881.3, 178.1], [881.3, 178.1], [881.3, 191.2], [881.3, 191.2], [881.3, 191.2], [220.1, 190.0], [220.0, 190.0], [217.3, 190.2], [214.4, 190.4], [211.5, 190.6], [211.5, 190.6], [208.8, 190.7], [208.7, 190.7], [206.3, 190.8], [206.3, 190.8], [203.9, 190.9], [203.9, 190.9], [200.3, 191.0], [196.7, 191.1], [193.2, 191.2], [193.2, 191.2], [189.7, 191.3], [189.7, 191.3], [186.0, 191.4], [182.5, 191.5], [182.5, 191.5], [181.7, 191.6], [181.7, 191.6], [178.7, 191.6], [178.6, 191.6], [175.8, 191.8], [175.8, 191.8], [172.8, 191.8], [172.8, 191.8], [170.0, 191.9], [166.3, 192.0], [166.3, 192.0], [162.8, 192.0], [162.8, 192.0], [159.3, 192.0], [159.2, 192.0], [156.0, 192.0], [156.0, 192.0], [153.0, 192.2], [153.0, 192.2], [127.9, 192.2], [127.9, 192.2], [124.7, 192.0], [124.7, 192.0], [105.9, 192.0], [105.9, 192.0], [102.4, 192.0], [102.4, 192.0], [-85.4, 192.0], [-85.4, 192.0], [-88.9, 191.9], [-88.9, 191.9], [-96.1, 191.9], [-96.1, 191.9], [-99.5, 191.8], [-99.5, 191.8], [-102.8, 191.8], [-102.9, 191.8], [-106.2, 191.6], [-106.2, 191.6], [-109.6, 191.5], [-109.6, 191.5], [-113.0, 191.4], [-116.4, 191.3], [-116.4, 191.3], [-119.7, 191.3], [-119.7, 191.3], [-121.1, 191.2], [-121.1, 191.2], [-124.6, 191.1], [-128.2, 191.0], [-128.2, 191.0], [-131.6, 190.8], [-131.6, 190.8], [-135.3, 190.7], [-135.3, 190.7], [-138.8, 190.6], [-142.3, 190.5], [-142.4, 190.5], [-146.0, 190.2], [-149.7, 190.0], [-149.7, 190.0], [-153.3, 189.6], [-157.0, 189.3], [-157.0, 189.3], [-160.5, 189.0], [-160.5, 189.0], [-164.2, 188.6], [-164.2, 188.6], [-164.2, 188.6], [-164.2, 181.1], [-164.2, 181.1]]]}},
{"type": "Feature", "properties": {"level": "platform", "type": "platform", "platform": "10", "source": "PCIP Phase 1 Appendix A, sheet A-021, July 2019, PDF page 31"}, "geometry": {"type": "Polygon", "coordinates": [[[-95.1, 223.9], [-95.1, 223.9], [-95.1, 221.3], [-95.1, 221.3], [-94.9, 218.9], [-94.9, 218.9], [-94.9, 218.9], [-93.5, 218.7], [-93.4, 218.7], [-78.4, 218.7], [-78.4, 218.7], [-74.8, 218.5], [-74.8, 218.5], [-59.7, 218.5], [-59.7, 218.5], [-55.9, 218.4], [-55.9, 218.4], [-48.8, 218.4], [-48.7, 218.4], [-48.7, 218.4], [-48.7, 218.4], [-48.6, 218.4], [-48.6, 218.4], [-48.6, 218.4], [-48.5, 218.3], [-48.5, 218.3], [-48.5, 218.3], [-48.5, 218.3], [-48.4, 218.2], [-48.4, 218.2], [-48.4, 218.2], [-48.4, 218.1], [-48.4, 218.1], [-48.4, 218.1], [-48.4, 215.4], [-48.4, 215.4], [-48.3, 212.2], [-48.3, 212.2], [-48.3, 202.8], [-48.3, 202.8], [-48.3, 202.8], [-41.0, 202.8], [-41.0, 202.8], [-37.5, 202.8], [-37.5, 202.8], [66.9, 202.8], [67.0, 202.8], [70.6, 202.9], [70.6, 202.9], [119.5, 202.9], [119.5, 202.9], [122.9, 203.1], [122.9, 203.1], [133.1, 203.1], [133.2, 203.1], [136.5, 203.2], [136.5, 203.2], [144.0, 203.2], [144.0, 203.2], [147.8, 203.3], [147.8, 203.3], [151.5, 203.3], [151.5, 203.3], [155.1, 203.4], [155.1, 203.4], [171.1, 203.4], [171.1, 203.4], [174.2, 203.5], [174.2, 203.5], [176.8, 203.4], [176.8, 203.4], [179.6, 203.4], [179.6, 203.4], [182.3, 203.3], [182.3, 203.3], [185.5, 203.3], [185.5, 203.3], [188.8, 203.2], [192.0, 203.1], [192.0, 203.1], [195.3, 202.9], [195.4, 202.9], [198.3, 202.8], [198.3, 202.8], [201.3, 202.8], [201.3, 202.8], [204.4, 202.8], [204.4, 202.8], [206.8, 202.7], [206.8, 202.7], [209.4, 202.5], [212.1, 202.3], [215.0, 202.1], [215.0, 202.1], [217.8, 201.9], [217.8, 201.9], [220.7, 201.7], [220.7, 201.7], [408.1, 201.7], [581.0, 202.4], [581.0, 202.4], [864.9, 202.9], [864.9, 202.9], [911.6, 208.9], [911.6, 208.9], [964.4, 218.9], [964.4, 218.9], [964.4, 218.9], [964.3, 242.2], [964.3, 242.2], [964.3, 242.2], [206.2, 240.3], [206.2, 240.3], [202.7, 240.2], [199.3, 240.1], [195.7, 240.0], [192.2, 239.9], [192.2, 239.9], [188.7, 239.9], [188.7, 239.9], [185.2, 239.8], [185.2, 239.8], [182.3, 239.7], [182.3, 239.7], [179.4, 239.7], [179.4, 239.7], [176.5, 239.6], [176.5, 239.6], [170.2, 239.6], [170.2, 239.6], [166.8, 239.5], [166.8, 239.5], [160.2, 239.5], [160.2, 239.5], [156.8, 239.3], [156.8, 239.3], [150.1, 239.3], [150.1, 239.3], [146.8, 239.2], [146.8, 239.2], [140.6, 239.2], [140.6, 239.2], [137.6, 239.3], [137.6, 239.3], [84.1, 239.3], [84.1, 239.3], [80.4, 239.2], [80.4, 239.2], [72.3, 239.2], [72.3, 239.2], [69.0, 239.2], [68.9, 239.2], [65.6, 239.2], [65.6, 239.2], [62.1, 239.1], [62.1, 239.1], [58.8, 239.1], [58.8, 239.1], [55.4, 238.9], [55.4, 238.9], [52.0, 238.9], [52.0, 238.9], [48.4, 238.8], [44.9, 238.7], [44.9, 238.7], [41.5, 238.7], [41.5, 238.7], [37.9, 238.6], [34.4, 238.5], [34.4, 238.5], [30.9, 238.5], [30.9, 238.5], [28.1, 238.4], [28.1, 238.4], [25.1, 238.2], [25.1, 238.2], [22.2, 238.1], [22.2, 238.1], [19.5, 237.9], [16.7, 237.8], [16.7, 237.8], [13.0, 237.6], [13.0, 237.6], [9.4, 237.3], [9.4, 237.3], [5.6, 237.0], [5.6, 237.0], [2.0, 236.8], [-1.2, 236.6], [-1.2, 236.6], [-4.1, 236.4], [-4.1, 236.4], [-7.2, 236.2], [-7.3, 236.2], [-10.2, 235.9], [-10.2, 235.9], [-13.4, 235.6], [-13.4, 235.6], [-16.6, 235.4], [-16.6, 235.4], [-19.8, 235.2], [-19.8, 235.2], [-22.5, 234.9], [-22.5, 234.9], [-25.1, 234.6], [-25.1, 234.6], [-27.8, 234.4], [-27.8, 234.4], [-30.9, 234.0], [-30.9, 234.0], [-34.0, 233.6], [-37.2, 233.1], [-37.2, 233.1], [-40.3, 232.9], [-40.3, 232.9], [-43.3, 232.5], [-43.4, 232.4], [-46.0, 232.1], [-46.1, 232.1], [-48.7, 231.7], [-48.7, 231.7], [-52.3, 231.1], [-52.3, 231.1], [-56.1, 230.5], [-59.7, 229.9], [-63.3, 229.3], [-63.3, 229.3], [-67.0, 228.8], [-70.7, 228.3], [-70.7, 228.3], [-74.4, 227.7], [-78.1, 227.1], [-81.7, 226.4], [-84.8, 225.9], [-88.1, 225.3], [-88.2, 225.3], [-91.5, 224.5], [-91.6, 224.5], [-95.1, 223.9], [-95.1, 223.9]]]}},
{"type": "Feature", "properties": {"level": "platform", "type": "platform", "platform": "11", "source": "PCIP Phase 1 Appendix A, sheet A-021, July 2019, PDF page 31"}, "geometry": {"type": "Polygon", "coordinates": [[[-22.0, 282.3], [-22.0, 282.3], [-22.0, 270.2], [-22.0, 270.2], [-22.0, 268.8], [-22.0, 268.8], [-21.9, 268.8], [-18.7, 268.8], [-18.7, 268.8], [-15.5, 268.6], [-15.5, 268.6], [-12.3, 268.6], [-12.3, 268.6], [-9.0, 268.5], [-9.0, 268.5], [-5.9, 268.5], [-5.9, 268.5], [-3.2, 268.4], [-3.2, 268.4], [-0.5, 268.4], [-0.5, 268.4], [2.3, 268.3], [2.3, 268.3], [5.7, 268.3], [5.7, 268.3], [9.2, 268.2], [9.2, 268.2], [12.8, 268.2], [12.8, 268.1], [16.1, 268.1], [16.2, 268.1], [19.6, 268.1], [19.6, 268.1], [23.1, 268.0], [23.1, 268.0], [26.8, 268.0], [26.9, 268.0], [30.5, 267.9], [30.5, 267.9], [127.5, 267.9], [127.5, 267.9], [131.3, 268.0], [131.3, 268.0], [214.7, 268.0], [214.8, 268.0], [217.9, 268.1], [217.9, 268.1], [964.3, 268.6], [964.3, 268.6], [964.3, 268.6], [964.3, 289.0], [964.3, 289.0], [964.3, 289.0], [216.3, 288.4], [150.0, 288.4], [150.0, 288.4], [146.6, 288.3], [146.5, 288.3], [101.4, 288.3], [101.4, 288.3], [98.7, 288.2], [98.7, 288.2], [85.9, 288.2], [85.9, 288.2], [82.1, 288.0], [82.1, 288.0], [72.8, 288.0], [72.8, 288.0], [70.0, 287.9], [70.0, 287.9], [66.6, 287.9], [66.6, 287.9], [63.3, 287.8], [60.0, 287.7], [60.0, 287.7], [56.7, 287.7], [56.7, 287.7], [53.4, 287.7], [53.4, 287.7], [50.3, 287.5], [50.2, 287.5], [47.2, 287.5], [47.2, 287.5], [44.1, 287.4], [41.0, 287.3], [37.9, 287.2], [37.9, 287.2], [34.7, 287.0], [34.7, 287.0], [31.5, 286.9], [28.4, 286.8], [28.4, 286.8], [27.2, 286.6], [27.2, 286.6], [23.7, 286.4], [23.7, 286.4], [20.2, 286.1], [20.2, 286.1], [16.8, 285.9], [16.8, 285.9], [13.3, 285.7], [13.3, 285.7], [9.7, 285.4], [6.2, 285.1], [6.2, 285.1], [2.7, 284.9], [2.7, 284.9], [-0.0, 284.6], [-0.0, 284.6], [-2.8, 284.4], [-2.8, 284.4], [-5.6, 284.2], [-5.6, 284.2], [-8.9, 283.7], [-8.9, 283.7], [-12.2, 283.5], [-12.2, 283.5], [-15.5, 283.1], [-15.5, 283.1], [-18.7, 282.7], [-18.7, 282.7], [-22.0, 282.3], [-22.0, 282.3]]]}},
{"type": "Feature", "properties": {"level": "platform", "type": "platform", "platform": "8", "source": "PCIP Phase 1 Appendix A, sheet A-021, July 2019, PDF page 31"}, "geometry": {"type": "Polygon", "coordinates": [[[-401.5, 131.8], [-401.5, 131.8], [-401.4, 128.7], [-401.4, 128.6], [-401.1, 125.5], [-401.1, 125.5], [-401.1, 125.5], [-398.1, 125.4], [-395.0, 125.3], [-391.9, 125.3], [-388.8, 125.2], [-388.8, 125.2], [-385.7, 125.0], [-385.7, 125.0], [-383.1, 125.0], [-383.0, 125.0], [-380.4, 124.9], [-380.4, 124.9], [-371.3, 124.9], [-371.3, 124.9], [-368.0, 124.8], [-368.0, 124.8], [-288.4, 124.8], [-288.4, 124.8], [-285.1, 124.9], [-285.1, 124.9], [-253.6, 124.9], [-253.6, 124.9], [-250.0, 125.0], [-249.9, 125.0], [-246.7, 125.0], [-246.6, 125.0], [-243.3, 125.2], [-243.2, 125.2], [-239.8, 125.2], [-239.8, 125.2], [-236.5, 125.3], [-236.5, 125.3], [-230.0, 125.3], [-230.0, 125.3], [-227.0, 125.3], [-227.0, 125.3], [-220.9, 125.3], [-220.9, 125.3], [-217.9, 125.4], [-217.9, 125.4], [-207.7, 125.4], [-207.7, 125.4], [-204.6, 125.3], [-204.6, 125.3], [-201.6, 125.3], [-201.6, 125.3], [-198.5, 125.3], [-198.5, 125.3], [-195.6, 125.3], [-195.6, 125.3], [-192.5, 125.2], [-192.4, 125.2], [-189.3, 125.2], [-189.3, 125.2], [-186.4, 125.0], [-186.4, 125.0], [-74.6, 125.0], [-74.6, 125.0], [-71.5, 125.2], [-71.5, 125.2], [-5.9, 125.2], [-5.9, 125.2], [-2.6, 125.3], [-2.6, 125.3], [88.0, 125.3], [88.0, 125.3], [91.3, 125.3], [91.3, 125.3], [208.7, 125.3], [208.7, 125.3], [212.1, 125.4], [212.1, 125.4], [222.2, 125.4], [779.2, 126.3], [779.2, 126.3], [779.2, 126.3], [779.2, 137.4], [779.2, 137.4], [779.2, 137.5], [666.8, 145.7], [666.8, 145.7], [206.8, 146.2], [196.1, 146.2], [196.1, 146.2], [192.6, 146.1], [192.6, 146.1], [91.8, 146.1], [91.8, 146.1], [88.9, 146.0], [88.9, 146.0], [18.6, 146.0], [18.6, 146.0], [14.9, 145.8], [14.8, 145.8], [-59.9, 145.8], [-59.9, 145.8], [-63.4, 145.7], [-63.4, 145.7], [-158.5, 145.7], [-158.5, 145.7], [-161.7, 145.6], [-161.7, 145.6], [-171.6, 145.6], [-171.6, 145.6], [-174.8, 145.5], [-174.8, 145.5], [-187.1, 145.5], [-187.1, 145.5], [-190.1, 145.5], [-190.1, 145.5], [-200.4, 145.5], [-200.4, 145.5], [-203.8, 145.3], [-203.8, 145.3], [-207.5, 145.2], [-207.5, 145.2], [-211.3, 145.2], [-211.3, 145.2], [-215.1, 145.1], [-218.8, 145.0], [-218.8, 145.0], [-222.5, 144.9], [-222.6, 144.9], [-226.3, 144.8], [-230.0, 144.7], [-233.6, 144.6], [-233.6, 144.6], [-237.3, 144.6], [-237.3, 144.6], [-240.9, 144.4], [-240.9, 144.4], [-244.4, 144.3], [-247.6, 144.2], [-250.9, 144.2], [-250.9, 144.2], [-254.1, 143.9], [-254.1, 143.9], [-257.4, 143.8], [-260.6, 143.7], [-260.6, 143.7], [-263.8, 143.5], [-263.8, 143.5], [-267.1, 143.4], [-270.2, 143.3], [-273.3, 143.2], [-273.3, 143.2], [-276.3, 142.9], [-276.3, 142.9], [-279.4, 142.8], [-279.4, 142.8], [-282.5, 142.8], [-282.5, 142.8], [-285.9, 142.5], [-285.9, 142.5], [-289.3, 142.3], [-289.3, 142.3], [-292.8, 142.2], [-292.8, 142.2], [-296.3, 141.9], [-296.3, 141.9], [-299.4, 141.7], [-299.5, 141.7], [-302.6, 141.5], [-302.6, 141.5], [-305.7, 141.3], [-305.7, 141.3], [-308.8, 141.0], [-308.9, 141.0], [-312.0, 140.8], [-312.0, 140.8], [-314.8, 140.6], [-314.9, 140.6], [-317.9, 140.4], [-317.9, 140.4], [-320.8, 140.1], [-320.8, 140.1], [-323.6, 140.0], [-323.6, 140.0], [-327.3, 139.6], [-327.3, 139.6], [-331.0, 139.4], [-331.0, 139.4], [-333.9, 139.1], [-333.9, 139.1], [-336.8, 138.9], [-336.8, 138.9], [-339.7, 138.6], [-339.7, 138.6], [-343.3, 138.2], [-343.3, 138.2], [-346.8, 138.0], [-346.8, 138.0], [-350.3, 137.6], [-350.3, 137.6], [-353.8, 137.3], [-353.8, 137.3], [-357.3, 137.0], [-357.3, 137.0], [-358.1, 136.8], [-358.1, 136.8], [-361.4, 136.6], [-361.4, 136.6], [-364.7, 136.2], [-368.0, 135.9], [-371.3, 135.5], [-374.6, 135.2], [-377.9, 134.8], [-377.9, 134.8], [-380.7, 134.5], [-380.7, 134.5], [-383.5, 134.2], [-383.5, 134.2], [-386.3, 133.9], [-386.3, 133.9], [-389.3, 133.4], [-392.4, 133.0], [-395.4, 132.6], [-395.4, 132.6], [-398.5, 132.2], [-398.5, 132.2], [-401.5, 131.8], [-401.5, 131.8]]]}},
{"type": "Feature", "properties": {"level": "platform", "type": "platform", "platform": "7", "source": "PCIP Phase 1 Appendix A, sheet A-021, July 2019, PDF page 31"}, "geometry": {"type": "Polygon", "coordinates": [[[-401.7, 99.2], [-401.7, 99.2], [-401.7, 81.5], [-401.7, 81.5], [-401.7, 81.5], [-346.4, 81.5], [-346.4, 81.5], [-344.0, 81.5], [-344.0, 81.5], [-339.6, 81.5], [-339.6, 81.5], [-336.1, 81.7], [-336.1, 81.7], [-332.6, 81.7], [-332.6, 81.7], [-329.2, 81.8], [-329.2, 81.8], [-325.6, 81.8], [-325.6, 81.8], [-322.2, 81.9], [-322.1, 81.9], [-318.6, 81.9], [-318.6, 81.9], [-315.5, 82.0], [-315.5, 82.0], [-312.4, 82.0], [-312.4, 82.0], [-309.5, 82.2], [-309.4, 82.2], [-306.3, 82.2], [-306.3, 82.2], [-300.7, 82.2], [-300.7, 82.2], [-298.2, 82.3], [-298.1, 82.3], [-286.4, 82.3], [-286.4, 82.3], [-283.1, 82.2], [-283.1, 82.2], [-279.7, 82.2], [-279.7, 82.2], [-276.4, 82.2], [-276.4, 82.2], [-273.1, 82.2], [-273.1, 82.2], [-269.4, 82.0], [-269.4, 82.0], [-266.0, 81.9], [-262.4, 81.8], [-262.4, 81.8], [-258.9, 81.8], [-258.9, 81.8], [-255.4, 81.7], [-255.3, 81.7], [-252.6, 81.5], [-252.6, 81.5], [-250.0, 81.5], [-249.9, 81.5], [-246.3, 81.5], [-242.8, 81.4], [-239.2, 81.3], [-239.2, 81.3], [-235.7, 81.1], [-235.7, 81.1], [-232.2, 81.1], [-232.2, 81.1], [-228.8, 81.0], [-225.2, 80.9], [-221.6, 80.8], [-217.9, 80.8], [-217.8, 80.8], [-214.2, 80.6], [-214.2, 80.6], [-210.6, 80.6], [-210.5, 80.6], [-207.0, 80.5], [-207.0, 80.5], [-204.4, 80.4], [-204.4, 80.4], [-201.8, 80.4], [-201.8, 80.4], [-199.2, 80.3], [-199.1, 80.3], [-196.1, 80.2], [-196.1, 80.2], [-193.1, 80.2], [-193.1, 80.2], [-190.0, 80.1], [-190.0, 80.1], [-187.1, 80.1], [-187.1, 80.1], [-183.9, 80.0], [-183.9, 80.0], [-181.1, 79.9], [-181.1, 79.9], [-178.2, 79.9], [-178.2, 79.9], [-175.3, 79.8], [-175.3, 79.8], [-172.5, 79.8], [-172.4, 79.8], [-168.9, 79.6], [-168.9, 79.6], [-165.4, 79.6], [-165.4, 79.6], [-161.8, 79.5], [-161.8, 79.5], [-155.3, 79.5], [-155.3, 79.5], [-152.0, 79.5], [-152.0, 79.5], [-146.3, 79.5], [-146.3, 79.5], [-143.4, 79.4], [-143.4, 79.4], [-129.4, 79.4], [-129.4, 79.4], [-126.3, 79.2], [-126.2, 79.2], [-98.5, 79.2], [-98.5, 79.2], [-94.8, 79.1], [-94.8, 79.1], [-91.0, 79.1], [-91.0, 79.1], [-87.3, 79.0], [-87.3, 79.0], [-84.2, 79.0], [-84.2, 79.0], [-81.0, 78.9], [-81.0, 78.9], [-38.6, 78.9], [-38.6, 78.9], [-34.8, 79.0], [-34.8, 79.0], [46.1, 79.0], [46.1, 79.0], [49.2, 79.1], [49.2, 79.1], [143.2, 79.1], [143.2, 79.1], [146.1, 79.2], [146.1, 79.2], [149.9, 79.1], [149.9, 79.1], [172.8, 79.1], [172.8, 79.1], [176.2, 79.2], [176.2, 79.2], [213.4, 79.2], [820.8, 79.6], [820.8, 79.6], [820.8, 79.6], [820.7, 95.6], [820.7, 95.7], [820.7, 95.7], [757.7, 99.8], [757.7, 99.8], [216.7, 99.9], [171.0, 99.9], [171.0, 99.9], [167.3, 99.8], [167.3, 99.8], [83.0, 99.8], [83.0, 99.8], [79.8, 99.7], [79.8, 99.7], [61.6, 99.7], [61.6, 99.7], [58.3, 99.7], [58.3, 99.7], [38.2, 99.7], [38.2, 99.7], [34.4, 99.5], [34.4, 99.5], [26.9, 99.5], [26.9, 99.5], [23.2, 99.4], [23.2, 99.4], [15.8, 99.4], [15.8, 99.4], [12.1, 99.3], [12.1, 99.3], [4.8, 99.3], [4.8, 99.3], [1.1, 99.2], [1.1, 99.2], [-2.6, 99.2], [-2.6, 99.2], [-6.4, 99.0], [-6.4, 99.0], [-29.5, 99.0], [-29.5, 99.0], [-32.9, 99.2], [-32.9, 99.2], [-36.4, 99.3], [-36.4, 99.3], [-39.9, 99.3], [-39.9, 99.3], [-43.3, 99.4], [-46.9, 99.5], [-46.9, 99.5], [-50.7, 99.5], [-50.7, 99.5], [-54.2, 99.7], [-54.2, 99.7], [-59.9, 99.7], [-59.9, 99.7], [-62.7, 99.5], [-62.8, 99.5], [-78.8, 99.5], [-78.8, 99.5], [-82.1, 99.4], [-82.2, 99.4], [-95.3, 99.4], [-95.3, 99.4], [-98.6, 99.3], [-98.6, 99.3], [-189.1, 99.3], [-189.2, 99.3], [-192.5, 99.4], [-192.5, 99.4], [-311.5, 99.4], [-311.5, 99.4], [-315.1, 99.3], [-315.1, 99.3], [-397.6, 99.3], [-397.6, 99.3], [-400.7, 99.2], [-400.7, 99.2], [-401.7, 99.2], [-401.7, 99.2]]]}},
{"type": "Feature", "properties": {"level": "platform", "type": "platform", "platform": "6", "source": "PCIP Phase 1 Appendix A, sheet A-021, July 2019, PDF page 31"}, "geometry": {"type": "Polygon", "coordinates": [[[-401.7, 35.9], [-401.7, 35.9], [-401.7, 35.9], [-337.6, 35.9], [-337.6, 35.9], [-334.7, 36.0], [-334.7, 36.0], [-269.4, 36.0], [-269.4, 36.0], [-266.6, 36.1], [-266.6, 36.1], [-212.1, 36.1], [-212.1, 36.1], [-209.2, 36.2], [-209.2, 36.2], [-187.4, 36.2], [-187.4, 36.2], [-184.4, 36.1], [-184.4, 36.1], [-113.1, 36.1], [-113.1, 36.1], [-109.8, 36.2], [-109.8, 36.2], [-90.2, 36.2], [-90.1, 36.2], [-86.8, 36.1], [-86.8, 36.1], [-67.5, 36.1], [-67.4, 36.1], [-63.7, 36.2], [-63.7, 36.2], [-46.0, 36.2], [-46.0, 36.2], [-42.8, 36.1], [-42.8, 36.1], [-21.8, 36.1], [-21.8, 36.1], [-18.2, 36.2], [-18.2, 36.2], [3.1, 36.2], [3.1, 36.2], [6.2, 36.4], [6.2, 36.4], [9.4, 36.4], [9.5, 36.4], [12.8, 36.2], [12.8, 36.2], [59.0, 36.2], [59.0, 36.2], [62.4, 36.4], [62.4, 36.4], [125.8, 36.4], [125.8, 36.4], [128.9, 36.4], [128.9, 36.4], [224.2, 36.4], [849.9, 36.5], [850.0, 36.5], [850.0, 36.5], [850.0, 53.6], [850.0, 53.6], [849.9, 53.6], [223.2, 53.9], [188.0, 53.9], [188.0, 53.9], [184.6, 53.7], [184.6, 53.7], [163.5, 53.7], [163.5, 53.7], [160.1, 53.6], [160.1, 53.6], [22.9, 53.6], [22.8, 53.6], [19.1, 53.5], [19.1, 53.5], [-66.3, 53.5], [-66.3, 53.5], [-69.9, 53.4], [-69.9, 53.4], [-75.0, 53.4], [-75.0, 53.4], [-78.3, 53.5], [-78.3, 53.5], [-107.2, 53.5], [-107.2, 53.5], [-110.9, 53.4], [-110.9, 53.4], [-133.8, 53.4], [-133.8, 53.4], [-136.9, 53.3], [-136.9, 53.3], [-174.1, 53.3], [-174.1, 53.3], [-177.2, 53.2], [-177.2, 53.2], [-184.5, 53.2], [-184.5, 53.2], [-188.3, 53.1], [-188.3, 53.1], [-195.7, 53.1], [-195.7, 53.1], [-198.9, 53.0], [-198.9, 53.0], [-205.3, 53.0], [-205.3, 53.0], [-208.5, 52.9], [-208.5, 52.9], [-214.7, 52.9], [-214.7, 52.9], [-217.6, 52.7], [-217.6, 52.7], [-376.2, 52.7], [-376.2, 52.7], [-379.9, 52.6], [-379.9, 52.6], [-401.7, 52.6], [-401.7, 52.6], [-401.7, 52.6], [-401.7, 35.9]]]}},
{"type": "Feature", "properties": {"level": "platform", "type": "platform", "platform": "5", "source": "PCIP Phase 1 Appendix A, sheet A-021, July 2019, PDF page 31"}, "geometry": {"type": "Polygon", "coordinates": [[[-401.7, -10.7], [-401.7, -10.7], [-401.7, -10.7], [-374.1, -10.7], [-374.1, -10.7], [-370.8, -10.8], [-370.8, -10.8], [-362.3, -10.8], [-362.3, -10.8], [-358.7, -10.7], [-358.7, -10.7], [-337.3, -10.7], [-337.3, -10.7], [-333.6, -10.6], [-333.6, -10.6], [-316.9, -10.6], [-316.9, -10.6], [-314.2, -10.4], [-314.2, -10.4], [-312.2, -10.4], [-312.2, -10.4], [-308.6, -10.6], [-308.6, -10.6], [-254.7, -10.6], [-254.7, -10.6], [-251.8, -10.4], [-251.8, -10.4], [-228.3, -10.4], [-228.3, -10.4], [-224.5, -10.3], [-224.5, -10.3], [-182.0, -10.3], [-182.0, -10.3], [-178.7, -10.2], [-178.7, -10.2], [-152.6, -10.2], [-152.6, -10.2], [-149.5, -10.1], [-149.5, -10.1], [-79.6, -10.1], [-79.6, -10.1], [-76.0, -10.2], [-76.0, -10.2], [-64.9, -10.2], [-64.9, -10.2], [-61.2, -10.3], [-61.2, -10.3], [-57.9, -10.2], [-57.9, -10.2], [-54.5, -10.2], [-54.5, -10.2], [-51.2, -10.1], [-51.2, -10.1], [-47.9, -10.1], [-47.9, -10.1], [-44.7, -10.0], [-44.7, -10.0], [-41.4, -9.9], [-41.3, -9.9], [-38.1, -9.9], [-38.1, -9.9], [-34.8, -9.8], [-34.8, -9.8], [-31.6, -9.8], [-31.6, -9.8], [-28.5, -9.7], [-28.5, -9.7], [-22.0, -9.7], [-22.0, -9.7], [-18.8, -9.6], [-18.8, -9.6], [-6.6, -9.6], [-6.5, -9.6], [-3.2, -9.7], [-3.2, -9.7], [3.9, -9.7], [3.9, -9.7], [7.6, -9.8], [7.6, -9.8], [11.3, -9.8], [11.3, -9.8], [14.9, -9.9], [14.9, -9.9], [22.2, -9.9], [22.2, -9.9], [25.9, -10.0], [25.9, -10.0], [33.0, -10.0], [33.0, -10.0], [36.6, -10.1], [36.6, -10.1], [110.7, -10.1], [110.7, -10.1], [114.3, -10.0], [114.3, -10.0], [131.5, -10.0], [131.5, -10.0], [134.7, -10.1], [134.7, -10.1], [144.4, -10.1], [144.4, -10.1], [147.9, -10.0], [147.9, -10.0], [167.6, -10.0], [167.6, -10.0], [170.6, -9.9], [170.6, -9.9], [179.2, -9.9], [179.2, -9.9], [182.6, -10.0], [182.7, -10.0], [227.6, -10.0], [758.3, -9.7], [758.3, -9.7], [819.3, -4.7], [819.3, -4.7], [819.3, -4.6], [819.3, 10.4], [819.3, 10.4], [819.3, 10.4], [212.9, 10.7], [210.2, 10.7], [210.2, 10.7], [207.4, 10.6], [207.4, 10.6], [34.9, 10.6], [34.9, 10.6], [31.1, 10.5], [31.1, 10.5], [5.2, 10.5], [5.2, 10.5], [1.9, 10.4], [1.9, 10.4], [-76.3, 10.4], [-76.3, 10.4], [-80.1, 10.2], [-80.1, 10.2], [-83.7, 10.2], [-83.7, 10.2], [-87.3, 10.1], [-87.3, 10.1], [-91.0, 10.1], [-91.0, 10.1], [-94.8, 10.1], [-94.8, 10.1], [-102.0, 10.1], [-102.0, 10.1], [-105.5, 10.0], [-105.6, 10.0], [-122.6, 10.0], [-122.6, 10.0], [-126.1, 9.9], [-126.1, 9.9], [-140.3, 9.9], [-140.4, 9.9], [-143.6, 9.7], [-143.7, 9.7], [-149.8, 9.7], [-149.8, 9.7], [-152.7, 9.6], [-152.7, 9.6], [-155.7, 9.6], [-155.7, 9.6], [-158.9, 9.5], [-158.9, 9.5], [-162.1, 9.5], [-162.1, 9.5], [-165.2, 9.4], [-165.2, 9.4], [-168.4, 9.3], [-168.5, 9.3], [-171.7, 9.3], [-171.7, 9.3], [-175.1, 9.2], [-178.6, 9.1], [-182.0, 9.0], [-182.0, 9.0], [-185.4, 9.0], [-185.4, 9.0], [-188.8, 8.9], [-188.8, 8.9], [-192.3, 8.8], [-192.3, 8.8], [-195.7, 8.7], [-195.7, 8.7], [-199.1, 8.7], [-199.1, 8.7], [-202.5, 8.6], [-205.9, 8.5], [-205.9, 8.5], [-209.3, 8.3], [-209.3, 8.3], [-212.7, 8.2], [-216.1, 8.1], [-216.1, 8.1], [-219.5, 8.1], [-219.5, 8.1], [-222.5, 8.1], [-222.6, 8.1], [-225.5, 7.9], [-225.5, 7.9], [-228.5, 7.8], [-228.5, 7.8], [-231.5, 7.8], [-231.5, 7.8], [-234.4, 7.7], [-237.3, 7.6], [-237.3, 7.6], [-240.4, 7.5], [-240.4, 7.5], [-243.3, 7.5], [-243.3, 7.5], [-245.7, 7.4], [-245.7, 7.4], [-249.2, 7.3], [-249.2, 7.3], [-252.8, 7.3], [-252.8, 7.3], [-256.3, 7.2], [-256.3, 7.2], [-260.0, 7.1], [-260.0, 7.1], [-263.5, 6.9], [-263.5, 6.9], [-267.1, 6.8], [-267.1, 6.8], [-270.2, 6.8], [-270.2, 6.8], [-273.4, 6.7], [-276.5, 6.7], [-276.5, 6.7], [-279.7, 6.7], [-279.7, 6.7], [-282.7, 6.6], [-282.8, 6.6], [-286.0, 6.4], [-286.0, 6.4], [-297.3, 6.4], [-297.3, 6.4], [-300.7, 6.6], [-300.7, 6.6], [-304.1, 6.6], [-304.2, 6.6], [-307.5, 6.7], [-307.5, 6.7], [-314.3, 6.7], [-314.3, 6.7], [-317.6, 6.7], [-317.6, 6.7], [-321.1, 6.7], [-321.1, 6.7], [-324.4, 6.8], [-324.4, 6.8], [-327.8, 6.8], [-327.8, 6.8], [-331.2, 6.9], [-331.2, 6.9], [-334.7, 6.9], [-334.7, 6.9], [-338.3, 7.1], [-338.3, 7.1], [-387.8, 7.1], [-387.8, 7.1], [-390.5, 6.9], [-390.5, 6.9], [-401.7, 6.9], [-401.7, 6.9], [-401.7, 6.9], [-401.7, -10.7]]]}},
{"type": "Feature", "properties": {"level": "platform", "type": "platform", "platform": "4", "source": "PCIP Phase 1 Appendix A, sheet A-021, July 2019, PDF page 31"}, "geometry": {"type": "Polygon", "coordinates": [[[-399.1, -36.9], [-399.1, -36.9], [-399.0, -40.4], [-399.0, -40.4], [-398.8, -43.7], [-398.8, -43.8], [-398.8, -43.8], [-395.7, -44.1], [-392.3, -44.5], [-392.3, -44.5], [-390.6, -44.7], [-390.6, -44.7], [-387.0, -44.9], [-387.0, -44.9], [-383.4, -45.2], [-379.7, -45.6], [-379.7, -45.6], [-376.1, -45.8], [-376.1, -45.8], [-372.4, -46.1], [-372.4, -46.1], [-368.9, -46.5], [-368.9, -46.5], [-365.6, -46.6], [-362.0, -46.8], [-362.0, -46.8], [-358.5, -47.1], [-358.5, -47.1], [-355.1, -47.2], [-355.1, -47.2], [-351.6, -47.5], [-351.6, -47.5], [-348.2, -47.7], [-348.2, -47.7], [-345.2, -47.9], [-345.2, -47.9], [-342.3, -48.0], [-342.3, -48.0], [-339.3, -48.2], [-336.1, -48.4], [-332.8, -48.5], [-332.8, -48.5], [-329.6, -48.6], [-329.6, -48.6], [-326.4, -48.9], [-326.4, -48.9], [-323.1, -49.0], [-323.1, -49.0], [-320.2, -49.1], [-320.1, -49.1], [-317.1, -49.3], [-317.1, -49.3], [-314.2, -49.4], [-311.2, -49.5], [-308.0, -49.6], [-308.0, -49.6], [-304.8, -49.8], [-304.8, -49.8], [-301.5, -49.9], [-301.5, -49.9], [-298.6, -49.9], [-295.7, -50.0], [-292.5, -50.1], [-292.5, -50.1], [-289.3, -50.3], [-289.3, -50.3], [-286.1, -50.4], [-282.9, -50.5], [-279.6, -50.5], [-279.6, -50.5], [-276.4, -50.8], [-276.4, -50.8], [-273.1, -50.9], [-269.9, -51.0], [-266.7, -51.1], [-266.6, -51.1], [-263.3, -51.2], [-263.3, -51.2], [-260.2, -51.4], [-260.2, -51.4], [-257.0, -51.5], [-257.0, -51.5], [-253.7, -51.7], [-253.7, -51.7], [-250.6, -51.8], [-247.5, -51.9], [-244.5, -51.9], [-244.5, -51.9], [-241.4, -52.1], [-238.3, -52.3], [-238.3, -52.3], [-235.3, -52.4], [-232.1, -52.5], [-232.1, -52.5], [-229.1, -52.6], [-229.1, -52.6], [-226.3, -52.7], [-226.3, -52.7], [-223.6, -52.8], [-220.8, -52.9], [-220.8, -52.9], [-217.4, -53.1], [-217.4, -53.1], [-214.0, -53.2], [-214.0, -53.2], [-210.7, -53.3], [-210.7, -53.3], [-207.2, -53.4], [-207.2, -53.4], [-203.8, -53.6], [-203.8, -53.6], [-200.9, -53.7], [-197.9, -53.8], [-194.9, -53.9], [-194.9, -53.9], [-191.9, -54.0], [-188.6, -54.2], [-188.6, -54.2], [-185.2, -54.3], [-181.9, -54.4], [-181.9, -54.4], [-178.4, -54.6], [-178.4, -54.6], [-174.9, -54.6], [-171.2, -54.7], [-167.6, -54.8], [-167.6, -54.8], [-164.0, -55.0], [-164.0, -55.0], [-160.4, -55.1], [-156.9, -55.2], [-153.3, -55.3], [-153.3, -55.3], [-153.0, -55.3], [-152.9, -55.3], [-149.5, -55.4], [-149.5, -55.4], [-146.0, -55.4], [-146.0, -55.4], [-142.4, -55.5], [-139.0, -55.6], [-139.0, -55.6], [-135.4, -55.6], [-135.4, -55.6], [-132.0, -55.7], [-128.4, -55.8], [-128.4, -55.8], [-125.6, -55.8], [-125.5, -55.8], [-122.6, -55.9], [-122.6, -55.9], [-119.7, -55.9], [-119.7, -55.9], [-116.3, -56.0], [-116.3, -56.0], [-112.9, -56.0], [-112.9, -56.0], [-109.5, -56.1], [-109.5, -56.1], [-106.1, -56.1], [-106.1, -56.1], [-102.7, -56.2], [-102.7, -56.2], [-92.8, -56.2], [-92.8, -56.2], [-89.4, -56.4], [-89.4, -56.4], [-59.8, -56.4], [-59.8, -56.4], [-56.2, -56.5], [-56.2, -56.5], [-46.5, -56.5], [-46.5, -56.5], [-42.8, -56.4], [-42.8, -56.4], [10.5, -56.4], [10.5, -56.4], [14.0, -56.2], [14.0, -56.2], [23.2, -56.2], [23.2, -56.2], [26.5, -56.4], [26.5, -56.4], [64.2, -56.4], [64.2, -56.4], [67.5, -56.2], [67.5, -56.2], [214.9, -56.2], [650.8, -56.6], [650.8, -56.6], [761.8, -42.3], [761.8, -42.3], [761.8, -42.3], [761.8, -35.4], [761.8, -35.4], [761.8, -35.4], [214.2, -35.5], [146.9, -35.5], [146.9, -35.5], [143.5, -35.7], [143.5, -35.7], [75.6, -35.7], [75.6, -35.7], [72.0, -35.7], [72.0, -35.7], [64.9, -35.7], [64.9, -35.7], [61.3, -35.8], [61.3, -35.8], [52.2, -35.8], [52.2, -35.8], [48.6, -35.9], [48.6, -35.9], [30.3, -35.9], [30.3, -35.9], [26.6, -36.1], [26.6, -36.1], [5.8, -36.1], [5.8, -36.1], [2.7, -35.9], [2.7, -35.9], [-0.2, -35.9], [-0.2, -35.9], [-2.3, -35.8], [-2.3, -35.8], [-4.1, -35.7], [-4.1, -35.7], [-79.3, -35.7], [-79.3, -35.7], [-83.0, -35.8], [-83.0, -35.8], [-180.2, -35.8], [-180.2, -35.8], [-182.1, -35.9], [-182.1, -35.9], [-187.1, -35.9], [-187.2, -35.9], [-190.1, -36.1], [-190.1, -36.1], [-193.1, -36.2], [-193.1, -36.2], [-196.7, -36.3], [-196.7, -36.3], [-200.4, -36.5], [-200.5, -36.5], [-203.7, -36.5], [-203.7, -36.5], [-207.0, -36.6], [-207.0, -36.6], [-220.1, -36.6], [-220.1, -36.6], [-223.4, -36.5], [-223.4, -36.5], [-226.5, -36.5], [-226.6, -36.5], [-229.9, -36.4], [-229.9, -36.4], [-232.5, -36.4], [-232.6, -36.4], [-235.2, -36.3], [-235.3, -36.3], [-241.3, -36.3], [-241.3, -36.3], [-244.7, -36.2], [-244.7, -36.2], [-251.5, -36.2], [-251.5, -36.2], [-254.8, -36.1], [-254.8, -36.1], [-329.6, -36.1], [-329.6, -36.1], [-332.8, -36.2], [-332.8, -36.2], [-350.9, -36.2], [-351.0, -36.2], [-354.6, -36.3], [-354.6, -36.3], [-361.7, -36.3], [-361.7, -36.3], [-365.3, -36.4], [-365.3, -36.4], [-370.0, -36.4], [-370.0, -36.4], [-373.5, -36.5], [-373.5, -36.5], [-376.9, -36.5], [-376.9, -36.5], [-380.3, -36.6], [-380.3, -36.6], [-383.7, -36.6], [-383.7, -36.6], [-387.2, -36.7], [-387.2, -36.7], [-392.3, -36.7], [-392.3, -36.7], [-395.7, -36.8], [-399.0, -36.9], [-399.1, -36.9]]]}},
{"type": "Feature", "properties": {"level": "platform", "type": "platform", "platform": "3", "source": "PCIP Phase 1 Appendix A, sheet A-021, July 2019, PDF page 31"}, "geometry": {"type": "Polygon", "coordinates": [[[-185.0, -82.4], [-185.0, -82.4], [-184.9, -85.3], [-184.9, -85.3], [-184.9, -88.2], [-184.9, -88.2], [-184.8, -91.0], [-184.8, -91.0], [-184.8, -93.9], [-184.8, -93.9], [-184.8, -93.9], [-181.4, -94.3], [-177.8, -94.8], [-177.8, -94.8], [-174.4, -95.2], [-174.4, -95.2], [-171.1, -95.5], [-171.0, -95.5], [-167.6, -95.9], [-167.6, -95.9], [-164.3, -96.3], [-164.3, -96.3], [-161.0, -96.7], [-161.0, -96.7], [-157.4, -97.0], [-157.4, -97.0], [-153.7, -97.3], [-153.7, -97.3], [-150.1, -97.7], [-150.1, -97.7], [-146.5, -98.0], [-146.5, -98.0], [-142.8, -98.3], [-142.8, -98.3], [-139.1, -98.6], [-135.5, -99.0], [-135.5, -99.0], [-131.9, -99.2], [-131.9, -99.2], [-128.3, -99.6], [-124.6, -99.9], [-124.6, -99.9], [-121.0, -100.2], [-118.3, -100.4], [-118.3, -100.4], [-114.9, -100.5], [-114.9, -100.5], [-111.6, -100.8], [-111.6, -100.8], [-108.2, -101.0], [-104.9, -101.1], [-101.3, -101.3], [-101.3, -101.3], [-97.7, -101.5], [-97.7, -101.5], [-94.2, -101.6], [-94.2, -101.6], [-93.0, -101.6], [-93.0, -101.6], [-89.5, -101.7], [-89.5, -101.7], [-85.8, -101.8], [-82.2, -101.9], [-82.1, -101.9], [-78.6, -102.1], [-74.9, -102.3], [-74.9, -102.3], [-71.3, -102.4], [-71.3, -102.4], [-68.7, -102.4], [-68.7, -102.4], [-66.0, -102.4], [-66.0, -102.4], [-50.9, -102.4], [-50.9, -102.4], [-47.9, -102.5], [-47.9, -102.5], [65.9, -102.5], [65.9, -102.5], [69.5, -102.4], [69.5, -102.4], [101.5, -102.4], [101.5, -102.4], [104.4, -102.4], [104.4, -102.4], [132.2, -102.4], [132.2, -102.4], [135.6, -102.4], [135.6, -102.4], [187.1, -102.4], [187.1, -102.4], [190.4, -102.4], [190.4, -102.4], [203.7, -102.4], [203.7, -102.4], [207.4, -102.3], [207.4, -102.3], [225.8, -102.3], [634.9, -102.4], [634.9, -102.4], [700.0, -95.2], [700.0, -95.2], [719.8, -91.0], [719.8, -91.0], [719.8, -91.0], [719.8, -81.6], [719.8, -81.6], [719.8, -81.6], [211.4, -81.7], [175.1, -81.7], [175.1, -81.7], [171.4, -81.9], [171.4, -81.9], [4.0, -81.9], [4.0, -81.9], [1.1, -82.0], [1.1, -82.0], [-52.6, -82.0], [-52.6, -82.0], [-56.0, -82.1], [-56.1, -82.1], [-160.9, -82.1], [-160.9, -82.1], [-163.7, -82.2], [-163.7, -82.2], [-172.4, -82.2], [-172.4, -82.2], [-175.6, -82.2], [-175.6, -82.2], [-178.7, -82.2], [-178.7, -82.2], [-181.7, -82.4], [-181.8, -82.4], [-185.0, -82.4], [-185.0, -82.4]]]}},
{"type": "Feature", "properties": {"level": "platform", "type": "platform", "platform": "1/2", "source": "PCIP Phase 1 Appendix A, sheet A-021, July 2019, PDF page 31"}, "geometry": {"type": "Polygon", "coordinates": [[[98.0, -128.5], [98.0, -128.5], [98.0, -131.8], [98.0, -131.8], [98.2, -135.1], [98.2, -135.1], [98.2, -138.4], [98.2, -138.4], [98.2, -138.4], [101.2, -138.8], [104.4, -139.1], [104.4, -139.1], [107.3, -139.5], [107.3, -139.5], [110.4, -139.8], [110.5, -139.8], [113.5, -140.1], [113.5, -140.1], [117.1, -140.6], [117.1, -140.6], [120.5, -140.9], [120.5, -140.9], [123.8, -141.2], [123.9, -141.2], [127.1, -141.6], [127.2, -141.6], [130.5, -142.0], [130.5, -142.0], [133.8, -142.2], [133.9, -142.2], [137.1, -142.6], [137.2, -142.6], [140.5, -143.0], [140.5, -143.0], [143.9, -143.4], [143.9, -143.4], [147.2, -143.6], [147.2, -143.6], [147.3, -143.6], [147.9, -143.8], [147.9, -143.8], [147.9, -143.8], [151.7, -144.1], [151.7, -144.1], [155.4, -144.4], [159.2, -144.8], [159.2, -144.8], [161.7, -144.9], [161.7, -144.9], [164.4, -145.2], [164.4, -145.2], [167.1, -145.4], [170.1, -145.5], [170.1, -145.5], [173.2, -145.8], [173.2, -145.8], [176.0, -145.9], [176.0, -145.9], [178.9, -146.2], [178.9, -146.2], [181.7, -146.3], [181.7, -146.3], [182.3, -146.3], [182.3, -146.3], [185.2, -146.4], [185.3, -146.4], [188.4, -146.7], [188.4, -146.7], [191.4, -146.9], [191.4, -146.9], [194.5, -146.9], [194.5, -146.9], [197.5, -147.2], [197.5, -147.2], [200.1, -147.3], [200.1, -147.3], [202.7, -147.4], [202.7, -147.4], [206.0, -147.6], [206.1, -147.6], [209.5, -147.6], [213.0, -147.7], [213.0, -147.7], [884.0, -148.2], [884.1, -148.2], [884.1, -148.2], [884.1, -148.2], [884.2, -148.2], [884.2, -148.2], [884.2, -148.2], [884.3, -148.2], [884.3, -148.3], [884.3, -148.3], [884.3, -148.3], [884.4, -148.4], [884.4, -148.4], [884.4, -148.4], [884.4, -148.5], [884.4, -148.5], [884.4, -148.5], [884.4, -173.8], [884.4, -173.9], [884.4, -173.9], [884.4, -173.9], [884.4, -174.0], [884.4, -174.0], [884.3, -174.0], [884.3, -174.1], [884.3, -174.1], [884.3, -174.1], [884.2, -174.1], [884.2, -174.2], [884.2, -174.2], [884.1, -174.2], [884.1, -174.2], [884.1, -174.2], [884.0, -174.2], [228.1, -173.8], [224.8, -173.8], [224.8, -173.8], [221.8, -174.0], [221.8, -174.0], [209.8, -174.0], [209.8, -174.0], [207.3, -174.1], [207.3, -174.1], [201.3, -174.1], [201.3, -174.1], [198.1, -174.2], [198.0, -174.2], [191.4, -174.2], [191.4, -174.2], [188.3, -174.3], [188.3, -174.3], [185.0, -174.3], [185.0, -174.3], [181.7, -174.4], [181.7, -174.4], [177.6, -174.4], [177.6, -174.4], [174.0, -174.5], [173.9, -174.5], [171.1, -174.5], [171.1, -174.5], [168.1, -174.6], [168.1, -174.6], [165.3, -174.6], [165.2, -174.6], [162.4, -174.7], [162.4, -174.7], [144.1, -174.7], [144.1, -174.7], [140.7, -174.6], [140.7, -174.6], [131.2, -174.6], [131.1, -174.6], [128.4, -174.5], [128.4, -174.5], [125.6, -174.5], [125.6, -174.5], [122.0, -174.4], [122.0, -174.4], [118.6, -174.2], [118.6, -174.2], [115.2, -174.1], [115.2, -174.1], [111.7, -174.2], [111.7, -174.2], [108.3, -174.4], [108.3, -174.4], [108.3, -174.4], [108.3, -183.1], [108.3, -183.1], [108.3, -183.1], [111.3, -183.6], [114.4, -184.1], [117.5, -184.6], [117.5, -184.6], [120.4, -185.2], [120.5, -185.2], [122.9, -185.5], [122.9, -185.5], [125.2, -186.0], [125.2, -186.0], [128.8, -186.4], [128.8, -186.4], [132.3, -186.9], [132.3, -186.9], [135.7, -187.3], [135.7, -187.3], [139.2, -187.9], [139.2, -187.9], [142.7, -188.3], [142.7, -188.3], [146.3, -188.8], [146.3, -188.8], [149.8, -189.3], [149.8, -189.3], [153.3, -189.8], [153.3, -189.8], [155.4, -190.0], [155.4, -190.0], [158.7, -190.3], [158.7, -190.3], [161.9, -190.7], [161.9, -190.7], [165.2, -190.9], [165.2, -190.9], [168.2, -191.2], [168.2, -191.2], [171.3, -191.5], [171.3, -191.5], [174.3, -191.7], [174.3, -191.7], [177.4, -192.0], [177.4, -192.0], [179.1, -192.0], [182.6, -192.2], [182.7, -192.2], [186.1, -192.5], [189.8, -192.7], [189.8, -192.7], [193.3, -193.0], [193.3, -193.0], [196.9, -193.2], [196.9, -193.2], [200.4, -193.4], [200.4, -193.4], [203.0, -193.5], [205.6, -193.6], [208.3, -193.7], [208.3, -193.7], [211.3, -193.9], [211.3, -193.9], [214.4, -193.9], [214.4, -193.9], [217.5, -194.0], [217.5, -194.0], [220.5, -194.0], [220.5, -194.0], [223.5, -194.0], [223.5, -194.0], [911.1, -196.2], [911.1, -196.2], [911.1, -196.2], [911.1, -128.1], [911.1, -128.0], [911.1, -128.0], [883.1, -128.2], [883.1, -128.2], [210.0, -128.0], [181.9, -128.0], [181.9, -128.0], [178.1, -128.0], [178.1, -128.0], [152.6, -128.0], [152.6, -128.0], [150.2, -128.2], [150.2, -128.2], [136.4, -128.2], [136.4, -128.2], [132.9, -128.3], [132.9, -128.3], [119.9, -128.3], [119.9, -128.3], [117.2, -128.4], [117.2, -128.4], [101.4, -128.4], [101.4, -128.4], [98.0, -128.5], [98.0, -128.5]]]}},
{"type": "Feature", "properties": {"level": "platform", "type": "platform", "platform": "diagonal", "source": "PCIP Phase 1 Appendix A, sheet A-021, July 2019, PDF page 31"}, "geometry": {"type": "Polygon", "coordinates": [[[-401.7, -96.3], [-401.7, -141.7], [-400.9, -141.9], [-361.8, -148.5], [-264.8, -164.6], [-247.7, -167.4], [-228.7, -170.5], [-212.7, -172.9], [-212.3, -169.8], [-210.0, -149.6], [-208.2, -132.7], [-207.9, -129.6], [-324.6, -108.1], [-332.7, -106.6], [-350.3, -103.5], [-353.5, -103.0], [-363.3, -101.4], [-366.7, -100.9], [-373.3, -99.9], [-391.9, -97.6], [-401.7, -96.3]]]}},
{"type": "Feature", "properties": {"level": "platform", "type": "platform", "platform": "A", "source": "PCIP Phase 1 Appendix A, sheet A-021, July 2019, PDF page 31"}, "geometry": {"type": "Polygon", "coordinates": [[[-89.8, -239.6], [-89.8, -239.6], [-63.1, -242.0], [-63.1, -242.0], [-36.4, -244.1], [-36.4, -244.1], [-9.7, -245.8], [-9.7, -245.8], [17.0, -247.2], [17.0, -247.2], [43.8, -248.2], [43.8, -248.2], [70.5, -248.8], [70.5, -248.8], [97.3, -249.1], [923.4, -249.1], [923.4, -249.1], [923.4, -249.1], [923.5, -224.3], [923.5, -224.3], [923.4, -224.3], [-15.5, -224.3], [-15.5, -224.3], [-15.5, -224.3], [-15.5, -224.3], [-15.6, -224.3], [-15.6, -224.3], [-15.6, -224.4], [-15.6, -224.4], [-15.7, -224.4], [-15.7, -224.4], [-15.7, -224.4], [-15.8, -224.4], [-15.8, -224.4], [-15.8, -224.4], [-26.1, -224.4], [-26.1, -224.4], [-36.7, -224.3], [-36.7, -224.3], [-47.4, -224.1], [-47.4, -224.1], [-58.0, -223.8], [-58.0, -223.8], [-68.6, -223.6], [-68.6, -223.6], [-79.2, -223.2], [-79.2, -223.2], [-89.8, -222.8], [-89.8, -222.8], [-89.8, -222.8], [-89.8, -239.6], [-89.8, -239.6]]]}},
{"type": "Feature", "properties": {"level": "platform", "type": "stair", "platform": "1", "vce_name": "P1-S1", "source": "PCIP Phase 1 Appendix A, sheet A-021, July 2019, PDF page 31"}, "geometry": {"type": "Polygon", "coordinates": [[[262.1, -187.7], [285.9, -187.7], [285.9, -182.1], [262.1, -182.1], [262.1, -187.7]]]}},
{"type": "Feature", "properties": {"level": "platform", "type": "stair", "platform": "1", "vce_name": "P1-S2", "source": "PCIP Phase 1 Appendix A, sheet A-021, July 2019, PDF page 31"}, "geometry": {"type": "Polygon", "coordinates": [[[354.2, -187.7], [378.3, -187.7], [378.3, -182.1], [354.2, -182.1], [354.2, -187.7]]]}},
{"type": "Feature", "properties": {"level": "platform", "type": "stair", "platform": "1", "vce_name": "P1-S3", "source": "PCIP Phase 1 Appendix A, sheet A-021, July 2019, PDF page 31"}, "geometry": {"type": "Polygon", "coordinates": [[[404.3, -187.5], [416.5, -187.5], [416.5, -181.5], [404.3, -181.5], [404.3, -187.5]]]}},
{"type": "Feature", "properties": {"level": "platform", "type": "stair", "platform": "1", "vce_name": "P1-S4", "source": "PCIP Phase 1 Appendix A, sheet A-021, July 2019, PDF page 31"}, "geometry": {"type": "Polygon", "coordinates": [[[486.6, -192.4], [499.5, -192.4], [499.5, -186.8], [486.6, -186.8], [486.6, -192.4]]]}},
{"type": "Feature", "properties": {"level": "platform", "type": "stair", "platform": "1", "vce_name": "P1-S5", "source": "PCIP Phase 1 Appendix A, sheet A-021, July 2019, PDF page 31"}, "geometry": {"type": "Polygon", "coordinates": [[[541.7, -184.3], [553.8, -184.3], [553.8, -178.7], [541.7, -178.7], [541.7, -184.3]]]}},
{"type": "Feature", "properties": {"level": "platform", "type": "escalator", "platform": "1", "vce_name": "P1-S6", "source": "PCIP Phase 1 Appendix A, sheet A-021, July 2019, PDF page 31"}, "geometry": {"type": "Polygon", "coordinates": [[[668.1, -182.6], [679.0, -182.6], [679.0, -179.6], [668.1, -179.6], [668.1, -182.6]]]}},
{"type": "Feature", "properties": {"level": "platform", "type": "escalator", "platform": "1", "vce_name": "P1-S7", "source": "PCIP Phase 1 Appendix A, sheet A-021, July 2019, PDF page 31"}, "geometry": {"type": "Polygon", "coordinates": [[[761.6, -181.9], [807.8, -181.9], [807.8, -177.8], [761.6, -177.8], [761.6, -181.9]]]}},
{"type": "Feature", "properties": {"level": "platform", "type": "stair", "platform": "1", "vce_name": "", "source": "PCIP Phase 1 Appendix A, sheet A-021, July 2019, PDF page 31"}, "geometry": {"type": "Polygon", "coordinates": [[[763.5, -190.0], [782.9, -190.0], [782.9, -185.9], [763.5, -185.9], [763.5, -190.0]]]}},
{"type": "Feature", "properties": {"level": "platform", "type": "stair", "platform": "1", "vce_name": "P1-S8", "source": "PCIP Phase 1 Appendix A, sheet A-021, July 2019, PDF page 31"}, "geometry": {"type": "Polygon", "coordinates": [[[827.2, -188.7], [846.9, -188.7], [846.9, -183.0], [827.2, -183.0], [827.2, -188.7]]]}},
{"type": "Feature", "properties": {"level": "platform", "type": "stair", "platform": "10", "vce_name": "P10-S1", "source": "PCIP Phase 1 Appendix A, sheet A-021, July 2019, PDF page 31"}, "geometry": {"type": "Polygon", "coordinates": [[[-1.6, 217.8], [7.8, 217.8], [7.8, 225.9], [-1.6, 225.9], [-1.6, 217.8]]]}},
{"type": "Feature", "properties": {"level": "platform", "type": "escalator", "platform": "10", "vce_name": "P10-S3", "source": "PCIP Phase 1 Appendix A, sheet A-021, July 2019, PDF page 31"}, "geometry": {"type": "Polygon", "coordinates": [[[250.8, 208.3], [269.7, 208.3], [269.7, 213.0], [250.8, 213.0], [250.8, 208.3]]]}},
{"type": "Feature", "properties": {"level": "platform", "type": "stair", "platform": "10", "vce_name": "P10-S2", "source": "PCIP Phase 1 Appendix A, sheet A-021, July 2019, PDF page 31"}, "geometry": {"type": "Polygon", "coordinates": [[[253.7, 213.0], [268.9, 213.0], [268.9, 221.1], [253.7, 221.1], [253.7, 213.0]]]}},
{"type": "Feature", "properties": {"level": "platform", "type": "escalator", "platform": "10", "vce_name": "", "source": "PCIP Phase 1 Appendix A, sheet A-021, July 2019, PDF page 31"}, "geometry": {"type": "Polygon", "coordinates": [[[374.0, 213.9], [393.0, 213.9], [393.0, 218.3], [374.0, 218.3], [374.0, 213.9]]]}},
{"type": "Feature", "properties": {"level": "platform", "type": "stair", "platform": "10", "vce_name": "", "source": "PCIP Phase 1 Appendix A, sheet A-021, July 2019, PDF page 31"}, "geometry": {"type": "Polygon", "coordinates": [[[377.9, 219.5], [388.3, 219.5], [388.3, 229.3], [377.9, 229.3], [377.9, 219.5]]]}},
{"type": "Feature", "properties": {"level": "platform", "type": "stair", "platform": "10", "vce_name": "P10-S8", "source": "PCIP Phase 1 Appendix A, sheet A-021, July 2019, PDF page 31"}, "geometry": {"type": "Polygon", "coordinates": [[[537.6, 205.8], [547.7, 205.8], [547.7, 215.2], [537.6, 215.2], [537.6, 205.8]]]}},
{"type": "Feature", "properties": {"level": "platform", "type": "stair", "platform": "10", "vce_name": "", "source": "PCIP Phase 1 Appendix A, sheet A-021, July 2019, PDF page 31"}, "geometry": {"type": "Polygon", "coordinates": [[[650.4, 211.4], [654.5, 211.4], [654.5, 229.1], [650.4, 229.1], [650.4, 211.4]]]}},
{"type": "Feature", "properties": {"level": "platform", "type": "stair", "platform": "10", "vce_name": "P10-S11", "source": "PCIP Phase 1 Appendix A, sheet A-021, July 2019, PDF page 31"}, "geometry": {"type": "Polygon", "coordinates": [[[769.1, 204.9], [779.7, 204.9], [779.7, 210.2], [769.1, 210.2], [769.1, 204.9]]]}},
{"type": "Feature", "properties": {"level": "platform", "type": "stair", "platform": "10", "vce_name": "P10-S12", "source": "PCIP Phase 1 Appendix A, sheet A-021, July 2019, PDF page 31"}, "geometry": {"type": "Polygon", "coordinates": [[[858.0, 214.8], [877.4, 214.8], [877.4, 222.4], [858.0, 222.4], [858.0, 214.8]]]}},
{"type": "Feature", "properties": {"level": "platform", "type": "stair", "platform": "11", "vce_name": "P11-S1", "source": "PCIP Phase 1 Appendix A, sheet A-021, July 2019, PDF page 31"}, "geometry": {"type": "Polygon", "coordinates": [[[6.3, 271.8], [15.7, 271.8], [15.7, 276.9], [6.3, 276.9], [6.3, 271.8]]]}},
{"type": "Feature", "properties": {"level": "platform", "type": "stair", "platform": "11", "vce_name": "", "source": "PCIP Phase 1 Appendix A, sheet A-021, July 2019, PDF page 31"}, "geometry": {"type": "Polygon", "coordinates": [[[271.0, 275.8], [281.9, 275.8], [281.9, 280.7], [271.0, 280.7], [271.0, 275.8]]]}},
{"type": "Feature", "properties": {"level": "platform", "type": "stair", "platform": "11", "vce_name": "P11-S4", "source": "PCIP Phase 1 Appendix A, sheet A-021, July 2019, PDF page 31"}, "geometry": {"type": "Polygon", "coordinates": [[[414.1, 274.5], [423.7, 274.5], [423.7, 281.0], [414.1, 281.0], [414.1, 274.5]]]}},
{"type": "Feature", "properties": {"level": "platform", "type": "stair", "platform": "11", "vce_name": "", "source": "PCIP Phase 1 Appendix A, sheet A-021, July 2019, PDF page 31"}, "geometry": {"type": "Polygon", "coordinates": [[[543.4, 275.4], [553.0, 275.4], [553.0, 280.5], [543.4, 280.5], [543.4, 275.4]]]}},
{"type": "Feature", "properties": {"level": "platform", "type": "escalator", "platform": "11", "vce_name": "", "source": "PCIP Phase 1 Appendix A, sheet A-021, July 2019, PDF page 31"}, "geometry": {"type": "Polygon", "coordinates": [[[619.1, 274.8], [637.9, 274.8], [637.9, 279.2], [619.1, 279.2], [619.1, 274.8]]]}},
{"type": "Feature", "properties": {"level": "platform", "type": "stair", "platform": "11", "vce_name": "", "source": "PCIP Phase 1 Appendix A, sheet A-021, July 2019, PDF page 31"}, "geometry": {"type": "Polygon", "coordinates": [[[698.0, 274.9], [708.0, 274.9], [708.0, 280.7], [698.0, 280.7], [698.0, 274.9]]]}},
{"type": "Feature", "properties": {"level": "platform", "type": "stair", "platform": "11", "vce_name": "", "source": "PCIP Phase 1 Appendix A, sheet A-021, July 2019, PDF page 31"}, "geometry": {"type": "Polygon", "coordinates": [[[888.0, 274.3], [897.4, 274.3], [897.4, 281.0], [888.0, 281.0], [888.0, 274.3]]]}},
{"type": "Feature", "properties": {"level": "platform", "type": "stair", "platform": "2", "vce_name": "P2-S1", "source": "PCIP Phase 1 Appendix A, sheet A-021, July 2019, PDF page 31"}, "geometry": {"type": "Polygon", "coordinates": [[[262.4, -142.2], [284.4, -142.2], [284.4, -137.5], [262.4, -137.5], [262.4, -142.2]]]}},
{"type": "Feature", "properties": {"level": "platform", "type": "stair", "platform": "2", "vce_name": "", "source": "PCIP Phase 1 Appendix A, sheet A-021, July 2019, PDF page 31"}, "geometry": {"type": "Polygon", "coordinates": [[[344.4, -142.0], [349.2, -142.0], [349.2, -137.3], [344.4, -137.3], [344.4, -142.0]]]}},
{"type": "Feature", "properties": {"level": "platform", "type": "stair", "platform": "2", "vce_name": "P2-S2", "source": "PCIP Phase 1 Appendix A, sheet A-021, July 2019, PDF page 31"}, "geometry": {"type": "Polygon", "coordinates": [[[358.2, -142.0], [366.4, -142.0], [366.4, -137.3], [358.2, -137.3], [358.2, -142.0]]]}},
{"type": "Feature", "properties": {"level": "platform", "type": "escalator", "platform": "2", "vce_name": "P2-S3", "source": "PCIP Phase 1 Appendix A, sheet A-021, July 2019, PDF page 31"}, "geometry": {"type": "Polygon", "coordinates": [[[380.8, -141.8], [399.4, -141.8], [399.4, -137.5], [380.8, -137.5], [380.8, -141.8]]]}},
{"type": "Feature", "properties": {"level": "platform", "type": "stair", "platform": "2", "vce_name": "P2-S4", "source": "PCIP Phase 1 Appendix A, sheet A-021, July 2019, PDF page 31"}, "geometry": {"type": "Polygon", "coordinates": [[[478.1, -139.0], [486.0, -139.0], [486.0, -134.1], [478.1, -134.1], [478.1, -139.0]]]}},
{"type": "Feature", "properties": {"level": "platform", "type": "stair", "platform": "2", "vce_name": "P2-S5", "source": "PCIP Phase 1 Appendix A, sheet A-021, July 2019, PDF page 31"}, "geometry": {"type": "Polygon", "coordinates": [[[541.7, -139.4], [550.4, -139.4], [550.4, -133.9], [541.7, -133.9], [541.7, -139.4]]]}},
{"type": "Feature", "properties": {"level": "platform", "type": "escalator", "platform": "2", "vce_name": "P2-S6", "source": "PCIP Phase 1 Appendix A, sheet A-021, July 2019, PDF page 31"}, "geometry": {"type": "Polygon", "coordinates": [[[659.0, -138.0], [695.5, -138.0], [695.5, -134.6], [659.0, -134.6], [659.0, -138.0]]]}},
{"type": "Feature", "properties": {"level": "platform", "type": "escalator", "platform": "2", "vce_name": "P2-S7", "source": "PCIP Phase 1 Appendix A, sheet A-021, July 2019, PDF page 31"}, "geometry": {"type": "Polygon", "coordinates": [[[692.1, -142.4], [702.9, -142.4], [702.9, -139.3], [692.1, -139.3], [692.1, -142.4]]]}},
{"type": "Feature", "properties": {"level": "platform", "type": "escalator", "platform": "2", "vce_name": "P2-S8", "source": "PCIP Phase 1 Appendix A, sheet A-021, July 2019, PDF page 31"}, "geometry": {"type": "Polygon", "coordinates": [[[761.0, -138.1], [808.9, -138.1], [808.9, -133.7], [761.0, -133.7], [761.0, -138.1]]]}},
{"type": "Feature", "properties": {"level": "platform", "type": "stair", "platform": "2", "vce_name": "P2-S9", "source": "PCIP Phase 1 Appendix A, sheet A-021, July 2019, PDF page 31"}, "geometry": {"type": "Polygon", "coordinates": [[[827.7, -138.2], [834.7, -138.2], [834.7, -133.9], [827.7, -133.9], [827.7, -138.2]]]}},
{"type": "Feature", "properties": {"level": "platform", "type": "stair", "platform": "3", "vce_name": "P3-S3", "source": "PCIP Phase 1 Appendix A, sheet A-021, July 2019, PDF page 31"}, "geometry": {"type": "Polygon", "coordinates": [[[-19.3, -95.3], [15.9, -95.3], [15.9, -83.4], [-19.3, -83.4], [-19.3, -95.3]]]}},
{"type": "Feature", "properties": {"level": "platform", "type": "stair", "platform": "3", "vce_name": "", "source": "PCIP Phase 1 Appendix A, sheet A-021, July 2019, PDF page 31"}, "geometry": {"type": "Polygon", "coordinates": [[[220.8, -97.0], [234.9, -97.0], [234.9, -91.2], [220.8, -91.2], [220.8, -97.0]]]}},
{"type": "Feature", "properties": {"level": "platform", "type": "escalator", "platform": "3", "vce_name": "P3-S5", "source": "PCIP Phase 1 Appendix A, sheet A-021, July 2019, PDF page 31"}, "geometry": {"type": "Polygon", "coordinates": [[[263.7, -95.7], [285.7, -95.7], [285.7, -90.8], [263.7, -90.8], [263.7, -95.7]]]}},
{"type": "Feature", "properties": {"level": "platform", "type": "stair", "platform": "3", "vce_name": "P3-S6", "source": "PCIP Phase 1 Appendix A, sheet A-021, July 2019, PDF page 31"}, "geometry": {"type": "Polygon", "coordinates": [[[342.9, -96.5], [366.7, -96.5], [366.7, -91.0], [342.9, -91.0], [342.9, -96.5]]]}},
{"type": "Feature", "properties": {"level": "platform", "type": "escalator", "platform": "3", "vce_name": "P3-S7", "source": "PCIP Phase 1 Appendix A, sheet A-021, July 2019, PDF page 31"}, "geometry": {"type": "Polygon", "coordinates": [[[380.8, -96.3], [399.4, -96.3], [399.4, -92.1], [380.8, -92.1], [380.8, -96.3]]]}},
{"type": "Feature", "properties": {"level": "platform", "type": "stair", "platform": "3", "vce_name": "P3-S8", "source": "PCIP Phase 1 Appendix A, sheet A-021, July 2019, PDF page 31"}, "geometry": {"type": "Polygon", "coordinates": [[[480.2, -96.5], [499.0, -96.5], [499.0, -91.4], [480.2, -91.4], [480.2, -96.5]]]}},
{"type": "Feature", "properties": {"level": "platform", "type": "stair", "platform": "3", "vce_name": "P3-S9", "source": "PCIP Phase 1 Appendix A, sheet A-021, July 2019, PDF page 31"}, "geometry": {"type": "Polygon", "coordinates": [[[541.7, -96.5], [553.8, -96.5], [553.8, -91.0], [541.7, -91.0], [541.7, -96.5]]]}},
{"type": "Feature", "properties": {"level": "platform", "type": "stair", "platform": "3", "vce_name": "P3-S10", "source": "PCIP Phase 1 Appendix A, sheet A-021, July 2019, PDF page 31"}, "geometry": {"type": "Polygon", "coordinates": [[[658.1, -94.9], [667.3, -94.9], [667.3, -90.3], [658.1, -90.3], [658.1, -94.9]]]}},
{"type": "Feature", "properties": {"level": "platform", "type": "stair", "platform": "3", "vce_name": "", "source": "PCIP Phase 1 Appendix A, sheet A-021, July 2019, PDF page 31"}, "geometry": {"type": "Polygon", "coordinates": [[[675.4, -88.9], [691.8, -88.9], [691.8, -85.2], [675.4, -85.2], [675.4, -88.9]]]}},
{"type": "Feature", "properties": {"level": "platform", "type": "stair", "platform": "4", "vce_name": "P4-S3", "source": "PCIP Phase 1 Appendix A, sheet A-021, July 2019, PDF page 31"}, "geometry": {"type": "Polygon", "coordinates": [[[-18.5, -58.8], [14.9, -58.8], [14.9, -43.8], [-18.5, -43.8], [-18.5, -58.8]]]}},
{"type": "Feature", "properties": {"level": "platform", "type": "escalator", "platform": "4", "vce_name": "P4-S4", "source": "PCIP Phase 1 Appendix A, sheet A-021, July 2019, PDF page 31"}, "geometry": {"type": "Polygon", "coordinates": [[[218.3, -49.6], [235.5, -49.6], [235.5, -44.0], [218.3, -44.0], [218.3, -49.6]]]}},
{"type": "Feature", "properties": {"level": "platform", "type": "escalator", "platform": "4", "vce_name": "P4-S5", "source": "PCIP Phase 1 Appendix A, sheet A-021, July 2019, PDF page 31"}, "geometry": {"type": "Polygon", "coordinates": [[[263.7, -49.6], [284.6, -49.6], [284.6, -44.2], [263.7, -44.2], [263.7, -49.6]]]}},
{"type": "Feature", "properties": {"level": "platform", "type": "stair", "platform": "4", "vce_name": "P4-S6", "source": "PCIP Phase 1 Appendix A, sheet A-021, July 2019, PDF page 31"}, "geometry": {"type": "Polygon", "coordinates": [[[362.5, -49.1], [374.6, -49.1], [374.6, -44.5], [362.5, -44.5], [362.5, -49.1]]]}},
{"type": "Feature", "properties": {"level": "platform", "type": "stair", "platform": "4", "vce_name": "", "source": "PCIP Phase 1 Appendix A, sheet A-021, July 2019, PDF page 31"}, "geometry": {"type": "Polygon", "coordinates": [[[407.3, -49.3], [411.4, -49.3], [411.4, -44.2], [407.3, -44.2], [407.3, -49.3]]]}},
{"type": "Feature", "properties": {"level": "platform", "type": "stair", "platform": "4", "vce_name": "P4-S7", "source": "PCIP Phase 1 Appendix A, sheet A-021, July 2019, PDF page 31"}, "geometry": {"type": "Polygon", "coordinates": [[[416.0, -49.3], [424.7, -49.3], [424.7, -43.8], [416.0, -43.8], [416.0, -49.3]]]}},
{"type": "Feature", "properties": {"level": "platform", "type": "stair", "platform": "4", "vce_name": "P4-S8", "source": "PCIP Phase 1 Appendix A, sheet A-021, July 2019, PDF page 31"}, "geometry": {"type": "Polygon", "coordinates": [[[495.1, -46.5], [502.9, -46.5], [502.9, -41.7], [495.1, -41.7], [495.1, -46.5]]]}},
{"type": "Feature", "properties": {"level": "platform", "type": "stair", "platform": "4", "vce_name": "P4-S9", "source": "PCIP Phase 1 Appendix A, sheet A-021, July 2019, PDF page 31"}, "geometry": {"type": "Polygon", "coordinates": [[[541.7, -52.6], [553.8, -52.6], [553.8, -47.0], [541.7, -47.0], [541.7, -52.6]]]}},
{"type": "Feature", "properties": {"level": "platform", "type": "escalator", "platform": "4", "vce_name": "P4-S10", "source": "PCIP Phase 1 Appendix A, sheet A-021, July 2019, PDF page 31"}, "geometry": {"type": "Polygon", "coordinates": [[[650.0, -46.8], [700.3, -46.8], [700.3, -42.1], [650.0, -42.1], [650.0, -46.8]]]}},
{"type": "Feature", "properties": {"level": "platform", "type": "stair", "platform": "5", "vce_name": "P5-S4", "source": "PCIP Phase 1 Appendix A, sheet A-021, July 2019, PDF page 31"}, "geometry": {"type": "Polygon", "coordinates": [[[-18.6, -2.4], [14.9, -2.4], [14.9, 12.7], [-18.6, 12.7], [-18.6, -2.4]]]}},
{"type": "Feature", "properties": {"level": "platform", "type": "escalator", "platform": "5", "vce_name": "P5-S5", "source": "PCIP Phase 1 Appendix A, sheet A-021, July 2019, PDF page 31"}, "geometry": {"type": "Polygon", "coordinates": [[[221.3, -2.0], [239.0, -2.0], [239.0, 2.3], [221.3, 2.3], [221.3, -2.0]]]}},
{"type": "Feature", "properties": {"level": "platform", "type": "escalator", "platform": "5", "vce_name": "P5-S6", "source": "PCIP Phase 1 Appendix A, sheet A-021, July 2019, PDF page 31"}, "geometry": {"type": "Polygon", "coordinates": [[[263.7, -2.4], [284.4, -2.4], [284.4, 1.7], [263.7, 1.7], [263.7, -2.4]]]}},
{"type": "Feature", "properties": {"level": "platform", "type": "stair", "platform": "5", "vce_name": "P5-S7", "source": "PCIP Phase 1 Appendix A, sheet A-021, July 2019, PDF page 31"}, "geometry": {"type": "Polygon", "coordinates": [[[381.7, -2.4], [386.8, -2.4], [386.8, 2.9], [381.7, 2.9], [381.7, -2.4]]]}},
{"type": "Feature", "properties": {"level": "platform", "type": "escalator", "platform": "5", "vce_name": "P5-S8", "source": "PCIP Phase 1 Appendix A, sheet A-021, July 2019, PDF page 31"}, "geometry": {"type": "Polygon", "coordinates": [[[404.0, -2.4], [430.1, -2.4], [430.1, 2.9], [404.0, 2.9], [404.0, -2.4]]]}},
{"type": "Feature", "properties": {"level": "platform", "type": "stair", "platform": "5", "vce_name": "P5-S9", "source": "PCIP Phase 1 Appendix A, sheet A-021, July 2019, PDF page 31"}, "geometry": {"type": "Polygon", "coordinates": [[[480.2, 2.1], [499.0, 2.1], [499.0, 7.3], [480.2, 7.3], [480.2, 2.1]]]}},
{"type": "Feature", "properties": {"level": "platform", "type": "stair", "platform": "5", "vce_name": "", "source": "PCIP Phase 1 Appendix A, sheet A-021, July 2019, PDF page 31"}, "geometry": {"type": "Polygon", "coordinates": [[[584.1, -6.7], [603.1, -6.7], [603.1, -1.1], [584.1, -1.1], [584.1, -6.7]]]}},
{"type": "Feature", "properties": {"level": "platform", "type": "escalator", "platform": "5", "vce_name": "P5-S11", "source": "PCIP Phase 1 Appendix A, sheet A-021, July 2019, PDF page 31"}, "geometry": {"type": "Polygon", "coordinates": [[[650.0, -6.2], [700.3, -6.2], [700.3, -0.9], [650.0, -0.9], [650.0, -6.2]]]}},
{"type": "Feature", "properties": {"level": "platform", "type": "escalator", "platform": "5", "vce_name": "P5-S12", "source": "PCIP Phase 1 Appendix A, sheet A-021, July 2019, PDF page 31"}, "geometry": {"type": "Polygon", "coordinates": [[[753.2, -4.3], [764.3, -4.3], [764.3, -1.7], [753.2, -1.7], [753.2, -4.3]]]}},
{"type": "Feature", "properties": {"level": "platform", "type": "stair", "platform": "6", "vce_name": "P6-S4", "source": "PCIP Phase 1 Appendix A, sheet A-021, July 2019, PDF page 31"}, "geometry": {"type": "Polygon", "coordinates": [[[-18.6, 32.6], [14.9, 32.6], [14.9, 47.7], [-18.6, 47.7], [-18.6, 32.6]]]}},
{"type": "Feature", "properties": {"level": "platform", "type": "escalator", "platform": "6", "vce_name": "P6-S5", "source": "PCIP Phase 1 Appendix A, sheet A-021, July 2019, PDF page 31"}, "geometry": {"type": "Polygon", "coordinates": [[[221.1, 41.4], [239.0, 41.4], [239.0, 46.7], [221.1, 46.7], [221.1, 41.4]]]}},
{"type": "Feature", "properties": {"level": "platform", "type": "escalator", "platform": "6", "vce_name": "P6-S6", "source": "PCIP Phase 1 Appendix A, sheet A-021, July 2019, PDF page 31"}, "geometry": {"type": "Polygon", "coordinates": [[[265.6, 41.4], [284.4, 41.4], [284.4, 46.7], [265.6, 46.7], [265.6, 41.4]]]}},
{"type": "Feature", "properties": {"level": "platform", "type": "stair", "platform": "6", "vce_name": "P6-S7", "source": "PCIP Phase 1 Appendix A, sheet A-021, July 2019, PDF page 31"}, "geometry": {"type": "Polygon", "coordinates": [[[366.7, 41.4], [385.8, 41.4], [385.8, 47.2], [366.7, 47.2], [366.7, 41.4]]]}},
{"type": "Feature", "properties": {"level": "platform", "type": "escalator", "platform": "6", "vce_name": "P6-S8", "source": "PCIP Phase 1 Appendix A, sheet A-021, July 2019, PDF page 31"}, "geometry": {"type": "Polygon", "coordinates": [[[404.0, 41.8], [422.8, 41.8], [422.8, 47.0], [404.0, 47.0], [404.0, 41.8]]]}},
{"type": "Feature", "properties": {"level": "platform", "type": "stair", "platform": "6", "vce_name": "P6-S9", "source": "PCIP Phase 1 Appendix A, sheet A-021, July 2019, PDF page 31"}, "geometry": {"type": "Polygon", "coordinates": [[[451.4, 45.1], [470.4, 45.1], [470.4, 50.5], [451.4, 50.5], [451.4, 45.1]]]}},
{"type": "Feature", "properties": {"level": "platform", "type": "stair", "platform": "6", "vce_name": "", "source": "PCIP Phase 1 Appendix A, sheet A-021, July 2019, PDF page 31"}, "geometry": {"type": "Polygon", "coordinates": [[[613.8, 45.2], [626.1, 45.2], [626.1, 51.0], [613.8, 51.0], [613.8, 45.2]]]}},
{"type": "Feature", "properties": {"level": "platform", "type": "escalator", "platform": "6", "vce_name": "P6-S10", "source": "PCIP Phase 1 Appendix A, sheet A-021, July 2019, PDF page 31"}, "geometry": {"type": "Polygon", "coordinates": [[[672.2, 42.7], [690.9, 42.7], [690.9, 46.5], [672.2, 46.5], [672.2, 42.7]]]}},
{"type": "Feature", "properties": {"level": "platform", "type": "escalator", "platform": "6", "vce_name": "P6-S11", "source": "PCIP Phase 1 Appendix A, sheet A-021, July 2019, PDF page 31"}, "geometry": {"type": "Polygon", "coordinates": [[[774.8, 43.3], [782.4, 43.3], [782.4, 46.5], [774.8, 46.5], [774.8, 43.3]]]}},
{"type": "Feature", "properties": {"level": "platform", "type": "stair", "platform": "7", "vce_name": "", "source": "PCIP Phase 1 Appendix A, sheet A-021, July 2019, PDF page 31"}, "geometry": {"type": "Polygon", "coordinates": [[[-70.6, 87.6], [-61.2, 87.6], [-61.2, 92.6], [-70.6, 92.6], [-70.6, 87.6]]]}},
{"type": "Feature", "properties": {"level": "platform", "type": "stair", "platform": "7", "vce_name": "P7-S4", "source": "PCIP Phase 1 Appendix A, sheet A-021, July 2019, PDF page 31"}, "geometry": {"type": "Polygon", "coordinates": [[[-18.6, 86.6], [14.9, 86.6], [14.9, 101.6], [-18.6, 101.6], [-18.6, 86.6]]]}},
{"type": "Feature", "properties": {"level": "platform", "type": "escalator", "platform": "7", "vce_name": "P7-S5", "source": "PCIP Phase 1 Appendix A, sheet A-021, July 2019, PDF page 31"}, "geometry": {"type": "Polygon", "coordinates": [[[221.7, 86.4], [232.6, 86.4], [232.6, 88.2], [221.7, 88.2], [221.7, 86.4]]]}},
{"type": "Feature", "properties": {"level": "platform", "type": "escalator", "platform": "7", "vce_name": "P7-S6", "source": "PCIP Phase 1 Appendix A, sheet A-021, July 2019, PDF page 31"}, "geometry": {"type": "Polygon", "coordinates": [[[262.1, 85.5], [270.2, 85.5], [270.2, 88.8], [262.1, 88.8], [262.1, 85.5]]]}},
{"type": "Feature", "properties": {"level": "platform", "type": "stair", "platform": "7", "vce_name": "P7-S7", "source": "PCIP Phase 1 Appendix A, sheet A-021, July 2019, PDF page 31"}, "geometry": {"type": "Polygon", "coordinates": [[[373.6, 85.4], [382.6, 85.4], [382.6, 90.2], [373.6, 90.2], [373.6, 85.4]]]}},
{"type": "Feature", "properties": {"level": "platform", "type": "escalator", "platform": "7", "vce_name": "P7-S8", "source": "PCIP Phase 1 Appendix A, sheet A-021, July 2019, PDF page 31"}, "geometry": {"type": "Polygon", "coordinates": [[[404.1, 85.4], [420.7, 85.4], [420.7, 89.5], [404.1, 89.5], [404.1, 85.4]]]}},
{"type": "Feature", "properties": {"level": "platform", "type": "stair", "platform": "7", "vce_name": "P7-S9", "source": "PCIP Phase 1 Appendix A, sheet A-021, July 2019, PDF page 31"}, "geometry": {"type": "Polygon", "coordinates": [[[536.5, 85.1], [549.6, 85.1], [549.6, 90.3], [536.5, 90.3], [536.5, 85.1]]]}},
{"type": "Feature", "properties": {"level": "platform", "type": "escalator", "platform": "7", "vce_name": "P7-S10", "source": "PCIP Phase 1 Appendix A, sheet A-021, July 2019, PDF page 31"}, "geometry": {"type": "Polygon", "coordinates": [[[630.0, 84.8], [662.6, 84.8], [662.6, 87.7], [630.0, 87.7], [630.0, 84.8]]]}},
{"type": "Feature", "properties": {"level": "platform", "type": "stair", "platform": "7", "vce_name": "P7-S11", "source": "PCIP Phase 1 Appendix A, sheet A-021, July 2019, PDF page 31"}, "geometry": {"type": "Polygon", "coordinates": [[[646.1, 92.0], [675.4, 92.0], [675.4, 96.9], [646.1, 96.9], [646.1, 92.0]]]}},
{"type": "Feature", "properties": {"level": "platform", "type": "escalator", "platform": "8", "vce_name": "", "source": "PCIP Phase 1 Appendix A, sheet A-021, July 2019, PDF page 31"}, "geometry": {"type": "Polygon", "coordinates": [[[-80.1, 134.8], [-66.6, 134.8], [-66.6, 140.1], [-80.1, 140.1], [-80.1, 134.8]]]}},
{"type": "Feature", "properties": {"level": "platform", "type": "stair", "platform": "8", "vce_name": "P8-S3", "source": "PCIP Phase 1 Appendix A, sheet A-021, July 2019, PDF page 31"}, "geometry": {"type": "Polygon", "coordinates": [[[-18.6, 124.9], [14.9, 124.9], [14.9, 140.0], [-18.6, 140.0], [-18.6, 124.9]]]}},
{"type": "Feature", "properties": {"level": "platform", "type": "escalator", "platform": "8", "vce_name": "P8-S4", "source": "PCIP Phase 1 Appendix A, sheet A-021, July 2019, PDF page 31"}, "geometry": {"type": "Polygon", "coordinates": [[[221.1, 132.1], [237.5, 132.1], [237.5, 136.1], [221.1, 136.1], [221.1, 132.1]]]}},
{"type": "Feature", "properties": {"level": "platform", "type": "escalator", "platform": "8", "vce_name": "P8-S5", "source": "PCIP Phase 1 Appendix A, sheet A-021, July 2019, PDF page 31"}, "geometry": {"type": "Polygon", "coordinates": [[[254.3, 131.9], [275.3, 131.9], [275.3, 136.4], [254.3, 136.4], [254.3, 131.9]]]}},
{"type": "Feature", "properties": {"level": "platform", "type": "stair", "platform": "8", "vce_name": "P8-S6", "source": "PCIP Phase 1 Appendix A, sheet A-021, July 2019, PDF page 31"}, "geometry": {"type": "Polygon", "coordinates": [[[350.7, 132.1], [375.9, 132.1], [375.9, 138.2], [350.7, 138.2], [350.7, 132.1]]]}},
{"type": "Feature", "properties": {"level": "platform", "type": "stair", "platform": "8", "vce_name": "P8-S8", "source": "PCIP Phase 1 Appendix A, sheet A-021, July 2019, PDF page 31"}, "geometry": {"type": "Polygon", "coordinates": [[[541.7, 129.5], [553.0, 129.5], [553.0, 133.9], [541.7, 133.9], [541.7, 129.5]]]}},
{"type": "Feature", "properties": {"level": "platform", "type": "escalator", "platform": "8", "vce_name": "P8-S9", "source": "PCIP Phase 1 Appendix A, sheet A-021, July 2019, PDF page 31"}, "geometry": {"type": "Polygon", "coordinates": [[[626.7, 129.4], [645.4, 129.4], [645.4, 133.9], [626.7, 133.9], [626.7, 129.4]]]}},
{"type": "Feature", "properties": {"level": "platform", "type": "stair", "platform": "8", "vce_name": "P8-S10", "source": "PCIP Phase 1 Appendix A, sheet A-021, July 2019, PDF page 31"}, "geometry": {"type": "Polygon", "coordinates": [[[649.8, 136.1], [663.7, 136.1], [663.7, 142.8], [649.8, 142.8], [649.8, 136.1]]]}},
{"type": "Feature", "properties": {"level": "platform", "type": "escalator", "platform": "9", "vce_name": "", "source": "PCIP Phase 1 Appendix A, sheet A-021, July 2019, PDF page 31"}, "geometry": {"type": "Polygon", "coordinates": [[[-79.0, 181.2], [-66.6, 181.2], [-66.6, 185.2], [-79.0, 185.2], [-79.0, 181.2]]]}},
{"type": "Feature", "properties": {"level": "platform", "type": "stair", "platform": "9", "vce_name": "P9-S2", "source": "PCIP Phase 1 Appendix A, sheet A-021, July 2019, PDF page 31"}, "geometry": {"type": "Polygon", "coordinates": [[[-1.7, 176.8], [7.8, 176.8], [7.8, 182.1], [-1.7, 182.1], [-1.7, 176.8]]]}},
{"type": "Feature", "properties": {"level": "platform", "type": "stair", "platform": "9", "vce_name": "", "source": "PCIP Phase 1 Appendix A, sheet A-021, July 2019, PDF page 31"}, "geometry": {"type": "Polygon", "coordinates": [[[223.0, 179.5], [234.9, 179.5], [234.9, 185.1], [223.0, 185.1], [223.0, 179.5]]]}},
{"type": "Feature", "properties": {"level": "platform", "type": "stair", "platform": "9", "vce_name": "P9-S4", "source": "PCIP Phase 1 Appendix A, sheet A-021, July 2019, PDF page 31"}, "geometry": {"type": "Polygon", "coordinates": [[[265.9, 180.4], [275.9, 180.4], [275.9, 185.5], [265.9, 185.5], [265.9, 180.4]]]}},
{"type": "Feature", "properties": {"level": "platform", "type": "stair", "platform": "9", "vce_name": "P9-S5", "source": "PCIP Phase 1 Appendix A, sheet A-021, July 2019, PDF page 31"}, "geometry": {"type": "Polygon", "coordinates": [[[364.0, 179.8], [378.5, 179.8], [378.5, 184.2], [364.0, 184.2], [364.0, 179.8]]]}},
{"type": "Feature", "properties": {"level": "platform", "type": "stair", "platform": "9", "vce_name": "P9-S8", "source": "PCIP Phase 1 Appendix A, sheet A-021, July 2019, PDF page 31"}, "geometry": {"type": "Polygon", "coordinates": [[[536.5, 184.5], [549.3, 184.5], [549.3, 189.2], [536.5, 189.2], [536.5, 184.5]]]}},
{"type": "Feature", "properties": {"level": "platform", "type": "stair", "platform": "9", "vce_name": "", "source": "PCIP Phase 1 Appendix A, sheet A-021, July 2019, PDF page 31"}, "geometry": {"type": "Polygon", "coordinates": [[[650.8, 180.8], [664.7, 180.8], [664.7, 184.5], [650.8, 184.5], [650.8, 180.8]]]}},
{"type": "Feature", "properties": {"level": "platform", "type": "stair", "platform": "9", "vce_name": "P9-S10", "source": "PCIP Phase 1 Appendix A, sheet A-021, July 2019, PDF page 31"}, "geometry": {"type": "Polygon", "coordinates": [[[877.4, 184.6], [898.5, 184.6], [898.5, 189.5], [877.4, 189.5], [877.4, 184.6]]]}},
{"type": "Feature", "properties": {"level": "platform", "type": "stair", "platform": "A", "vce_name": "WP5", "source": "PCIP Phase 1 Appendix A, sheet A-021, July 2019, PDF page 31"}, "geometry": {"type": "Polygon", "coordinates": [[[-60.6, -237.8], [-39.3, -237.8], [-39.3, -223.0], [-60.6, -223.0], [-60.6, -237.8]]]}},
{"type": "Feature", "properties": {"level": "platform", "type": "stair", "platform": "A", "vce_name": "WP6", "source": "PCIP Phase 1 Appendix A, sheet A-021, July 2019, PDF page 31"}, "geometry": {"type": "Polygon", "coordinates": [[[-10.6, -238.3], [13.5, -238.3], [13.5, -221.0], [-10.6, -221.0], [-10.6, -238.3]]]}},
{"type": "Feature", "properties": {"level": "platform", "type": "stair", "platform": "A", "vce_name": "AP7", "source": "PCIP Phase 1 Appendix A, sheet A-021, July 2019, PDF page 31"}, "geometry": {"type": "Polygon", "coordinates": [[[132.8, -249.6], [185.8, -249.6], [185.8, -229.8], [132.8, -229.8], [132.8, -249.6]]]}},
{"type": "Feature", "properties": {"level": "platform", "type": "stair", "platform": "A", "vce_name": "AP8", "source": "PCIP Phase 1 Appendix A, sheet A-021, July 2019, PDF page 31"}, "geometry": {"type": "Polygon", "coordinates": [[[232.1, -244.7], [263.1, -244.7], [263.1, -229.3], [232.1, -229.3], [232.1, -244.7]]]}},
{"type": "Feature", "properties": {"level": "platform", "type": "stair", "platform": "A", "vce_name": "AP9", "source": "PCIP Phase 1 Appendix A, sheet A-021, July 2019, PDF page 31"}, "geometry": {"type": "Polygon", "coordinates": [[[409.9, -244.7], [439.3, -244.7], [439.3, -229.3], [409.9, -229.3], [409.9, -244.7]]]}},
{"type": "Feature", "properties": {"level": "platform", "type": "stair", "platform": "A", "vce_name": "", "source": "PCIP Phase 1 Appendix A, sheet A-021, July 2019, PDF page 31"}, "geometry": {"type": "Polygon", "coordinates": [[[558.5, -252.1], [579.1, -252.1], [579.1, -244.9], [558.5, -244.9], [558.5, -252.1]]]}},
{"type": "Feature", "properties": {"level": "platform", "type": "stair", "platform": "A", "vce_name": "AP10", "source": "PCIP Phase 1 Appendix A, sheet A-021, July 2019, PDF page 31"}, "geometry": {"type": "Polygon", "coordinates": [[[611.6, -244.7], [642.7, -244.7], [642.7, -229.3], [611.6, -229.3], [611.6, -244.7]]]}},
{"type": "Feature", "properties": {"level": "platform", "type": "stair", "platform": "A", "vce_name": "AP11", "source": "PCIP Phase 1 Appendix A, sheet A-021, July 2019, PDF page 31"}, "geometry": {"type": "Polygon", "coordinates": [[[750.9, -244.7], [782.0, -244.7], [782.0, -229.3], [750.9, -229.3], [750.9, -244.7]]]}},
{"type": "Feature", "properties": {"level": "platform", "type": "stair", "platform": "A", "vce_name": "AP12", "source": "PCIP Phase 1 Appendix A, sheet A-021, July 2019, PDF page 31"}, "geometry": {"type": "Polygon", "coordinates": [[[841.1, -244.7], [872.0, -244.7], [872.0, -229.3], [841.1, -229.3], [841.1, -244.7]]]}},
{"type": "Feature", "properties": {"level": "platform", "type": "column", "platform": "11", "source": "PCIP Phase 1 Appendix A, sheet A-021, July 2019, PDF page 31"}, "geometry": {"type": "Polygon", "coordinates": [[[758.6, 287.5], [760.5, 287.5], [760.5, 289.6], [758.6, 289.6], [758.6, 287.5]]]}},
{"type": "Feature", "properties": {"level": "platform", "type": "column", "platform": "11", "source": "PCIP Phase 1 Appendix A, sheet A-021, July 2019, PDF page 31"}, "geometry": {"type": "Polygon", "coordinates": [[[788.9, 287.7], [791.0, 287.7], [791.0, 289.6], [788.9, 289.6], [788.9, 287.7]]]}},
{"type": "Feature", "properties": {"level": "platform", "type": "column", "platform": "11", "source": "PCIP Phase 1 Appendix A, sheet A-021, July 2019, PDF page 31"}, "geometry": {"type": "Polygon", "coordinates": [[[868.1, 286.6], [870.1, 286.6], [870.1, 288.7], [868.1, 288.7], [868.1, 286.6]]]}},
{"type": "Feature", "properties": {"level": "platform", "type": "column", "platform": "11", "source": "PCIP Phase 1 Appendix A, sheet A-021, July 2019, PDF page 31"}, "geometry": {"type": "Polygon", "coordinates": [[[886.7, 286.6], [888.7, 286.6], [888.7, 288.7], [886.7, 288.7], [886.7, 286.6]]]}},
{"type": "Feature", "properties": {"level": "platform", "type": "column", "platform": "11", "source": "PCIP Phase 1 Appendix A, sheet A-021, July 2019, PDF page 31"}, "geometry": {"type": "Polygon", "coordinates": [[[850.2, 286.3], [852.1, 286.3], [852.1, 288.3], [850.2, 288.3], [850.2, 286.3]]]}},
{"type": "Feature", "properties": {"level": "platform", "type": "column", "platform": "11", "source": "PCIP Phase 1 Appendix A, sheet A-021, July 2019, PDF page 31"}, "geometry": {"type": "Polygon", "coordinates": [[[215.0, 284.0], [217.1, 284.0], [217.1, 286.0], [215.0, 286.0], [215.0, 284.0]]]}},
{"type": "Feature", "properties": {"level": "platform", "type": "column", "platform": "11", "source": "PCIP Phase 1 Appendix A, sheet A-021, July 2019, PDF page 31"}, "geometry": {"type": "Polygon", "coordinates": [[[242.8, 284.0], [244.8, 284.0], [244.8, 286.0], [242.8, 286.0], [242.8, 284.0]]]}},
{"type": "Feature", "properties": {"level": "platform", "type": "column", "platform": "11", "source": "PCIP Phase 1 Appendix A, sheet A-021, July 2019, PDF page 31"}, "geometry": {"type": "Polygon", "coordinates": [[[140.6, 283.9], [142.6, 283.9], [142.6, 285.9], [140.6, 285.9], [140.6, 283.9]]]}},
{"type": "Feature", "properties": {"level": "platform", "type": "column", "platform": "11", "source": "PCIP Phase 1 Appendix A, sheet A-021, July 2019, PDF page 31"}, "geometry": {"type": "Polygon", "coordinates": [[[155.4, 283.9], [157.4, 283.9], [157.4, 285.9], [155.4, 285.9], [155.4, 283.9]]]}},
{"type": "Feature", "properties": {"level": "platform", "type": "column", "platform": "11", "source": "PCIP Phase 1 Appendix A, sheet A-021, July 2019, PDF page 31"}, "geometry": {"type": "Polygon", "coordinates": [[[170.0, 283.9], [171.9, 283.9], [171.9, 285.9], [170.0, 285.9], [170.0, 283.9]]]}},
{"type": "Feature", "properties": {"level": "platform", "type": "column", "platform": "11", "source": "PCIP Phase 1 Appendix A, sheet A-021, July 2019, PDF page 31"}, "geometry": {"type": "Polygon", "coordinates": [[[185.7, 284.0], [187.6, 284.0], [187.6, 285.9], [185.7, 285.9], [185.7, 284.0]]]}},
{"type": "Feature", "properties": {"level": "platform", "type": "column", "platform": "11", "source": "PCIP Phase 1 Appendix A, sheet A-021, July 2019, PDF page 31"}, "geometry": {"type": "Polygon", "coordinates": [[[410.7, 281.0], [412.7, 281.0], [412.7, 282.9], [410.7, 282.9], [410.7, 281.0]]]}},
{"type": "Feature", "properties": {"level": "platform", "type": "column", "platform": "11", "source": "PCIP Phase 1 Appendix A, sheet A-021, July 2019, PDF page 31"}, "geometry": {"type": "Polygon", "coordinates": [[[581.2, 280.8], [583.3, 280.8], [583.3, 282.8], [581.2, 282.8], [581.2, 280.8]]]}},
{"type": "Feature", "properties": {"level": "platform", "type": "column", "platform": "11", "source": "PCIP Phase 1 Appendix A, sheet A-021, July 2019, PDF page 31"}, "geometry": {"type": "Polygon", "coordinates": [[[504.6, 280.7], [506.6, 280.7], [506.6, 282.7], [504.6, 282.7], [504.6, 280.7]]]}},
{"type": "Feature", "properties": {"level": "platform", "type": "column", "platform": "11", "source": "PCIP Phase 1 Appendix A, sheet A-021, July 2019, PDF page 31"}, "geometry": {"type": "Polygon", "coordinates": [[[554.2, 280.7], [556.2, 280.7], [556.2, 282.7], [554.2, 282.7], [554.2, 280.7]]]}},
{"type": "Feature", "properties": {"level": "platform", "type": "column", "platform": "11", "source": "PCIP Phase 1 Appendix A, sheet A-021, July 2019, PDF page 31"}, "geometry": {"type": "Polygon", "coordinates": [[[445.0, 280.6], [446.9, 280.6], [446.9, 282.6], [445.0, 282.6], [445.0, 280.6]]]}},
{"type": "Feature", "properties": {"level": "platform", "type": "column", "platform": "11", "source": "PCIP Phase 1 Appendix A, sheet A-021, July 2019, PDF page 31"}, "geometry": {"type": "Polygon", "coordinates": [[[475.5, 280.6], [477.6, 280.6], [477.6, 282.6], [475.5, 282.6], [475.5, 280.6]]]}},
{"type": "Feature", "properties": {"level": "platform", "type": "column", "platform": "11", "source": "PCIP Phase 1 Appendix A, sheet A-021, July 2019, PDF page 31"}, "geometry": {"type": "Polygon", "coordinates": [[[953.8, 272.7], [955.7, 272.7], [955.7, 274.7], [953.8, 274.7], [953.8, 272.7]]]}},
{"type": "Feature", "properties": {"level": "platform", "type": "column", "platform": "11", "source": "PCIP Phase 1 Appendix A, sheet A-021, July 2019, PDF page 31"}, "geometry": {"type": "Polygon", "coordinates": [[[850.2, 272.6], [852.3, 272.6], [852.3, 274.6], [850.2, 274.6], [850.2, 272.6]]]}},
{"type": "Feature", "properties": {"level": "platform", "type": "column", "platform": "11", "source": "PCIP Phase 1 Appendix A, sheet A-021, July 2019, PDF page 31"}, "geometry": {"type": "Polygon", "coordinates": [[[868.1, 272.6], [870.2, 272.6], [870.2, 274.6], [868.1, 274.6], [868.1, 272.6]]]}},
{"type": "Feature", "properties": {"level": "platform", "type": "column", "platform": "11", "source": "PCIP Phase 1 Appendix A, sheet A-021, July 2019, PDF page 31"}, "geometry": {"type": "Polygon", "coordinates": [[[886.8, 272.6], [888.8, 272.6], [888.8, 274.6], [886.8, 274.6], [886.8, 272.6]]]}},
{"type": "Feature", "properties": {"level": "platform", "type": "column", "platform": "11", "source": "PCIP Phase 1 Appendix A, sheet A-021, July 2019, PDF page 31"}, "geometry": {"type": "Polygon", "coordinates": [[[908.6, 272.7], [910.6, 272.7], [910.6, 274.6], [908.6, 274.6], [908.6, 272.7]]]}},
{"type": "Feature", "properties": {"level": "platform", "type": "column", "platform": "11", "source": "PCIP Phase 1 Appendix A, sheet A-021, July 2019, PDF page 31"}, "geometry": {"type": "Polygon", "coordinates": [[[921.5, 272.7], [923.6, 272.7], [923.6, 274.6], [921.5, 274.6], [921.5, 272.7]]]}},
{"type": "Feature", "properties": {"level": "platform", "type": "column", "platform": "11", "source": "PCIP Phase 1 Appendix A, sheet A-021, July 2019, PDF page 31"}, "geometry": {"type": "Polygon", "coordinates": [[[932.7, 272.7], [934.7, 272.7], [934.7, 274.6], [932.7, 274.6], [932.7, 272.7]]]}},
{"type": "Feature", "properties": {"level": "platform", "type": "column", "platform": "11", "source": "PCIP Phase 1 Appendix A, sheet A-021, July 2019, PDF page 31"}, "geometry": {"type": "Polygon", "coordinates": [[[697.3, 272.4], [699.2, 272.4], [699.2, 274.5], [697.3, 274.5], [697.3, 272.4]]]}},
{"type": "Feature", "properties": {"level": "platform", "type": "column", "platform": "11", "source": "PCIP Phase 1 Appendix A, sheet A-021, July 2019, PDF page 31"}, "geometry": {"type": "Polygon", "coordinates": [[[727.6, 272.4], [729.6, 272.4], [729.6, 274.5], [727.6, 274.5], [727.6, 272.4]]]}},
{"type": "Feature", "properties": {"level": "platform", "type": "column", "platform": "11", "source": "PCIP Phase 1 Appendix A, sheet A-021, July 2019, PDF page 31"}, "geometry": {"type": "Polygon", "coordinates": [[[758.6, 272.4], [760.6, 272.4], [760.6, 274.5], [758.6, 274.5], [758.6, 272.4]]]}},
{"type": "Feature", "properties": {"level": "platform", "type": "column", "platform": "11", "source": "PCIP Phase 1 Appendix A, sheet A-021, July 2019, PDF page 31"}, "geometry": {"type": "Polygon", "coordinates": [[[788.9, 272.4], [791.0, 272.4], [791.0, 274.5], [788.9, 274.5], [788.9, 272.4]]]}},
{"type": "Feature", "properties": {"level": "platform", "type": "column", "platform": "11", "source": "PCIP Phase 1 Appendix A, sheet A-021, July 2019, PDF page 31"}, "geometry": {"type": "Polygon", "coordinates": [[[819.4, 272.6], [821.4, 272.6], [821.4, 274.5], [819.4, 274.5], [819.4, 272.6]]]}},
{"type": "Feature", "properties": {"level": "platform", "type": "column", "platform": "11", "source": "PCIP Phase 1 Appendix A, sheet A-021, July 2019, PDF page 31"}, "geometry": {"type": "Polygon", "coordinates": [[[649.6, 272.3], [651.7, 272.3], [651.7, 274.4], [649.6, 274.4], [649.6, 272.3]]]}},
{"type": "Feature", "properties": {"level": "platform", "type": "column", "platform": "11", "source": "PCIP Phase 1 Appendix A, sheet A-021, July 2019, PDF page 31"}, "geometry": {"type": "Polygon", "coordinates": [[[666.6, 272.4], [668.6, 272.4], [668.6, 274.4], [666.6, 274.4], [666.6, 272.4]]]}},
{"type": "Feature", "properties": {"level": "platform", "type": "column", "platform": "11", "source": "PCIP Phase 1 Appendix A, sheet A-021, July 2019, PDF page 31"}, "geometry": {"type": "Polygon", "coordinates": [[[504.6, 272.2], [506.6, 272.2], [506.6, 274.2], [504.6, 274.2], [504.6, 272.2]]]}},
{"type": "Feature", "properties": {"level": "platform", "type": "column", "platform": "11", "source": "PCIP Phase 1 Appendix A, sheet A-021, July 2019, PDF page 31"}, "geometry": {"type": "Polygon", "coordinates": [[[620.4, 272.2], [622.5, 272.2], [622.5, 274.2], [620.4, 274.2], [620.4, 272.2]]]}},
{"type": "Feature", "properties": {"level": "platform", "type": "column", "platform": "11", "source": "PCIP Phase 1 Appendix A, sheet A-021, July 2019, PDF page 31"}, "geometry": {"type": "Polygon", "coordinates": [[[445.0, 272.2], [446.9, 272.2], [446.9, 274.2], [445.0, 274.2], [445.0, 272.2]]]}},
{"type": "Feature", "properties": {"level": "platform", "type": "column", "platform": "11", "source": "PCIP Phase 1 Appendix A, sheet A-021, July 2019, PDF page 31"}, "geometry": {"type": "Polygon", "coordinates": [[[475.5, 272.2], [477.6, 272.2], [477.6, 274.2], [475.5, 274.2], [475.5, 272.2]]]}},
{"type": "Feature", "properties": {"level": "platform", "type": "column", "platform": "11", "source": "PCIP Phase 1 Appendix A, sheet A-021, July 2019, PDF page 31"}, "geometry": {"type": "Polygon", "coordinates": [[[525.1, 272.2], [527.1, 272.2], [527.1, 274.2], [525.1, 274.2], [525.1, 272.2]]]}},
{"type": "Feature", "properties": {"level": "platform", "type": "column", "platform": "11", "source": "PCIP Phase 1 Appendix A, sheet A-021, July 2019, PDF page 31"}, "geometry": {"type": "Polygon", "coordinates": [[[539.7, 272.2], [541.8, 272.2], [541.8, 274.2], [539.7, 274.2], [539.7, 272.2]]]}},
{"type": "Feature", "properties": {"level": "platform", "type": "column", "platform": "11", "source": "PCIP Phase 1 Appendix A, sheet A-021, July 2019, PDF page 31"}, "geometry": {"type": "Polygon", "coordinates": [[[554.2, 272.2], [556.2, 272.2], [556.2, 274.2], [554.2, 274.2], [554.2, 272.2]]]}},
{"type": "Feature", "properties": {"level": "platform", "type": "column", "platform": "11", "source": "PCIP Phase 1 Appendix A, sheet A-021, July 2019, PDF page 31"}, "geometry": {"type": "Polygon", "coordinates": [[[581.2, 272.2], [583.3, 272.2], [583.3, 274.2], [581.2, 274.2], [581.2, 272.2]]]}},
{"type": "Feature", "properties": {"level": "platform", "type": "column", "platform": "11", "source": "PCIP Phase 1 Appendix A, sheet A-021, July 2019, PDF page 31"}, "geometry": {"type": "Polygon", "coordinates": [[[327.7, 271.9], [329.8, 271.9], [329.8, 274.0], [327.7, 274.0], [327.7, 271.9]]]}},
{"type": "Feature", "properties": {"level": "platform", "type": "column", "platform": "11", "source": "PCIP Phase 1 Appendix A, sheet A-021, July 2019, PDF page 31"}, "geometry": {"type": "Polygon", "coordinates": [[[341.5, 271.9], [343.6, 271.9], [343.6, 274.0], [341.5, 274.0], [341.5, 271.9]]]}},
{"type": "Feature", "properties": {"level": "platform", "type": "column", "platform": "11", "source": "PCIP Phase 1 Appendix A, sheet A-021, July 2019, PDF page 31"}, "geometry": {"type": "Polygon", "coordinates": [[[286.0, 271.8], [288.0, 271.8], [288.0, 273.8], [286.0, 273.8], [286.0, 271.8]]]}},
{"type": "Feature", "properties": {"level": "platform", "type": "column", "platform": "11", "source": "PCIP Phase 1 Appendix A, sheet A-021, July 2019, PDF page 31"}, "geometry": {"type": "Polygon", "coordinates": [[[298.0, 271.8], [300.0, 271.8], [300.0, 273.8], [298.0, 273.8], [298.0, 271.8]]]}},
{"type": "Feature", "properties": {"level": "platform", "type": "column", "platform": "11", "source": "PCIP Phase 1 Appendix A, sheet A-021, July 2019, PDF page 31"}, "geometry": {"type": "Polygon", "coordinates": [[[310.8, 271.9], [312.9, 271.9], [312.9, 273.8], [310.8, 273.8], [310.8, 271.9]]]}},
{"type": "Feature", "properties": {"level": "platform", "type": "column", "platform": "11", "source": "PCIP Phase 1 Appendix A, sheet A-021, July 2019, PDF page 31"}, "geometry": {"type": "Polygon", "coordinates": [[[420.1, 271.8], [422.1, 271.8], [422.1, 273.8], [420.1, 273.8], [420.1, 271.8]]]}},
{"type": "Feature", "properties": {"level": "platform", "type": "column", "platform": "10", "source": "PCIP Phase 1 Appendix A, sheet A-021, July 2019, PDF page 31"}, "geometry": {"type": "Polygon", "coordinates": [[[415.1, 237.2], [416.9, 237.2], [416.9, 238.9], [415.1, 238.9], [415.1, 237.2]]]}},
{"type": "Feature", "properties": {"level": "platform", "type": "column", "platform": "10", "source": "PCIP Phase 1 Appendix A, sheet A-021, July 2019, PDF page 31"}, "geometry": {"type": "Polygon", "coordinates": [[[365.3, 236.5], [367.2, 236.5], [367.2, 238.5], [365.3, 238.5], [365.3, 236.5]]]}},
{"type": "Feature", "properties": {"level": "platform", "type": "column", "platform": "10", "source": "PCIP Phase 1 Appendix A, sheet A-021, July 2019, PDF page 31"}, "geometry": {"type": "Polygon", "coordinates": [[[903.5, 235.8], [905.6, 235.8], [905.6, 237.8], [903.5, 237.8], [903.5, 235.8]]]}},
{"type": "Feature", "properties": {"level": "platform", "type": "column", "platform": "10", "source": "PCIP Phase 1 Appendix A, sheet A-021, July 2019, PDF page 31"}, "geometry": {"type": "Polygon", "coordinates": [[[868.1, 235.6], [870.2, 235.6], [870.2, 237.7], [868.1, 237.7], [868.1, 235.6]]]}},
{"type": "Feature", "properties": {"level": "platform", "type": "column", "platform": "10", "source": "PCIP Phase 1 Appendix A, sheet A-021, July 2019, PDF page 31"}, "geometry": {"type": "Polygon", "coordinates": [[[886.8, 235.6], [888.8, 235.6], [888.8, 237.7], [886.8, 237.7], [886.8, 235.6]]]}},
{"type": "Feature", "properties": {"level": "platform", "type": "column", "platform": "10", "source": "PCIP Phase 1 Appendix A, sheet A-021, July 2019, PDF page 31"}, "geometry": {"type": "Polygon", "coordinates": [[[908.6, 235.6], [910.6, 235.6], [910.6, 237.7], [908.6, 237.7], [908.6, 235.6]]]}},
{"type": "Feature", "properties": {"level": "platform", "type": "column", "platform": "10", "source": "PCIP Phase 1 Appendix A, sheet A-021, July 2019, PDF page 31"}, "geometry": {"type": "Polygon", "coordinates": [[[915.5, 235.6], [917.5, 235.6], [917.5, 237.7], [915.5, 237.7], [915.5, 235.6]]]}},
{"type": "Feature", "properties": {"level": "platform", "type": "column", "platform": "10", "source": "PCIP Phase 1 Appendix A, sheet A-021, July 2019, PDF page 31"}, "geometry": {"type": "Polygon", "coordinates": [[[789.1, 235.5], [791.0, 235.5], [791.0, 237.6], [789.1, 237.6], [789.1, 235.5]]]}},
{"type": "Feature", "properties": {"level": "platform", "type": "column", "platform": "10", "source": "PCIP Phase 1 Appendix A, sheet A-021, July 2019, PDF page 31"}, "geometry": {"type": "Polygon", "coordinates": [[[819.4, 235.5], [821.4, 235.5], [821.4, 237.6], [819.4, 237.6], [819.4, 235.5]]]}},
{"type": "Feature", "properties": {"level": "platform", "type": "column", "platform": "10", "source": "PCIP Phase 1 Appendix A, sheet A-021, July 2019, PDF page 31"}, "geometry": {"type": "Polygon", "coordinates": [[[850.2, 235.6], [852.3, 235.6], [852.3, 237.6], [850.2, 237.6], [850.2, 235.6]]]}},
{"type": "Feature", "properties": {"level": "platform", "type": "column", "platform": "10", "source": "PCIP Phase 1 Appendix A, sheet A-021, July 2019, PDF page 31"}, "geometry": {"type": "Polygon", "coordinates": [[[758.6, 235.5], [760.6, 235.5], [760.6, 237.4], [758.6, 237.4], [758.6, 235.5]]]}},
{"type": "Feature", "properties": {"level": "platform", "type": "column", "platform": "10", "source": "PCIP Phase 1 Appendix A, sheet A-021, July 2019, PDF page 31"}, "geometry": {"type": "Polygon", "coordinates": [[[390.7, 235.2], [393.3, 235.2], [393.3, 237.2], [390.7, 237.2], [390.7, 235.2]]]}},
{"type": "Feature", "properties": {"level": "platform", "type": "column", "platform": "10", "source": "PCIP Phase 1 Appendix A, sheet A-021, July 2019, PDF page 31"}, "geometry": {"type": "Polygon", "coordinates": [[[441.8, 234.4], [444.7, 234.4], [444.7, 237.2], [441.8, 237.2], [441.8, 234.4]]]}},
{"type": "Feature", "properties": {"level": "platform", "type": "column", "platform": "10", "source": "PCIP Phase 1 Appendix A, sheet A-021, July 2019, PDF page 31"}, "geometry": {"type": "Polygon", "coordinates": [[[402.8, 234.9], [404.6, 234.9], [404.6, 236.7], [402.8, 236.7], [402.8, 234.9]]]}},
{"type": "Feature", "properties": {"level": "platform", "type": "column", "platform": "10", "source": "PCIP Phase 1 Appendix A, sheet A-021, July 2019, PDF page 31"}, "geometry": {"type": "Polygon", "coordinates": [[[408.7, 234.9], [410.3, 234.9], [410.3, 236.7], [408.7, 236.7], [408.7, 234.9]]]}},
{"type": "Feature", "properties": {"level": "platform", "type": "column", "platform": "10", "source": "PCIP Phase 1 Appendix A, sheet A-021, July 2019, PDF page 31"}, "geometry": {"type": "Polygon", "coordinates": [[[270.5, 234.4], [272.4, 234.4], [272.4, 236.4], [270.5, 236.4], [270.5, 234.4]]]}},
{"type": "Feature", "properties": {"level": "platform", "type": "column", "platform": "10", "source": "PCIP Phase 1 Appendix A, sheet A-021, July 2019, PDF page 31"}, "geometry": {"type": "Polygon", "coordinates": [[[298.0, 234.4], [300.0, 234.4], [300.0, 236.4], [298.0, 236.4], [298.0, 234.4]]]}},
{"type": "Feature", "properties": {"level": "platform", "type": "column", "platform": "10", "source": "PCIP Phase 1 Appendix A, sheet A-021, July 2019, PDF page 31"}, "geometry": {"type": "Polygon", "coordinates": [[[328.5, 234.5], [330.0, 234.5], [330.0, 236.4], [328.5, 236.4], [328.5, 234.5]]]}},
{"type": "Feature", "properties": {"level": "platform", "type": "column", "platform": "10", "source": "PCIP Phase 1 Appendix A, sheet A-021, July 2019, PDF page 31"}, "geometry": {"type": "Polygon", "coordinates": [[[341.7, 234.5], [343.6, 234.5], [343.6, 236.4], [341.7, 236.4], [341.7, 234.5]]]}},
{"type": "Feature", "properties": {"level": "platform", "type": "column", "platform": "10", "source": "PCIP Phase 1 Appendix A, sheet A-021, July 2019, PDF page 31"}, "geometry": {"type": "Polygon", "coordinates": [[[215.3, 233.9], [217.3, 233.9], [217.3, 235.9], [215.3, 235.9], [215.3, 233.9]]]}},
{"type": "Feature", "properties": {"level": "platform", "type": "column", "platform": "10", "source": "PCIP Phase 1 Appendix A, sheet A-021, July 2019, PDF page 31"}, "geometry": {"type": "Polygon", "coordinates": [[[368.9, 233.8], [371.0, 233.8], [371.0, 235.8], [368.9, 235.8], [368.9, 233.8]]]}},
{"type": "Feature", "properties": {"level": "platform", "type": "column", "platform": "10", "source": "PCIP Phase 1 Appendix A, sheet A-021, July 2019, PDF page 31"}, "geometry": {"type": "Polygon", "coordinates": [[[608.3, 230.8], [610.3, 230.8], [610.3, 232.9], [608.3, 232.9], [608.3, 230.8]]]}},
{"type": "Feature", "properties": {"level": "platform", "type": "column", "platform": "10", "source": "PCIP Phase 1 Appendix A, sheet A-021, July 2019, PDF page 31"}, "geometry": {"type": "Polygon", "coordinates": [[[632.9, 230.8], [634.9, 230.8], [634.9, 232.9], [632.9, 232.9], [632.9, 230.8]]]}},
{"type": "Feature", "properties": {"level": "platform", "type": "column", "platform": "10", "source": "PCIP Phase 1 Appendix A, sheet A-021, July 2019, PDF page 31"}, "geometry": {"type": "Polygon", "coordinates": [[[680.7, 231.0], [682.7, 231.0], [682.7, 232.9], [680.7, 232.9], [680.7, 231.0]]]}},
{"type": "Feature", "properties": {"level": "platform", "type": "column", "platform": "10", "source": "PCIP Phase 1 Appendix A, sheet A-021, July 2019, PDF page 31"}, "geometry": {"type": "Polygon", "coordinates": [[[572.0, 230.7], [574.0, 230.7], [574.0, 232.7], [572.0, 232.7], [572.0, 230.7]]]}},
{"type": "Feature", "properties": {"level": "platform", "type": "column", "platform": "10", "source": "PCIP Phase 1 Appendix A, sheet A-021, July 2019, PDF page 31"}, "geometry": {"type": "Polygon", "coordinates": [[[594.9, 230.8], [596.8, 230.8], [596.8, 232.7], [594.9, 232.7], [594.9, 230.8]]]}},
{"type": "Feature", "properties": {"level": "platform", "type": "column", "platform": "10", "source": "PCIP Phase 1 Appendix A, sheet A-021, July 2019, PDF page 31"}, "geometry": {"type": "Polygon", "coordinates": [[[504.7, 230.5], [506.7, 230.5], [506.7, 232.5], [504.7, 232.5], [504.7, 230.5]]]}},
{"type": "Feature", "properties": {"level": "platform", "type": "column", "platform": "10", "source": "PCIP Phase 1 Appendix A, sheet A-021, July 2019, PDF page 31"}, "geometry": {"type": "Polygon", "coordinates": [[[369.9, 229.3], [372.3, 229.3], [372.3, 231.4], [369.9, 231.4], [369.9, 229.3]]]}},
{"type": "Feature", "properties": {"level": "platform", "type": "column", "platform": "10", "source": "PCIP Phase 1 Appendix A, sheet A-021, July 2019, PDF page 31"}, "geometry": {"type": "Polygon", "coordinates": [[[374.2, 229.3], [376.5, 229.3], [376.5, 231.4], [374.2, 231.4], [374.2, 229.3]]]}},
{"type": "Feature", "properties": {"level": "platform", "type": "column", "platform": "10", "source": "PCIP Phase 1 Appendix A, sheet A-021, July 2019, PDF page 31"}, "geometry": {"type": "Polygon", "coordinates": [[[446.2, 228.6], [448.3, 228.6], [448.3, 230.6], [446.2, 230.6], [446.2, 228.6]]]}},
{"type": "Feature", "properties": {"level": "platform", "type": "column", "platform": "10", "source": "PCIP Phase 1 Appendix A, sheet A-021, July 2019, PDF page 31"}, "geometry": {"type": "Polygon", "coordinates": [[[457.6, 228.6], [459.7, 228.6], [459.7, 230.6], [457.6, 230.6], [457.6, 228.6]]]}},
{"type": "Feature", "properties": {"level": "platform", "type": "column", "platform": "10", "source": "PCIP Phase 1 Appendix A, sheet A-021, July 2019, PDF page 31"}, "geometry": {"type": "Polygon", "coordinates": [[[475.8, 228.6], [477.7, 228.6], [477.7, 230.6], [475.8, 230.6], [475.8, 228.6]]]}},
{"type": "Feature", "properties": {"level": "platform", "type": "column", "platform": "10", "source": "PCIP Phase 1 Appendix A, sheet A-021, July 2019, PDF page 31"}, "geometry": {"type": "Polygon", "coordinates": [[[490.0, 228.7], [492.0, 228.7], [492.0, 230.6], [490.0, 230.6], [490.0, 228.7]]]}},
{"type": "Feature", "properties": {"level": "platform", "type": "column", "platform": "10", "source": "PCIP Phase 1 Appendix A, sheet A-021, July 2019, PDF page 31"}, "geometry": {"type": "Polygon", "coordinates": [[[420.6, 228.7], [422.9, 228.7], [422.9, 230.5], [420.6, 230.5], [420.6, 228.7]]]}},
{"type": "Feature", "properties": {"level": "platform", "type": "column", "platform": "10", "source": "PCIP Phase 1 Appendix A, sheet A-021, July 2019, PDF page 31"}, "geometry": {"type": "Polygon", "coordinates": [[[433.3, 228.7], [435.4, 228.7], [435.4, 230.5], [433.3, 230.5], [433.3, 228.7]]]}},
{"type": "Feature", "properties": {"level": "platform", "type": "column", "platform": "10", "source": "PCIP Phase 1 Appendix A, sheet A-021, July 2019, PDF page 31"}, "geometry": {"type": "Polygon", "coordinates": [[[242.8, 228.4], [244.9, 228.4], [244.9, 230.4], [242.8, 230.4], [242.8, 228.4]]]}},
{"type": "Feature", "properties": {"level": "platform", "type": "column", "platform": "10", "source": "PCIP Phase 1 Appendix A, sheet A-021, July 2019, PDF page 31"}, "geometry": {"type": "Polygon", "coordinates": [[[583.4, 225.6], [585.4, 225.6], [585.4, 227.7], [583.4, 227.7], [583.4, 225.6]]]}},
{"type": "Feature", "properties": {"level": "platform", "type": "column", "platform": "10", "source": "PCIP Phase 1 Appendix A, sheet A-021, July 2019, PDF page 31"}, "geometry": {"type": "Polygon", "coordinates": [[[130.5, 224.4], [132.9, 224.4], [132.9, 226.8], [130.5, 226.8], [130.5, 224.4]]]}},
{"type": "Feature", "properties": {"level": "platform", "type": "column", "platform": "10", "source": "PCIP Phase 1 Appendix A, sheet A-021, July 2019, PDF page 31"}, "geometry": {"type": "Polygon", "coordinates": [[[466.1, 224.1], [468.2, 224.1], [468.2, 226.1], [466.1, 226.1], [466.1, 224.1]]]}},
{"type": "Feature", "properties": {"level": "platform", "type": "column", "platform": "10", "source": "PCIP Phase 1 Appendix A, sheet A-021, July 2019, PDF page 31"}, "geometry": {"type": "Polygon", "coordinates": [[[166.1, 223.9], [168.1, 223.9], [168.1, 225.9], [166.1, 225.9], [166.1, 223.9]]]}},
{"type": "Feature", "properties": {"level": "platform", "type": "column", "platform": "10", "source": "PCIP Phase 1 Appendix A, sheet A-021, July 2019, PDF page 31"}, "geometry": {"type": "Polygon", "coordinates": [[[186.1, 223.9], [188.0, 223.9], [188.0, 225.9], [186.1, 225.9], [186.1, 223.9]]]}},
{"type": "Feature", "properties": {"level": "platform", "type": "column", "platform": "10", "source": "PCIP Phase 1 Appendix A, sheet A-021, July 2019, PDF page 31"}, "geometry": {"type": "Polygon", "coordinates": [[[525.1, 223.0], [527.2, 223.0], [527.2, 225.0], [525.1, 225.0], [525.1, 223.0]]]}},
{"type": "Feature", "properties": {"level": "platform", "type": "column", "platform": "10", "source": "PCIP Phase 1 Appendix A, sheet A-021, July 2019, PDF page 31"}, "geometry": {"type": "Polygon", "coordinates": [[[287.4, 221.8], [290.1, 221.8], [290.1, 224.6], [287.4, 224.6], [287.4, 221.8]]]}},
{"type": "Feature", "properties": {"level": "platform", "type": "column", "platform": "10", "source": "PCIP Phase 1 Appendix A, sheet A-021, July 2019, PDF page 31"}, "geometry": {"type": "Polygon", "coordinates": [[[265.0, 222.1], [267.1, 222.1], [267.1, 224.1], [265.0, 224.1], [265.0, 222.1]]]}},
{"type": "Feature", "properties": {"level": "platform", "type": "column", "platform": "10", "source": "PCIP Phase 1 Appendix A, sheet A-021, July 2019, PDF page 31"}, "geometry": {"type": "Polygon", "coordinates": [[[270.6, 222.2], [272.6, 222.2], [272.6, 224.1], [270.6, 224.1], [270.6, 222.2]]]}},
{"type": "Feature", "properties": {"level": "platform", "type": "column", "platform": "10", "source": "PCIP Phase 1 Appendix A, sheet A-021, July 2019, PDF page 31"}, "geometry": {"type": "Polygon", "coordinates": [[[833.2, 221.8], [835.2, 221.8], [835.2, 223.9], [833.2, 223.9], [833.2, 221.8]]]}},
{"type": "Feature", "properties": {"level": "platform", "type": "column", "platform": "10", "source": "PCIP Phase 1 Appendix A, sheet A-021, July 2019, PDF page 31"}, "geometry": {"type": "Polygon", "coordinates": [[[850.2, 221.8], [852.1, 221.8], [852.1, 223.9], [850.2, 223.9], [850.2, 221.8]]]}},
{"type": "Feature", "properties": {"level": "platform", "type": "column", "platform": "10", "source": "PCIP Phase 1 Appendix A, sheet A-021, July 2019, PDF page 31"}, "geometry": {"type": "Polygon", "coordinates": [[[809.2, 221.7], [811.2, 221.7], [811.2, 223.7], [809.2, 223.7], [809.2, 221.7]]]}},
{"type": "Feature", "properties": {"level": "platform", "type": "column", "platform": "10", "source": "PCIP Phase 1 Appendix A, sheet A-021, July 2019, PDF page 31"}, "geometry": {"type": "Polygon", "coordinates": [[[677.1, 221.7], [679.2, 221.7], [679.2, 223.7], [677.1, 223.7], [677.1, 221.7]]]}},
{"type": "Feature", "properties": {"level": "platform", "type": "column", "platform": "10", "source": "PCIP Phase 1 Appendix A, sheet A-021, July 2019, PDF page 31"}, "geometry": {"type": "Polygon", "coordinates": [[[733.2, 221.7], [735.1, 221.7], [735.1, 223.7], [733.2, 223.7], [733.2, 221.7]]]}},
{"type": "Feature", "properties": {"level": "platform", "type": "column", "platform": "10", "source": "PCIP Phase 1 Appendix A, sheet A-021, July 2019, PDF page 31"}, "geometry": {"type": "Polygon", "coordinates": [[[571.8, 220.7], [573.9, 220.7], [573.9, 222.7], [571.8, 222.7], [571.8, 220.7]]]}},
{"type": "Feature", "properties": {"level": "platform", "type": "column", "platform": "10", "source": "PCIP Phase 1 Appendix A, sheet A-021, July 2019, PDF page 31"}, "geometry": {"type": "Polygon", "coordinates": [[[553.7, 220.3], [555.7, 220.3], [555.7, 222.3], [553.7, 222.3], [553.7, 220.3]]]}},
{"type": "Feature", "properties": {"level": "platform", "type": "column", "platform": "10", "source": "PCIP Phase 1 Appendix A, sheet A-021, July 2019, PDF page 31"}, "geometry": {"type": "Polygon", "coordinates": [[[272.5, 218.3], [274.4, 218.3], [274.4, 220.3], [272.5, 220.3], [272.5, 218.3]]]}},
{"type": "Feature", "properties": {"level": "platform", "type": "column", "platform": "10", "source": "PCIP Phase 1 Appendix A, sheet A-021, July 2019, PDF page 31"}, "geometry": {"type": "Polygon", "coordinates": [[[915.5, 217.4], [917.5, 217.4], [917.5, 219.4], [915.5, 219.4], [915.5, 217.4]]]}},
{"type": "Feature", "properties": {"level": "platform", "type": "column", "platform": "10", "source": "PCIP Phase 1 Appendix A, sheet A-021, July 2019, PDF page 31"}, "geometry": {"type": "Polygon", "coordinates": [[[903.5, 217.4], [905.6, 217.4], [905.6, 219.3], [903.5, 219.3], [903.5, 217.4]]]}},
{"type": "Feature", "properties": {"level": "platform", "type": "column", "platform": "10", "source": "PCIP Phase 1 Appendix A, sheet A-021, July 2019, PDF page 31"}, "geometry": {"type": "Polygon", "coordinates": [[[272.5, 214.9], [274.4, 214.9], [274.4, 216.9], [272.5, 216.9], [272.5, 214.9]]]}},
{"type": "Feature", "properties": {"level": "platform", "type": "column", "platform": "10", "source": "PCIP Phase 1 Appendix A, sheet A-021, July 2019, PDF page 31"}, "geometry": {"type": "Polygon", "coordinates": [[[886.8, 214.0], [888.8, 214.0], [888.8, 215.9], [886.8, 215.9], [886.8, 214.0]]]}},
{"type": "Feature", "properties": {"level": "platform", "type": "column", "platform": "10", "source": "PCIP Phase 1 Appendix A, sheet A-021, July 2019, PDF page 31"}, "geometry": {"type": "Polygon", "coordinates": [[[408.5, 213.1], [410.6, 213.1], [410.6, 215.0], [408.5, 215.0], [408.5, 213.1]]]}},
{"type": "Feature", "properties": {"level": "platform", "type": "column", "platform": "10", "source": "PCIP Phase 1 Appendix A, sheet A-021, July 2019, PDF page 31"}, "geometry": {"type": "Polygon", "coordinates": [[[328.5, 211.3], [330.0, 211.3], [330.0, 213.3], [328.5, 213.3], [328.5, 211.3]]]}},
{"type": "Feature", "properties": {"level": "platform", "type": "column", "platform": "10", "source": "PCIP Phase 1 Appendix A, sheet A-021, July 2019, PDF page 31"}, "geometry": {"type": "Polygon", "coordinates": [[[868.2, 210.9], [870.2, 210.9], [870.2, 212.9], [868.2, 212.9], [868.2, 210.9]]]}},
{"type": "Feature", "properties": {"level": "platform", "type": "column", "platform": "10", "source": "PCIP Phase 1 Appendix A, sheet A-021, July 2019, PDF page 31"}, "geometry": {"type": "Polygon", "coordinates": [[[298.1, 210.0], [300.0, 210.0], [300.0, 212.1], [298.1, 212.1], [298.1, 210.0]]]}},
{"type": "Feature", "properties": {"level": "platform", "type": "column", "platform": "10", "source": "PCIP Phase 1 Appendix A, sheet A-021, July 2019, PDF page 31"}, "geometry": {"type": "Polygon", "coordinates": [[[341.7, 209.0], [343.7, 209.0], [343.7, 211.1], [341.7, 211.1], [341.7, 209.0]]]}},
{"type": "Feature", "properties": {"level": "platform", "type": "column", "platform": "10", "source": "PCIP Phase 1 Appendix A, sheet A-021, July 2019, PDF page 31"}, "geometry": {"type": "Polygon", "coordinates": [[[850.3, 207.9], [852.3, 207.9], [852.3, 209.9], [850.3, 209.9], [850.3, 207.9]]]}},
{"type": "Feature", "properties": {"level": "platform", "type": "column", "platform": "10", "source": "PCIP Phase 1 Appendix A, sheet A-021, July 2019, PDF page 31"}, "geometry": {"type": "Polygon", "coordinates": [[[368.6, 206.0], [371.1, 206.0], [371.1, 208.4], [368.6, 208.4], [368.6, 206.0]]]}},
{"type": "Feature", "properties": {"level": "platform", "type": "column", "platform": "10", "source": "PCIP Phase 1 Appendix A, sheet A-021, July 2019, PDF page 31"}, "geometry": {"type": "Polygon", "coordinates": [[[678.1, 206.2], [680.1, 206.2], [680.1, 208.2], [678.1, 208.2], [678.1, 206.2]]]}},
{"type": "Feature", "properties": {"level": "platform", "type": "column", "platform": "10", "source": "PCIP Phase 1 Appendix A, sheet A-021, July 2019, PDF page 31"}, "geometry": {"type": "Polygon", "coordinates": [[[311.5, 205.8], [313.5, 205.8], [313.5, 207.7], [311.5, 207.7], [311.5, 205.8]]]}},
{"type": "Feature", "properties": {"level": "platform", "type": "column", "platform": "10", "source": "PCIP Phase 1 Appendix A, sheet A-021, July 2019, PDF page 31"}, "geometry": {"type": "Polygon", "coordinates": [[[671.8, 204.7], [673.9, 204.7], [673.9, 206.7], [671.8, 206.7], [671.8, 204.7]]]}},
{"type": "Feature", "properties": {"level": "platform", "type": "column", "platform": "10", "source": "PCIP Phase 1 Appendix A, sheet A-021, July 2019, PDF page 31"}, "geometry": {"type": "Polygon", "coordinates": [[[819.5, 204.7], [821.5, 204.7], [821.5, 206.7], [819.5, 206.7], [819.5, 204.7]]]}},
{"type": "Feature", "properties": {"level": "platform", "type": "column", "platform": "10", "source": "PCIP Phase 1 Appendix A, sheet A-021, July 2019, PDF page 31"}, "geometry": {"type": "Polygon", "coordinates": [[[758.7, 203.7], [760.6, 203.7], [760.6, 205.7], [758.7, 205.7], [758.7, 203.7]]]}},
{"type": "Feature", "properties": {"level": "platform", "type": "column", "platform": "10", "source": "PCIP Phase 1 Appendix A, sheet A-021, July 2019, PDF page 31"}, "geometry": {"type": "Polygon", "coordinates": [[[789.1, 203.7], [791.1, 203.7], [791.1, 205.7], [789.1, 205.7], [789.1, 203.7]]]}},
{"type": "Feature", "properties": {"level": "platform", "type": "column", "platform": "10", "source": "PCIP Phase 1 Appendix A, sheet A-021, July 2019, PDF page 31"}, "geometry": {"type": "Polygon", "coordinates": [[[666.7, 203.6], [668.8, 203.6], [668.8, 205.6], [666.7, 205.6], [666.7, 203.6]]]}},
{"type": "Feature", "properties": {"level": "platform", "type": "column", "platform": "10", "source": "PCIP Phase 1 Appendix A, sheet A-021, July 2019, PDF page 31"}, "geometry": {"type": "Polygon", "coordinates": [[[697.3, 203.6], [699.4, 203.6], [699.4, 205.6], [697.3, 205.6], [697.3, 203.6]]]}},
{"type": "Feature", "properties": {"level": "platform", "type": "column", "platform": "10", "source": "PCIP Phase 1 Appendix A, sheet A-021, July 2019, PDF page 31"}, "geometry": {"type": "Polygon", "coordinates": [[[727.7, 203.7], [729.7, 203.7], [729.7, 205.6], [727.7, 205.6], [727.7, 203.7]]]}},
{"type": "Feature", "properties": {"level": "platform", "type": "column", "platform": "10", "source": "PCIP Phase 1 Appendix A, sheet A-021, July 2019, PDF page 31"}, "geometry": {"type": "Polygon", "coordinates": [[[581.4, 203.5], [583.4, 203.5], [583.4, 205.5], [581.4, 205.5], [581.4, 203.5]]]}},
{"type": "Feature", "properties": {"level": "platform", "type": "column", "platform": "10", "source": "PCIP Phase 1 Appendix A, sheet A-021, July 2019, PDF page 31"}, "geometry": {"type": "Polygon", "coordinates": [[[595.7, 203.5], [597.7, 203.5], [597.7, 205.5], [595.7, 205.5], [595.7, 203.5]]]}},
{"type": "Feature", "properties": {"level": "platform", "type": "column", "platform": "10", "source": "PCIP Phase 1 Appendix A, sheet A-021, July 2019, PDF page 31"}, "geometry": {"type": "Polygon", "coordinates": [[[608.5, 203.5], [610.5, 203.5], [610.5, 205.5], [608.5, 205.5], [608.5, 203.5]]]}},
{"type": "Feature", "properties": {"level": "platform", "type": "column", "platform": "10", "source": "PCIP Phase 1 Appendix A, sheet A-021, July 2019, PDF page 31"}, "geometry": {"type": "Polygon", "coordinates": [[[620.6, 203.5], [622.6, 203.5], [622.6, 205.5], [620.6, 205.5], [620.6, 203.5]]]}},
{"type": "Feature", "properties": {"level": "platform", "type": "column", "platform": "10", "source": "PCIP Phase 1 Appendix A, sheet A-021, July 2019, PDF page 31"}, "geometry": {"type": "Polygon", "coordinates": [[[632.6, 203.5], [634.6, 203.5], [634.6, 205.5], [632.6, 205.5], [632.6, 203.5]]]}},
{"type": "Feature", "properties": {"level": "platform", "type": "column", "platform": "10", "source": "PCIP Phase 1 Appendix A, sheet A-021, July 2019, PDF page 31"}, "geometry": {"type": "Polygon", "coordinates": [[[489.7, 203.4], [491.8, 203.4], [491.8, 205.5], [489.7, 205.5], [489.7, 203.4]]]}},
{"type": "Feature", "properties": {"level": "platform", "type": "column", "platform": "10", "source": "PCIP Phase 1 Appendix A, sheet A-021, July 2019, PDF page 31"}, "geometry": {"type": "Polygon", "coordinates": [[[504.7, 203.4], [506.7, 203.4], [506.7, 205.5], [504.7, 205.5], [504.7, 203.4]]]}},
{"type": "Feature", "properties": {"level": "platform", "type": "column", "platform": "10", "source": "PCIP Phase 1 Appendix A, sheet A-021, July 2019, PDF page 31"}, "geometry": {"type": "Polygon", "coordinates": [[[540.0, 203.5], [542.0, 203.5], [542.0, 205.5], [540.0, 205.5], [540.0, 203.5]]]}},
{"type": "Feature", "properties": {"level": "platform", "type": "column", "platform": "10", "source": "PCIP Phase 1 Appendix A, sheet A-021, July 2019, PDF page 31"}, "geometry": {"type": "Polygon", "coordinates": [[[572.1, 203.5], [574.0, 203.5], [574.0, 205.5], [572.1, 205.5], [572.1, 203.5]]]}},
{"type": "Feature", "properties": {"level": "platform", "type": "column", "platform": "10", "source": "PCIP Phase 1 Appendix A, sheet A-021, July 2019, PDF page 31"}, "geometry": {"type": "Polygon", "coordinates": [[[392.3, 203.3], [394.3, 203.3], [394.3, 205.3], [392.3, 205.3], [392.3, 203.3]]]}},
{"type": "Feature", "properties": {"level": "platform", "type": "column", "platform": "10", "source": "PCIP Phase 1 Appendix A, sheet A-021, July 2019, PDF page 31"}, "geometry": {"type": "Polygon", "coordinates": [[[399.1, 203.3], [401.2, 203.3], [401.2, 205.3], [399.1, 205.3], [399.1, 203.3]]]}},
{"type": "Feature", "properties": {"level": "platform", "type": "column", "platform": "10", "source": "PCIP Phase 1 Appendix A, sheet A-021, July 2019, PDF page 31"}, "geometry": {"type": "Polygon", "coordinates": [[[404.6, 203.3], [406.6, 203.3], [406.6, 205.3], [404.6, 205.3], [404.6, 203.3]]]}},
{"type": "Feature", "properties": {"level": "platform", "type": "column", "platform": "10", "source": "PCIP Phase 1 Appendix A, sheet A-021, July 2019, PDF page 31"}, "geometry": {"type": "Polygon", "coordinates": [[[408.5, 203.3], [410.6, 203.3], [410.6, 205.3], [408.5, 205.3], [408.5, 203.3]]]}},
{"type": "Feature", "properties": {"level": "platform", "type": "column", "platform": "10", "source": "PCIP Phase 1 Appendix A, sheet A-021, July 2019, PDF page 31"}, "geometry": {"type": "Polygon", "coordinates": [[[420.8, 203.3], [422.9, 203.3], [422.9, 205.3], [420.8, 205.3], [420.8, 203.3]]]}},
{"type": "Feature", "properties": {"level": "platform", "type": "column", "platform": "10", "source": "PCIP Phase 1 Appendix A, sheet A-021, July 2019, PDF page 31"}, "geometry": {"type": "Polygon", "coordinates": [[[433.5, 203.3], [435.6, 203.3], [435.6, 205.3], [433.5, 205.3], [433.5, 203.3]]]}},
{"type": "Feature", "properties": {"level": "platform", "type": "column", "platform": "10", "source": "PCIP Phase 1 Appendix A, sheet A-021, July 2019, PDF page 31"}, "geometry": {"type": "Polygon", "coordinates": [[[445.0, 203.3], [447.0, 203.3], [447.0, 205.3], [445.0, 205.3], [445.0, 203.3]]]}},
{"type": "Feature", "properties": {"level": "platform", "type": "column", "platform": "10", "source": "PCIP Phase 1 Appendix A, sheet A-021, July 2019, PDF page 31"}, "geometry": {"type": "Polygon", "coordinates": [[[458.9, 203.4], [460.9, 203.4], [460.9, 205.3], [458.9, 205.3], [458.9, 203.4]]]}},
{"type": "Feature", "properties": {"level": "platform", "type": "column", "platform": "10", "source": "PCIP Phase 1 Appendix A, sheet A-021, July 2019, PDF page 31"}, "geometry": {"type": "Polygon", "coordinates": [[[525.0, 203.4], [527.1, 203.4], [527.1, 205.3], [525.0, 205.3], [525.0, 203.4]]]}},
{"type": "Feature", "properties": {"level": "platform", "type": "column", "platform": "10", "source": "PCIP Phase 1 Appendix A, sheet A-021, July 2019, PDF page 31"}, "geometry": {"type": "Polygon", "coordinates": [[[554.3, 203.3], [556.3, 203.3], [556.3, 205.3], [554.3, 205.3], [554.3, 203.3]]]}},
{"type": "Feature", "properties": {"level": "platform", "type": "column", "platform": "10", "source": "PCIP Phase 1 Appendix A, sheet A-021, July 2019, PDF page 31"}, "geometry": {"type": "Polygon", "coordinates": [[[265.2, 202.1], [267.1, 202.1], [267.1, 204.1], [265.2, 204.1], [265.2, 202.1]]]}},
{"type": "Feature", "properties": {"level": "platform", "type": "column", "platform": "9", "source": "PCIP Phase 1 Appendix A, sheet A-021, July 2019, PDF page 31"}, "geometry": {"type": "Polygon", "coordinates": [[[329.5, 188.5], [331.5, 188.5], [331.5, 190.5], [329.5, 190.5], [329.5, 188.5]]]}},
{"type": "Feature", "properties": {"level": "platform", "type": "column", "platform": "9", "source": "PCIP Phase 1 Appendix A, sheet A-021, July 2019, PDF page 31"}, "geometry": {"type": "Polygon", "coordinates": [[[348.9, 187.1], [350.9, 187.1], [350.9, 189.0], [348.9, 189.0], [348.9, 187.1]]]}},
{"type": "Feature", "properties": {"level": "platform", "type": "column", "platform": "9", "source": "PCIP Phase 1 Appendix A, sheet A-021, July 2019, PDF page 31"}, "geometry": {"type": "Polygon", "coordinates": [[[290.3, 186.3], [292.3, 186.3], [292.3, 188.2], [290.3, 188.2], [290.3, 186.3]]]}},
{"type": "Feature", "properties": {"level": "platform", "type": "column", "platform": "9", "source": "PCIP Phase 1 Appendix A, sheet A-021, July 2019, PDF page 31"}, "geometry": {"type": "Polygon", "coordinates": [[[850.2, 184.4], [852.1, 184.4], [852.1, 186.4], [850.2, 186.4], [850.2, 184.4]]]}},
{"type": "Feature", "properties": {"level": "platform", "type": "column", "platform": "9", "source": "PCIP Phase 1 Appendix A, sheet A-021, July 2019, PDF page 31"}, "geometry": {"type": "Polygon", "coordinates": [[[770.5, 184.3], [772.5, 184.3], [772.5, 186.3], [770.5, 186.3], [770.5, 184.3]]]}},
{"type": "Feature", "properties": {"level": "platform", "type": "column", "platform": "9", "source": "PCIP Phase 1 Appendix A, sheet A-021, July 2019, PDF page 31"}, "geometry": {"type": "Polygon", "coordinates": [[[809.2, 184.3], [811.3, 184.3], [811.3, 186.3], [809.2, 186.3], [809.2, 184.3]]]}},
{"type": "Feature", "properties": {"level": "platform", "type": "column", "platform": "9", "source": "PCIP Phase 1 Appendix A, sheet A-021, July 2019, PDF page 31"}, "geometry": {"type": "Polygon", "coordinates": [[[830.2, 184.4], [832.2, 184.4], [832.2, 186.3], [830.2, 186.3], [830.2, 184.4]]]}},
{"type": "Feature", "properties": {"level": "platform", "type": "column", "platform": "9", "source": "PCIP Phase 1 Appendix A, sheet A-021, July 2019, PDF page 31"}, "geometry": {"type": "Polygon", "coordinates": [[[710.5, 184.2], [712.4, 184.2], [712.4, 186.2], [710.5, 186.2], [710.5, 184.2]]]}},
{"type": "Feature", "properties": {"level": "platform", "type": "column", "platform": "9", "source": "PCIP Phase 1 Appendix A, sheet A-021, July 2019, PDF page 31"}, "geometry": {"type": "Polygon", "coordinates": [[[281.6, 182.3], [284.0, 182.3], [284.0, 184.6], [281.6, 184.6], [281.6, 182.3]]]}},
{"type": "Feature", "properties": {"level": "platform", "type": "column", "platform": "9", "source": "PCIP Phase 1 Appendix A, sheet A-021, July 2019, PDF page 31"}, "geometry": {"type": "Polygon", "coordinates": [[[789.1, 182.5], [791.1, 182.5], [791.1, 184.5], [789.1, 184.5], [789.1, 182.5]]]}},
{"type": "Feature", "properties": {"level": "platform", "type": "column", "platform": "9", "source": "PCIP Phase 1 Appendix A, sheet A-021, July 2019, PDF page 31"}, "geometry": {"type": "Polygon", "coordinates": [[[758.7, 180.5], [760.8, 180.5], [760.8, 182.4], [758.7, 182.4], [758.7, 180.5]]]}},
{"type": "Feature", "properties": {"level": "platform", "type": "column", "platform": "9", "source": "PCIP Phase 1 Appendix A, sheet A-021, July 2019, PDF page 31"}, "geometry": {"type": "Polygon", "coordinates": [[[727.8, 180.0], [729.8, 180.0], [729.8, 182.0], [727.8, 182.0], [727.8, 180.0]]]}},
{"type": "Feature", "properties": {"level": "platform", "type": "column", "platform": "9", "source": "PCIP Phase 1 Appendix A, sheet A-021, July 2019, PDF page 31"}, "geometry": {"type": "Polygon", "coordinates": [[[673.4, 179.2], [675.4, 179.2], [675.4, 181.2], [673.4, 181.2], [673.4, 179.2]]]}},
{"type": "Feature", "properties": {"level": "platform", "type": "column", "platform": "9", "source": "PCIP Phase 1 Appendix A, sheet A-021, July 2019, PDF page 31"}, "geometry": {"type": "Polygon", "coordinates": [[[678.1, 179.2], [680.1, 179.2], [680.1, 181.2], [678.1, 181.2], [678.1, 179.2]]]}},
{"type": "Feature", "properties": {"level": "platform", "type": "column", "platform": "9", "source": "PCIP Phase 1 Appendix A, sheet A-021, July 2019, PDF page 31"}, "geometry": {"type": "Polygon", "coordinates": [[[338.1, 176.9], [341.1, 176.9], [341.1, 179.9], [338.1, 179.9], [338.1, 176.9]]]}},
{"type": "Feature", "properties": {"level": "platform", "type": "column", "platform": "9", "source": "PCIP Phase 1 Appendix A, sheet A-021, July 2019, PDF page 31"}, "geometry": {"type": "Polygon", "coordinates": [[[395.9, 176.4], [399.7, 176.4], [399.7, 179.9], [395.9, 179.9], [395.9, 176.4]]]}},
{"type": "Feature", "properties": {"level": "platform", "type": "column", "platform": "9", "source": "PCIP Phase 1 Appendix A, sheet A-021, July 2019, PDF page 31"}, "geometry": {"type": "Polygon", "coordinates": [[[242.8, 175.9], [246.4, 175.9], [246.4, 179.5], [242.8, 179.5], [242.8, 175.9]]]}},
{"type": "Feature", "properties": {"level": "platform", "type": "column", "platform": "9", "source": "PCIP Phase 1 Appendix A, sheet A-021, July 2019, PDF page 31"}, "geometry": {"type": "Polygon", "coordinates": [[[697.4, 177.4], [699.4, 177.4], [699.4, 179.5], [697.4, 179.5], [697.4, 177.4]]]}},
{"type": "Feature", "properties": {"level": "platform", "type": "column", "platform": "9", "source": "PCIP Phase 1 Appendix A, sheet A-021, July 2019, PDF page 31"}, "geometry": {"type": "Polygon", "coordinates": [[[329.5, 177.3], [331.5, 177.3], [331.5, 179.3], [329.5, 179.3], [329.5, 177.3]]]}},
{"type": "Feature", "properties": {"level": "platform", "type": "column", "platform": "9", "source": "PCIP Phase 1 Appendix A, sheet A-021, July 2019, PDF page 31"}, "geometry": {"type": "Polygon", "coordinates": [[[344.8, 177.3], [346.9, 177.3], [346.9, 179.3], [344.8, 179.3], [344.8, 177.3]]]}},
{"type": "Feature", "properties": {"level": "platform", "type": "column", "platform": "9", "source": "PCIP Phase 1 Appendix A, sheet A-021, July 2019, PDF page 31"}, "geometry": {"type": "Polygon", "coordinates": [[[348.9, 177.3], [350.9, 177.3], [350.9, 179.3], [348.9, 179.3], [348.9, 177.3]]]}},
{"type": "Feature", "properties": {"level": "platform", "type": "column", "platform": "9", "source": "PCIP Phase 1 Appendix A, sheet A-021, July 2019, PDF page 31"}, "geometry": {"type": "Polygon", "coordinates": [[[368.3, 176.4], [371.5, 176.4], [371.5, 179.3], [368.3, 179.3], [368.3, 176.4]]]}},
{"type": "Feature", "properties": {"level": "platform", "type": "column", "platform": "9", "source": "PCIP Phase 1 Appendix A, sheet A-021, July 2019, PDF page 31"}, "geometry": {"type": "Polygon", "coordinates": [[[632.7, 177.3], [634.8, 177.3], [634.8, 179.3], [632.7, 179.3], [632.7, 177.3]]]}},
{"type": "Feature", "properties": {"level": "platform", "type": "column", "platform": "9", "source": "PCIP Phase 1 Appendix A, sheet A-021, July 2019, PDF page 31"}, "geometry": {"type": "Polygon", "coordinates": [[[666.8, 177.3], [668.8, 177.3], [668.8, 179.3], [666.8, 179.3], [666.8, 177.3]]]}},
{"type": "Feature", "properties": {"level": "platform", "type": "column", "platform": "9", "source": "PCIP Phase 1 Appendix A, sheet A-021, July 2019, PDF page 31"}, "geometry": {"type": "Polygon", "coordinates": [[[539.9, 177.2], [541.9, 177.2], [541.9, 179.2], [539.9, 179.2], [539.9, 177.2]]]}},
{"type": "Feature", "properties": {"level": "platform", "type": "column", "platform": "9", "source": "PCIP Phase 1 Appendix A, sheet A-021, July 2019, PDF page 31"}, "geometry": {"type": "Polygon", "coordinates": [[[563.1, 177.2], [565.1, 177.2], [565.1, 179.2], [563.1, 179.2], [563.1, 177.2]]]}},
{"type": "Feature", "properties": {"level": "platform", "type": "column", "platform": "9", "source": "PCIP Phase 1 Appendix A, sheet A-021, July 2019, PDF page 31"}, "geometry": {"type": "Polygon", "coordinates": [[[572.3, 177.2], [574.4, 177.2], [574.4, 179.2], [572.3, 179.2], [572.3, 177.2]]]}},
{"type": "Feature", "properties": {"level": "platform", "type": "column", "platform": "9", "source": "PCIP Phase 1 Appendix A, sheet A-021, July 2019, PDF page 31"}, "geometry": {"type": "Polygon", "coordinates": [[[602.6, 177.3], [604.6, 177.3], [604.6, 179.2], [602.6, 179.2], [602.6, 177.3]]]}},
{"type": "Feature", "properties": {"level": "platform", "type": "column", "platform": "9", "source": "PCIP Phase 1 Appendix A, sheet A-021, July 2019, PDF page 31"}, "geometry": {"type": "Polygon", "coordinates": [[[467.2, 177.2], [469.2, 177.2], [469.2, 179.2], [467.2, 179.2], [467.2, 177.2]]]}},
{"type": "Feature", "properties": {"level": "platform", "type": "column", "platform": "9", "source": "PCIP Phase 1 Appendix A, sheet A-021, July 2019, PDF page 31"}, "geometry": {"type": "Polygon", "coordinates": [[[475.5, 177.2], [477.5, 177.2], [477.5, 179.2], [475.5, 179.2], [475.5, 177.2]]]}},
{"type": "Feature", "properties": {"level": "platform", "type": "column", "platform": "9", "source": "PCIP Phase 1 Appendix A, sheet A-021, July 2019, PDF page 31"}, "geometry": {"type": "Polygon", "coordinates": [[[505.7, 177.2], [507.8, 177.2], [507.8, 179.2], [505.7, 179.2], [505.7, 177.2]]]}},
{"type": "Feature", "properties": {"level": "platform", "type": "column", "platform": "9", "source": "PCIP Phase 1 Appendix A, sheet A-021, July 2019, PDF page 31"}, "geometry": {"type": "Polygon", "coordinates": [[[525.1, 177.2], [527.1, 177.2], [527.1, 179.2], [525.1, 179.2], [525.1, 177.2]]]}},
{"type": "Feature", "properties": {"level": "platform", "type": "column", "platform": "9", "source": "PCIP Phase 1 Appendix A, sheet A-021, July 2019, PDF page 31"}, "geometry": {"type": "Polygon", "coordinates": [[[554.3, 177.2], [556.4, 177.2], [556.4, 179.2], [554.3, 179.2], [554.3, 177.2]]]}},
{"type": "Feature", "properties": {"level": "platform", "type": "column", "platform": "9", "source": "PCIP Phase 1 Appendix A, sheet A-021, July 2019, PDF page 31"}, "geometry": {"type": "Polygon", "coordinates": [[[459.0, 177.0], [460.9, 177.0], [460.9, 179.1], [459.0, 179.1], [459.0, 177.0]]]}},
{"type": "Feature", "properties": {"level": "platform", "type": "column", "platform": "9", "source": "PCIP Phase 1 Appendix A, sheet A-021, July 2019, PDF page 31"}, "geometry": {"type": "Polygon", "coordinates": [[[490.3, 177.2], [492.2, 177.2], [492.2, 179.1], [490.3, 179.1], [490.3, 177.2]]]}},
{"type": "Feature", "properties": {"level": "platform", "type": "column", "platform": "9", "source": "PCIP Phase 1 Appendix A, sheet A-021, July 2019, PDF page 31"}, "geometry": {"type": "Polygon", "coordinates": [[[262.7, 177.0], [264.8, 177.0], [264.8, 178.9], [262.7, 178.9], [262.7, 177.0]]]}},
{"type": "Feature", "properties": {"level": "platform", "type": "column", "platform": "9", "source": "PCIP Phase 1 Appendix A, sheet A-021, July 2019, PDF page 31"}, "geometry": {"type": "Polygon", "coordinates": [[[438.7, 176.9], [440.7, 176.9], [440.7, 178.9], [438.7, 178.9], [438.7, 176.9]]]}},
{"type": "Feature", "properties": {"level": "platform", "type": "column", "platform": "9", "source": "PCIP Phase 1 Appendix A, sheet A-021, July 2019, PDF page 31"}, "geometry": {"type": "Polygon", "coordinates": [[[225.3, 175.9], [228.1, 175.9], [228.1, 178.8], [225.3, 178.8], [225.3, 175.9]]]}},
{"type": "Feature", "properties": {"level": "platform", "type": "column", "platform": "9", "source": "PCIP Phase 1 Appendix A, sheet A-021, July 2019, PDF page 31"}, "geometry": {"type": "Polygon", "coordinates": [[[310.8, 176.8], [312.9, 176.8], [312.9, 178.8], [310.8, 178.8], [310.8, 176.8]]]}},
{"type": "Feature", "properties": {"level": "platform", "type": "column", "platform": "9", "source": "PCIP Phase 1 Appendix A, sheet A-021, July 2019, PDF page 31"}, "geometry": {"type": "Polygon", "coordinates": [[[419.6, 176.9], [421.5, 176.9], [421.5, 178.8], [419.6, 178.8], [419.6, 176.9]]]}},
{"type": "Feature", "properties": {"level": "platform", "type": "column", "platform": "9", "source": "PCIP Phase 1 Appendix A, sheet A-021, July 2019, PDF page 31"}, "geometry": {"type": "Polygon", "coordinates": [[[290.3, 176.8], [292.3, 176.8], [292.3, 178.7], [290.3, 178.7], [290.3, 176.8]]]}},
{"type": "Feature", "properties": {"level": "platform", "type": "column", "platform": "8", "source": "PCIP Phase 1 Appendix A, sheet A-021, July 2019, PDF page 31"}, "geometry": {"type": "Polygon", "coordinates": [[[681.5, 143.2], [683.5, 143.2], [683.5, 145.2], [681.5, 145.2], [681.5, 143.2]]]}},
{"type": "Feature", "properties": {"level": "platform", "type": "column", "platform": "8", "source": "PCIP Phase 1 Appendix A, sheet A-021, July 2019, PDF page 31"}, "geometry": {"type": "Polygon", "coordinates": [[[602.5, 138.6], [604.6, 138.6], [604.6, 140.6], [602.5, 140.6], [602.5, 138.6]]]}},
{"type": "Feature", "properties": {"level": "platform", "type": "column", "platform": "8", "source": "PCIP Phase 1 Appendix A, sheet A-021, July 2019, PDF page 31"}, "geometry": {"type": "Polygon", "coordinates": [[[632.7, 138.7], [634.8, 138.7], [634.8, 140.6], [632.7, 140.6], [632.7, 138.7]]]}},
{"type": "Feature", "properties": {"level": "platform", "type": "column", "platform": "8", "source": "PCIP Phase 1 Appendix A, sheet A-021, July 2019, PDF page 31"}, "geometry": {"type": "Polygon", "coordinates": [[[399.3, 138.1], [401.2, 138.1], [401.2, 140.1], [399.3, 140.1], [399.3, 138.1]]]}},
{"type": "Feature", "properties": {"level": "platform", "type": "column", "platform": "8", "source": "PCIP Phase 1 Appendix A, sheet A-021, July 2019, PDF page 31"}, "geometry": {"type": "Polygon", "coordinates": [[[418.7, 138.1], [420.6, 138.1], [420.6, 140.1], [418.7, 140.1], [418.7, 138.1]]]}},
{"type": "Feature", "properties": {"level": "platform", "type": "column", "platform": "8", "source": "PCIP Phase 1 Appendix A, sheet A-021, July 2019, PDF page 31"}, "geometry": {"type": "Polygon", "coordinates": [[[215.4, 137.7], [217.4, 137.7], [217.4, 139.8], [215.4, 139.8], [215.4, 137.7]]]}},
{"type": "Feature", "properties": {"level": "platform", "type": "column", "platform": "8", "source": "PCIP Phase 1 Appendix A, sheet A-021, July 2019, PDF page 31"}, "geometry": {"type": "Polygon", "coordinates": [[[243.0, 137.8], [245.0, 137.8], [245.0, 139.8], [243.0, 139.8], [243.0, 137.8]]]}},
{"type": "Feature", "properties": {"level": "platform", "type": "column", "platform": "8", "source": "PCIP Phase 1 Appendix A, sheet A-021, July 2019, PDF page 31"}, "geometry": {"type": "Polygon", "coordinates": [[[329.5, 137.7], [331.5, 137.7], [331.5, 139.8], [329.5, 139.8], [329.5, 137.7]]]}},
{"type": "Feature", "properties": {"level": "platform", "type": "column", "platform": "8", "source": "PCIP Phase 1 Appendix A, sheet A-021, July 2019, PDF page 31"}, "geometry": {"type": "Polygon", "coordinates": [[[349.0, 137.7], [350.9, 137.7], [350.9, 139.8], [349.0, 139.8], [349.0, 137.7]]]}},
{"type": "Feature", "properties": {"level": "platform", "type": "column", "platform": "8", "source": "PCIP Phase 1 Appendix A, sheet A-021, July 2019, PDF page 31"}, "geometry": {"type": "Polygon", "coordinates": [[[369.1, 137.7], [371.0, 137.7], [371.0, 139.8], [369.1, 139.8], [369.1, 137.7]]]}},
{"type": "Feature", "properties": {"level": "platform", "type": "column", "platform": "8", "source": "PCIP Phase 1 Appendix A, sheet A-021, July 2019, PDF page 31"}, "geometry": {"type": "Polygon", "coordinates": [[[270.6, 137.6], [272.6, 137.6], [272.6, 139.6], [270.6, 139.6], [270.6, 137.6]]]}},
{"type": "Feature", "properties": {"level": "platform", "type": "column", "platform": "8", "source": "PCIP Phase 1 Appendix A, sheet A-021, July 2019, PDF page 31"}, "geometry": {"type": "Polygon", "coordinates": [[[311.0, 137.7], [313.0, 137.7], [313.0, 139.6], [311.0, 139.6], [311.0, 137.7]]]}},
{"type": "Feature", "properties": {"level": "platform", "type": "column", "platform": "8", "source": "PCIP Phase 1 Appendix A, sheet A-021, July 2019, PDF page 31"}, "geometry": {"type": "Polygon", "coordinates": [[[290.4, 137.8], [292.1, 137.8], [292.1, 139.5], [290.4, 139.5], [290.4, 137.8]]]}},
{"type": "Feature", "properties": {"level": "platform", "type": "column", "platform": "8", "source": "PCIP Phase 1 Appendix A, sheet A-021, July 2019, PDF page 31"}, "geometry": {"type": "Polygon", "coordinates": [[[457.3, 133.2], [460.4, 133.2], [460.4, 136.8], [457.3, 136.8], [457.3, 133.2]]]}},
{"type": "Feature", "properties": {"level": "platform", "type": "column", "platform": "8", "source": "PCIP Phase 1 Appendix A, sheet A-021, July 2019, PDF page 31"}, "geometry": {"type": "Polygon", "coordinates": [[[727.8, 134.5], [729.7, 134.5], [729.7, 136.6], [727.8, 136.6], [727.8, 134.5]]]}},
{"type": "Feature", "properties": {"level": "platform", "type": "column", "platform": "8", "source": "PCIP Phase 1 Appendix A, sheet A-021, July 2019, PDF page 31"}, "geometry": {"type": "Polygon", "coordinates": [[[666.8, 134.3], [668.8, 134.3], [668.8, 136.3], [666.8, 136.3], [666.8, 134.3]]]}},
{"type": "Feature", "properties": {"level": "platform", "type": "column", "platform": "8", "source": "PCIP Phase 1 Appendix A, sheet A-021, July 2019, PDF page 31"}, "geometry": {"type": "Polygon", "coordinates": [[[697.4, 134.3], [699.5, 134.3], [699.5, 136.3], [697.4, 136.3], [697.4, 134.3]]]}},
{"type": "Feature", "properties": {"level": "platform", "type": "column", "platform": "8", "source": "PCIP Phase 1 Appendix A, sheet A-021, July 2019, PDF page 31"}, "geometry": {"type": "Polygon", "coordinates": [[[482.3, 134.1], [484.3, 134.1], [484.3, 136.1], [482.3, 136.1], [482.3, 134.1]]]}},
{"type": "Feature", "properties": {"level": "platform", "type": "column", "platform": "8", "source": "PCIP Phase 1 Appendix A, sheet A-021, July 2019, PDF page 31"}, "geometry": {"type": "Polygon", "coordinates": [[[505.7, 134.1], [507.8, 134.1], [507.8, 136.1], [505.7, 136.1], [505.7, 134.1]]]}},
{"type": "Feature", "properties": {"level": "platform", "type": "column", "platform": "8", "source": "PCIP Phase 1 Appendix A, sheet A-021, July 2019, PDF page 31"}, "geometry": {"type": "Polygon", "coordinates": [[[525.1, 134.1], [527.2, 134.1], [527.2, 136.1], [525.1, 136.1], [525.1, 134.1]]]}},
{"type": "Feature", "properties": {"level": "platform", "type": "column", "platform": "8", "source": "PCIP Phase 1 Appendix A, sheet A-021, July 2019, PDF page 31"}, "geometry": {"type": "Polygon", "coordinates": [[[546.7, 134.1], [548.7, 134.1], [548.7, 136.1], [546.7, 136.1], [546.7, 134.1]]]}},
{"type": "Feature", "properties": {"level": "platform", "type": "column", "platform": "8", "source": "PCIP Phase 1 Appendix A, sheet A-021, July 2019, PDF page 31"}, "geometry": {"type": "Polygon", "coordinates": [[[572.2, 134.2], [574.2, 134.2], [574.2, 136.1], [572.2, 136.1], [572.2, 134.2]]]}},
{"type": "Feature", "properties": {"level": "platform", "type": "column", "platform": "8", "source": "PCIP Phase 1 Appendix A, sheet A-021, July 2019, PDF page 31"}, "geometry": {"type": "Polygon", "coordinates": [[[438.7, 134.0], [440.8, 134.0], [440.8, 136.1], [438.7, 136.1], [438.7, 134.0]]]}},
{"type": "Feature", "properties": {"level": "platform", "type": "column", "platform": "8", "source": "PCIP Phase 1 Appendix A, sheet A-021, July 2019, PDF page 31"}, "geometry": {"type": "Polygon", "coordinates": [[[560.6, 132.4], [563.5, 132.4], [563.5, 135.3], [560.6, 135.3], [560.6, 132.4]]]}},
{"type": "Feature", "properties": {"level": "platform", "type": "column", "platform": "8", "source": "PCIP Phase 1 Appendix A, sheet A-021, July 2019, PDF page 31"}, "geometry": {"type": "Polygon", "coordinates": [[[-100.3, 132.5], [-98.3, 132.5], [-98.3, 134.5], [-100.3, 134.5], [-100.3, 132.5]]]}},
{"type": "Feature", "properties": {"level": "platform", "type": "column", "platform": "8", "source": "PCIP Phase 1 Appendix A, sheet A-021, July 2019, PDF page 31"}, "geometry": {"type": "Polygon", "coordinates": [[[-226.0, 132.3], [-224.0, 132.3], [-224.0, 134.3], [-226.0, 134.3], [-226.0, 132.3]]]}},
{"type": "Feature", "properties": {"level": "platform", "type": "column", "platform": "8", "source": "PCIP Phase 1 Appendix A, sheet A-021, July 2019, PDF page 31"}, "geometry": {"type": "Polygon", "coordinates": [[[209.1, 131.7], [211.3, 131.7], [211.3, 134.1], [209.1, 134.1], [209.1, 131.7]]]}},
{"type": "Feature", "properties": {"level": "platform", "type": "column", "platform": "8", "source": "PCIP Phase 1 Appendix A, sheet A-021, July 2019, PDF page 31"}, "geometry": {"type": "Polygon", "coordinates": [[[769.5, 131.9], [771.5, 131.9], [771.5, 133.9], [769.5, 133.9], [769.5, 131.9]]]}},
{"type": "Feature", "properties": {"level": "platform", "type": "column", "platform": "8", "source": "PCIP Phase 1 Appendix A, sheet A-021, July 2019, PDF page 31"}, "geometry": {"type": "Polygon", "coordinates": [[[677.7, 131.0], [679.7, 131.0], [679.7, 133.0], [677.7, 133.0], [677.7, 131.0]]]}},
{"type": "Feature", "properties": {"level": "platform", "type": "column", "platform": "8", "source": "PCIP Phase 1 Appendix A, sheet A-021, July 2019, PDF page 31"}, "geometry": {"type": "Polygon", "coordinates": [[[399.3, 130.5], [401.2, 130.5], [401.2, 132.5], [399.3, 132.5], [399.3, 130.5]]]}},
{"type": "Feature", "properties": {"level": "platform", "type": "column", "platform": "8", "source": "PCIP Phase 1 Appendix A, sheet A-021, July 2019, PDF page 31"}, "geometry": {"type": "Polygon", "coordinates": [[[418.7, 130.6], [420.7, 130.6], [420.7, 132.5], [418.7, 132.5], [418.7, 130.6]]]}},
{"type": "Feature", "properties": {"level": "platform", "type": "column", "platform": "8", "source": "PCIP Phase 1 Appendix A, sheet A-021, July 2019, PDF page 31"}, "geometry": {"type": "Polygon", "coordinates": [[[311.0, 130.0], [313.0, 130.0], [313.0, 132.1], [311.0, 132.1], [311.0, 130.0]]]}},
{"type": "Feature", "properties": {"level": "platform", "type": "column", "platform": "8", "source": "PCIP Phase 1 Appendix A, sheet A-021, July 2019, PDF page 31"}, "geometry": {"type": "Polygon", "coordinates": [[[329.5, 130.0], [331.5, 130.0], [331.5, 132.1], [329.5, 132.1], [329.5, 130.0]]]}},
{"type": "Feature", "properties": {"level": "platform", "type": "column", "platform": "8", "source": "PCIP Phase 1 Appendix A, sheet A-021, July 2019, PDF page 31"}, "geometry": {"type": "Polygon", "coordinates": [[[349.0, 130.0], [350.9, 130.0], [350.9, 132.1], [349.0, 132.1], [349.0, 130.0]]]}},
{"type": "Feature", "properties": {"level": "platform", "type": "column", "platform": "8", "source": "PCIP Phase 1 Appendix A, sheet A-021, July 2019, PDF page 31"}, "geometry": {"type": "Polygon", "coordinates": [[[270.6, 130.0], [272.6, 130.0], [272.6, 132.0], [270.6, 132.0], [270.6, 130.0]]]}},
{"type": "Feature", "properties": {"level": "platform", "type": "column", "platform": "8", "source": "PCIP Phase 1 Appendix A, sheet A-021, July 2019, PDF page 31"}, "geometry": {"type": "Polygon", "coordinates": [[[369.1, 130.0], [371.1, 130.0], [371.1, 132.0], [369.1, 132.0], [369.1, 130.0]]]}},
{"type": "Feature", "properties": {"level": "platform", "type": "column", "platform": "8", "source": "PCIP Phase 1 Appendix A, sheet A-021, July 2019, PDF page 31"}, "geometry": {"type": "Polygon", "coordinates": [[[215.4, 129.7], [217.4, 129.7], [217.4, 131.8], [215.4, 131.8], [215.4, 129.7]]]}},
{"type": "Feature", "properties": {"level": "platform", "type": "column", "platform": "8", "source": "PCIP Phase 1 Appendix A, sheet A-021, July 2019, PDF page 31"}, "geometry": {"type": "Polygon", "coordinates": [[[243.0, 129.7], [245.0, 129.7], [245.0, 131.8], [243.0, 131.8], [243.0, 129.7]]]}},
{"type": "Feature", "properties": {"level": "platform", "type": "column", "platform": "8", "source": "PCIP Phase 1 Appendix A, sheet A-021, July 2019, PDF page 31"}, "geometry": {"type": "Polygon", "coordinates": [[[290.5, 130.1], [292.2, 130.1], [292.2, 131.8], [290.5, 131.8], [290.5, 130.1]]]}},
{"type": "Feature", "properties": {"level": "platform", "type": "column", "platform": "8", "source": "PCIP Phase 1 Appendix A, sheet A-021, July 2019, PDF page 31"}, "geometry": {"type": "Polygon", "coordinates": [[[-247.3, 129.6], [-245.3, 129.6], [-245.3, 131.6], [-247.3, 131.6], [-247.3, 129.6]]]}},
{"type": "Feature", "properties": {"level": "platform", "type": "column", "platform": "8", "source": "PCIP Phase 1 Appendix A, sheet A-021, July 2019, PDF page 31"}, "geometry": {"type": "Polygon", "coordinates": [[[758.7, 128.3], [760.8, 128.3], [760.8, 130.4], [758.7, 130.4], [758.7, 128.3]]]}},
{"type": "Feature", "properties": {"level": "platform", "type": "column", "platform": "8", "source": "PCIP Phase 1 Appendix A, sheet A-021, July 2019, PDF page 31"}, "geometry": {"type": "Polygon", "coordinates": [[[712.9, 128.2], [714.8, 128.2], [714.8, 130.2], [712.9, 130.2], [712.9, 128.2]]]}},
{"type": "Feature", "properties": {"level": "platform", "type": "column", "platform": "8", "source": "PCIP Phase 1 Appendix A, sheet A-021, July 2019, PDF page 31"}, "geometry": {"type": "Polygon", "coordinates": [[[735.6, 128.3], [737.6, 128.3], [737.6, 130.2], [735.6, 130.2], [735.6, 128.3]]]}},
{"type": "Feature", "properties": {"level": "platform", "type": "column", "platform": "8", "source": "PCIP Phase 1 Appendix A, sheet A-021, July 2019, PDF page 31"}, "geometry": {"type": "Polygon", "coordinates": [[[525.1, 127.3], [527.2, 127.3], [527.2, 129.2], [525.1, 129.2], [525.1, 127.3]]]}},
{"type": "Feature", "properties": {"level": "platform", "type": "column", "platform": "7", "source": "PCIP Phase 1 Appendix A, sheet A-021, July 2019, PDF page 31"}, "geometry": {"type": "Polygon", "coordinates": [[[242.2, 90.3], [245.7, 90.3], [245.7, 93.8], [242.2, 93.8], [242.2, 90.3]]]}},
{"type": "Feature", "properties": {"level": "platform", "type": "column", "platform": "7", "source": "PCIP Phase 1 Appendix A, sheet A-021, July 2019, PDF page 31"}, "geometry": {"type": "Polygon", "coordinates": [[[270.0, 90.3], [273.5, 90.3], [273.5, 93.8], [270.0, 93.8], [270.0, 90.3]]]}},
{"type": "Feature", "properties": {"level": "platform", "type": "column", "platform": "7", "source": "PCIP Phase 1 Appendix A, sheet A-021, July 2019, PDF page 31"}, "geometry": {"type": "Polygon", "coordinates": [[[215.0, 90.3], [218.3, 90.3], [218.3, 93.7], [215.0, 93.7], [215.0, 90.3]]]}},
{"type": "Feature", "properties": {"level": "platform", "type": "column", "platform": "7", "source": "PCIP Phase 1 Appendix A, sheet A-021, July 2019, PDF page 31"}, "geometry": {"type": "Polygon", "coordinates": [[[349.0, 91.7], [351.1, 91.7], [351.1, 93.7], [349.0, 93.7], [349.0, 91.7]]]}},
{"type": "Feature", "properties": {"level": "platform", "type": "column", "platform": "7", "source": "PCIP Phase 1 Appendix A, sheet A-021, July 2019, PDF page 31"}, "geometry": {"type": "Polygon", "coordinates": [[[311.0, 91.6], [313.0, 91.6], [313.0, 93.6], [311.0, 93.6], [311.0, 91.6]]]}},
{"type": "Feature", "properties": {"level": "platform", "type": "column", "platform": "7", "source": "PCIP Phase 1 Appendix A, sheet A-021, July 2019, PDF page 31"}, "geometry": {"type": "Polygon", "coordinates": [[[329.6, 91.7], [331.6, 91.7], [331.6, 93.6], [329.6, 93.6], [329.6, 91.7]]]}},
{"type": "Feature", "properties": {"level": "platform", "type": "column", "platform": "7", "source": "PCIP Phase 1 Appendix A, sheet A-021, July 2019, PDF page 31"}, "geometry": {"type": "Polygon", "coordinates": [[[521.7, 91.1], [523.8, 91.1], [523.8, 93.1], [521.7, 93.1], [521.7, 91.1]]]}},
{"type": "Feature", "properties": {"level": "platform", "type": "column", "platform": "7", "source": "PCIP Phase 1 Appendix A, sheet A-021, July 2019, PDF page 31"}, "geometry": {"type": "Polygon", "coordinates": [[[290.3, 91.5], [292.2, 91.5], [292.2, 92.9], [290.3, 92.9], [290.3, 91.5]]]}},
{"type": "Feature", "properties": {"level": "platform", "type": "column", "platform": "7", "source": "PCIP Phase 1 Appendix A, sheet A-021, July 2019, PDF page 31"}, "geometry": {"type": "Polygon", "coordinates": [[[369.1, 90.9], [371.1, 90.9], [371.1, 92.9], [369.1, 92.9], [369.1, 90.9]]]}},
{"type": "Feature", "properties": {"level": "platform", "type": "column", "platform": "7", "source": "PCIP Phase 1 Appendix A, sheet A-021, July 2019, PDF page 31"}, "geometry": {"type": "Polygon", "coordinates": [[[418.7, 90.9], [420.7, 90.9], [420.7, 92.9], [418.7, 92.9], [418.7, 90.9]]]}},
{"type": "Feature", "properties": {"level": "platform", "type": "column", "platform": "7", "source": "PCIP Phase 1 Appendix A, sheet A-021, July 2019, PDF page 31"}, "geometry": {"type": "Polygon", "coordinates": [[[505.9, 90.9], [507.9, 90.9], [507.9, 92.9], [505.9, 92.9], [505.9, 90.9]]]}},
{"type": "Feature", "properties": {"level": "platform", "type": "column", "platform": "7", "source": "PCIP Phase 1 Appendix A, sheet A-021, July 2019, PDF page 31"}, "geometry": {"type": "Polygon", "coordinates": [[[632.9, 90.4], [634.8, 90.4], [634.8, 92.4], [632.9, 92.4], [632.9, 90.4]]]}},
{"type": "Feature", "properties": {"level": "platform", "type": "column", "platform": "7", "source": "PCIP Phase 1 Appendix A, sheet A-021, July 2019, PDF page 31"}, "geometry": {"type": "Polygon", "coordinates": [[[739.2, 90.4], [741.2, 90.4], [741.2, 92.4], [739.2, 92.4], [739.2, 90.4]]]}},
{"type": "Feature", "properties": {"level": "platform", "type": "column", "platform": "7", "source": "PCIP Phase 1 Appendix A, sheet A-021, July 2019, PDF page 31"}, "geometry": {"type": "Polygon", "coordinates": [[[756.8, 90.4], [758.9, 90.4], [758.9, 92.4], [756.8, 92.4], [756.8, 90.4]]]}},
{"type": "Feature", "properties": {"level": "platform", "type": "column", "platform": "7", "source": "PCIP Phase 1 Appendix A, sheet A-021, July 2019, PDF page 31"}, "geometry": {"type": "Polygon", "coordinates": [[[789.1, 90.3], [791.1, 90.3], [791.1, 92.3], [789.1, 92.3], [789.1, 90.3]]]}},
{"type": "Feature", "properties": {"level": "platform", "type": "column", "platform": "7", "source": "PCIP Phase 1 Appendix A, sheet A-021, July 2019, PDF page 31"}, "geometry": {"type": "Polygon", "coordinates": [[[663.2, 89.6], [665.2, 89.6], [665.2, 91.5], [663.2, 91.5], [663.2, 89.6]]]}},
{"type": "Feature", "properties": {"level": "platform", "type": "column", "platform": "7", "source": "PCIP Phase 1 Appendix A, sheet A-021, July 2019, PDF page 31"}, "geometry": {"type": "Polygon", "coordinates": [[[819.6, 88.5], [821.7, 88.5], [821.7, 90.5], [819.6, 90.5], [819.6, 88.5]]]}},
{"type": "Feature", "properties": {"level": "platform", "type": "column", "platform": "7", "source": "PCIP Phase 1 Appendix A, sheet A-021, July 2019, PDF page 31"}, "geometry": {"type": "Polygon", "coordinates": [[[758.9, 88.5], [760.9, 88.5], [760.9, 90.4], [758.9, 90.4], [758.9, 88.5]]]}},
{"type": "Feature", "properties": {"level": "platform", "type": "column", "platform": "7", "source": "PCIP Phase 1 Appendix A, sheet A-021, July 2019, PDF page 31"}, "geometry": {"type": "Polygon", "coordinates": [[[583.9, 88.3], [585.9, 88.3], [585.9, 90.3], [583.9, 90.3], [583.9, 88.3]]]}},
{"type": "Feature", "properties": {"level": "platform", "type": "column", "platform": "7", "source": "PCIP Phase 1 Appendix A, sheet A-021, July 2019, PDF page 31"}, "geometry": {"type": "Polygon", "coordinates": [[[562.6, 87.5], [565.6, 87.5], [565.6, 90.3], [562.6, 90.3], [562.6, 87.5]]]}},
{"type": "Feature", "properties": {"level": "platform", "type": "column", "platform": "7", "source": "PCIP Phase 1 Appendix A, sheet A-021, July 2019, PDF page 31"}, "geometry": {"type": "Polygon", "coordinates": [[[777.5, 88.2], [779.5, 88.2], [779.5, 90.3], [777.5, 90.3], [777.5, 88.2]]]}},
{"type": "Feature", "properties": {"level": "platform", "type": "column", "platform": "7", "source": "PCIP Phase 1 Appendix A, sheet A-021, July 2019, PDF page 31"}, "geometry": {"type": "Polygon", "coordinates": [[[801.4, 88.3], [803.4, 88.3], [803.4, 90.3], [801.4, 90.3], [801.4, 88.3]]]}},
{"type": "Feature", "properties": {"level": "platform", "type": "column", "platform": "7", "source": "PCIP Phase 1 Appendix A, sheet A-021, July 2019, PDF page 31"}, "geometry": {"type": "Polygon", "coordinates": [[[666.9, 88.1], [668.8, 88.1], [668.8, 90.1], [666.9, 90.1], [666.9, 88.1]]]}},
{"type": "Feature", "properties": {"level": "platform", "type": "column", "platform": "7", "source": "PCIP Phase 1 Appendix A, sheet A-021, July 2019, PDF page 31"}, "geometry": {"type": "Polygon", "coordinates": [[[697.5, 88.1], [699.5, 88.1], [699.5, 90.1], [697.5, 90.1], [697.5, 88.1]]]}},
{"type": "Feature", "properties": {"level": "platform", "type": "column", "platform": "7", "source": "PCIP Phase 1 Appendix A, sheet A-021, July 2019, PDF page 31"}, "geometry": {"type": "Polygon", "coordinates": [[[727.8, 88.2], [729.8, 88.2], [729.8, 90.1], [727.8, 90.1], [727.8, 88.2]]]}},
{"type": "Feature", "properties": {"level": "platform", "type": "column", "platform": "7", "source": "PCIP Phase 1 Appendix A, sheet A-021, July 2019, PDF page 31"}, "geometry": {"type": "Polygon", "coordinates": [[[572.0, 88.0], [574.5, 88.0], [574.5, 90.0], [572.0, 90.0], [572.0, 88.0]]]}},
{"type": "Feature", "properties": {"level": "platform", "type": "column", "platform": "7", "source": "PCIP Phase 1 Appendix A, sheet A-021, July 2019, PDF page 31"}, "geometry": {"type": "Polygon", "coordinates": [[[602.5, 88.0], [604.6, 88.0], [604.6, 90.0], [602.5, 90.0], [602.5, 88.0]]]}},
{"type": "Feature", "properties": {"level": "platform", "type": "column", "platform": "7", "source": "PCIP Phase 1 Appendix A, sheet A-021, July 2019, PDF page 31"}, "geometry": {"type": "Polygon", "coordinates": [[[438.9, 88.0], [440.8, 88.0], [440.8, 89.9], [438.9, 89.9], [438.9, 88.0]]]}},
{"type": "Feature", "properties": {"level": "platform", "type": "column", "platform": "7", "source": "PCIP Phase 1 Appendix A, sheet A-021, July 2019, PDF page 31"}, "geometry": {"type": "Polygon", "coordinates": [[[475.2, 87.9], [477.2, 87.9], [477.2, 89.9], [475.2, 89.9], [475.2, 87.9]]]}},
{"type": "Feature", "properties": {"level": "platform", "type": "column", "platform": "7", "source": "PCIP Phase 1 Appendix A, sheet A-021, July 2019, PDF page 31"}, "geometry": {"type": "Polygon", "coordinates": [[[-390.6, 88.1], [-388.9, 88.1], [-388.9, 89.8], [-390.6, 89.8], [-390.6, 88.1]]]}},
{"type": "Feature", "properties": {"level": "platform", "type": "column", "platform": "7", "source": "PCIP Phase 1 Appendix A, sheet A-021, July 2019, PDF page 31"}, "geometry": {"type": "Polygon", "coordinates": [[[459.2, 87.9], [461.2, 87.9], [461.2, 89.8], [459.2, 89.8], [459.2, 87.9]]]}},
{"type": "Feature", "properties": {"level": "platform", "type": "column", "platform": "7", "source": "PCIP Phase 1 Appendix A, sheet A-021, July 2019, PDF page 31"}, "geometry": {"type": "Polygon", "coordinates": [[[292.3, 84.9], [293.8, 84.9], [293.8, 86.7], [292.3, 86.7], [292.3, 84.9]]]}},
{"type": "Feature", "properties": {"level": "platform", "type": "column", "platform": "7", "source": "PCIP Phase 1 Appendix A, sheet A-021, July 2019, PDF page 31"}, "geometry": {"type": "Polygon", "coordinates": [[[165.4, 84.6], [167.2, 84.6], [167.2, 86.2], [165.4, 86.2], [165.4, 84.6]]]}},
{"type": "Feature", "properties": {"level": "platform", "type": "column", "platform": "7", "source": "PCIP Phase 1 Appendix A, sheet A-021, July 2019, PDF page 31"}, "geometry": {"type": "Polygon", "coordinates": [[[399.3, 83.1], [401.3, 83.1], [401.3, 85.1], [399.3, 85.1], [399.3, 83.1]]]}},
{"type": "Feature", "properties": {"level": "platform", "type": "column", "platform": "7", "source": "PCIP Phase 1 Appendix A, sheet A-021, July 2019, PDF page 31"}, "geometry": {"type": "Polygon", "coordinates": [[[418.7, 83.1], [420.7, 83.1], [420.7, 85.1], [418.7, 85.1], [418.7, 83.1]]]}},
{"type": "Feature", "properties": {"level": "platform", "type": "column", "platform": "7", "source": "PCIP Phase 1 Appendix A, sheet A-021, July 2019, PDF page 31"}, "geometry": {"type": "Polygon", "coordinates": [[[311.0, 82.9], [313.0, 82.9], [313.0, 84.9], [311.0, 84.9], [311.0, 82.9]]]}},
{"type": "Feature", "properties": {"level": "platform", "type": "column", "platform": "7", "source": "PCIP Phase 1 Appendix A, sheet A-021, July 2019, PDF page 31"}, "geometry": {"type": "Polygon", "coordinates": [[[329.6, 82.9], [331.6, 82.9], [331.6, 84.9], [329.6, 84.9], [329.6, 82.9]]]}},
{"type": "Feature", "properties": {"level": "platform", "type": "column", "platform": "7", "source": "PCIP Phase 1 Appendix A, sheet A-021, July 2019, PDF page 31"}, "geometry": {"type": "Polygon", "coordinates": [[[349.0, 82.9], [351.1, 82.9], [351.1, 84.9], [349.0, 84.9], [349.0, 82.9]]]}},
{"type": "Feature", "properties": {"level": "platform", "type": "column", "platform": "7", "source": "PCIP Phase 1 Appendix A, sheet A-021, July 2019, PDF page 31"}, "geometry": {"type": "Polygon", "coordinates": [[[809.7, 82.9], [811.8, 82.9], [811.8, 84.9], [809.7, 84.9], [809.7, 82.9]]]}},
{"type": "Feature", "properties": {"level": "platform", "type": "column", "platform": "7", "source": "PCIP Phase 1 Appendix A, sheet A-021, July 2019, PDF page 31"}, "geometry": {"type": "Polygon", "coordinates": [[[673.9, 82.8], [675.9, 82.8], [675.9, 84.8], [673.9, 84.8], [673.9, 82.8]]]}},
{"type": "Feature", "properties": {"level": "platform", "type": "column", "platform": "7", "source": "PCIP Phase 1 Appendix A, sheet A-021, July 2019, PDF page 31"}, "geometry": {"type": "Polygon", "coordinates": [[[693.4, 82.8], [695.4, 82.8], [695.4, 84.8], [693.4, 84.8], [693.4, 82.8]]]}},
{"type": "Feature", "properties": {"level": "platform", "type": "column", "platform": "7", "source": "PCIP Phase 1 Appendix A, sheet A-021, July 2019, PDF page 31"}, "geometry": {"type": "Polygon", "coordinates": [[[712.9, 82.9], [714.9, 82.9], [714.9, 84.8], [712.9, 84.8], [712.9, 82.9]]]}},
{"type": "Feature", "properties": {"level": "platform", "type": "column", "platform": "7", "source": "PCIP Phase 1 Appendix A, sheet A-021, July 2019, PDF page 31"}, "geometry": {"type": "Polygon", "coordinates": [[[521.7, 82.7], [523.8, 82.7], [523.8, 84.7], [521.7, 84.7], [521.7, 82.7]]]}},
{"type": "Feature", "properties": {"level": "platform", "type": "column", "platform": "7", "source": "PCIP Phase 1 Appendix A, sheet A-021, July 2019, PDF page 31"}, "geometry": {"type": "Polygon", "coordinates": [[[546.8, 82.7], [549.3, 82.7], [549.3, 84.7], [546.8, 84.7], [546.8, 82.7]]]}},
{"type": "Feature", "properties": {"level": "platform", "type": "column", "platform": "7", "source": "PCIP Phase 1 Appendix A, sheet A-021, July 2019, PDF page 31"}, "geometry": {"type": "Polygon", "coordinates": [[[369.1, 82.5], [371.1, 82.5], [371.1, 84.6], [369.1, 84.6], [369.1, 82.5]]]}},
{"type": "Feature", "properties": {"level": "platform", "type": "column", "platform": "7", "source": "PCIP Phase 1 Appendix A, sheet A-021, July 2019, PDF page 31"}, "geometry": {"type": "Polygon", "coordinates": [[[735.6, 82.4], [737.6, 82.4], [737.6, 84.5], [735.6, 84.5], [735.6, 82.4]]]}},
{"type": "Feature", "properties": {"level": "platform", "type": "column", "platform": "7", "source": "PCIP Phase 1 Appendix A, sheet A-021, July 2019, PDF page 31"}, "geometry": {"type": "Polygon", "coordinates": [[[505.9, 82.4], [507.9, 82.4], [507.9, 84.4], [505.9, 84.4], [505.9, 82.4]]]}},
{"type": "Feature", "properties": {"level": "platform", "type": "column", "platform": "7", "source": "PCIP Phase 1 Appendix A, sheet A-021, July 2019, PDF page 31"}, "geometry": {"type": "Polygon", "coordinates": [[[753.4, 82.5], [755.4, 82.5], [755.4, 84.4], [753.4, 84.4], [753.4, 82.5]]]}},
{"type": "Feature", "properties": {"level": "platform", "type": "column", "platform": "7", "source": "PCIP Phase 1 Appendix A, sheet A-021, July 2019, PDF page 31"}, "geometry": {"type": "Polygon", "coordinates": [[[290.8, 82.9], [292.4, 82.9], [292.4, 84.3], [290.8, 84.3], [290.8, 82.9]]]}},
{"type": "Feature", "properties": {"level": "platform", "type": "column", "platform": "6", "source": "PCIP Phase 1 Appendix A, sheet A-021, July 2019, PDF page 31"}, "geometry": {"type": "Polygon", "coordinates": [[[236.2, 46.8], [238.3, 46.8], [238.3, 48.8], [236.2, 48.8], [236.2, 46.8]]]}},
{"type": "Feature", "properties": {"level": "platform", "type": "column", "platform": "6", "source": "PCIP Phase 1 Appendix A, sheet A-021, July 2019, PDF page 31"}, "geometry": {"type": "Polygon", "coordinates": [[[369.2, 46.8], [371.2, 46.8], [371.2, 48.8], [369.2, 48.8], [369.2, 46.8]]]}},
{"type": "Feature", "properties": {"level": "platform", "type": "column", "platform": "6", "source": "PCIP Phase 1 Appendix A, sheet A-021, July 2019, PDF page 31"}, "geometry": {"type": "Polygon", "coordinates": [[[397.3, 46.8], [399.3, 46.8], [399.3, 48.8], [397.3, 48.8], [397.3, 46.8]]]}},
{"type": "Feature", "properties": {"level": "platform", "type": "column", "platform": "6", "source": "PCIP Phase 1 Appendix A, sheet A-021, July 2019, PDF page 31"}, "geometry": {"type": "Polygon", "coordinates": [[[408.8, 46.8], [410.8, 46.8], [410.8, 48.8], [408.8, 48.8], [408.8, 46.8]]]}},
{"type": "Feature", "properties": {"level": "platform", "type": "column", "platform": "6", "source": "PCIP Phase 1 Appendix A, sheet A-021, July 2019, PDF page 31"}, "geometry": {"type": "Polygon", "coordinates": [[[438.9, 46.9], [440.9, 46.9], [440.9, 48.8], [438.9, 48.8], [438.9, 46.9]]]}},
{"type": "Feature", "properties": {"level": "platform", "type": "column", "platform": "6", "source": "PCIP Phase 1 Appendix A, sheet A-021, July 2019, PDF page 31"}, "geometry": {"type": "Polygon", "coordinates": [[[311.0, 46.5], [313.0, 46.5], [313.0, 48.6], [311.0, 48.6], [311.0, 46.5]]]}},
{"type": "Feature", "properties": {"level": "platform", "type": "column", "platform": "6", "source": "PCIP Phase 1 Appendix A, sheet A-021, July 2019, PDF page 31"}, "geometry": {"type": "Polygon", "coordinates": [[[329.6, 46.5], [331.6, 46.5], [331.6, 48.6], [329.6, 48.6], [329.6, 46.5]]]}},
{"type": "Feature", "properties": {"level": "platform", "type": "column", "platform": "6", "source": "PCIP Phase 1 Appendix A, sheet A-021, July 2019, PDF page 31"}, "geometry": {"type": "Polygon", "coordinates": [[[349.1, 46.5], [351.0, 46.5], [351.0, 48.6], [349.1, 48.6], [349.1, 46.5]]]}},
{"type": "Feature", "properties": {"level": "platform", "type": "column", "platform": "6", "source": "PCIP Phase 1 Appendix A, sheet A-021, July 2019, PDF page 31"}, "geometry": {"type": "Polygon", "coordinates": [[[270.9, 46.5], [272.8, 46.5], [272.8, 48.5], [270.9, 48.5], [270.9, 46.5]]]}},
{"type": "Feature", "properties": {"level": "platform", "type": "column", "platform": "6", "source": "PCIP Phase 1 Appendix A, sheet A-021, July 2019, PDF page 31"}, "geometry": {"type": "Polygon", "coordinates": [[[290.3, 46.5], [292.3, 46.5], [292.3, 48.5], [290.3, 48.5], [290.3, 46.5]]]}},
{"type": "Feature", "properties": {"level": "platform", "type": "column", "platform": "6", "source": "PCIP Phase 1 Appendix A, sheet A-021, July 2019, PDF page 31"}, "geometry": {"type": "Polygon", "coordinates": [[[572.3, 43.6], [574.2, 43.6], [574.2, 45.6], [572.3, 45.6], [572.3, 43.6]]]}},
{"type": "Feature", "properties": {"level": "platform", "type": "column", "platform": "6", "source": "PCIP Phase 1 Appendix A, sheet A-021, July 2019, PDF page 31"}, "geometry": {"type": "Polygon", "coordinates": [[[581.6, 43.6], [583.5, 43.6], [583.5, 45.6], [581.6, 45.6], [581.6, 43.6]]]}},
{"type": "Feature", "properties": {"level": "platform", "type": "column", "platform": "6", "source": "PCIP Phase 1 Appendix A, sheet A-021, July 2019, PDF page 31"}, "geometry": {"type": "Polygon", "coordinates": [[[585.2, 43.6], [587.2, 43.6], [587.2, 45.6], [585.2, 45.6], [585.2, 43.6]]]}},
{"type": "Feature", "properties": {"level": "platform", "type": "column", "platform": "6", "source": "PCIP Phase 1 Appendix A, sheet A-021, July 2019, PDF page 31"}, "geometry": {"type": "Polygon", "coordinates": [[[483.5, 43.5], [485.4, 43.5], [485.4, 45.5], [483.5, 45.5], [483.5, 43.5]]]}},
{"type": "Feature", "properties": {"level": "platform", "type": "column", "platform": "6", "source": "PCIP Phase 1 Appendix A, sheet A-021, July 2019, PDF page 31"}, "geometry": {"type": "Polygon", "coordinates": [[[504.9, 43.5], [506.9, 43.5], [506.9, 45.5], [504.9, 45.5], [504.9, 43.5]]]}},
{"type": "Feature", "properties": {"level": "platform", "type": "column", "platform": "6", "source": "PCIP Phase 1 Appendix A, sheet A-021, July 2019, PDF page 31"}, "geometry": {"type": "Polygon", "coordinates": [[[525.4, 43.5], [527.4, 43.5], [527.4, 45.5], [525.4, 45.5], [525.4, 43.5]]]}},
{"type": "Feature", "properties": {"level": "platform", "type": "column", "platform": "6", "source": "PCIP Phase 1 Appendix A, sheet A-021, July 2019, PDF page 31"}, "geometry": {"type": "Polygon", "coordinates": [[[546.8, 43.5], [548.9, 43.5], [548.9, 45.5], [546.8, 45.5], [546.8, 43.5]]]}},
{"type": "Feature", "properties": {"level": "platform", "type": "column", "platform": "6", "source": "PCIP Phase 1 Appendix A, sheet A-021, July 2019, PDF page 31"}, "geometry": {"type": "Polygon", "coordinates": [[[459.2, 43.3], [461.2, 43.3], [461.2, 45.4], [459.2, 45.4], [459.2, 43.3]]]}},
{"type": "Feature", "properties": {"level": "platform", "type": "column", "platform": "6", "source": "PCIP Phase 1 Appendix A, sheet A-021, July 2019, PDF page 31"}, "geometry": {"type": "Polygon", "coordinates": [[[-359.4, 43.6], [-357.9, 43.6], [-357.9, 45.1], [-359.4, 45.1], [-359.4, 43.6]]]}},
{"type": "Feature", "properties": {"level": "platform", "type": "column", "platform": "6", "source": "PCIP Phase 1 Appendix A, sheet A-021, July 2019, PDF page 31"}, "geometry": {"type": "Polygon", "coordinates": [[[253.4, 42.8], [255.3, 42.8], [255.3, 44.9], [253.4, 44.9], [253.4, 42.8]]]}},
{"type": "Feature", "properties": {"level": "platform", "type": "column", "platform": "6", "source": "PCIP Phase 1 Appendix A, sheet A-021, July 2019, PDF page 31"}, "geometry": {"type": "Polygon", "coordinates": [[[438.9, 39.9], [440.9, 39.9], [440.9, 42.0], [438.9, 42.0], [438.9, 39.9]]]}},
{"type": "Feature", "properties": {"level": "platform", "type": "column", "platform": "6", "source": "PCIP Phase 1 Appendix A, sheet A-021, July 2019, PDF page 31"}, "geometry": {"type": "Polygon", "coordinates": [[[311.0, 39.8], [313.0, 39.8], [313.0, 41.8], [311.0, 41.8], [311.0, 39.8]]]}},
{"type": "Feature", "properties": {"level": "platform", "type": "column", "platform": "6", "source": "PCIP Phase 1 Appendix A, sheet A-021, July 2019, PDF page 31"}, "geometry": {"type": "Polygon", "coordinates": [[[329.6, 39.8], [331.6, 39.8], [331.6, 41.8], [329.6, 41.8], [329.6, 39.8]]]}},
{"type": "Feature", "properties": {"level": "platform", "type": "column", "platform": "6", "source": "PCIP Phase 1 Appendix A, sheet A-021, July 2019, PDF page 31"}, "geometry": {"type": "Polygon", "coordinates": [[[349.0, 39.8], [351.1, 39.8], [351.1, 41.8], [349.0, 41.8], [349.0, 39.8]]]}},
{"type": "Feature", "properties": {"level": "platform", "type": "column", "platform": "6", "source": "PCIP Phase 1 Appendix A, sheet A-021, July 2019, PDF page 31"}, "geometry": {"type": "Polygon", "coordinates": [[[397.3, 39.8], [399.3, 39.8], [399.3, 41.8], [397.3, 41.8], [397.3, 39.8]]]}},
{"type": "Feature", "properties": {"level": "platform", "type": "column", "platform": "6", "source": "PCIP Phase 1 Appendix A, sheet A-021, July 2019, PDF page 31"}, "geometry": {"type": "Polygon", "coordinates": [[[408.8, 39.8], [410.8, 39.8], [410.8, 41.8], [408.8, 41.8], [408.8, 39.8]]]}},
{"type": "Feature", "properties": {"level": "platform", "type": "column", "platform": "6", "source": "PCIP Phase 1 Appendix A, sheet A-021, July 2019, PDF page 31"}, "geometry": {"type": "Polygon", "coordinates": [[[270.9, 39.8], [272.9, 39.8], [272.9, 41.8], [270.9, 41.8], [270.9, 39.8]]]}},
{"type": "Feature", "properties": {"level": "platform", "type": "column", "platform": "6", "source": "PCIP Phase 1 Appendix A, sheet A-021, July 2019, PDF page 31"}, "geometry": {"type": "Polygon", "coordinates": [[[290.4, 39.8], [292.3, 39.8], [292.3, 41.8], [290.4, 41.8], [290.4, 39.8]]]}},
{"type": "Feature", "properties": {"level": "platform", "type": "column", "platform": "6", "source": "PCIP Phase 1 Appendix A, sheet A-021, July 2019, PDF page 31"}, "geometry": {"type": "Polygon", "coordinates": [[[369.2, 39.8], [371.2, 39.8], [371.2, 41.8], [369.2, 41.8], [369.2, 39.8]]]}},
{"type": "Feature", "properties": {"level": "platform", "type": "column", "platform": "6", "source": "PCIP Phase 1 Appendix A, sheet A-021, July 2019, PDF page 31"}, "geometry": {"type": "Polygon", "coordinates": [[[236.2, 39.5], [238.3, 39.5], [238.3, 41.4], [236.2, 41.4], [236.2, 39.5]]]}},
{"type": "Feature", "properties": {"level": "platform", "type": "column", "platform": "5", "source": "PCIP Phase 1 Appendix A, sheet A-021, July 2019, PDF page 31"}, "geometry": {"type": "Polygon", "coordinates": [[[809.8, 6.7], [811.8, 6.7], [811.8, 8.7], [809.8, 8.7], [809.8, 6.7]]]}},
{"type": "Feature", "properties": {"level": "platform", "type": "column", "platform": "5", "source": "PCIP Phase 1 Appendix A, sheet A-021, July 2019, PDF page 31"}, "geometry": {"type": "Polygon", "coordinates": [[[693.5, 6.6], [695.5, 6.6], [695.5, 8.6], [693.5, 8.6], [693.5, 6.6]]]}},
{"type": "Feature", "properties": {"level": "platform", "type": "column", "platform": "5", "source": "PCIP Phase 1 Appendix A, sheet A-021, July 2019, PDF page 31"}, "geometry": {"type": "Polygon", "coordinates": [[[713.6, 6.6], [715.5, 6.6], [715.5, 8.6], [713.6, 8.6], [713.6, 6.6]]]}},
{"type": "Feature", "properties": {"level": "platform", "type": "column", "platform": "5", "source": "PCIP Phase 1 Appendix A, sheet A-021, July 2019, PDF page 31"}, "geometry": {"type": "Polygon", "coordinates": [[[735.7, 6.6], [737.7, 6.6], [737.7, 8.6], [735.7, 8.6], [735.7, 6.6]]]}},
{"type": "Feature", "properties": {"level": "platform", "type": "column", "platform": "5", "source": "PCIP Phase 1 Appendix A, sheet A-021, July 2019, PDF page 31"}, "geometry": {"type": "Polygon", "coordinates": [[[753.5, 6.7], [755.6, 6.7], [755.6, 8.6], [753.5, 8.6], [753.5, 6.7]]]}},
{"type": "Feature", "properties": {"level": "platform", "type": "column", "platform": "5", "source": "PCIP Phase 1 Appendix A, sheet A-021, July 2019, PDF page 31"}, "geometry": {"type": "Polygon", "coordinates": [[[672.3, 6.6], [674.4, 6.6], [674.4, 8.5], [672.3, 8.5], [672.3, 6.6]]]}},
{"type": "Feature", "properties": {"level": "platform", "type": "column", "platform": "5", "source": "PCIP Phase 1 Appendix A, sheet A-021, July 2019, PDF page 31"}, "geometry": {"type": "Polygon", "coordinates": [[[575.1, 4.2], [577.8, 4.2], [577.8, 6.7], [575.1, 6.7], [575.1, 4.2]]]}},
{"type": "Feature", "properties": {"level": "platform", "type": "column", "platform": "5", "source": "PCIP Phase 1 Appendix A, sheet A-021, July 2019, PDF page 31"}, "geometry": {"type": "Polygon", "coordinates": [[[329.7, 3.4], [331.8, 3.4], [331.8, 5.4], [329.7, 5.4], [329.7, 3.4]]]}},
{"type": "Feature", "properties": {"level": "platform", "type": "column", "platform": "5", "source": "PCIP Phase 1 Appendix A, sheet A-021, July 2019, PDF page 31"}, "geometry": {"type": "Polygon", "coordinates": [[[349.1, 3.4], [351.1, 3.4], [351.1, 5.4], [349.1, 5.4], [349.1, 3.4]]]}},
{"type": "Feature", "properties": {"level": "platform", "type": "column", "platform": "5", "source": "PCIP Phase 1 Appendix A, sheet A-021, July 2019, PDF page 31"}, "geometry": {"type": "Polygon", "coordinates": [[[369.2, 3.4], [371.2, 3.4], [371.2, 5.4], [369.2, 5.4], [369.2, 3.4]]]}},
{"type": "Feature", "properties": {"level": "platform", "type": "column", "platform": "5", "source": "PCIP Phase 1 Appendix A, sheet A-021, July 2019, PDF page 31"}, "geometry": {"type": "Polygon", "coordinates": [[[270.9, 3.3], [272.9, 3.3], [272.9, 5.3], [270.9, 5.3], [270.9, 3.3]]]}},
{"type": "Feature", "properties": {"level": "platform", "type": "column", "platform": "5", "source": "PCIP Phase 1 Appendix A, sheet A-021, July 2019, PDF page 31"}, "geometry": {"type": "Polygon", "coordinates": [[[290.4, 3.3], [292.4, 3.3], [292.4, 5.3], [290.4, 5.3], [290.4, 3.3]]]}},
{"type": "Feature", "properties": {"level": "platform", "type": "column", "platform": "5", "source": "PCIP Phase 1 Appendix A, sheet A-021, July 2019, PDF page 31"}, "geometry": {"type": "Polygon", "coordinates": [[[311.0, 3.4], [313.0, 3.4], [313.0, 5.3], [311.0, 5.3], [311.0, 3.4]]]}},
{"type": "Feature", "properties": {"level": "platform", "type": "column", "platform": "5", "source": "PCIP Phase 1 Appendix A, sheet A-021, July 2019, PDF page 31"}, "geometry": {"type": "Polygon", "coordinates": [[[801.5, 3.3], [803.5, 3.3], [803.5, 5.3], [801.5, 5.3], [801.5, 3.3]]]}},
{"type": "Feature", "properties": {"level": "platform", "type": "column", "platform": "5", "source": "PCIP Phase 1 Appendix A, sheet A-021, July 2019, PDF page 31"}, "geometry": {"type": "Polygon", "coordinates": [[[397.4, 3.1], [399.3, 3.1], [399.3, 5.2], [397.4, 5.2], [397.4, 3.1]]]}},
{"type": "Feature", "properties": {"level": "platform", "type": "column", "platform": "5", "source": "PCIP Phase 1 Appendix A, sheet A-021, July 2019, PDF page 31"}, "geometry": {"type": "Polygon", "coordinates": [[[410.7, 3.1], [412.7, 3.1], [412.7, 5.2], [410.7, 5.2], [410.7, 3.1]]]}},
{"type": "Feature", "properties": {"level": "platform", "type": "column", "platform": "5", "source": "PCIP Phase 1 Appendix A, sheet A-021, July 2019, PDF page 31"}, "geometry": {"type": "Polygon", "coordinates": [[[439.0, 3.3], [440.9, 3.3], [440.9, 5.2], [439.0, 5.2], [439.0, 3.3]]]}},
{"type": "Feature", "properties": {"level": "platform", "type": "column", "platform": "5", "source": "PCIP Phase 1 Appendix A, sheet A-021, July 2019, PDF page 31"}, "geometry": {"type": "Polygon", "coordinates": [[[504.5, 2.3], [506.4, 2.3], [506.4, 4.2], [504.5, 4.2], [504.5, 2.3]]]}},
{"type": "Feature", "properties": {"level": "platform", "type": "column", "platform": "5", "source": "PCIP Phase 1 Appendix A, sheet A-021, July 2019, PDF page 31"}, "geometry": {"type": "Polygon", "coordinates": [[[761.2, 1.4], [763.2, 1.4], [763.2, 3.4], [761.2, 3.4], [761.2, 1.4]]]}},
{"type": "Feature", "properties": {"level": "platform", "type": "column", "platform": "5", "source": "PCIP Phase 1 Appendix A, sheet A-021, July 2019, PDF page 31"}, "geometry": {"type": "Polygon", "coordinates": [[[784.6, 1.4], [786.7, 1.4], [786.7, 3.4], [784.6, 3.4], [784.6, 1.4]]]}},
{"type": "Feature", "properties": {"level": "platform", "type": "column", "platform": "5", "source": "PCIP Phase 1 Appendix A, sheet A-021, July 2019, PDF page 31"}, "geometry": {"type": "Polygon", "coordinates": [[[816.6, -0.8], [819.6, -0.8], [819.6, 2.4], [816.6, 2.4], [816.6, -0.8]]]}},
{"type": "Feature", "properties": {"level": "platform", "type": "column", "platform": "5", "source": "PCIP Phase 1 Appendix A, sheet A-021, July 2019, PDF page 31"}, "geometry": {"type": "Polygon", "coordinates": [[[467.3, -1.7], [470.2, -1.7], [470.2, 1.3], [467.3, 1.3], [467.3, -1.7]]]}},
{"type": "Feature", "properties": {"level": "platform", "type": "column", "platform": "5", "source": "PCIP Phase 1 Appendix A, sheet A-021, July 2019, PDF page 31"}, "geometry": {"type": "Polygon", "coordinates": [[[727.9, -0.8], [729.9, -0.8], [729.9, 1.2], [727.9, 1.2], [727.9, -0.8]]]}},
{"type": "Feature", "properties": {"level": "platform", "type": "column", "platform": "5", "source": "PCIP Phase 1 Appendix A, sheet A-021, July 2019, PDF page 31"}, "geometry": {"type": "Polygon", "coordinates": [[[759.0, -0.8], [761.0, -0.8], [761.0, 1.2], [759.0, 1.2], [759.0, -0.8]]]}},
{"type": "Feature", "properties": {"level": "platform", "type": "column", "platform": "5", "source": "PCIP Phase 1 Appendix A, sheet A-021, July 2019, PDF page 31"}, "geometry": {"type": "Polygon", "coordinates": [[[809.8, -0.8], [811.8, -0.8], [811.8, 1.2], [809.8, 1.2], [809.8, -0.8]]]}},
{"type": "Feature", "properties": {"level": "platform", "type": "column", "platform": "5", "source": "PCIP Phase 1 Appendix A, sheet A-021, July 2019, PDF page 31"}, "geometry": {"type": "Polygon", "coordinates": [[[-100.3, -0.9], [-98.3, -0.9], [-98.3, 1.1], [-100.3, 1.1], [-100.3, -0.9]]]}},
{"type": "Feature", "properties": {"level": "platform", "type": "column", "platform": "5", "source": "PCIP Phase 1 Appendix A, sheet A-021, July 2019, PDF page 31"}, "geometry": {"type": "Polygon", "coordinates": [[[602.7, -0.9], [604.7, -0.9], [604.7, 1.1], [602.7, 1.1], [602.7, -0.9]]]}},
{"type": "Feature", "properties": {"level": "platform", "type": "column", "platform": "5", "source": "PCIP Phase 1 Appendix A, sheet A-021, July 2019, PDF page 31"}, "geometry": {"type": "Polygon", "coordinates": [[[697.5, -0.9], [699.5, -0.9], [699.5, 1.1], [697.5, 1.1], [697.5, -0.9]]]}},
{"type": "Feature", "properties": {"level": "platform", "type": "column", "platform": "5", "source": "PCIP Phase 1 Appendix A, sheet A-021, July 2019, PDF page 31"}, "geometry": {"type": "Polygon", "coordinates": [[[789.3, -0.9], [791.4, -0.9], [791.4, 1.1], [789.3, 1.1], [789.3, -0.9]]]}},
{"type": "Feature", "properties": {"level": "platform", "type": "column", "platform": "5", "source": "PCIP Phase 1 Appendix A, sheet A-021, July 2019, PDF page 31"}, "geometry": {"type": "Polygon", "coordinates": [[[584.5, -1.0], [586.5, -1.0], [586.5, 1.0], [584.5, 1.0], [584.5, -1.0]]]}},
{"type": "Feature", "properties": {"level": "platform", "type": "column", "platform": "5", "source": "PCIP Phase 1 Appendix A, sheet A-021, July 2019, PDF page 31"}, "geometry": {"type": "Polygon", "coordinates": [[[667.0, -1.0], [669.0, -1.0], [669.0, 1.0], [667.0, 1.0], [667.0, -1.0]]]}},
{"type": "Feature", "properties": {"level": "platform", "type": "column", "platform": "5", "source": "PCIP Phase 1 Appendix A, sheet A-021, July 2019, PDF page 31"}, "geometry": {"type": "Polygon", "coordinates": [[[459.2, -1.2], [461.1, -1.2], [461.1, 0.9], [459.2, 0.9], [459.2, -1.2]]]}},
{"type": "Feature", "properties": {"level": "platform", "type": "column", "platform": "5", "source": "PCIP Phase 1 Appendix A, sheet A-021, July 2019, PDF page 31"}, "geometry": {"type": "Polygon", "coordinates": [[[746.0, -4.7], [748.3, -4.7], [748.3, -2.4], [746.0, -2.4], [746.0, -4.7]]]}},
{"type": "Feature", "properties": {"level": "platform", "type": "column", "platform": "5", "source": "PCIP Phase 1 Appendix A, sheet A-021, July 2019, PDF page 31"}, "geometry": {"type": "Polygon", "coordinates": [[[349.1, -4.7], [351.1, -4.7], [351.1, -2.7], [349.1, -2.7], [349.1, -4.7]]]}},
{"type": "Feature", "properties": {"level": "platform", "type": "column", "platform": "5", "source": "PCIP Phase 1 Appendix A, sheet A-021, July 2019, PDF page 31"}, "geometry": {"type": "Polygon", "coordinates": [[[439.0, -4.7], [440.9, -4.7], [440.9, -2.7], [439.0, -2.7], [439.0, -4.7]]]}},
{"type": "Feature", "properties": {"level": "platform", "type": "column", "platform": "5", "source": "PCIP Phase 1 Appendix A, sheet A-021, July 2019, PDF page 31"}, "geometry": {"type": "Polygon", "coordinates": [[[270.9, -4.7], [272.9, -4.7], [272.9, -2.7], [270.9, -2.7], [270.9, -4.7]]]}},
{"type": "Feature", "properties": {"level": "platform", "type": "column", "platform": "5", "source": "PCIP Phase 1 Appendix A, sheet A-021, July 2019, PDF page 31"}, "geometry": {"type": "Polygon", "coordinates": [[[290.4, -4.7], [292.4, -4.7], [292.4, -2.7], [290.4, -2.7], [290.4, -4.7]]]}},
{"type": "Feature", "properties": {"level": "platform", "type": "column", "platform": "5", "source": "PCIP Phase 1 Appendix A, sheet A-021, July 2019, PDF page 31"}, "geometry": {"type": "Polygon", "coordinates": [[[311.0, -4.7], [313.0, -4.7], [313.0, -2.7], [311.0, -2.7], [311.0, -4.7]]]}},
{"type": "Feature", "properties": {"level": "platform", "type": "column", "platform": "5", "source": "PCIP Phase 1 Appendix A, sheet A-021, July 2019, PDF page 31"}, "geometry": {"type": "Polygon", "coordinates": [[[329.7, -4.7], [331.8, -4.7], [331.8, -2.7], [329.7, -2.7], [329.7, -4.7]]]}},
{"type": "Feature", "properties": {"level": "platform", "type": "column", "platform": "5", "source": "PCIP Phase 1 Appendix A, sheet A-021, July 2019, PDF page 31"}, "geometry": {"type": "Polygon", "coordinates": [[[397.4, -4.7], [399.4, -4.7], [399.4, -2.7], [397.4, -2.7], [397.4, -4.7]]]}},
{"type": "Feature", "properties": {"level": "platform", "type": "column", "platform": "5", "source": "PCIP Phase 1 Appendix A, sheet A-021, July 2019, PDF page 31"}, "geometry": {"type": "Polygon", "coordinates": [[[410.7, -4.7], [412.7, -4.7], [412.7, -2.7], [410.7, -2.7], [410.7, -4.7]]]}},
{"type": "Feature", "properties": {"level": "platform", "type": "column", "platform": "5", "source": "PCIP Phase 1 Appendix A, sheet A-021, July 2019, PDF page 31"}, "geometry": {"type": "Polygon", "coordinates": [[[215.4, -4.9], [217.5, -4.9], [217.5, -2.8], [215.4, -2.8], [215.4, -4.9]]]}},
{"type": "Feature", "properties": {"level": "platform", "type": "column", "platform": "5", "source": "PCIP Phase 1 Appendix A, sheet A-021, July 2019, PDF page 31"}, "geometry": {"type": "Polygon", "coordinates": [[[243.2, -4.7], [245.2, -4.7], [245.2, -2.8], [243.2, -2.8], [243.2, -4.7]]]}},
{"type": "Feature", "properties": {"level": "platform", "type": "column", "platform": "5", "source": "PCIP Phase 1 Appendix A, sheet A-021, July 2019, PDF page 31"}, "geometry": {"type": "Polygon", "coordinates": [[[369.2, -5.0], [371.2, -5.0], [371.2, -3.0], [369.2, -3.0], [369.2, -5.0]]]}},
{"type": "Feature", "properties": {"level": "platform", "type": "column", "platform": "5", "source": "PCIP Phase 1 Appendix A, sheet A-021, July 2019, PDF page 31"}, "geometry": {"type": "Polygon", "coordinates": [[[633.3, -4.7], [635.1, -4.7], [635.1, -3.3], [633.3, -3.3], [633.3, -4.7]]]}},
{"type": "Feature", "properties": {"level": "platform", "type": "column", "platform": "5", "source": "PCIP Phase 1 Appendix A, sheet A-021, July 2019, PDF page 31"}, "geometry": {"type": "Polygon", "coordinates": [[[789.1, -6.7], [791.1, -6.7], [791.1, -4.7], [789.1, -4.7], [789.1, -6.7]]]}},
{"type": "Feature", "properties": {"level": "platform", "type": "column", "platform": "5", "source": "PCIP Phase 1 Appendix A, sheet A-021, July 2019, PDF page 31"}, "geometry": {"type": "Polygon", "coordinates": [[[667.3, -7.5], [669.0, -7.5], [669.0, -6.0], [667.3, -6.0], [667.3, -7.5]]]}},
{"type": "Feature", "properties": {"level": "platform", "type": "column", "platform": "4", "source": "PCIP Phase 1 Appendix A, sheet A-021, July 2019, PDF page 31"}, "geometry": {"type": "Polygon", "coordinates": [[[751.7, -41.4], [753.7, -41.4], [753.7, -39.4], [751.7, -39.4], [751.7, -41.4]]]}},
{"type": "Feature", "properties": {"level": "platform", "type": "column", "platform": "4", "source": "PCIP Phase 1 Appendix A, sheet A-021, July 2019, PDF page 31"}, "geometry": {"type": "Polygon", "coordinates": [[[759.0, -41.4], [761.0, -41.4], [761.0, -39.4], [759.0, -39.4], [759.0, -41.4]]]}},
{"type": "Feature", "properties": {"level": "platform", "type": "column", "platform": "4", "source": "PCIP Phase 1 Appendix A, sheet A-021, July 2019, PDF page 31"}, "geometry": {"type": "Polygon", "coordinates": [[[667.3, -41.1], [669.0, -41.1], [669.0, -39.5], [667.3, -39.5], [667.3, -41.1]]]}},
{"type": "Feature", "properties": {"level": "platform", "type": "column", "platform": "4", "source": "PCIP Phase 1 Appendix A, sheet A-021, July 2019, PDF page 31"}, "geometry": {"type": "Polygon", "coordinates": [[[673.4, -41.5], [675.4, -41.5], [675.4, -39.5], [673.4, -39.5], [673.4, -41.5]]]}},
{"type": "Feature", "properties": {"level": "platform", "type": "column", "platform": "4", "source": "PCIP Phase 1 Appendix A, sheet A-021, July 2019, PDF page 31"}, "geometry": {"type": "Polygon", "coordinates": [[[732.1, -41.5], [734.0, -41.5], [734.0, -39.5], [732.1, -39.5], [732.1, -41.5]]]}},
{"type": "Feature", "properties": {"level": "platform", "type": "column", "platform": "4", "source": "PCIP Phase 1 Appendix A, sheet A-021, July 2019, PDF page 31"}, "geometry": {"type": "Polygon", "coordinates": [[[712.4, -41.5], [714.5, -41.5], [714.5, -39.6], [712.4, -39.6], [712.4, -41.5]]]}},
{"type": "Feature", "properties": {"level": "platform", "type": "column", "platform": "4", "source": "PCIP Phase 1 Appendix A, sheet A-021, July 2019, PDF page 31"}, "geometry": {"type": "Polygon", "coordinates": [[[728.0, -41.8], [729.9, -41.8], [729.9, -39.8], [728.0, -39.8], [728.0, -41.8]]]}},
{"type": "Feature", "properties": {"level": "platform", "type": "column", "platform": "4", "source": "PCIP Phase 1 Appendix A, sheet A-021, July 2019, PDF page 31"}, "geometry": {"type": "Polygon", "coordinates": [[[237.0, -43.7], [238.9, -43.7], [238.9, -41.6], [237.0, -41.6], [237.0, -43.7]]]}},
{"type": "Feature", "properties": {"level": "platform", "type": "column", "platform": "4", "source": "PCIP Phase 1 Appendix A, sheet A-021, July 2019, PDF page 31"}, "geometry": {"type": "Polygon", "coordinates": [[[243.6, -43.7], [245.5, -43.7], [245.5, -41.6], [243.6, -41.6], [243.6, -43.7]]]}},
{"type": "Feature", "properties": {"level": "platform", "type": "column", "platform": "4", "source": "PCIP Phase 1 Appendix A, sheet A-021, July 2019, PDF page 31"}, "geometry": {"type": "Polygon", "coordinates": [[[439.0, -43.8], [441.0, -43.8], [441.0, -41.8], [439.0, -41.8], [439.0, -43.8]]]}},
{"type": "Feature", "properties": {"level": "platform", "type": "column", "platform": "4", "source": "PCIP Phase 1 Appendix A, sheet A-021, July 2019, PDF page 31"}, "geometry": {"type": "Polygon", "coordinates": [[[369.2, -43.8], [371.2, -43.8], [371.2, -41.8], [369.2, -41.8], [369.2, -43.8]]]}},
{"type": "Feature", "properties": {"level": "platform", "type": "column", "platform": "4", "source": "PCIP Phase 1 Appendix A, sheet A-021, July 2019, PDF page 31"}, "geometry": {"type": "Polygon", "coordinates": [[[379.2, -43.8], [381.3, -43.8], [381.3, -41.8], [379.2, -41.8], [379.2, -43.8]]]}},
{"type": "Feature", "properties": {"level": "platform", "type": "column", "platform": "4", "source": "PCIP Phase 1 Appendix A, sheet A-021, July 2019, PDF page 31"}, "geometry": {"type": "Polygon", "coordinates": [[[399.4, -43.8], [401.3, -43.8], [401.3, -41.8], [399.4, -41.8], [399.4, -43.8]]]}},
{"type": "Feature", "properties": {"level": "platform", "type": "column", "platform": "4", "source": "PCIP Phase 1 Appendix A, sheet A-021, July 2019, PDF page 31"}, "geometry": {"type": "Polygon", "coordinates": [[[414.0, -43.8], [416.0, -43.8], [416.0, -41.8], [414.0, -41.8], [414.0, -43.8]]]}},
{"type": "Feature", "properties": {"level": "platform", "type": "column", "platform": "4", "source": "PCIP Phase 1 Appendix A, sheet A-021, July 2019, PDF page 31"}, "geometry": {"type": "Polygon", "coordinates": [[[329.7, -43.9], [331.8, -43.9], [331.8, -41.9], [329.7, -41.9], [329.7, -43.9]]]}},
{"type": "Feature", "properties": {"level": "platform", "type": "column", "platform": "4", "source": "PCIP Phase 1 Appendix A, sheet A-021, July 2019, PDF page 31"}, "geometry": {"type": "Polygon", "coordinates": [[[349.1, -43.9], [351.1, -43.9], [351.1, -41.9], [349.1, -41.9], [349.1, -43.9]]]}},
{"type": "Feature", "properties": {"level": "platform", "type": "column", "platform": "4", "source": "PCIP Phase 1 Appendix A, sheet A-021, July 2019, PDF page 31"}, "geometry": {"type": "Polygon", "coordinates": [[[270.9, -44.1], [272.9, -44.1], [272.9, -42.0], [270.9, -42.0], [270.9, -44.1]]]}},
{"type": "Feature", "properties": {"level": "platform", "type": "column", "platform": "4", "source": "PCIP Phase 1 Appendix A, sheet A-021, July 2019, PDF page 31"}, "geometry": {"type": "Polygon", "coordinates": [[[290.5, -44.1], [292.4, -44.1], [292.4, -42.0], [290.5, -42.0], [290.5, -44.1]]]}},
{"type": "Feature", "properties": {"level": "platform", "type": "column", "platform": "4", "source": "PCIP Phase 1 Appendix A, sheet A-021, July 2019, PDF page 31"}, "geometry": {"type": "Polygon", "coordinates": [[[311.1, -43.9], [313.1, -43.9], [313.1, -42.0], [311.1, -42.0], [311.1, -43.9]]]}},
{"type": "Feature", "properties": {"level": "platform", "type": "column", "platform": "4", "source": "PCIP Phase 1 Appendix A, sheet A-021, July 2019, PDF page 31"}, "geometry": {"type": "Polygon", "coordinates": [[[-384.4, -43.8], [-382.6, -43.8], [-382.6, -42.2], [-384.4, -42.2], [-384.4, -43.8]]]}},
{"type": "Feature", "properties": {"level": "platform", "type": "column", "platform": "4", "source": "PCIP Phase 1 Appendix A, sheet A-021, July 2019, PDF page 31"}, "geometry": {"type": "Polygon", "coordinates": [[[558.6, -45.6], [561.3, -45.6], [561.3, -42.9], [558.6, -42.9], [558.6, -45.6]]]}},
{"type": "Feature", "properties": {"level": "platform", "type": "column", "platform": "4", "source": "PCIP Phase 1 Appendix A, sheet A-021, July 2019, PDF page 31"}, "geometry": {"type": "Polygon", "coordinates": [[[-100.1, -45.2], [-98.2, -45.2], [-98.2, -43.2], [-100.1, -43.2], [-100.1, -45.2]]]}},
{"type": "Feature", "properties": {"level": "platform", "type": "column", "platform": "4", "source": "PCIP Phase 1 Appendix A, sheet A-021, July 2019, PDF page 31"}, "geometry": {"type": "Polygon", "coordinates": [[[-225.9, -45.3], [-223.8, -45.3], [-223.8, -43.3], [-225.9, -43.3], [-225.9, -45.3]]]}},
{"type": "Feature", "properties": {"level": "platform", "type": "column", "platform": "4", "source": "PCIP Phase 1 Appendix A, sheet A-021, July 2019, PDF page 31"}, "geometry": {"type": "Polygon", "coordinates": [[[-162.3, -45.3], [-160.2, -45.3], [-160.2, -43.3], [-162.3, -43.3], [-162.3, -45.3]]]}},
{"type": "Feature", "properties": {"level": "platform", "type": "column", "platform": "4", "source": "PCIP Phase 1 Appendix A, sheet A-021, July 2019, PDF page 31"}, "geometry": {"type": "Polygon", "coordinates": [[[-61.2, -45.3], [-59.2, -45.3], [-59.2, -43.3], [-61.2, -43.3], [-61.2, -45.3]]]}},
{"type": "Feature", "properties": {"level": "platform", "type": "column", "platform": "4", "source": "PCIP Phase 1 Appendix A, sheet A-021, July 2019, PDF page 31"}, "geometry": {"type": "Polygon", "coordinates": [[[-247.2, -45.4], [-245.2, -45.4], [-245.2, -43.4], [-247.2, -43.4], [-247.2, -45.4]]]}},
{"type": "Feature", "properties": {"level": "platform", "type": "column", "platform": "4", "source": "PCIP Phase 1 Appendix A, sheet A-021, July 2019, PDF page 31"}, "geometry": {"type": "Polygon", "coordinates": [[[251.4, -45.5], [253.5, -45.5], [253.5, -43.4], [251.4, -43.4], [251.4, -45.5]]]}},
{"type": "Feature", "properties": {"level": "platform", "type": "column", "platform": "4", "source": "PCIP Phase 1 Appendix A, sheet A-021, July 2019, PDF page 31"}, "geometry": {"type": "Polygon", "coordinates": [[[697.7, -46.6], [699.7, -46.6], [699.7, -44.6], [697.7, -44.6], [697.7, -46.6]]]}},
{"type": "Feature", "properties": {"level": "platform", "type": "column", "platform": "4", "source": "PCIP Phase 1 Appendix A, sheet A-021, July 2019, PDF page 31"}, "geometry": {"type": "Polygon", "coordinates": [[[572.6, -47.0], [574.5, -47.0], [574.5, -44.9], [572.6, -44.9], [572.6, -47.0]]]}},
{"type": "Feature", "properties": {"level": "platform", "type": "column", "platform": "4", "source": "PCIP Phase 1 Appendix A, sheet A-021, July 2019, PDF page 31"}, "geometry": {"type": "Polygon", "coordinates": [[[525.5, -47.1], [527.5, -47.1], [527.5, -45.1], [525.5, -45.1], [525.5, -47.1]]]}},
{"type": "Feature", "properties": {"level": "platform", "type": "column", "platform": "4", "source": "PCIP Phase 1 Appendix A, sheet A-021, July 2019, PDF page 31"}, "geometry": {"type": "Polygon", "coordinates": [[[546.1, -47.0], [548.1, -47.0], [548.1, -45.1], [546.1, -45.1], [546.1, -47.0]]]}},
{"type": "Feature", "properties": {"level": "platform", "type": "column", "platform": "4", "source": "PCIP Phase 1 Appendix A, sheet A-021, July 2019, PDF page 31"}, "geometry": {"type": "Polygon", "coordinates": [[[483.8, -47.2], [485.8, -47.2], [485.8, -45.1], [483.8, -45.1], [483.8, -47.2]]]}},
{"type": "Feature", "properties": {"level": "platform", "type": "column", "platform": "4", "source": "PCIP Phase 1 Appendix A, sheet A-021, July 2019, PDF page 31"}, "geometry": {"type": "Polygon", "coordinates": [[[505.0, -47.2], [507.0, -47.2], [507.0, -45.1], [505.0, -45.1], [505.0, -47.2]]]}},
{"type": "Feature", "properties": {"level": "platform", "type": "column", "platform": "4", "source": "PCIP Phase 1 Appendix A, sheet A-021, July 2019, PDF page 31"}, "geometry": {"type": "Polygon", "coordinates": [[[692.8, -47.9], [694.8, -47.9], [694.8, -46.0], [692.8, -46.0], [692.8, -47.9]]]}},
{"type": "Feature", "properties": {"level": "platform", "type": "column", "platform": "4", "source": "PCIP Phase 1 Appendix A, sheet A-021, July 2019, PDF page 31"}, "geometry": {"type": "Polygon", "coordinates": [[[430.3, -49.2], [432.2, -49.2], [432.2, -47.2], [430.3, -47.2], [430.3, -49.2]]]}},
{"type": "Feature", "properties": {"level": "platform", "type": "column", "platform": "4", "source": "PCIP Phase 1 Appendix A, sheet A-021, July 2019, PDF page 31"}, "geometry": {"type": "Polygon", "coordinates": [[[667.5, -48.7], [669.0, -48.7], [669.0, -47.2], [667.5, -47.2], [667.5, -48.7]]]}},
{"type": "Feature", "properties": {"level": "platform", "type": "column", "platform": "4", "source": "PCIP Phase 1 Appendix A, sheet A-021, July 2019, PDF page 31"}, "geometry": {"type": "Polygon", "coordinates": [[[602.9, -49.9], [604.8, -49.9], [604.8, -47.9], [602.9, -47.9], [602.9, -49.9]]]}},
{"type": "Feature", "properties": {"level": "platform", "type": "column", "platform": "4", "source": "PCIP Phase 1 Appendix A, sheet A-021, July 2019, PDF page 31"}, "geometry": {"type": "Polygon", "coordinates": [[[633.1, -50.1], [635.1, -50.1], [635.1, -48.1], [633.1, -48.1], [633.1, -50.1]]]}},
{"type": "Feature", "properties": {"level": "platform", "type": "column", "platform": "4", "source": "PCIP Phase 1 Appendix A, sheet A-021, July 2019, PDF page 31"}, "geometry": {"type": "Polygon", "coordinates": [[[-22.4, -51.7], [-20.3, -51.7], [-20.3, -49.6], [-22.4, -49.6], [-22.4, -51.7]]]}},
{"type": "Feature", "properties": {"level": "platform", "type": "column", "platform": "4", "source": "PCIP Phase 1 Appendix A, sheet A-021, July 2019, PDF page 31"}, "geometry": {"type": "Polygon", "coordinates": [[[369.2, -51.7], [371.2, -51.7], [371.2, -49.6], [369.2, -49.6], [369.2, -51.7]]]}},
{"type": "Feature", "properties": {"level": "platform", "type": "column", "platform": "4", "source": "PCIP Phase 1 Appendix A, sheet A-021, July 2019, PDF page 31"}, "geometry": {"type": "Polygon", "coordinates": [[[379.2, -51.7], [381.3, -51.7], [381.3, -49.6], [379.2, -49.6], [379.2, -51.7]]]}},
{"type": "Feature", "properties": {"level": "platform", "type": "column", "platform": "4", "source": "PCIP Phase 1 Appendix A, sheet A-021, July 2019, PDF page 31"}, "geometry": {"type": "Polygon", "coordinates": [[[439.0, -51.7], [441.0, -51.7], [441.0, -49.6], [439.0, -49.6], [439.0, -51.7]]]}},
{"type": "Feature", "properties": {"level": "platform", "type": "column", "platform": "4", "source": "PCIP Phase 1 Appendix A, sheet A-021, July 2019, PDF page 31"}, "geometry": {"type": "Polygon", "coordinates": [[[270.9, -51.8], [272.9, -51.8], [272.9, -49.8], [270.9, -49.8], [270.9, -51.8]]]}},
{"type": "Feature", "properties": {"level": "platform", "type": "column", "platform": "4", "source": "PCIP Phase 1 Appendix A, sheet A-021, July 2019, PDF page 31"}, "geometry": {"type": "Polygon", "coordinates": [[[290.5, -51.8], [292.4, -51.8], [292.4, -49.8], [290.5, -49.8], [290.5, -51.8]]]}},
{"type": "Feature", "properties": {"level": "platform", "type": "column", "platform": "4", "source": "PCIP Phase 1 Appendix A, sheet A-021, July 2019, PDF page 31"}, "geometry": {"type": "Polygon", "coordinates": [[[311.1, -51.8], [313.1, -51.8], [313.1, -49.8], [311.1, -49.8], [311.1, -51.8]]]}},
{"type": "Feature", "properties": {"level": "platform", "type": "column", "platform": "4", "source": "PCIP Phase 1 Appendix A, sheet A-021, July 2019, PDF page 31"}, "geometry": {"type": "Polygon", "coordinates": [[[329.8, -51.8], [331.8, -51.8], [331.8, -49.8], [329.8, -49.8], [329.8, -51.8]]]}},
{"type": "Feature", "properties": {"level": "platform", "type": "column", "platform": "4", "source": "PCIP Phase 1 Appendix A, sheet A-021, July 2019, PDF page 31"}, "geometry": {"type": "Polygon", "coordinates": [[[349.2, -51.7], [351.1, -51.7], [351.1, -49.8], [349.2, -49.8], [349.2, -51.7]]]}},
{"type": "Feature", "properties": {"level": "platform", "type": "column", "platform": "4", "source": "PCIP Phase 1 Appendix A, sheet A-021, July 2019, PDF page 31"}, "geometry": {"type": "Polygon", "coordinates": [[[399.4, -51.8], [401.4, -51.8], [401.4, -49.8], [399.4, -49.8], [399.4, -51.8]]]}},
{"type": "Feature", "properties": {"level": "platform", "type": "column", "platform": "4", "source": "PCIP Phase 1 Appendix A, sheet A-021, July 2019, PDF page 31"}, "geometry": {"type": "Polygon", "coordinates": [[[414.0, -51.8], [416.0, -51.8], [416.0, -49.8], [414.0, -49.8], [414.0, -51.8]]]}},
{"type": "Feature", "properties": {"level": "platform", "type": "column", "platform": "4", "source": "PCIP Phase 1 Appendix A, sheet A-021, July 2019, PDF page 31"}, "geometry": {"type": "Polygon", "coordinates": [[[251.4, -51.9], [253.5, -51.9], [253.5, -49.9], [251.4, -49.9], [251.4, -51.9]]]}},
{"type": "Feature", "properties": {"level": "platform", "type": "column", "platform": "4", "source": "PCIP Phase 1 Appendix A, sheet A-021, July 2019, PDF page 31"}, "geometry": {"type": "Polygon", "coordinates": [[[215.6, -52.1], [217.5, -52.1], [217.5, -50.0], [215.6, -50.0], [215.6, -52.1]]]}},
{"type": "Feature", "properties": {"level": "platform", "type": "column", "platform": "3", "source": "PCIP Phase 1 Appendix A, sheet A-021, July 2019, PDF page 31"}, "geometry": {"type": "Polygon", "coordinates": [[[712.6, -86.3], [714.6, -86.3], [714.6, -84.4], [712.6, -84.4], [712.6, -86.3]]]}},
{"type": "Feature", "properties": {"level": "platform", "type": "column", "platform": "3", "source": "PCIP Phase 1 Appendix A, sheet A-021, July 2019, PDF page 31"}, "geometry": {"type": "Polygon", "coordinates": [[[529.1, -90.4], [532.0, -90.4], [532.0, -87.6], [529.1, -87.6], [529.1, -90.4]]]}},
{"type": "Feature", "properties": {"level": "platform", "type": "column", "platform": "3", "source": "PCIP Phase 1 Appendix A, sheet A-021, July 2019, PDF page 31"}, "geometry": {"type": "Polygon", "coordinates": [[[223.3, -90.6], [226.1, -90.6], [226.1, -87.7], [223.3, -87.7], [223.3, -90.6]]]}},
{"type": "Feature", "properties": {"level": "platform", "type": "column", "platform": "3", "source": "PCIP Phase 1 Appendix A, sheet A-021, July 2019, PDF page 31"}, "geometry": {"type": "Polygon", "coordinates": [[[666.9, -90.0], [668.9, -90.0], [668.9, -87.9], [666.9, -87.9], [666.9, -90.0]]]}},
{"type": "Feature", "properties": {"level": "platform", "type": "column", "platform": "3", "source": "PCIP Phase 1 Appendix A, sheet A-021, July 2019, PDF page 31"}, "geometry": {"type": "Polygon", "coordinates": [[[554.6, -90.1], [556.5, -90.1], [556.5, -88.1], [554.6, -88.1], [554.6, -90.1]]]}},
{"type": "Feature", "properties": {"level": "platform", "type": "column", "platform": "3", "source": "PCIP Phase 1 Appendix A, sheet A-021, July 2019, PDF page 31"}, "geometry": {"type": "Polygon", "coordinates": [[[559.9, -90.1], [561.9, -90.1], [561.9, -88.1], [559.9, -88.1], [559.9, -90.1]]]}},
{"type": "Feature", "properties": {"level": "platform", "type": "column", "platform": "3", "source": "PCIP Phase 1 Appendix A, sheet A-021, July 2019, PDF page 31"}, "geometry": {"type": "Polygon", "coordinates": [[[572.3, -90.1], [574.4, -90.1], [574.4, -88.1], [572.3, -88.1], [572.3, -90.1]]]}},
{"type": "Feature", "properties": {"level": "platform", "type": "column", "platform": "3", "source": "PCIP Phase 1 Appendix A, sheet A-021, July 2019, PDF page 31"}, "geometry": {"type": "Polygon", "coordinates": [[[602.7, -90.0], [604.7, -90.0], [604.7, -88.1], [602.7, -88.1], [602.7, -90.0]]]}},
{"type": "Feature", "properties": {"level": "platform", "type": "column", "platform": "3", "source": "PCIP Phase 1 Appendix A, sheet A-021, July 2019, PDF page 31"}, "geometry": {"type": "Polygon", "coordinates": [[[458.2, -90.2], [460.1, -90.2], [460.1, -88.2], [458.2, -88.2], [458.2, -90.2]]]}},
{"type": "Feature", "properties": {"level": "platform", "type": "column", "platform": "3", "source": "PCIP Phase 1 Appendix A, sheet A-021, July 2019, PDF page 31"}, "geometry": {"type": "Polygon", "coordinates": [[[468.4, -90.2], [470.5, -90.2], [470.5, -88.2], [468.4, -88.2], [468.4, -90.2]]]}},
{"type": "Feature", "properties": {"level": "platform", "type": "column", "platform": "3", "source": "PCIP Phase 1 Appendix A, sheet A-021, July 2019, PDF page 31"}, "geometry": {"type": "Polygon", "coordinates": [[[476.2, -90.2], [478.2, -90.2], [478.2, -88.2], [476.2, -88.2], [476.2, -90.2]]]}},
{"type": "Feature", "properties": {"level": "platform", "type": "column", "platform": "3", "source": "PCIP Phase 1 Appendix A, sheet A-021, July 2019, PDF page 31"}, "geometry": {"type": "Polygon", "coordinates": [[[490.4, -90.2], [492.4, -90.2], [492.4, -88.2], [490.4, -88.2], [490.4, -90.2]]]}},
{"type": "Feature", "properties": {"level": "platform", "type": "column", "platform": "3", "source": "PCIP Phase 1 Appendix A, sheet A-021, July 2019, PDF page 31"}, "geometry": {"type": "Polygon", "coordinates": [[[505.0, -90.2], [507.0, -90.2], [507.0, -88.2], [505.0, -88.2], [505.0, -90.2]]]}},
{"type": "Feature", "properties": {"level": "platform", "type": "column", "platform": "3", "source": "PCIP Phase 1 Appendix A, sheet A-021, July 2019, PDF page 31"}, "geometry": {"type": "Polygon", "coordinates": [[[525.6, -90.2], [527.7, -90.2], [527.7, -88.2], [525.6, -88.2], [525.6, -90.2]]]}},
{"type": "Feature", "properties": {"level": "platform", "type": "column", "platform": "3", "source": "PCIP Phase 1 Appendix A, sheet A-021, July 2019, PDF page 31"}, "geometry": {"type": "Polygon", "coordinates": [[[538.4, -90.2], [540.4, -90.2], [540.4, -88.2], [538.4, -88.2], [538.4, -90.2]]]}},
{"type": "Feature", "properties": {"level": "platform", "type": "column", "platform": "3", "source": "PCIP Phase 1 Appendix A, sheet A-021, July 2019, PDF page 31"}, "geometry": {"type": "Polygon", "coordinates": [[[633.1, -90.2], [635.1, -90.2], [635.1, -88.2], [633.1, -88.2], [633.1, -90.2]]]}},
{"type": "Feature", "properties": {"level": "platform", "type": "column", "platform": "3", "source": "PCIP Phase 1 Appendix A, sheet A-021, July 2019, PDF page 31"}, "geometry": {"type": "Polygon", "coordinates": [[[439.1, -90.3], [441.1, -90.3], [441.1, -88.3], [439.1, -88.3], [439.1, -90.3]]]}},
{"type": "Feature", "properties": {"level": "platform", "type": "column", "platform": "3", "source": "PCIP Phase 1 Appendix A, sheet A-021, July 2019, PDF page 31"}, "geometry": {"type": "Polygon", "coordinates": [[[341.4, -90.4], [343.3, -90.4], [343.3, -88.3], [341.4, -88.3], [341.4, -90.4]]]}},
{"type": "Feature", "properties": {"level": "platform", "type": "column", "platform": "3", "source": "PCIP Phase 1 Appendix A, sheet A-021, July 2019, PDF page 31"}, "geometry": {"type": "Polygon", "coordinates": [[[349.2, -90.4], [351.2, -90.4], [351.2, -88.3], [349.2, -88.3], [349.2, -90.4]]]}},
{"type": "Feature", "properties": {"level": "platform", "type": "column", "platform": "3", "source": "PCIP Phase 1 Appendix A, sheet A-021, July 2019, PDF page 31"}, "geometry": {"type": "Polygon", "coordinates": [[[369.3, -90.4], [371.2, -90.4], [371.2, -88.3], [369.3, -88.3], [369.3, -90.4]]]}},
{"type": "Feature", "properties": {"level": "platform", "type": "column", "platform": "3", "source": "PCIP Phase 1 Appendix A, sheet A-021, July 2019, PDF page 31"}, "geometry": {"type": "Polygon", "coordinates": [[[412.1, -90.4], [414.1, -90.4], [414.1, -88.3], [412.1, -88.3], [412.1, -90.4]]]}},
{"type": "Feature", "properties": {"level": "platform", "type": "column", "platform": "3", "source": "PCIP Phase 1 Appendix A, sheet A-021, July 2019, PDF page 31"}, "geometry": {"type": "Polygon", "coordinates": [[[290.5, -90.5], [292.6, -90.5], [292.6, -88.5], [290.5, -88.5], [290.5, -90.5]]]}},
{"type": "Feature", "properties": {"level": "platform", "type": "column", "platform": "3", "source": "PCIP Phase 1 Appendix A, sheet A-021, July 2019, PDF page 31"}, "geometry": {"type": "Polygon", "coordinates": [[[294.3, -90.5], [296.4, -90.5], [296.4, -88.5], [294.3, -88.5], [294.3, -90.5]]]}},
{"type": "Feature", "properties": {"level": "platform", "type": "column", "platform": "3", "source": "PCIP Phase 1 Appendix A, sheet A-021, July 2019, PDF page 31"}, "geometry": {"type": "Polygon", "coordinates": [[[298.4, -90.5], [300.4, -90.5], [300.4, -88.5], [298.4, -88.5], [298.4, -90.5]]]}},
{"type": "Feature", "properties": {"level": "platform", "type": "column", "platform": "3", "source": "PCIP Phase 1 Appendix A, sheet A-021, July 2019, PDF page 31"}, "geometry": {"type": "Polygon", "coordinates": [[[304.9, -90.5], [306.9, -90.5], [306.9, -88.5], [304.9, -88.5], [304.9, -90.5]]]}},
{"type": "Feature", "properties": {"level": "platform", "type": "column", "platform": "3", "source": "PCIP Phase 1 Appendix A, sheet A-021, July 2019, PDF page 31"}, "geometry": {"type": "Polygon", "coordinates": [[[311.1, -90.5], [313.1, -90.5], [313.1, -88.5], [311.1, -88.5], [311.1, -90.5]]]}},
{"type": "Feature", "properties": {"level": "platform", "type": "column", "platform": "3", "source": "PCIP Phase 1 Appendix A, sheet A-021, July 2019, PDF page 31"}, "geometry": {"type": "Polygon", "coordinates": [[[328.5, -90.4], [330.5, -90.4], [330.5, -88.5], [328.5, -88.5], [328.5, -90.4]]]}},
{"type": "Feature", "properties": {"level": "platform", "type": "column", "platform": "3", "source": "PCIP Phase 1 Appendix A, sheet A-021, July 2019, PDF page 31"}, "geometry": {"type": "Polygon", "coordinates": [[[673.1, -91.0], [675.1, -91.0], [675.1, -89.0], [673.1, -89.0], [673.1, -91.0]]]}},
{"type": "Feature", "properties": {"level": "platform", "type": "column", "platform": "3", "source": "PCIP Phase 1 Appendix A, sheet A-021, July 2019, PDF page 31"}, "geometry": {"type": "Polygon", "coordinates": [[[692.8, -91.0], [694.8, -91.0], [694.8, -89.0], [692.8, -89.0], [692.8, -91.0]]]}},
{"type": "Feature", "properties": {"level": "platform", "type": "column", "platform": "3", "source": "PCIP Phase 1 Appendix A, sheet A-021, July 2019, PDF page 31"}, "geometry": {"type": "Polygon", "coordinates": [[[-80.6, -95.5], [-78.6, -95.5], [-78.6, -93.5], [-80.6, -93.5], [-80.6, -95.5]]]}},
{"type": "Feature", "properties": {"level": "platform", "type": "column", "platform": "3", "source": "PCIP Phase 1 Appendix A, sheet A-021, July 2019, PDF page 31"}, "geometry": {"type": "Polygon", "coordinates": [[[504.5, -96.3], [506.4, -96.3], [506.4, -94.4], [504.5, -94.4], [504.5, -96.3]]]}},
{"type": "Feature", "properties": {"level": "platform", "type": "column", "platform": "3", "source": "PCIP Phase 1 Appendix A, sheet A-021, July 2019, PDF page 31"}, "geometry": {"type": "Polygon", "coordinates": [[[534.2, -96.3], [536.1, -96.3], [536.1, -94.4], [534.2, -94.4], [534.2, -96.3]]]}},
{"type": "Feature", "properties": {"level": "platform", "type": "column", "platform": "3", "source": "PCIP Phase 1 Appendix A, sheet A-021, July 2019, PDF page 31"}, "geometry": {"type": "Polygon", "coordinates": [[[-65.1, -98.0], [-63.1, -98.0], [-63.1, -96.1], [-65.1, -96.1], [-65.1, -98.0]]]}},
{"type": "Feature", "properties": {"level": "platform", "type": "column", "platform": "3", "source": "PCIP Phase 1 Appendix A, sheet A-021, July 2019, PDF page 31"}, "geometry": {"type": "Polygon", "coordinates": [[[-61.2, -98.0], [-59.2, -98.0], [-59.2, -96.1], [-61.2, -96.1], [-61.2, -98.0]]]}},
{"type": "Feature", "properties": {"level": "platform", "type": "column", "platform": "3", "source": "PCIP Phase 1 Appendix A, sheet A-021, July 2019, PDF page 31"}, "geometry": {"type": "Polygon", "coordinates": [[[-45.6, -98.0], [-43.7, -98.0], [-43.7, -96.1], [-45.6, -96.1], [-45.6, -98.0]]]}},
{"type": "Feature", "properties": {"level": "platform", "type": "column", "platform": "3", "source": "PCIP Phase 1 Appendix A, sheet A-021, July 2019, PDF page 31"}, "geometry": {"type": "Polygon", "coordinates": [[[-41.7, -98.0], [-39.7, -98.0], [-39.7, -96.1], [-41.7, -96.1], [-41.7, -98.0]]]}},
{"type": "Feature", "properties": {"level": "platform", "type": "column", "platform": "3", "source": "PCIP Phase 1 Appendix A, sheet A-021, July 2019, PDF page 31"}, "geometry": {"type": "Polygon", "coordinates": [[[-26.2, -98.0], [-24.1, -98.0], [-24.1, -96.1], [-26.2, -96.1], [-26.2, -98.0]]]}},
{"type": "Feature", "properties": {"level": "platform", "type": "column", "platform": "3", "source": "PCIP Phase 1 Appendix A, sheet A-021, July 2019, PDF page 31"}, "geometry": {"type": "Polygon", "coordinates": [[[-22.1, -98.0], [-20.2, -98.0], [-20.2, -96.1], [-22.1, -96.1], [-22.1, -98.0]]]}},
{"type": "Feature", "properties": {"level": "platform", "type": "column", "platform": "3", "source": "PCIP Phase 1 Appendix A, sheet A-021, July 2019, PDF page 31"}, "geometry": {"type": "Polygon", "coordinates": [[[270.9, -98.6], [272.9, -98.6], [272.9, -96.6], [270.9, -96.6], [270.9, -98.6]]]}},
{"type": "Feature", "properties": {"level": "platform", "type": "column", "platform": "3", "source": "PCIP Phase 1 Appendix A, sheet A-021, July 2019, PDF page 31"}, "geometry": {"type": "Polygon", "coordinates": [[[311.1, -99.0], [313.1, -99.0], [313.1, -96.9], [311.1, -96.9], [311.1, -99.0]]]}},
{"type": "Feature", "properties": {"level": "platform", "type": "column", "platform": "3", "source": "PCIP Phase 1 Appendix A, sheet A-021, July 2019, PDF page 31"}, "geometry": {"type": "Polygon", "coordinates": [[[328.5, -99.0], [330.5, -99.0], [330.5, -96.9], [328.5, -96.9], [328.5, -99.0]]]}},
{"type": "Feature", "properties": {"level": "platform", "type": "column", "platform": "3", "source": "PCIP Phase 1 Appendix A, sheet A-021, July 2019, PDF page 31"}, "geometry": {"type": "Polygon", "coordinates": [[[349.2, -99.0], [351.2, -99.0], [351.2, -96.9], [349.2, -96.9], [349.2, -99.0]]]}},
{"type": "Feature", "properties": {"level": "platform", "type": "column", "platform": "3", "source": "PCIP Phase 1 Appendix A, sheet A-021, July 2019, PDF page 31"}, "geometry": {"type": "Polygon", "coordinates": [[[369.3, -99.0], [371.2, -99.0], [371.2, -96.9], [369.3, -96.9], [369.3, -99.0]]]}},
{"type": "Feature", "properties": {"level": "platform", "type": "column", "platform": "3", "source": "PCIP Phase 1 Appendix A, sheet A-021, July 2019, PDF page 31"}, "geometry": {"type": "Polygon", "coordinates": [[[396.6, -98.8], [398.6, -98.8], [398.6, -96.9], [396.6, -96.9], [396.6, -98.8]]]}},
{"type": "Feature", "properties": {"level": "platform", "type": "column", "platform": "3", "source": "PCIP Phase 1 Appendix A, sheet A-021, July 2019, PDF page 31"}, "geometry": {"type": "Polygon", "coordinates": [[[290.5, -99.0], [292.6, -99.0], [292.6, -97.0], [290.5, -97.0], [290.5, -99.0]]]}},
{"type": "Feature", "properties": {"level": "platform", "type": "column", "platform": "3", "source": "PCIP Phase 1 Appendix A, sheet A-021, July 2019, PDF page 31"}, "geometry": {"type": "Polygon", "coordinates": [[[238.9, -100.6], [240.8, -100.6], [240.8, -98.6], [238.9, -98.6], [238.9, -100.6]]]}},
{"type": "Feature", "properties": {"level": "platform", "type": "column", "platform": "3", "source": "PCIP Phase 1 Appendix A, sheet A-021, July 2019, PDF page 31"}, "geometry": {"type": "Polygon", "coordinates": [[[243.4, -100.6], [245.5, -100.6], [245.5, -98.6], [243.4, -98.6], [243.4, -100.6]]]}},
{"type": "Feature", "properties": {"level": "platform", "type": "column", "platform": "3", "source": "PCIP Phase 1 Appendix A, sheet A-021, July 2019, PDF page 31"}, "geometry": {"type": "Polygon", "coordinates": [[[248.1, -100.6], [250.2, -100.6], [250.2, -98.6], [248.1, -98.6], [248.1, -100.6]]]}},
{"type": "Feature", "properties": {"level": "platform", "type": "column", "platform": "3", "source": "PCIP Phase 1 Appendix A, sheet A-021, July 2019, PDF page 31"}, "geometry": {"type": "Polygon", "coordinates": [[[508.1, -100.6], [510.2, -100.6], [510.2, -98.7], [508.1, -98.7], [508.1, -100.6]]]}},
{"type": "Feature", "properties": {"level": "platform", "type": "column", "platform": "diagonal", "source": "PCIP Phase 1 Appendix A, sheet A-021, July 2019, PDF page 31"}, "geometry": {"type": "Polygon", "coordinates": [[[-322.3, -120.0], [-320.3, -120.0], [-320.3, -118.0], [-322.3, -118.0], [-322.3, -120.0]]]}},
{"type": "Feature", "properties": {"level": "platform", "type": "column", "platform": "2", "source": "PCIP Phase 1 Appendix A, sheet A-021, July 2019, PDF page 31"}, "geometry": {"type": "Polygon", "coordinates": [[[771.1, -132.1], [773.1, -132.1], [773.1, -130.0], [771.1, -130.0], [771.1, -132.1]]]}},
{"type": "Feature", "properties": {"level": "platform", "type": "column", "platform": "2", "source": "PCIP Phase 1 Appendix A, sheet A-021, July 2019, PDF page 31"}, "geometry": {"type": "Polygon", "coordinates": [[[791.2, -132.1], [793.2, -132.1], [793.2, -130.0], [791.2, -130.0], [791.2, -132.1]]]}},
{"type": "Feature", "properties": {"level": "platform", "type": "column", "platform": "2", "source": "PCIP Phase 1 Appendix A, sheet A-021, July 2019, PDF page 31"}, "geometry": {"type": "Polygon", "coordinates": [[[811.9, -132.1], [813.9, -132.1], [813.9, -130.0], [811.9, -130.0], [811.9, -132.1]]]}},
{"type": "Feature", "properties": {"level": "platform", "type": "column", "platform": "2", "source": "PCIP Phase 1 Appendix A, sheet A-021, July 2019, PDF page 31"}, "geometry": {"type": "Polygon", "coordinates": [[[826.5, -132.1], [828.5, -132.1], [828.5, -130.0], [826.5, -130.0], [826.5, -132.1]]]}},
{"type": "Feature", "properties": {"level": "platform", "type": "column", "platform": "2", "source": "PCIP Phase 1 Appendix A, sheet A-021, July 2019, PDF page 31"}, "geometry": {"type": "Polygon", "coordinates": [[[847.9, -132.0], [850.0, -132.0], [850.0, -130.0], [847.9, -130.0], [847.9, -132.0]]]}},
{"type": "Feature", "properties": {"level": "platform", "type": "column", "platform": "2", "source": "PCIP Phase 1 Appendix A, sheet A-021, July 2019, PDF page 31"}, "geometry": {"type": "Polygon", "coordinates": [[[692.5, -132.1], [694.4, -132.1], [694.4, -130.1], [692.5, -130.1], [692.5, -132.1]]]}},
{"type": "Feature", "properties": {"level": "platform", "type": "column", "platform": "2", "source": "PCIP Phase 1 Appendix A, sheet A-021, July 2019, PDF page 31"}, "geometry": {"type": "Polygon", "coordinates": [[[716.5, -132.1], [718.5, -132.1], [718.5, -130.1], [716.5, -130.1], [716.5, -132.1]]]}},
{"type": "Feature", "properties": {"level": "platform", "type": "column", "platform": "2", "source": "PCIP Phase 1 Appendix A, sheet A-021, July 2019, PDF page 31"}, "geometry": {"type": "Polygon", "coordinates": [[[732.2, -132.1], [734.2, -132.1], [734.2, -130.1], [732.2, -130.1], [732.2, -132.1]]]}},
{"type": "Feature", "properties": {"level": "platform", "type": "column", "platform": "2", "source": "PCIP Phase 1 Appendix A, sheet A-021, July 2019, PDF page 31"}, "geometry": {"type": "Polygon", "coordinates": [[[753.4, -132.1], [755.4, -132.1], [755.4, -130.1], [753.4, -130.1], [753.4, -132.1]]]}},
{"type": "Feature", "properties": {"level": "platform", "type": "column", "platform": "2", "source": "PCIP Phase 1 Appendix A, sheet A-021, July 2019, PDF page 31"}, "geometry": {"type": "Polygon", "coordinates": [[[672.2, -132.1], [674.2, -132.1], [674.2, -130.2], [672.2, -130.2], [672.2, -132.1]]]}},
{"type": "Feature", "properties": {"level": "platform", "type": "column", "platform": "2", "source": "PCIP Phase 1 Appendix A, sheet A-021, July 2019, PDF page 31"}, "geometry": {"type": "Polygon", "coordinates": [[[467.2, -133.1], [469.1, -133.1], [469.1, -131.1], [467.2, -131.1], [467.2, -133.1]]]}},
{"type": "Feature", "properties": {"level": "platform", "type": "column", "platform": "2", "source": "PCIP Phase 1 Appendix A, sheet A-021, July 2019, PDF page 31"}, "geometry": {"type": "Polygon", "coordinates": [[[497.6, -133.3], [499.7, -133.3], [499.7, -131.3], [497.6, -131.3], [497.6, -133.3]]]}},
{"type": "Feature", "properties": {"level": "platform", "type": "column", "platform": "2", "source": "PCIP Phase 1 Appendix A, sheet A-021, July 2019, PDF page 31"}, "geometry": {"type": "Polygon", "coordinates": [[[523.1, -134.5], [525.9, -134.5], [525.9, -131.6], [523.1, -131.6], [523.1, -134.5]]]}},
{"type": "Feature", "properties": {"level": "platform", "type": "column", "platform": "2", "source": "PCIP Phase 1 Appendix A, sheet A-021, July 2019, PDF page 31"}, "geometry": {"type": "Polygon", "coordinates": [[[229.8, -135.4], [232.7, -135.4], [232.7, -132.6], [229.8, -132.6], [229.8, -135.4]]]}},
{"type": "Feature", "properties": {"level": "platform", "type": "column", "platform": "2", "source": "PCIP Phase 1 Appendix A, sheet A-021, July 2019, PDF page 31"}, "geometry": {"type": "Polygon", "coordinates": [[[397.5, -135.9], [399.5, -135.9], [399.5, -133.9], [397.5, -133.9], [397.5, -135.9]]]}},
{"type": "Feature", "properties": {"level": "platform", "type": "column", "platform": "2", "source": "PCIP Phase 1 Appendix A, sheet A-021, July 2019, PDF page 31"}, "geometry": {"type": "Polygon", "coordinates": [[[341.4, -136.8], [343.4, -136.8], [343.4, -134.7], [341.4, -134.7], [341.4, -136.8]]]}},
{"type": "Feature", "properties": {"level": "platform", "type": "column", "platform": "2", "source": "PCIP Phase 1 Appendix A, sheet A-021, July 2019, PDF page 31"}, "geometry": {"type": "Polygon", "coordinates": [[[349.3, -136.8], [351.2, -136.8], [351.2, -134.7], [349.3, -134.7], [349.3, -136.8]]]}},
{"type": "Feature", "properties": {"level": "platform", "type": "column", "platform": "2", "source": "PCIP Phase 1 Appendix A, sheet A-021, July 2019, PDF page 31"}, "geometry": {"type": "Polygon", "coordinates": [[[353.8, -136.8], [355.8, -136.8], [355.8, -134.7], [353.8, -134.7], [353.8, -136.8]]]}},
{"type": "Feature", "properties": {"level": "platform", "type": "column", "platform": "2", "source": "PCIP Phase 1 Appendix A, sheet A-021, July 2019, PDF page 31"}, "geometry": {"type": "Polygon", "coordinates": [[[369.3, -136.8], [371.4, -136.8], [371.4, -134.7], [369.3, -134.7], [369.3, -136.8]]]}},
{"type": "Feature", "properties": {"level": "platform", "type": "column", "platform": "2", "source": "PCIP Phase 1 Appendix A, sheet A-021, July 2019, PDF page 31"}, "geometry": {"type": "Polygon", "coordinates": [[[271.0, -136.8], [273.0, -136.8], [273.0, -134.8], [271.0, -134.8], [271.0, -136.8]]]}},
{"type": "Feature", "properties": {"level": "platform", "type": "column", "platform": "2", "source": "PCIP Phase 1 Appendix A, sheet A-021, July 2019, PDF page 31"}, "geometry": {"type": "Polygon", "coordinates": [[[286.2, -136.8], [288.2, -136.8], [288.2, -134.8], [286.2, -134.8], [286.2, -136.8]]]}},
{"type": "Feature", "properties": {"level": "platform", "type": "column", "platform": "2", "source": "PCIP Phase 1 Appendix A, sheet A-021, July 2019, PDF page 31"}, "geometry": {"type": "Polygon", "coordinates": [[[290.7, -136.8], [292.6, -136.8], [292.6, -134.8], [290.7, -134.8], [290.7, -136.8]]]}},
{"type": "Feature", "properties": {"level": "platform", "type": "column", "platform": "2", "source": "PCIP Phase 1 Appendix A, sheet A-021, July 2019, PDF page 31"}, "geometry": {"type": "Polygon", "coordinates": [[[298.4, -136.8], [300.4, -136.8], [300.4, -134.8], [298.4, -134.8], [298.4, -136.8]]]}},
{"type": "Feature", "properties": {"level": "platform", "type": "column", "platform": "2", "source": "PCIP Phase 1 Appendix A, sheet A-021, July 2019, PDF page 31"}, "geometry": {"type": "Polygon", "coordinates": [[[311.2, -136.9], [313.3, -136.9], [313.3, -134.8], [311.2, -134.8], [311.2, -136.9]]]}},
{"type": "Feature", "properties": {"level": "platform", "type": "column", "platform": "2", "source": "PCIP Phase 1 Appendix A, sheet A-021, July 2019, PDF page 31"}, "geometry": {"type": "Polygon", "coordinates": [[[328.6, -136.8], [330.5, -136.8], [330.5, -134.8], [328.6, -134.8], [328.6, -136.8]]]}},
{"type": "Feature", "properties": {"level": "platform", "type": "column", "platform": "2", "source": "PCIP Phase 1 Appendix A, sheet A-021, July 2019, PDF page 31"}, "geometry": {"type": "Polygon", "coordinates": [[[243.4, -136.8], [245.5, -136.8], [245.5, -134.9], [243.4, -134.9], [243.4, -136.8]]]}},
{"type": "Feature", "properties": {"level": "platform", "type": "column", "platform": "2", "source": "PCIP Phase 1 Appendix A, sheet A-021, July 2019, PDF page 31"}, "geometry": {"type": "Polygon", "coordinates": [[[262.2, -136.8], [264.1, -136.8], [264.1, -134.9], [262.2, -134.9], [262.2, -136.8]]]}},
{"type": "Feature", "properties": {"level": "platform", "type": "column", "platform": "2", "source": "PCIP Phase 1 Appendix A, sheet A-021, July 2019, PDF page 31"}, "geometry": {"type": "Polygon", "coordinates": [[[889.3, -138.8], [891.2, -138.8], [891.2, -136.8], [889.3, -136.8], [889.3, -138.8]]]}},
{"type": "Feature", "properties": {"level": "platform", "type": "column", "platform": "2", "source": "PCIP Phase 1 Appendix A, sheet A-021, July 2019, PDF page 31"}, "geometry": {"type": "Polygon", "coordinates": [[[870.2, -138.8], [872.2, -138.8], [872.2, -136.9], [870.2, -136.9], [870.2, -138.8]]]}},
{"type": "Feature", "properties": {"level": "platform", "type": "column", "platform": "2", "source": "PCIP Phase 1 Appendix A, sheet A-021, July 2019, PDF page 31"}, "geometry": {"type": "Polygon", "coordinates": [[[534.2, -139.3], [536.1, -139.3], [536.1, -137.3], [534.2, -137.3], [534.2, -139.3]]]}},
{"type": "Feature", "properties": {"level": "platform", "type": "column", "platform": "2", "source": "PCIP Phase 1 Appendix A, sheet A-021, July 2019, PDF page 31"}, "geometry": {"type": "Polygon", "coordinates": [[[850.7, -139.3], [852.6, -139.3], [852.6, -137.3], [850.7, -137.3], [850.7, -139.3]]]}},
{"type": "Feature", "properties": {"level": "platform", "type": "column", "platform": "2", "source": "PCIP Phase 1 Appendix A, sheet A-021, July 2019, PDF page 31"}, "geometry": {"type": "Polygon", "coordinates": [[[909.3, -140.2], [911.4, -140.2], [911.4, -138.3], [909.3, -138.3], [909.3, -140.2]]]}},
{"type": "Feature", "properties": {"level": "platform", "type": "column", "platform": "2", "source": "PCIP Phase 1 Appendix A, sheet A-021, July 2019, PDF page 31"}, "geometry": {"type": "Polygon", "coordinates": [[[303.8, -141.4], [306.2, -141.4], [306.2, -139.0], [303.8, -139.0], [303.8, -141.4]]]}},
{"type": "Feature", "properties": {"level": "platform", "type": "column", "platform": "2", "source": "PCIP Phase 1 Appendix A, sheet A-021, July 2019, PDF page 31"}, "geometry": {"type": "Polygon", "coordinates": [[[397.5, -144.0], [399.5, -144.0], [399.5, -142.0], [397.5, -142.0], [397.5, -144.0]]]}},
{"type": "Feature", "properties": {"level": "platform", "type": "column", "platform": "2", "source": "PCIP Phase 1 Appendix A, sheet A-021, July 2019, PDF page 31"}, "geometry": {"type": "Polygon", "coordinates": [[[410.1, -144.0], [412.1, -144.0], [412.1, -142.0], [410.1, -142.0], [410.1, -144.0]]]}},
{"type": "Feature", "properties": {"level": "platform", "type": "column", "platform": "2", "source": "PCIP Phase 1 Appendix A, sheet A-021, July 2019, PDF page 31"}, "geometry": {"type": "Polygon", "coordinates": [[[311.2, -144.8], [313.3, -144.8], [313.3, -142.6], [311.2, -142.6], [311.2, -144.8]]]}},
{"type": "Feature", "properties": {"level": "platform", "type": "column", "platform": "2", "source": "PCIP Phase 1 Appendix A, sheet A-021, July 2019, PDF page 31"}, "geometry": {"type": "Polygon", "coordinates": [[[328.6, -144.8], [330.5, -144.8], [330.5, -142.7], [328.6, -142.7], [328.6, -144.8]]]}},
{"type": "Feature", "properties": {"level": "platform", "type": "column", "platform": "2", "source": "PCIP Phase 1 Appendix A, sheet A-021, July 2019, PDF page 31"}, "geometry": {"type": "Polygon", "coordinates": [[[349.3, -144.8], [351.2, -144.8], [351.2, -142.7], [349.3, -142.7], [349.3, -144.8]]]}},
{"type": "Feature", "properties": {"level": "platform", "type": "column", "platform": "2", "source": "PCIP Phase 1 Appendix A, sheet A-021, July 2019, PDF page 31"}, "geometry": {"type": "Polygon", "coordinates": [[[364.8, -144.8], [366.8, -144.8], [366.8, -142.7], [364.8, -142.7], [364.8, -144.8]]]}},
{"type": "Feature", "properties": {"level": "platform", "type": "column", "platform": "2", "source": "PCIP Phase 1 Appendix A, sheet A-021, July 2019, PDF page 31"}, "geometry": {"type": "Polygon", "coordinates": [[[243.4, -144.9], [245.5, -144.9], [245.5, -142.8], [243.4, -142.8], [243.4, -144.9]]]}},
{"type": "Feature", "properties": {"level": "platform", "type": "column", "platform": "2", "source": "PCIP Phase 1 Appendix A, sheet A-021, July 2019, PDF page 31"}, "geometry": {"type": "Polygon", "coordinates": [[[271.0, -144.9], [273.0, -144.9], [273.0, -142.8], [271.0, -142.8], [271.0, -144.9]]]}},
{"type": "Feature", "properties": {"level": "platform", "type": "column", "platform": "2", "source": "PCIP Phase 1 Appendix A, sheet A-021, July 2019, PDF page 31"}, "geometry": {"type": "Polygon", "coordinates": [[[286.2, -144.9], [288.2, -144.9], [288.2, -142.8], [286.2, -142.8], [286.2, -144.9]]]}},
{"type": "Feature", "properties": {"level": "platform", "type": "column", "platform": "2", "source": "PCIP Phase 1 Appendix A, sheet A-021, July 2019, PDF page 31"}, "geometry": {"type": "Polygon", "coordinates": [[[290.7, -144.9], [292.6, -144.9], [292.6, -142.8], [290.7, -142.8], [290.7, -144.9]]]}},
{"type": "Feature", "properties": {"level": "platform", "type": "column", "platform": "2", "source": "PCIP Phase 1 Appendix A, sheet A-021, July 2019, PDF page 31"}, "geometry": {"type": "Polygon", "coordinates": [[[298.4, -144.8], [300.4, -144.8], [300.4, -142.8], [298.4, -142.8], [298.4, -144.8]]]}},
{"type": "Feature", "properties": {"level": "platform", "type": "column", "platform": "2", "source": "PCIP Phase 1 Appendix A, sheet A-021, July 2019, PDF page 31"}, "geometry": {"type": "Polygon", "coordinates": [[[541.8, -145.5], [543.8, -145.5], [543.8, -143.5], [541.8, -143.5], [541.8, -145.5]]]}},
{"type": "Feature", "properties": {"level": "platform", "type": "column", "platform": "2", "source": "PCIP Phase 1 Appendix A, sheet A-021, July 2019, PDF page 31"}, "geometry": {"type": "Polygon", "coordinates": [[[573.9, -146.6], [575.9, -146.6], [575.9, -144.5], [573.9, -144.5], [573.9, -146.6]]]}},
{"type": "Feature", "properties": {"level": "platform", "type": "column", "platform": "2", "source": "PCIP Phase 1 Appendix A, sheet A-021, July 2019, PDF page 31"}, "geometry": {"type": "Polygon", "coordinates": [[[603.0, -146.6], [605.0, -146.6], [605.0, -144.5], [603.0, -144.5], [603.0, -146.6]]]}},
{"type": "Feature", "properties": {"level": "platform", "type": "column", "platform": "2", "source": "PCIP Phase 1 Appendix A, sheet A-021, July 2019, PDF page 31"}, "geometry": {"type": "Polygon", "coordinates": [[[631.2, -146.6], [633.2, -146.6], [633.2, -144.5], [631.2, -144.5], [631.2, -146.6]]]}},
{"type": "Feature", "properties": {"level": "platform", "type": "column", "platform": "2", "source": "PCIP Phase 1 Appendix A, sheet A-021, July 2019, PDF page 31"}, "geometry": {"type": "Polygon", "coordinates": [[[505.0, -146.7], [507.0, -146.7], [507.0, -144.6], [505.0, -144.6], [505.0, -146.7]]]}},
{"type": "Feature", "properties": {"level": "platform", "type": "column", "platform": "2", "source": "PCIP Phase 1 Appendix A, sheet A-021, July 2019, PDF page 31"}, "geometry": {"type": "Polygon", "coordinates": [[[442.7, -146.8], [444.7, -146.8], [444.7, -144.8], [442.7, -144.8], [442.7, -146.8]]]}},
{"type": "Feature", "properties": {"level": "platform", "type": "column", "platform": "2", "source": "PCIP Phase 1 Appendix A, sheet A-021, July 2019, PDF page 31"}, "geometry": {"type": "Polygon", "coordinates": [[[467.2, -146.7], [469.2, -146.7], [469.2, -144.8], [467.2, -144.8], [467.2, -146.7]]]}},
{"type": "Feature", "properties": {"level": "platform", "type": "column", "platform": "2", "source": "PCIP Phase 1 Appendix A, sheet A-021, July 2019, PDF page 31"}, "geometry": {"type": "Polygon", "coordinates": [[[889.3, -161.8], [891.3, -161.8], [891.3, -159.7], [889.3, -159.7], [889.3, -161.8]]]}},
{"type": "Feature", "properties": {"level": "platform", "type": "column", "platform": "2", "source": "PCIP Phase 1 Appendix A, sheet A-021, July 2019, PDF page 31"}, "geometry": {"type": "Polygon", "coordinates": [[[909.4, -162.1], [911.4, -162.1], [911.4, -160.1], [909.4, -160.1], [909.4, -162.1]]]}},
{"type": "Feature", "properties": {"level": "platform", "type": "column", "platform": "1", "source": "PCIP Phase 1 Appendix A, sheet A-021, July 2019, PDF page 31"}, "geometry": {"type": "Polygon", "coordinates": [[[909.4, -178.8], [911.4, -178.8], [911.4, -176.7], [909.4, -176.7], [909.4, -178.8]]]}},
{"type": "Feature", "properties": {"level": "platform", "type": "column", "platform": "1", "source": "PCIP Phase 1 Appendix A, sheet A-021, July 2019, PDF page 31"}, "geometry": {"type": "Polygon", "coordinates": [[[889.4, -180.9], [891.3, -180.9], [891.3, -178.9], [889.4, -178.9], [889.4, -180.9]]]}},
{"type": "Feature", "properties": {"level": "platform", "type": "column", "platform": "1", "source": "PCIP Phase 1 Appendix A, sheet A-021, July 2019, PDF page 31"}, "geometry": {"type": "Polygon", "coordinates": [[[290.7, -181.9], [292.7, -181.9], [292.7, -179.9], [290.7, -179.9], [290.7, -181.9]]]}},
{"type": "Feature", "properties": {"level": "platform", "type": "column", "platform": "1", "source": "PCIP Phase 1 Appendix A, sheet A-021, July 2019, PDF page 31"}, "geometry": {"type": "Polygon", "coordinates": [[[311.5, -181.9], [313.4, -181.9], [313.4, -179.9], [311.5, -179.9], [311.5, -181.9]]]}},
{"type": "Feature", "properties": {"level": "platform", "type": "column", "platform": "1", "source": "PCIP Phase 1 Appendix A, sheet A-021, July 2019, PDF page 31"}, "geometry": {"type": "Polygon", "coordinates": [[[328.5, -181.9], [330.5, -181.9], [330.5, -179.9], [328.5, -179.9], [328.5, -181.9]]]}},
{"type": "Feature", "properties": {"level": "platform", "type": "column", "platform": "1", "source": "PCIP Phase 1 Appendix A, sheet A-021, July 2019, PDF page 31"}, "geometry": {"type": "Polygon", "coordinates": [[[349.4, -181.8], [351.4, -181.8], [351.4, -179.9], [349.4, -179.9], [349.4, -181.8]]]}},
{"type": "Feature", "properties": {"level": "platform", "type": "column", "platform": "1", "source": "PCIP Phase 1 Appendix A, sheet A-021, July 2019, PDF page 31"}, "geometry": {"type": "Polygon", "coordinates": [[[870.2, -183.0], [872.2, -183.0], [872.2, -180.9], [870.2, -180.9], [870.2, -183.0]]]}},
{"type": "Feature", "properties": {"level": "platform", "type": "column", "platform": "1", "source": "PCIP Phase 1 Appendix A, sheet A-021, July 2019, PDF page 31"}, "geometry": {"type": "Polygon", "coordinates": [[[850.7, -185.7], [852.8, -185.7], [852.8, -183.7], [850.7, -183.7], [850.7, -185.7]]]}},
{"type": "Feature", "properties": {"level": "platform", "type": "column", "platform": "1", "source": "PCIP Phase 1 Appendix A, sheet A-021, July 2019, PDF page 31"}, "geometry": {"type": "Polygon", "coordinates": [[[585.8, -186.0], [587.7, -186.0], [587.7, -184.0], [585.8, -184.0], [585.8, -186.0]]]}},
{"type": "Feature", "properties": {"level": "platform", "type": "column", "platform": "1", "source": "PCIP Phase 1 Appendix A, sheet A-021, July 2019, PDF page 31"}, "geometry": {"type": "Polygon", "coordinates": [[[505.5, -186.1], [507.5, -186.1], [507.5, -184.1], [505.5, -184.1], [505.5, -186.1]]]}},
{"type": "Feature", "properties": {"level": "platform", "type": "column", "platform": "1", "source": "PCIP Phase 1 Appendix A, sheet A-021, July 2019, PDF page 31"}, "geometry": {"type": "Polygon", "coordinates": [[[621.1, -186.0], [623.0, -186.0], [623.0, -184.1], [621.1, -184.1], [621.1, -186.0]]]}},
{"type": "Feature", "properties": {"level": "platform", "type": "column", "platform": "1", "source": "PCIP Phase 1 Appendix A, sheet A-021, July 2019, PDF page 31"}, "geometry": {"type": "Polygon", "coordinates": [[[446.1, -186.1], [448.1, -186.1], [448.1, -184.2], [446.1, -184.2], [446.1, -186.1]]]}},
{"type": "Feature", "properties": {"level": "platform", "type": "column", "platform": "1", "source": "PCIP Phase 1 Appendix A, sheet A-021, July 2019, PDF page 31"}, "geometry": {"type": "Polygon", "coordinates": [[[427.9, -186.4], [430.0, -186.4], [430.0, -184.3], [427.9, -184.3], [427.9, -186.4]]]}},
{"type": "Feature", "properties": {"level": "platform", "type": "column", "platform": "1", "source": "PCIP Phase 1 Appendix A, sheet A-021, July 2019, PDF page 31"}, "geometry": {"type": "Polygon", "coordinates": [[[554.7, -186.5], [556.7, -186.5], [556.7, -184.6], [554.7, -184.6], [554.7, -186.5]]]}},
{"type": "Feature", "properties": {"level": "platform", "type": "column", "platform": "1", "source": "PCIP Phase 1 Appendix A, sheet A-021, July 2019, PDF page 31"}, "geometry": {"type": "Polygon", "coordinates": [[[476.3, -186.6], [478.3, -186.6], [478.3, -184.6], [476.3, -184.6], [476.3, -186.6]]]}},
{"type": "Feature", "properties": {"level": "platform", "type": "column", "platform": "1", "source": "PCIP Phase 1 Appendix A, sheet A-021, July 2019, PDF page 31"}, "geometry": {"type": "Polygon", "coordinates": [[[319.5, -189.7], [322.0, -189.7], [322.0, -187.6], [319.5, -187.6], [319.5, -189.7]]]}},
{"type": "Feature", "properties": {"level": "platform", "type": "column", "platform": "1", "source": "PCIP Phase 1 Appendix A, sheet A-021, July 2019, PDF page 31"}, "geometry": {"type": "Polygon", "coordinates": [[[341.5, -189.7], [343.6, -189.7], [343.6, -187.6], [341.5, -187.6], [341.5, -189.7]]]}},
{"type": "Feature", "properties": {"level": "platform", "type": "column", "platform": "1", "source": "PCIP Phase 1 Appendix A, sheet A-021, July 2019, PDF page 31"}, "geometry": {"type": "Polygon", "coordinates": [[[369.5, -189.7], [371.4, -189.7], [371.4, -187.6], [369.5, -187.6], [369.5, -189.7]]]}},
{"type": "Feature", "properties": {"level": "platform", "type": "column", "platform": "1", "source": "PCIP Phase 1 Appendix A, sheet A-021, July 2019, PDF page 31"}, "geometry": {"type": "Polygon", "coordinates": [[[271.0, -189.8], [273.0, -189.8], [273.0, -187.8], [271.0, -187.8], [271.0, -189.8]]]}},
{"type": "Feature", "properties": {"level": "platform", "type": "column", "platform": "1", "source": "PCIP Phase 1 Appendix A, sheet A-021, July 2019, PDF page 31"}, "geometry": {"type": "Polygon", "coordinates": [[[298.5, -189.7], [300.6, -189.7], [300.6, -187.8], [298.5, -187.8], [298.5, -189.7]]]}},
{"type": "Feature", "properties": {"level": "platform", "type": "column", "platform": "1", "source": "PCIP Phase 1 Appendix A, sheet A-021, July 2019, PDF page 31"}, "geometry": {"type": "Polygon", "coordinates": [[[407.4, -189.7], [409.4, -189.7], [409.4, -187.8], [407.4, -187.8], [407.4, -189.7]]]}},
{"type": "Feature", "properties": {"level": "platform", "type": "column", "platform": "1", "source": "PCIP Phase 1 Appendix A, sheet A-021, July 2019, PDF page 31"}, "geometry": {"type": "Polygon", "coordinates": [[[243.4, -189.9], [245.5, -189.9], [245.5, -187.9], [243.4, -187.9], [243.4, -189.9]]]}},
{"type": "Feature", "properties": {"level": "platform", "type": "elevator", "platform": "11", "source": "PCIP Phase 1 Appendix A, sheet A-021, July 2019, PDF page 31"}, "geometry": {"type": "Polygon", "coordinates": [[[316.6, 271.5], [326.9, 271.5], [326.9, 276.9], [316.6, 276.9], [316.6, 271.5]]]}},
{"type": "Feature", "properties": {"level": "platform", "type": "elevator", "platform": "10", "source": "PCIP Phase 1 Appendix A, sheet A-021, July 2019, PDF page 31"}, "geometry": {"type": "Polygon", "coordinates": [[[316.9, 224.6], [327.1, 224.6], [327.1, 229.9], [316.9, 229.9], [316.9, 224.6]]]}},
{"type": "Feature", "properties": {"level": "platform", "type": "elevator", "platform": "10", "source": "PCIP Phase 1 Appendix A, sheet A-021, July 2019, PDF page 31"}, "geometry": {"type": "Polygon", "coordinates": [[[330.5, 212.4], [346.9, 212.4], [346.9, 220.5], [330.5, 220.5], [330.5, 212.4]]]}},
{"type": "Feature", "properties": {"level": "platform", "type": "elevator", "platform": "9", "source": "PCIP Phase 1 Appendix A, sheet A-021, July 2019, PDF page 31"}, "geometry": {"type": "Polygon", "coordinates": [[[316.9, 179.1], [327.1, 179.1], [327.1, 184.5], [316.9, 184.5], [316.9, 179.1]]]}},
{"type": "Feature", "properties": {"level": "platform", "type": "elevator", "platform": "8", "source": "PCIP Phase 1 Appendix A, sheet A-021, July 2019, PDF page 31"}, "geometry": {"type": "Polygon", "coordinates": [[[316.9, 132.1], [327.1, 132.1], [327.1, 137.4], [316.9, 137.4], [316.9, 132.1]]]}},
{"type": "Feature", "properties": {"level": "platform", "type": "elevator", "platform": "7", "source": "PCIP Phase 1 Appendix A, sheet A-021, July 2019, PDF page 31"}, "geometry": {"type": "Polygon", "coordinates": [[[316.9, 86.7], [327.1, 86.7], [327.1, 92.0], [316.9, 92.0], [316.9, 86.7]]]}},
{"type": "Feature", "properties": {"level": "platform", "type": "elevator", "platform": "6", "source": "PCIP Phase 1 Appendix A, sheet A-021, July 2019, PDF page 31"}, "geometry": {"type": "Polygon", "coordinates": [[[592.0, 45.2], [600.1, 45.2], [600.1, 51.0], [592.0, 51.0], [592.0, 45.2]]]}},
{"type": "Feature", "properties": {"level": "platform", "type": "elevator", "platform": "6", "source": "PCIP Phase 1 Appendix A, sheet A-021, July 2019, PDF page 31"}, "geometry": {"type": "Polygon", "coordinates": [[[-79.1, 41.2], [-67.9, 41.2], [-67.9, 49.4], [-79.1, 49.4], [-79.1, 41.2]]]}},
{"type": "Feature", "properties": {"level": "platform", "type": "elevator", "platform": "6", "source": "PCIP Phase 1 Appendix A, sheet A-021, July 2019, PDF page 31"}, "geometry": {"type": "Polygon", "coordinates": [[[316.9, 41.1], [324.7, 41.1], [324.7, 47.2], [316.9, 47.2], [316.9, 41.1]]]}},
{"type": "Feature", "properties": {"level": "platform", "type": "elevator", "platform": "5", "source": "PCIP Phase 1 Appendix A, sheet A-021, July 2019, PDF page 31"}, "geometry": {"type": "Polygon", "coordinates": [[[566.2, 2.3], [573.0, 2.3], [573.0, 8.1], [566.2, 8.1], [566.2, 2.3]]]}},
{"type": "Feature", "properties": {"level": "platform", "type": "elevator", "platform": "5", "source": "PCIP Phase 1 Appendix A, sheet A-021, July 2019, PDF page 31"}, "geometry": {"type": "Polygon", "coordinates": [[[624.8, -3.3], [631.7, -3.3], [631.7, 3.6], [624.8, 3.6], [624.8, -3.3]]]}},
{"type": "Feature", "properties": {"level": "platform", "type": "elevator", "platform": "5", "source": "PCIP Phase 1 Appendix A, sheet A-021, July 2019, PDF page 31"}, "geometry": {"type": "Polygon", "coordinates": [[[351.6, -2.8], [359.8, -2.8], [359.8, 3.4], [351.6, 3.4], [351.6, -2.8]]]}},
{"type": "Feature", "properties": {"level": "platform", "type": "elevator", "platform": "5", "source": "PCIP Phase 1 Appendix A, sheet A-021, July 2019, PDF page 31"}, "geometry": {"type": "Polygon", "coordinates": [[[-78.4, -4.2], [-68.9, -4.2], [-68.9, 2.7], [-78.4, 2.7], [-78.4, -4.2]]]}},
{"type": "Feature", "properties": {"level": "platform", "type": "elevator", "platform": "4", "source": "PCIP Phase 1 Appendix A, sheet A-021, July 2019, PDF page 31"}, "geometry": {"type": "Polygon", "coordinates": [[[-78.4, -49.8], [-68.9, -49.8], [-68.9, -42.8], [-78.4, -42.8], [-78.4, -49.8]]]}},
{"type": "Feature", "properties": {"level": "platform", "type": "elevator", "platform": "4", "source": "PCIP Phase 1 Appendix A, sheet A-021, July 2019, PDF page 31"}, "geometry": {"type": "Polygon", "coordinates": [[[624.2, -49.6], [632.3, -49.6], [632.3, -43.0], [624.2, -43.0], [624.2, -49.6]]]}},
{"type": "Feature", "properties": {"level": "platform", "type": "elevator", "platform": "4", "source": "PCIP Phase 1 Appendix A, sheet A-021, July 2019, PDF page 31"}, "geometry": {"type": "Polygon", "coordinates": [[[316.6, -50.0], [324.7, -50.0], [324.7, -43.8], [316.6, -43.8], [316.6, -50.0]]]}},
{"type": "Feature", "properties": {"level": "platform", "type": "elevator", "platform": "4", "source": "PCIP Phase 1 Appendix A, sheet A-021, July 2019, PDF page 31"}, "geometry": {"type": "Polygon", "coordinates": [[[495.8, -53.2], [503.7, -53.2], [503.7, -47.2], [495.8, -47.2], [495.8, -53.2]]]}},
{"type": "Feature", "properties": {"level": "platform", "type": "elevator", "platform": "3", "source": "PCIP Phase 1 Appendix A, sheet A-021, July 2019, PDF page 31"}, "geometry": {"type": "Polygon", "coordinates": [[[497.5, -90.3], [504.3, -90.3], [504.3, -84.6], [497.5, -84.6], [497.5, -90.3]]]}},
{"type": "Feature", "properties": {"level": "platform", "type": "elevator", "platform": "3", "source": "PCIP Phase 1 Appendix A, sheet A-021, July 2019, PDF page 31"}, "geometry": {"type": "Polygon", "coordinates": [[[-77.4, -95.0], [-68.8, -95.0], [-68.8, -87.8], [-77.4, -87.8], [-77.4, -95.0]]]}},
{"type": "Feature", "properties": {"level": "platform", "type": "elevator", "platform": "3", "source": "PCIP Phase 1 Appendix A, sheet A-021, July 2019, PDF page 31"}, "geometry": {"type": "Polygon", "coordinates": [[[624.4, -95.5], [632.3, -95.5], [632.3, -88.6], [624.4, -88.6], [624.4, -95.5]]]}},
{"type": "Feature", "properties": {"level": "platform", "type": "elevator", "platform": "3", "source": "PCIP Phase 1 Appendix A, sheet A-021, July 2019, PDF page 31"}, "geometry": {"type": "Polygon", "coordinates": [[[316.9, -97.0], [324.7, -97.0], [324.7, -90.8], [316.9, -90.8], [316.9, -97.0]]]}},
{"type": "Feature", "properties": {"level": "platform", "type": "elevator", "platform": "2", "source": "PCIP Phase 1 Appendix A, sheet A-021, July 2019, PDF page 31"}, "geometry": {"type": "Polygon", "coordinates": [[[495.8, -139.9], [503.7, -139.9], [503.7, -134.1], [495.8, -134.1], [495.8, -139.9]]]}},
{"type": "Feature", "properties": {"level": "platform", "type": "elevator", "platform": "2", "source": "PCIP Phase 1 Appendix A, sheet A-021, July 2019, PDF page 31"}, "geometry": {"type": "Polygon", "coordinates": [[[625.3, -140.9], [632.1, -140.9], [632.1, -135.2], [625.3, -135.2], [625.3, -140.9]]]}},
{"type": "Feature", "properties": {"level": "platform", "type": "elevator", "platform": "2", "source": "PCIP Phase 1 Appendix A, sheet A-021, July 2019, PDF page 31"}, "geometry": {"type": "Polygon", "coordinates": [[[316.9, -142.7], [324.7, -142.7], [324.7, -136.7], [316.9, -136.7], [316.9, -142.7]]]}},
{"type": "Feature", "properties": {"level": "platform", "type": "elevator", "platform": "1", "source": "PCIP Phase 1 Appendix A, sheet A-021, July 2019, PDF page 31"}, "geometry": {"type": "Polygon", "coordinates": [[[490.1, -177.7], [498.3, -177.7], [498.3, -170.8], [490.1, -170.8], [490.1, -177.7]]]}},
{"type": "Feature", "properties": {"level": "platform", "type": "elevator", "platform": "1", "source": "PCIP Phase 1 Appendix A, sheet A-021, July 2019, PDF page 31"}, "geometry": {"type": "Polygon", "coordinates": [[[499.6, -177.7], [508.0, -177.7], [508.0, -170.8], [499.6, -170.8], [499.6, -177.7]]]}},
{"type": "Feature", "properties": {"level": "platform", "type": "elevator", "platform": "1", "source": "PCIP Phase 1 Appendix A, sheet A-021, July 2019, PDF page 31"}, "geometry": {"type": "Polygon", "coordinates": [[[518.2, -183.0], [525.0, -183.0], [525.0, -177.2], [518.2, -177.2], [518.2, -183.0]]]}},
{"type": "Feature", "properties": {"level": "platform", "type": "elevator", "platform": "1", "source": "PCIP Phase 1 Appendix A, sheet A-021, July 2019, PDF page 31"}, "geometry": {"type": "Polygon", "coordinates": [[[317.3, -188.1], [326.0, -188.1], [326.0, -181.7], [317.3, -181.7], [317.3, -188.1]]]}},
{"type": "Feature", "properties": {"level": "platform", "type": "elevator", "platform": "1", "source": "PCIP Phase 1 Appendix A, sheet A-021, July 2019, PDF page 31"}, "geometry": {"type": "Polygon", "coordinates": [[[626.0, -188.0], [632.7, -188.0], [632.7, -182.1], [626.0, -182.1], [626.0, -188.0]]]}},
{"type": "Feature", "properties": {"level": "platform", "type": "elevator", "platform": "1", "source": "PCIP Phase 1 Appendix A, sheet A-021, July 2019, PDF page 31"}, "geometry": {"type": "Polygon", "coordinates": [[[518.2, -190.0], [525.0, -190.0], [525.0, -184.3], [518.2, -184.3], [518.2, -190.0]]]}},
{"type": "Feature", "properties": {"level": "platform", "type": "elevator", "platform": "A", "source": "PCIP Phase 1 Appendix A, sheet A-021, July 2019, PDF page 31"}, "geometry": {"type": "Polygon", "coordinates": [[[-19.7, -235.8], [-11.2, -235.8], [-11.2, -228.7], [-19.7, -228.7], [-19.7, -235.8]]]}},
{"type": "Feature", "properties": {"level": "platform", "type": "elevator", "platform": "A", "source": "PCIP Phase 1 Appendix A, sheet A-021, July 2019, PDF page 31"}, "geometry": {"type": "Polygon", "coordinates": [[[317.7, -240.0], [325.6, -240.0], [325.6, -234.0], [317.7, -234.0], [317.7, -240.0]]]}},
{"type": "Feature", "properties": {"level": "platform", "type": "elevator", "platform": "A", "source": "PCIP Phase 1 Appendix A, sheet A-021, July 2019, PDF page 31"}, "geometry": {"type": "Polygon", "coordinates": [[[517.6, -240.0], [525.5, -240.0], [525.5, -234.0], [517.6, -234.0], [517.6, -240.0]]]}},
{"type": "Feature", "properties": {"level": "platform", "type": "elevator", "platform": "A", "source": "PCIP Phase 1 Appendix A, sheet A-021, July 2019, PDF page 31"}, "geometry": {"type": "Polygon", "coordinates": [[[728.2, -240.0], [736.1, -240.0], [736.1, -234.0], [728.2, -234.0], [728.2, -240.0]]]}},
{"type": "Feature", "properties": {"level": "platform", "type": "wall", "platform": "4", "color": "#525252", "source": "PCIP Phase 1 Appendix A, sheet A-021, July 2019, PDF page 31"}, "geometry": {"type": "LineString", "coordinates": [[-78.8, -42.1], [-69.2, -42.1]]}},
{"type": "Feature", "properties": {"level": "platform", "type": "wall", "platform": "9", "color": "#525252", "source": "PCIP Phase 1 Appendix A, sheet A-021, July 2019, PDF page 31"}, "geometry": {"type": "LineString", "coordinates": [[-78.8, 185.5], [-66.5, 185.5]]}},
{"type": "Feature", "properties": {"level": "platform", "type": "wall", "platform": "9", "color": "#525252", "source": "PCIP Phase 1 Appendix A, sheet A-021, July 2019, PDF page 31"}, "geometry": {"type": "LineString", "coordinates": [[-78.2, 185.8], [-79.0, 185.8], [-79.0, 185.5], [-78.8, 185.5]]}},
{"type": "Feature", "properties": {"level": "platform", "type": "wall", "platform": "9", "color": "#525252", "source": "PCIP Phase 1 Appendix A, sheet A-021, July 2019, PDF page 31"}, "geometry": {"type": "LineString", "coordinates": [[-78.8, 185.5], [-76.9, 185.2]]}},
{"type": "Feature", "properties": {"level": "platform", "type": "wall", "platform": "8", "color": "#525252", "source": "PCIP Phase 1 Appendix A, sheet A-021, July 2019, PDF page 31"}, "geometry": {"type": "LineString", "coordinates": [[-69.2, 134.2], [-69.2, 134.2], [-78.2, 134.2]]}},
{"type": "Feature", "properties": {"level": "platform", "type": "wall", "platform": "8", "color": "#525252", "source": "PCIP Phase 1 Appendix A, sheet A-021, July 2019, PDF page 31"}, "geometry": {"type": "LineString", "coordinates": [[-78.2, 134.2], [-80.6, 134.1], [-80.6, 140.0], [-65.9, 140.1], [-65.8, 140.1]]}},
{"type": "Feature", "properties": {"level": "platform", "type": "wall", "platform": "8", "color": "#525252", "source": "PCIP Phase 1 Appendix A, sheet A-021, July 2019, PDF page 31"}, "geometry": {"type": "LineString", "coordinates": [[-78.2, 139.4], [-66.2, 139.4]]}},
{"type": "Feature", "properties": {"level": "platform", "type": "wall", "platform": "9", "color": "#525252", "source": "PCIP Phase 1 Appendix A, sheet A-021, July 2019, PDF page 31"}, "geometry": {"type": "LineString", "coordinates": [[-69.2, 180.6], [-69.3, 180.6], [-78.2, 180.6]]}},
{"type": "Feature", "properties": {"level": "platform", "type": "wall", "platform": "9", "color": "#525252", "source": "PCIP Phase 1 Appendix A, sheet A-021, July 2019, PDF page 31"}, "geometry": {"type": "LineString", "coordinates": [[-78.2, 180.6], [-80.7, 180.6], [-80.7, 186.4], [-78.2, 186.4]]}},
{"type": "Feature", "properties": {"level": "platform", "type": "wall", "platform": "9", "color": "#525252", "source": "PCIP Phase 1 Appendix A, sheet A-021, July 2019, PDF page 31"}, "geometry": {"type": "LineString", "coordinates": [[-66.4, 185.8], [-78.2, 185.8]]}},
{"type": "Feature", "properties": {"level": "platform", "type": "wall", "platform": "9", "color": "#525252", "source": "PCIP Phase 1 Appendix A, sheet A-021, July 2019, PDF page 31"}, "geometry": {"type": "LineString", "coordinates": [[-78.2, 186.4], [-66.0, 186.4]]}},
{"type": "Feature", "properties": {"level": "platform", "type": "wall", "platform": "3", "color": "#525252", "source": "PCIP Phase 1 Appendix A, sheet A-021, July 2019, PDF page 31"}, "geometry": {"type": "LineString", "coordinates": [[-67.9, -88.6], [-67.9, -87.2], [-77.8, -87.2]]}},
{"type": "Feature", "properties": {"level": "platform", "type": "wall", "platform": "4", "color": "#525252", "source": "PCIP Phase 1 Appendix A, sheet A-021, July 2019, PDF page 31"}, "geometry": {"type": "LineString", "coordinates": [[-73.3, -50.1], [-72.9, -49.8], [-72.5, -50.1]]}},
{"type": "Feature", "properties": {"level": "platform", "type": "wall", "platform": "7", "color": "#525252", "source": "PCIP Phase 1 Appendix A, sheet A-021, July 2019, PDF page 31"}, "geometry": {"type": "LineString", "coordinates": [[-62.3, 93.0], [-70.6, 92.9]]}},
{"type": "Feature", "properties": {"level": "platform", "type": "wall", "platform": "4", "color": "#525252", "source": "PCIP Phase 1 Appendix A, sheet A-021, July 2019, PDF page 31"}, "geometry": {"type": "LineString", "coordinates": [[-69.2, -42.1], [-67.9, -42.1], [-67.9, -44.1]]}},
{"type": "Feature", "properties": {"level": "platform", "type": "wall", "platform": "9", "color": "#525252", "source": "PCIP Phase 1 Appendix A, sheet A-021, July 2019, PDF page 31"}, "geometry": {"type": "LineString", "coordinates": [[-66.0, 186.4], [-66.0, 186.4], [-54.7, 186.4], [-54.7, 180.6], [-69.2, 180.6]]}},
{"type": "Feature", "properties": {"level": "platform", "type": "wall", "platform": "9", "color": "#525252", "source": "PCIP Phase 1 Appendix A, sheet A-021, July 2019, PDF page 31"}, "geometry": {"type": "LineString", "coordinates": [[-68.0, 182.8], [-69.2, 180.6]]}},
{"type": "Feature", "properties": {"level": "platform", "type": "wall", "platform": "8", "color": "#525252", "source": "PCIP Phase 1 Appendix A, sheet A-021, July 2019, PDF page 31"}, "geometry": {"type": "LineString", "coordinates": [[-65.8, 140.1], [-54.7, 140.1], [-54.7, 134.2], [-69.2, 134.2]]}},
{"type": "Feature", "properties": {"level": "platform", "type": "wall", "platform": "3", "color": "#525252", "source": "PCIP Phase 1 Appendix A, sheet A-021, July 2019, PDF page 31"}, "geometry": {"type": "LineString", "coordinates": [[-19.3, -95.4], [-19.3, -98.7], [-69.1, -98.7], [-69.1, -95.7]]}},
{"type": "Feature", "properties": {"level": "platform", "type": "wall", "platform": "5", "color": "#525252", "source": "PCIP Phase 1 Appendix A, sheet A-021, July 2019, PDF page 31"}, "geometry": {"type": "LineString", "coordinates": [[-69.0, 3.0], [-68.8, 2.7], [-68.8, 3.3]]}},
{"type": "Feature", "properties": {"level": "platform", "type": "wall", "platform": "4", "color": "#525252", "source": "PCIP Phase 1 Appendix A, sheet A-021, July 2019, PDF page 31"}, "geometry": {"type": "LineString", "coordinates": [[-68.9, -48.5], [-67.9, -48.5], [-67.9, -50.4], [-68.8, -50.4]]}},
{"type": "Feature", "properties": {"level": "platform", "type": "wall", "platform": "4", "color": "#525252", "source": "PCIP Phase 1 Appendix A, sheet A-021, July 2019, PDF page 31"}, "geometry": {"type": "LineString", "coordinates": [[-67.9, -44.9], [-67.9, -44.9], [-68.9, -44.9], [-68.9, -44.9]]}},
{"type": "Feature", "properties": {"level": "platform", "type": "wall", "platform": "5", "color": "#525252", "source": "PCIP Phase 1 Appendix A, sheet A-021, July 2019, PDF page 31"}, "geometry": {"type": "LineString", "coordinates": [[-68.9, -3.1], [-67.9, -3.1], [-67.9, -4.0]]}},
{"type": "Feature", "properties": {"level": "platform", "type": "wall", "platform": "3", "color": "#525252", "source": "PCIP Phase 1 Appendix A, sheet A-021, July 2019, PDF page 31"}, "geometry": {"type": "LineString", "coordinates": [[-68.8, -95.7], [-67.9, -95.7], [-67.9, -93.7], [-68.8, -93.7]]}},
{"type": "Feature", "properties": {"level": "platform", "type": "wall", "platform": "9", "color": "#525252", "source": "PCIP Phase 1 Appendix A, sheet A-021, July 2019, PDF page 31"}, "geometry": {"type": "LineString", "coordinates": [[-68.8, 181.2], [-55.3, 181.2], [-55.3, 185.8], [-66.0, 185.8], [-66.3, 185.8], [-66.4, 185.8]]}},
{"type": "Feature", "properties": {"level": "platform", "type": "wall", "platform": "8", "color": "#525252", "source": "PCIP Phase 1 Appendix A, sheet A-021, July 2019, PDF page 31"}, "geometry": {"type": "LineString", "coordinates": [[-68.8, 134.8], [-55.3, 134.8], [-55.3, 139.4], [-65.9, 139.4], [-66.1, 139.4], [-66.2, 139.4]]}},
{"type": "Feature", "properties": {"level": "platform", "type": "wall", "platform": "8", "color": "#525252", "source": "PCIP Phase 1 Appendix A, sheet A-021, July 2019, PDF page 31"}, "geometry": {"type": "LineString", "coordinates": [[-67.9, 136.3], [-68.8, 134.8]]}},
{"type": "Feature", "properties": {"level": "platform", "type": "wall", "platform": "5", "color": "#525252", "source": "PCIP Phase 1 Appendix A, sheet A-021, July 2019, PDF page 31"}, "geometry": {"type": "LineString", "coordinates": [[-67.9, -4.2], [-67.9, -4.9], [-68.8, -4.9]]}},
{"type": "Feature", "properties": {"level": "platform", "type": "wall", "platform": "3", "color": "#525252", "source": "PCIP Phase 1 Appendix A, sheet A-021, July 2019, PDF page 31"}, "geometry": {"type": "LineString", "coordinates": [[-67.9, -88.6], [-67.8, -88.6], [-67.8, -89.5], [-67.9, -89.5]]}},
{"type": "Feature", "properties": {"level": "platform", "type": "wall", "platform": "5", "color": "#525252", "source": "PCIP Phase 1 Appendix A, sheet A-021, July 2019, PDF page 31"}, "geometry": {"type": "LineString", "coordinates": [[-67.9, 2.9], [-67.9, 1.9]]}},
{"type": "Feature", "properties": {"level": "platform", "type": "wall", "platform": "3", "color": "#525252", "source": "PCIP Phase 1 Appendix A, sheet A-021, July 2019, PDF page 31"}, "geometry": {"type": "LineString", "coordinates": [[-67.8, -95.5], [-67.8, -93.8]]}},
{"type": "Feature", "properties": {"level": "platform", "type": "wall", "platform": "3", "color": "#525252", "source": "PCIP Phase 1 Appendix A, sheet A-021, July 2019, PDF page 31"}, "geometry": {"type": "LineString", "coordinates": [[-67.8, -88.6], [-67.7, -88.6], [-67.7, -89.5], [-67.8, -89.5]]}},
{"type": "Feature", "properties": {"level": "platform", "type": "wall", "platform": "3", "color": "#525252", "source": "PCIP Phase 1 Appendix A, sheet A-021, July 2019, PDF page 31"}, "geometry": {"type": "LineString", "coordinates": [[-67.8, -88.6], [-67.8, -86.9]]}},
{"type": "Feature", "properties": {"level": "platform", "type": "wall", "platform": "5", "color": "#525252", "source": "PCIP Phase 1 Appendix A, sheet A-021, July 2019, PDF page 31"}, "geometry": {"type": "LineString", "coordinates": [[-67.4, -4.4], [-64.8, -4.4]]}},
{"type": "Feature", "properties": {"level": "platform", "type": "wall", "platform": "5", "color": "#525252", "source": "PCIP Phase 1 Appendix A, sheet A-021, July 2019, PDF page 31"}, "geometry": {"type": "LineString", "coordinates": [[-67.4, -3.7], [-64.8, -3.7]]}},
{"type": "Feature", "properties": {"level": "platform", "type": "wall", "platform": "5", "color": "#525252", "source": "PCIP Phase 1 Appendix A, sheet A-021, July 2019, PDF page 31"}, "geometry": {"type": "LineString", "coordinates": [[-67.4, 2.7], [-64.8, 2.7]]}},
{"type": "Feature", "properties": {"level": "platform", "type": "wall", "platform": "5", "color": "#525252", "source": "PCIP Phase 1 Appendix A, sheet A-021, July 2019, PDF page 31"}, "geometry": {"type": "LineString", "coordinates": [[-67.4, 3.4], [-64.8, 3.4]]}},
{"type": "Feature", "properties": {"level": "platform", "type": "wall", "platform": "8", "color": "#525252", "source": "PCIP Phase 1 Appendix A, sheet A-021, July 2019, PDF page 31"}, "geometry": {"type": "LineString", "coordinates": [[-66.2, 139.4], [-67.2, 137.7]]}},
{"type": "Feature", "properties": {"level": "platform", "type": "wall", "platform": "9", "color": "#525252", "source": "PCIP Phase 1 Appendix A, sheet A-021, July 2019, PDF page 31"}, "geometry": {"type": "LineString", "coordinates": [[-66.5, 185.5], [-67.2, 184.2]]}},
{"type": "Feature", "properties": {"level": "platform", "type": "wall", "platform": "7", "color": "#525252", "source": "PCIP Phase 1 Appendix A, sheet A-021, July 2019, PDF page 31"}, "geometry": {"type": "LineString", "coordinates": [[-62.6, 94.3], [-62.2, 92.4]]}},
{"type": "Feature", "properties": {"level": "platform", "type": "wall", "platform": "7", "color": "#525252", "source": "PCIP Phase 1 Appendix A, sheet A-021, July 2019, PDF page 31"}, "geometry": {"type": "LineString", "coordinates": [[-62.3, 93.1], [-55.0, 93.1], [-55.0, 91.9]]}},
{"type": "Feature", "properties": {"level": "platform", "type": "wall", "platform": "7", "color": "#525252", "source": "PCIP Phase 1 Appendix A, sheet A-021, July 2019, PDF page 31"}, "geometry": {"type": "LineString", "coordinates": [[-55.0, 91.9], [-55.0, 91.6], [-55.6, 91.6], [-55.6, 92.4], [-62.2, 92.4]]}},
{"type": "Feature", "properties": {"level": "platform", "type": "wall", "platform": "7", "color": "#525252", "source": "PCIP Phase 1 Appendix A, sheet A-021, July 2019, PDF page 31"}, "geometry": {"type": "LineString", "coordinates": [[-62.2, 92.4], [-61.7, 90.4], [-60.6, 90.1]]}},
{"type": "Feature", "properties": {"level": "platform", "type": "wall", "platform": "7", "color": "#525252", "source": "PCIP Phase 1 Appendix A, sheet A-021, July 2019, PDF page 31"}, "geometry": {"type": "LineString", "coordinates": [[-60.7, 90.1], [-61.7, 89.9]]}},
{"type": "Feature", "properties": {"level": "platform", "type": "wall", "platform": "7", "color": "#525252", "source": "PCIP Phase 1 Appendix A, sheet A-021, July 2019, PDF page 31"}, "geometry": {"type": "LineString", "coordinates": [[-61.6, 89.5], [-61.3, 88.1]]}},
{"type": "Feature", "properties": {"level": "platform", "type": "wall", "platform": "7", "color": "#525252", "source": "PCIP Phase 1 Appendix A, sheet A-021, July 2019, PDF page 31"}, "geometry": {"type": "LineString", "coordinates": [[-61.3, 88.1], [-55.6, 88.1], [-55.6, 88.6], [-55.0, 88.6], [-55.0, 87.4], [-61.2, 87.4]]}},
{"type": "Feature", "properties": {"level": "platform", "type": "wall", "platform": "7", "color": "#525252", "source": "PCIP Phase 1 Appendix A, sheet A-021, July 2019, PDF page 31"}, "geometry": {"type": "LineString", "coordinates": [[-61.3, 88.1], [-61.1, 86.9]]}},
{"type": "Feature", "properties": {"level": "platform", "type": "wall", "platform": "4", "color": "#525252", "source": "PCIP Phase 1 Appendix A, sheet A-021, July 2019, PDF page 31"}, "geometry": {"type": "LineString", "coordinates": [[-58.9, -44.2], [-59.0, -43.9], [-59.1, -43.6], [-59.2, -43.4], [-59.4, -43.2], [-59.7, -43.0], [-59.9, -42.9], [-60.2, -42.9], [-60.6, -42.9], [-60.8, -43.0], [-61.1, -43.2], [-61.3, -43.4], [-61.5, -43.6], [-61.6, -43.9], [-61.6, -44.2], [-61.6, -44.5], [-61.5, -44.8], [-61.3, -45.1], [-61.1, -45.3], [-60.8, -45.4], [-60.6, -45.5], [-60.2, -45.6]]}},
{"type": "Feature", "properties": {"level": "platform", "type": "wall", "platform": "4", "color": "#525252", "source": "PCIP Phase 1 Appendix A, sheet A-021, July 2019, PDF page 31"}, "geometry": {"type": "LineString", "coordinates": [[-59.0, -44.2], [-59.0, -43.9], [-59.1, -43.7], [-59.3, -43.5], [-59.5, -43.3], [-59.7, -43.1], [-60.0, -43.0], [-60.2, -43.0], [-60.5, -43.0], [-60.8, -43.1], [-61.0, -43.3], [-61.2, -43.5], [-61.4, -43.7], [-61.5, -43.9], [-61.5, -44.2], [-61.5, -44.5], [-61.4, -44.8], [-61.2, -45.0], [-61.0, -45.2], [-60.8, -45.4], [-60.5, -45.5], [-60.2, -45.5]]}},
{"type": "Feature", "properties": {"level": "platform", "type": "wall", "platform": "7", "color": "#525252", "source": "PCIP Phase 1 Appendix A, sheet A-021, July 2019, PDF page 31"}, "geometry": {"type": "LineString", "coordinates": [[-52.0, 89.1], [-52.0, 89.6], [-52.1, 89.9], [-52.3, 90.3], [-52.4, 90.5], [-52.7, 90.9], [-52.8, 91.1], [-53.1, 91.3], [-53.4, 91.5], [-53.7, 91.6], [-54.1, 91.8], [-54.3, 91.9], [-55.0, 91.9]]}},
{"type": "Feature", "properties": {"level": "platform", "type": "enclosure", "platform": "7", "color": "#525252", "source": "PCIP Phase 1 Appendix A, sheet A-021, July 2019, PDF page 31"}, "geometry": {"type": "Polygon", "coordinates": [[[-52.0, 89.1], [-55.0, 89.0], [-55.0, 88.9], [-52.0, 88.9], [-52.0, 89.1]]]}},
{"type": "Feature", "properties": {"level": "platform", "type": "wall", "platform": "4", "color": "#525252", "source": "PCIP Phase 1 Appendix A, sheet A-021, July 2019, PDF page 31"}, "geometry": {"type": "LineString", "coordinates": [[-22.5, -43.5], [-19.3, -43.5]]}},
{"type": "Feature", "properties": {"level": "platform", "type": "wall", "platform": "4", "color": "#525252", "source": "PCIP Phase 1 Appendix A, sheet A-021, July 2019, PDF page 31"}, "geometry": {"type": "LineString", "coordinates": [[15.9, -43.8], [-19.3, -43.8]]}},
{"type": "Feature", "properties": {"level": "platform", "type": "wall", "platform": "5", "color": "#525252", "source": "PCIP Phase 1 Appendix A, sheet A-021, July 2019, PDF page 31"}, "geometry": {"type": "LineString", "coordinates": [[15.9, -2.4], [-19.3, -2.4]]}},
{"type": "Feature", "properties": {"level": "platform", "type": "wall", "platform": "5", "color": "#525252", "source": "PCIP Phase 1 Appendix A, sheet A-021, July 2019, PDF page 31"}, "geometry": {"type": "LineString", "coordinates": [[-8.3, 2.6], [-19.3, 2.6]]}},
{"type": "Feature", "properties": {"level": "platform", "type": "wall", "platform": "5", "color": "#525252", "source": "PCIP Phase 1 Appendix A, sheet A-021, July 2019, PDF page 31"}, "geometry": {"type": "LineString", "coordinates": [[-19.3, 2.7], [-8.3, 2.7]]}},
{"type": "Feature", "properties": {"level": "platform", "type": "wall", "platform": "5", "color": "#525252", "source": "PCIP Phase 1 Appendix A, sheet A-021, July 2019, PDF page 31"}, "geometry": {"type": "LineString", "coordinates": [[-19.3, 2.9], [-13.7, 2.9]]}},
{"type": "Feature", "properties": {"level": "platform", "type": "wall", "platform": "5", "color": "#525252", "source": "PCIP Phase 1 Appendix A, sheet A-021, July 2019, PDF page 31"}, "geometry": {"type": "LineString", "coordinates": [[-9.0, 3.4], [-13.7, 3.4], [-19.1, 3.4], [-19.3, 3.4]]}},
{"type": "Feature", "properties": {"level": "platform", "type": "wall", "platform": "6", "color": "#525252", "source": "PCIP Phase 1 Appendix A, sheet A-021, July 2019, PDF page 31"}, "geometry": {"type": "LineString", "coordinates": [[-9.0, 41.8], [-13.7, 41.8], [-19.2, 41.8], [-19.3, 41.8]]}},
{"type": "Feature", "properties": {"level": "platform", "type": "wall", "platform": "6", "color": "#525252", "source": "PCIP Phase 1 Appendix A, sheet A-021, July 2019, PDF page 31"}, "geometry": {"type": "LineString", "coordinates": [[-19.3, 42.3], [-13.7, 42.3]]}},
{"type": "Feature", "properties": {"level": "platform", "type": "wall", "platform": "6", "color": "#525252", "source": "PCIP Phase 1 Appendix A, sheet A-021, July 2019, PDF page 31"}, "geometry": {"type": "LineString", "coordinates": [[-19.3, 42.4], [-8.3, 42.4]]}},
{"type": "Feature", "properties": {"level": "platform", "type": "wall", "platform": "6", "color": "#525252", "source": "PCIP Phase 1 Appendix A, sheet A-021, July 2019, PDF page 31"}, "geometry": {"type": "LineString", "coordinates": [[-8.3, 42.6], [-19.3, 42.6]]}},
{"type": "Feature", "properties": {"level": "platform", "type": "wall", "platform": "6", "color": "#525252", "source": "PCIP Phase 1 Appendix A, sheet A-021, July 2019, PDF page 31"}, "geometry": {"type": "LineString", "coordinates": [[15.9, 47.7], [-19.3, 47.7]]}},
{"type": "Feature", "properties": {"level": "platform", "type": "wall", "platform": "7", "color": "#525252", "source": "PCIP Phase 1 Appendix A, sheet A-021, July 2019, PDF page 31"}, "geometry": {"type": "LineString", "coordinates": [[15.9, 86.6], [-19.3, 86.6]]}},
{"type": "Feature", "properties": {"level": "platform", "type": "wall", "platform": "7", "color": "#525252", "source": "PCIP Phase 1 Appendix A, sheet A-021, July 2019, PDF page 31"}, "geometry": {"type": "LineString", "coordinates": [[-8.3, 91.6], [-19.3, 91.6]]}},
{"type": "Feature", "properties": {"level": "platform", "type": "wall", "platform": "7", "color": "#525252", "source": "PCIP Phase 1 Appendix A, sheet A-021, July 2019, PDF page 31"}, "geometry": {"type": "LineString", "coordinates": [[-19.3, 91.7], [-8.4, 91.7]]}},
{"type": "Feature", "properties": {"level": "platform", "type": "wall", "platform": "7", "color": "#525252", "source": "PCIP Phase 1 Appendix A, sheet A-021, July 2019, PDF page 31"}, "geometry": {"type": "LineString", "coordinates": [[-19.3, 91.9], [-17.8, 91.9]]}},
{"type": "Feature", "properties": {"level": "platform", "type": "wall", "platform": "7", "color": "#525252", "source": "PCIP Phase 1 Appendix A, sheet A-021, July 2019, PDF page 31"}, "geometry": {"type": "LineString", "coordinates": [[-9.0, 92.3], [-17.8, 92.3], [-19.2, 92.3], [-19.3, 92.3]]}},
{"type": "Feature", "properties": {"level": "platform", "type": "wall", "platform": "8", "color": "#525252", "source": "PCIP Phase 1 Appendix A, sheet A-021, July 2019, PDF page 31"}, "geometry": {"type": "LineString", "coordinates": [[-9.0, 134.2], [-17.8, 134.2], [-19.2, 134.2], [-19.3, 134.2]]}},
{"type": "Feature", "properties": {"level": "platform", "type": "wall", "platform": "8", "color": "#525252", "source": "PCIP Phase 1 Appendix A, sheet A-021, July 2019, PDF page 31"}, "geometry": {"type": "LineString", "coordinates": [[-19.3, 134.7], [-17.8, 134.7]]}},
{"type": "Feature", "properties": {"level": "platform", "type": "wall", "platform": "8", "color": "#525252", "source": "PCIP Phase 1 Appendix A, sheet A-021, July 2019, PDF page 31"}, "geometry": {"type": "LineString", "coordinates": [[-19.3, 134.8], [-8.4, 134.8]]}},
{"type": "Feature", "properties": {"level": "platform", "type": "wall", "platform": "8", "color": "#525252", "source": "PCIP Phase 1 Appendix A, sheet A-021, July 2019, PDF page 31"}, "geometry": {"type": "LineString", "coordinates": [[-8.3, 134.9], [-19.3, 134.9]]}},
{"type": "Feature", "properties": {"level": "platform", "type": "wall", "platform": "8", "color": "#525252", "source": "PCIP Phase 1 Appendix A, sheet A-021, July 2019, PDF page 31"}, "geometry": {"type": "LineString", "coordinates": [[15.8, 140.0], [-19.3, 140.0]]}},
{"type": "Feature", "properties": {"level": "platform", "type": "wall", "platform": "3", "color": "#525252", "source": "PCIP Phase 1 Appendix A, sheet A-021, July 2019, PDF page 31"}, "geometry": {"type": "LineString", "coordinates": [[-19.3, -84.5], [-22.5, -85.3], [-22.5, -89.7], [-19.3, -89.7]]}},
{"type": "Feature", "properties": {"level": "platform", "type": "wall", "platform": "4", "color": "#525252", "source": "PCIP Phase 1 Appendix A, sheet A-021, July 2019, PDF page 31"}, "geometry": {"type": "LineString", "coordinates": [[-19.3, -49.6], [-19.1, -49.6], [-13.7, -49.6], [-9.0, -49.6]]}},
{"type": "Feature", "properties": {"level": "platform", "type": "wall", "platform": "4", "color": "#525252", "source": "PCIP Phase 1 Appendix A, sheet A-021, July 2019, PDF page 31"}, "geometry": {"type": "LineString", "coordinates": [[-19.3, -49.6], [-19.3, -54.4], [-22.5, -53.7], [-22.5, -49.2], [-19.3, -49.2]]}},
{"type": "Feature", "properties": {"level": "platform", "type": "wall", "platform": "4", "color": "#525252", "source": "PCIP Phase 1 Appendix A, sheet A-021, July 2019, PDF page 31"}, "geometry": {"type": "LineString", "coordinates": [[-19.3, -49.2], [-13.7, -49.2]]}},
{"type": "Feature", "properties": {"level": "platform", "type": "wall", "platform": "4", "color": "#525252", "source": "PCIP Phase 1 Appendix A, sheet A-021, July 2019, PDF page 31"}, "geometry": {"type": "LineString", "coordinates": [[-19.3, -49.0], [-8.3, -49.0]]}},
{"type": "Feature", "properties": {"level": "platform", "type": "wall", "platform": "4", "color": "#525252", "source": "PCIP Phase 1 Appendix A, sheet A-021, July 2019, PDF page 31"}, "geometry": {"type": "LineString", "coordinates": [[-8.2, -48.9], [-19.3, -48.9]]}},
{"type": "Feature", "properties": {"level": "platform", "type": "wall", "platform": "8", "color": "#525252", "source": "PCIP Phase 1 Appendix A, sheet A-021, July 2019, PDF page 31"}, "geometry": {"type": "LineString", "coordinates": [[-8.7, 134.4], [-8.8, 134.4], [-19.3, 134.4]]}},
{"type": "Feature", "properties": {"level": "platform", "type": "wall", "platform": "4", "color": "#525252", "source": "PCIP Phase 1 Appendix A, sheet A-021, July 2019, PDF page 31"}, "geometry": {"type": "LineString", "coordinates": [[-8.7, -49.4], [-19.2, -49.4]]}},
{"type": "Feature", "properties": {"level": "platform", "type": "wall", "platform": "4", "color": "#525252", "source": "PCIP Phase 1 Appendix A, sheet A-021, July 2019, PDF page 31"}, "geometry": {"type": "LineString", "coordinates": [[-8.6, -49.3], [-19.2, -49.3]]}},
{"type": "Feature", "properties": {"level": "platform", "type": "wall", "platform": "4", "color": "#525252", "source": "PCIP Phase 1 Appendix A, sheet A-021, July 2019, PDF page 31"}, "geometry": {"type": "LineString", "coordinates": [[-19.2, -43.2], [-19.1, -43.2], [-18.6, -43.2], [-16.5, -43.2], [-16.0, -43.2], [-15.9, -43.2], [-15.9, -43.2], [-15.4, -43.2], [-12.6, -43.2], [-12.2, -43.2], [-12.1, -43.2], [-12.0, -43.2], [-11.6, -43.2]]}},
{"type": "Feature", "properties": {"level": "platform", "type": "wall", "platform": "5", "color": "#525252", "source": "PCIP Phase 1 Appendix A, sheet A-021, July 2019, PDF page 31"}, "geometry": {"type": "LineString", "coordinates": [[-19.2, -3.1], [-19.1, -3.1], [-18.6, -3.1], [-16.5, -3.1], [-16.0, -3.1]]}},
{"type": "Feature", "properties": {"level": "platform", "type": "wall", "platform": "5", "color": "#525252", "source": "PCIP Phase 1 Appendix A, sheet A-021, July 2019, PDF page 31"}, "geometry": {"type": "LineString", "coordinates": [[-8.7, 3.1], [-19.2, 3.1]]}},
{"type": "Feature", "properties": {"level": "platform", "type": "wall", "platform": "6", "color": "#525252", "source": "PCIP Phase 1 Appendix A, sheet A-021, July 2019, PDF page 31"}, "geometry": {"type": "LineString", "coordinates": [[-9.2, 41.7], [-19.2, 41.7]]}},
{"type": "Feature", "properties": {"level": "platform", "type": "wall", "platform": "6", "color": "#525252", "source": "PCIP Phase 1 Appendix A, sheet A-021, July 2019, PDF page 31"}, "geometry": {"type": "LineString", "coordinates": [[-8.7, 42.0], [-19.2, 42.0]]}},
{"type": "Feature", "properties": {"level": "platform", "type": "wall", "platform": "6", "color": "#525252", "source": "PCIP Phase 1 Appendix A, sheet A-021, July 2019, PDF page 31"}, "geometry": {"type": "LineString", "coordinates": [[-8.7, 42.1], [-19.2, 42.1]]}},
{"type": "Feature", "properties": {"level": "platform", "type": "wall", "platform": "6", "color": "#525252", "source": "PCIP Phase 1 Appendix A, sheet A-021, July 2019, PDF page 31"}, "geometry": {"type": "LineString", "coordinates": [[-19.2, 47.8], [15.9, 47.8]]}},
{"type": "Feature", "properties": {"level": "platform", "type": "wall", "platform": "6", "color": "#525252", "source": "PCIP Phase 1 Appendix A, sheet A-021, July 2019, PDF page 31"}, "geometry": {"type": "LineString", "coordinates": [[-19.2, 48.2], [-19.1, 48.2], [-18.7, 48.2], [-16.5, 48.2], [-16.0, 48.2]]}},
{"type": "Feature", "properties": {"level": "platform", "type": "wall", "platform": "6", "color": "#525252", "source": "PCIP Phase 1 Appendix A, sheet A-021, July 2019, PDF page 31"}, "geometry": {"type": "LineString", "coordinates": [[-19.2, 48.3], [-19.1, 48.3], [-18.7, 48.3], [-16.5, 48.3], [-16.0, 48.3]]}},
{"type": "Feature", "properties": {"level": "platform", "type": "wall", "platform": "7", "color": "#525252", "source": "PCIP Phase 1 Appendix A, sheet A-021, July 2019, PDF page 31"}, "geometry": {"type": "LineString", "coordinates": [[-19.2, 86.0], [-19.1, 86.0], [-18.7, 86.0], [-16.5, 86.0], [-16.2, 86.0], [-16.0, 86.0]]}},
{"type": "Feature", "properties": {"level": "platform", "type": "wall", "platform": "7", "color": "#525252", "source": "PCIP Phase 1 Appendix A, sheet A-021, July 2019, PDF page 31"}, "geometry": {"type": "LineString", "coordinates": [[-8.7, 92.2], [-8.8, 92.2], [-19.2, 92.2]]}},
{"type": "Feature", "properties": {"level": "platform", "type": "wall", "platform": "7", "color": "#525252", "source": "PCIP Phase 1 Appendix A, sheet A-021, July 2019, PDF page 31"}, "geometry": {"type": "LineString", "coordinates": [[-9.2, 92.6], [-19.2, 92.6]]}},
{"type": "Feature", "properties": {"level": "platform", "type": "wall", "platform": "8", "color": "#525252", "source": "PCIP Phase 1 Appendix A, sheet A-021, July 2019, PDF page 31"}, "geometry": {"type": "LineString", "coordinates": [[-9.2, 134.1], [-19.2, 134.1]]}},
{"type": "Feature", "properties": {"level": "platform", "type": "wall", "platform": "8", "color": "#525252", "source": "PCIP Phase 1 Appendix A, sheet A-021, July 2019, PDF page 31"}, "geometry": {"type": "LineString", "coordinates": [[-19.2, 140.6], [-19.1, 140.6], [-18.7, 140.6], [-16.5, 140.6], [-16.2, 140.6], [-16.0, 140.6]]}},
{"type": "Feature", "properties": {"level": "platform", "type": "wall", "platform": "3", "color": "#525252", "source": "PCIP Phase 1 Appendix A, sheet A-021, July 2019, PDF page 31"}, "geometry": {"type": "LineString", "coordinates": [[-19.1, -95.8], [-18.6, -95.8], [-16.5, -95.8], [-16.0, -95.8]]}},
{"type": "Feature", "properties": {"level": "platform", "type": "wall", "platform": "3", "color": "#525252", "source": "PCIP Phase 1 Appendix A, sheet A-021, July 2019, PDF page 31"}, "geometry": {"type": "LineString", "coordinates": [[-19.1, -95.7], [-18.6, -95.7], [-16.5, -95.7], [-16.0, -95.7], [-15.9, -95.7]]}},
{"type": "Feature", "properties": {"level": "platform", "type": "wall", "platform": "4", "color": "#525252", "source": "PCIP Phase 1 Appendix A, sheet A-021, July 2019, PDF page 31"}, "geometry": {"type": "LineString", "coordinates": [[-9.0, -49.8], [-19.1, -49.8]]}},
{"type": "Feature", "properties": {"level": "platform", "type": "wall", "platform": "4", "color": "#525252", "source": "PCIP Phase 1 Appendix A, sheet A-021, July 2019, PDF page 31"}, "geometry": {"type": "LineString", "coordinates": [[-19.1, -43.1], [-18.6, -43.1], [-16.5, -43.1], [-16.0, -43.1]]}},
{"type": "Feature", "properties": {"level": "platform", "type": "wall", "platform": "5", "color": "#525252", "source": "PCIP Phase 1 Appendix A, sheet A-021, July 2019, PDF page 31"}, "geometry": {"type": "LineString", "coordinates": [[-16.0, -3.2], [-16.5, -3.2], [-18.6, -3.2], [-19.1, -3.2]]}},
{"type": "Feature", "properties": {"level": "platform", "type": "wall", "platform": "5", "color": "#525252", "source": "PCIP Phase 1 Appendix A, sheet A-021, July 2019, PDF page 31"}, "geometry": {"type": "LineString", "coordinates": [[-19.1, -3.0], [-18.6, -3.0], [-16.5, -3.0], [-16.0, -3.0]]}},
{"type": "Feature", "properties": {"level": "platform", "type": "wall", "platform": "5", "color": "#525252", "source": "PCIP Phase 1 Appendix A, sheet A-021, July 2019, PDF page 31"}, "geometry": {"type": "LineString", "coordinates": [[-9.0, 3.5], [-19.1, 3.5]]}},
{"type": "Feature", "properties": {"level": "platform", "type": "wall", "platform": "6", "color": "#525252", "source": "PCIP Phase 1 Appendix A, sheet A-021, July 2019, PDF page 31"}, "geometry": {"type": "LineString", "coordinates": [[-16.0, 47.9], [-19.1, 47.9]]}},
{"type": "Feature", "properties": {"level": "platform", "type": "wall", "platform": "6", "color": "#525252", "source": "PCIP Phase 1 Appendix A, sheet A-021, July 2019, PDF page 31"}, "geometry": {"type": "LineString", "coordinates": [[-16.0, 48.4], [-16.5, 48.4], [-18.7, 48.4], [-19.1, 48.4]]}},
{"type": "Feature", "properties": {"level": "platform", "type": "wall", "platform": "7", "color": "#525252", "source": "PCIP Phase 1 Appendix A, sheet A-021, July 2019, PDF page 31"}, "geometry": {"type": "LineString", "coordinates": [[-16.2, 85.8], [-16.5, 85.8], [-18.7, 85.8], [-19.1, 85.8]]}},
{"type": "Feature", "properties": {"level": "platform", "type": "wall", "platform": "7", "color": "#525252", "source": "PCIP Phase 1 Appendix A, sheet A-021, July 2019, PDF page 31"}, "geometry": {"type": "LineString", "coordinates": [[-19.1, 86.1], [-18.7, 86.1], [-16.5, 86.1], [-16.2, 86.1]]}},
{"type": "Feature", "properties": {"level": "platform", "type": "wall", "platform": "8", "color": "#525252", "source": "PCIP Phase 1 Appendix A, sheet A-021, July 2019, PDF page 31"}, "geometry": {"type": "LineString", "coordinates": [[-16.2, 140.8], [-16.5, 140.8], [-18.7, 140.8], [-19.1, 140.8]]}},
{"type": "Feature", "properties": {"level": "platform", "type": "wall", "platform": "5", "color": "#525252", "source": "PCIP Phase 1 Appendix A, sheet A-021, July 2019, PDF page 31"}, "geometry": {"type": "LineString", "coordinates": [[-15.9, -3.1], [-15.9, -3.1], [-15.4, -3.1], [-12.6, -3.1], [-12.2, -3.1]]}},
{"type": "Feature", "properties": {"level": "platform", "type": "wall", "platform": "6", "color": "#525252", "source": "PCIP Phase 1 Appendix A, sheet A-021, July 2019, PDF page 31"}, "geometry": {"type": "LineString", "coordinates": [[-15.9, 48.2], [-15.9, 48.2], [-15.5, 48.2], [-12.6, 48.2], [-12.2, 48.2]]}},
{"type": "Feature", "properties": {"level": "platform", "type": "wall", "platform": "6", "color": "#525252", "source": "PCIP Phase 1 Appendix A, sheet A-021, July 2019, PDF page 31"}, "geometry": {"type": "LineString", "coordinates": [[-15.9, 48.3], [-15.9, 48.3], [-15.5, 48.3], [-12.6, 48.3], [-12.2, 48.3]]}},
{"type": "Feature", "properties": {"level": "platform", "type": "wall", "platform": "7", "color": "#525252", "source": "PCIP Phase 1 Appendix A, sheet A-021, July 2019, PDF page 31"}, "geometry": {"type": "LineString", "coordinates": [[-15.9, 86.0], [-15.9, 86.0], [-15.5, 86.0], [-12.6, 86.0], [-12.3, 86.0], [-12.2, 86.0]]}},
{"type": "Feature", "properties": {"level": "platform", "type": "wall", "platform": "8", "color": "#525252", "source": "PCIP Phase 1 Appendix A, sheet A-021, July 2019, PDF page 31"}, "geometry": {"type": "LineString", "coordinates": [[-15.9, 140.6], [-15.9, 140.6], [-15.5, 140.6], [-12.6, 140.6], [-12.3, 140.6], [-12.2, 140.6]]}},
{"type": "Feature", "properties": {"level": "platform", "type": "wall", "platform": "3", "color": "#525252", "source": "PCIP Phase 1 Appendix A, sheet A-021, July 2019, PDF page 31"}, "geometry": {"type": "LineString", "coordinates": [[-15.9, -95.8], [-15.4, -95.8], [-12.6, -95.8], [-12.2, -95.8]]}},
{"type": "Feature", "properties": {"level": "platform", "type": "wall", "platform": "3", "color": "#525252", "source": "PCIP Phase 1 Appendix A, sheet A-021, July 2019, PDF page 31"}, "geometry": {"type": "LineString", "coordinates": [[-15.9, -95.7], [-15.4, -95.7], [-12.6, -95.7], [-12.2, -95.7], [-12.1, -95.7]]}},
{"type": "Feature", "properties": {"level": "platform", "type": "wall", "platform": "4", "color": "#525252", "source": "PCIP Phase 1 Appendix A, sheet A-021, July 2019, PDF page 31"}, "geometry": {"type": "LineString", "coordinates": [[-15.9, -43.7], [-15.9, -43.5], [-14.9, -43.5]]}},
{"type": "Feature", "properties": {"level": "platform", "type": "wall", "platform": "4", "color": "#525252", "source": "PCIP Phase 1 Appendix A, sheet A-021, July 2019, PDF page 31"}, "geometry": {"type": "LineString", "coordinates": [[-15.9, -43.1], [-15.4, -43.1], [-12.6, -43.1], [-12.2, -43.1]]}},
{"type": "Feature", "properties": {"level": "platform", "type": "wall", "platform": "5", "color": "#525252", "source": "PCIP Phase 1 Appendix A, sheet A-021, July 2019, PDF page 31"}, "geometry": {"type": "LineString", "coordinates": [[-12.2, -3.2], [-12.6, -3.2], [-15.4, -3.2], [-15.9, -3.2]]}},
{"type": "Feature", "properties": {"level": "platform", "type": "wall", "platform": "5", "color": "#525252", "source": "PCIP Phase 1 Appendix A, sheet A-021, July 2019, PDF page 31"}, "geometry": {"type": "LineString", "coordinates": [[-15.9, -3.0], [-15.4, -3.0], [-12.6, -3.0], [-12.2, -3.0]]}},
{"type": "Feature", "properties": {"level": "platform", "type": "wall", "platform": "5", "color": "#525252", "source": "PCIP Phase 1 Appendix A, sheet A-021, July 2019, PDF page 31"}, "geometry": {"type": "LineString", "coordinates": [[-15.9, -2.6], [-15.9, -2.7], [-14.9, -2.7]]}},
{"type": "Feature", "properties": {"level": "platform", "type": "wall", "platform": "6", "color": "#525252", "source": "PCIP Phase 1 Appendix A, sheet A-021, July 2019, PDF page 31"}, "geometry": {"type": "LineString", "coordinates": [[-12.2, 48.4], [-12.6, 48.4], [-15.5, 48.4], [-15.9, 48.4]]}},
{"type": "Feature", "properties": {"level": "platform", "type": "wall", "platform": "7", "color": "#525252", "source": "PCIP Phase 1 Appendix A, sheet A-021, July 2019, PDF page 31"}, "geometry": {"type": "LineString", "coordinates": [[-12.3, 85.8], [-12.6, 85.8], [-15.5, 85.8], [-15.9, 85.8]]}},
{"type": "Feature", "properties": {"level": "platform", "type": "wall", "platform": "7", "color": "#525252", "source": "PCIP Phase 1 Appendix A, sheet A-021, July 2019, PDF page 31"}, "geometry": {"type": "LineString", "coordinates": [[-15.9, 86.1], [-15.5, 86.1], [-12.6, 86.1], [-12.3, 86.1]]}},
{"type": "Feature", "properties": {"level": "platform", "type": "wall", "platform": "7", "color": "#525252", "source": "PCIP Phase 1 Appendix A, sheet A-021, July 2019, PDF page 31"}, "geometry": {"type": "LineString", "coordinates": [[-15.9, 86.5], [-15.9, 86.2], [-15.0, 86.2]]}},
{"type": "Feature", "properties": {"level": "platform", "type": "wall", "platform": "8", "color": "#525252", "source": "PCIP Phase 1 Appendix A, sheet A-021, July 2019, PDF page 31"}, "geometry": {"type": "LineString", "coordinates": [[-15.9, 140.1], [-15.9, 140.3], [-15.0, 140.3]]}},
{"type": "Feature", "properties": {"level": "platform", "type": "wall", "platform": "8", "color": "#525252", "source": "PCIP Phase 1 Appendix A, sheet A-021, July 2019, PDF page 31"}, "geometry": {"type": "LineString", "coordinates": [[-12.3, 140.8], [-12.6, 140.8], [-15.5, 140.8], [-15.9, 140.8]]}},
{"type": "Feature", "properties": {"level": "platform", "type": "wall", "platform": "5", "color": "#525252", "source": "PCIP Phase 1 Appendix A, sheet A-021, July 2019, PDF page 31"}, "geometry": {"type": "LineString", "coordinates": [[-12.1, -3.1], [-12.0, -3.1], [-11.6, -3.1], [-9.6, -3.1], [-9.2, -3.1]]}},
{"type": "Feature", "properties": {"level": "platform", "type": "wall", "platform": "6", "color": "#525252", "source": "PCIP Phase 1 Appendix A, sheet A-021, July 2019, PDF page 31"}, "geometry": {"type": "LineString", "coordinates": [[-12.1, 48.2], [-12.0, 48.2], [-11.7, 48.2], [-9.6, 48.2], [-9.2, 48.2]]}},
{"type": "Feature", "properties": {"level": "platform", "type": "wall", "platform": "6", "color": "#525252", "source": "PCIP Phase 1 Appendix A, sheet A-021, July 2019, PDF page 31"}, "geometry": {"type": "LineString", "coordinates": [[-12.1, 48.3], [-12.0, 48.3], [-11.7, 48.3], [-9.6, 48.3], [-9.2, 48.3]]}},
{"type": "Feature", "properties": {"level": "platform", "type": "wall", "platform": "7", "color": "#525252", "source": "PCIP Phase 1 Appendix A, sheet A-021, July 2019, PDF page 31"}, "geometry": {"type": "LineString", "coordinates": [[-12.1, 86.0], [-12.0, 86.0], [-11.7, 86.0], [-9.6, 86.0], [-9.3, 86.0], [-9.2, 86.0]]}},
{"type": "Feature", "properties": {"level": "platform", "type": "wall", "platform": "8", "color": "#525252", "source": "PCIP Phase 1 Appendix A, sheet A-021, July 2019, PDF page 31"}, "geometry": {"type": "LineString", "coordinates": [[-12.1, 140.6], [-12.0, 140.6], [-11.7, 140.6], [-9.7, 140.6], [-9.6, 140.6], [-9.3, 140.6], [-9.2, 140.6]]}},
{"type": "Feature", "properties": {"level": "platform", "type": "wall", "platform": "3", "color": "#525252", "source": "PCIP Phase 1 Appendix A, sheet A-021, July 2019, PDF page 31"}, "geometry": {"type": "LineString", "coordinates": [[-12.0, -95.8], [-11.6, -95.8], [-9.6, -95.8], [-9.2, -95.8]]}},
{"type": "Feature", "properties": {"level": "platform", "type": "wall", "platform": "3", "color": "#525252", "source": "PCIP Phase 1 Appendix A, sheet A-021, July 2019, PDF page 31"}, "geometry": {"type": "LineString", "coordinates": [[-12.0, -95.7], [-11.6, -95.7], [-9.6, -95.7], [-9.2, -95.7]]}},
{"type": "Feature", "properties": {"level": "platform", "type": "wall", "platform": "4", "color": "#525252", "source": "PCIP Phase 1 Appendix A, sheet A-021, July 2019, PDF page 31"}, "geometry": {"type": "LineString", "coordinates": [[-12.0, -43.1], [-11.6, -43.1], [-9.6, -43.1], [-9.2, -43.1], [-11.6, -43.2]]}},
{"type": "Feature", "properties": {"level": "platform", "type": "wall", "platform": "5", "color": "#525252", "source": "PCIP Phase 1 Appendix A, sheet A-021, July 2019, PDF page 31"}, "geometry": {"type": "LineString", "coordinates": [[-9.2, -3.2], [-9.6, -3.2], [-11.6, -3.2], [-12.0, -3.2]]}},
{"type": "Feature", "properties": {"level": "platform", "type": "wall", "platform": "5", "color": "#525252", "source": "PCIP Phase 1 Appendix A, sheet A-021, July 2019, PDF page 31"}, "geometry": {"type": "LineString", "coordinates": [[-12.0, -3.0], [-11.6, -3.0], [-9.6, -3.0], [-9.2, -3.0]]}},
{"type": "Feature", "properties": {"level": "platform", "type": "wall", "platform": "6", "color": "#525252", "source": "PCIP Phase 1 Appendix A, sheet A-021, July 2019, PDF page 31"}, "geometry": {"type": "LineString", "coordinates": [[-9.2, 48.4], [-9.6, 48.4], [-11.7, 48.4], [-12.0, 48.4]]}},
{"type": "Feature", "properties": {"level": "platform", "type": "wall", "platform": "7", "color": "#525252", "source": "PCIP Phase 1 Appendix A, sheet A-021, July 2019, PDF page 31"}, "geometry": {"type": "LineString", "coordinates": [[-9.3, 85.8], [-9.6, 85.8], [-11.7, 85.8], [-12.0, 85.8]]}},
{"type": "Feature", "properties": {"level": "platform", "type": "wall", "platform": "7", "color": "#525252", "source": "PCIP Phase 1 Appendix A, sheet A-021, July 2019, PDF page 31"}, "geometry": {"type": "LineString", "coordinates": [[-12.0, 86.1], [-11.7, 86.1], [-9.6, 86.1], [-9.3, 86.1]]}},
{"type": "Feature", "properties": {"level": "platform", "type": "wall", "platform": "8", "color": "#525252", "source": "PCIP Phase 1 Appendix A, sheet A-021, July 2019, PDF page 31"}, "geometry": {"type": "LineString", "coordinates": [[-9.3, 140.8], [-9.6, 140.8], [-11.7, 140.8], [-12.0, 140.8]]}},
{"type": "Feature", "properties": {"level": "platform", "type": "wall", "platform": "4", "color": "#525252", "source": "PCIP Phase 1 Appendix A, sheet A-021, July 2019, PDF page 31"}, "geometry": {"type": "LineString", "coordinates": [[-11.6, -43.2], [-9.6, -43.2], [-9.2, -43.2]]}},
{"type": "Feature", "properties": {"level": "platform", "type": "wall", "platform": "3", "color": "#525252", "source": "PCIP Phase 1 Appendix A, sheet A-021, July 2019, PDF page 31"}, "geometry": {"type": "LineString", "coordinates": [[-9.0, -89.2], [-9.0, -82.5], [-8.9, -82.5]]}},
{"type": "Feature", "properties": {"level": "platform", "type": "wall", "platform": "3", "color": "#525252", "source": "PCIP Phase 1 Appendix A, sheet A-021, July 2019, PDF page 31"}, "geometry": {"type": "LineString", "coordinates": [[-8.9, -89.3], [-8.9, -84.6], [-8.9, -82.6]]}},
{"type": "Feature", "properties": {"level": "platform", "type": "enclosure", "platform": "7", "color": "#525252", "source": "PCIP Phase 1 Appendix A, sheet A-021, July 2019, PDF page 31"}, "geometry": {"type": "Polygon", "coordinates": [[[-8.9, 86.0], [-8.5, 86.0], [-8.5, 86.2], [-8.9, 86.2], [-8.9, 86.0]]]}},
{"type": "Feature", "properties": {"level": "platform", "type": "wall", "platform": "3", "color": "#525252", "source": "PCIP Phase 1 Appendix A, sheet A-021, July 2019, PDF page 31"}, "geometry": {"type": "LineString", "coordinates": [[-8.6, -89.6], [-8.6, -82.7], [-8.7, -82.7], [-8.7, -89.6]]}},
{"type": "Feature", "properties": {"level": "platform", "type": "wall", "platform": "3", "color": "#525252", "source": "PCIP Phase 1 Appendix A, sheet A-021, July 2019, PDF page 31"}, "geometry": {"type": "LineString", "coordinates": [[-8.5, -89.7], [-8.5, -82.5]]}},
{"type": "Feature", "properties": {"level": "platform", "type": "wall", "platform": "3", "color": "#525252", "source": "PCIP Phase 1 Appendix A, sheet A-021, July 2019, PDF page 31"}, "geometry": {"type": "LineString", "coordinates": [[-8.3, -90.0], [-8.3, -82.5], [-8.5, -82.5]]}},
{"type": "Feature", "properties": {"level": "platform", "type": "wall", "platform": "4", "color": "#525252", "source": "PCIP Phase 1 Appendix A, sheet A-021, July 2019, PDF page 31"}, "geometry": {"type": "LineString", "coordinates": [[-8.3, -43.7], [-3.2, -43.7]]}},
{"type": "Feature", "properties": {"level": "platform", "type": "wall", "platform": "4", "color": "#525252", "source": "PCIP Phase 1 Appendix A, sheet A-021, July 2019, PDF page 31"}, "geometry": {"type": "LineString", "coordinates": [[-8.3, -43.2], [-8.2, -43.2], [-7.8, -43.2], [-3.7, -43.2], [-3.2, -43.2], [-3.2, -43.2], [-3.1, -43.2], [-2.6, -43.2], [1.4, -43.2], [1.9, -43.2], [2.0, -43.2]]}},
{"type": "Feature", "properties": {"level": "platform", "type": "wall", "platform": "4", "color": "#525252", "source": "PCIP Phase 1 Appendix A, sheet A-021, July 2019, PDF page 31"}, "geometry": {"type": "LineString", "coordinates": [[-8.3, -43.1], [-8.2, -43.1], [-7.8, -43.1], [-3.7, -43.1], [-3.2, -43.1], [-3.2, -43.1], [-3.1, -43.1], [-2.6, -43.1], [1.4, -43.1], [1.9, -43.1], [2.0, -43.1]]}},
{"type": "Feature", "properties": {"level": "platform", "type": "wall", "platform": "5", "color": "#525252", "source": "PCIP Phase 1 Appendix A, sheet A-021, July 2019, PDF page 31"}, "geometry": {"type": "LineString", "coordinates": [[-8.3, -3.1], [-8.2, -3.1], [-7.8, -3.1], [-3.7, -3.1], [-3.2, -3.1]]}},
{"type": "Feature", "properties": {"level": "platform", "type": "wall", "platform": "5", "color": "#525252", "source": "PCIP Phase 1 Appendix A, sheet A-021, July 2019, PDF page 31"}, "geometry": {"type": "LineString", "coordinates": [[-8.3, -2.6], [-3.2, -2.6]]}},
{"type": "Feature", "properties": {"level": "platform", "type": "wall", "platform": "6", "color": "#525252", "source": "PCIP Phase 1 Appendix A, sheet A-021, July 2019, PDF page 31"}, "geometry": {"type": "LineString", "coordinates": [[-8.3, 48.2], [-8.2, 48.2], [-7.9, 48.2], [-3.7, 48.2], [-3.2, 48.2]]}},
{"type": "Feature", "properties": {"level": "platform", "type": "wall", "platform": "6", "color": "#525252", "source": "PCIP Phase 1 Appendix A, sheet A-021, July 2019, PDF page 31"}, "geometry": {"type": "LineString", "coordinates": [[-8.3, 48.3], [-8.2, 48.3], [-7.9, 48.3], [-3.7, 48.3], [-3.2, 48.3]]}},
{"type": "Feature", "properties": {"level": "platform", "type": "wall", "platform": "7", "color": "#525252", "source": "PCIP Phase 1 Appendix A, sheet A-021, July 2019, PDF page 31"}, "geometry": {"type": "LineString", "coordinates": [[-8.3, 86.0], [-8.2, 86.0], [-7.9, 86.0], [-3.7, 86.0], [-3.3, 86.0], [-3.2, 86.0]]}},
{"type": "Feature", "properties": {"level": "platform", "type": "wall", "platform": "7", "color": "#525252", "source": "PCIP Phase 1 Appendix A, sheet A-021, July 2019, PDF page 31"}, "geometry": {"type": "LineString", "coordinates": [[-8.3, 86.5], [-3.2, 86.5]]}},
{"type": "Feature", "properties": {"level": "platform", "type": "wall", "platform": "8", "color": "#525252", "source": "PCIP Phase 1 Appendix A, sheet A-021, July 2019, PDF page 31"}, "geometry": {"type": "LineString", "coordinates": [[-8.3, 140.1], [-3.2, 140.1]]}},
{"type": "Feature", "properties": {"level": "platform", "type": "wall", "platform": "8", "color": "#525252", "source": "PCIP Phase 1 Appendix A, sheet A-021, July 2019, PDF page 31"}, "geometry": {"type": "LineString", "coordinates": [[-8.3, 140.6], [-8.2, 140.6], [-7.9, 140.6], [-3.7, 140.6], [-3.3, 140.6], [-3.2, 140.6]]}},
{"type": "Feature", "properties": {"level": "platform", "type": "wall", "platform": "3", "color": "#525252", "source": "PCIP Phase 1 Appendix A, sheet A-021, July 2019, PDF page 31"}, "geometry": {"type": "LineString", "coordinates": [[-8.2, -95.8], [-7.8, -95.8], [-3.6, -95.8], [-3.2, -95.8]]}},
{"type": "Feature", "properties": {"level": "platform", "type": "wall", "platform": "3", "color": "#525252", "source": "PCIP Phase 1 Appendix A, sheet A-021, July 2019, PDF page 31"}, "geometry": {"type": "LineString", "coordinates": [[-8.2, -95.7], [-7.8, -95.7], [-3.6, -95.7], [-3.2, -95.7], [-3.2, -95.7]]}},
{"type": "Feature", "properties": {"level": "platform", "type": "wall", "platform": "3", "color": "#525252", "source": "PCIP Phase 1 Appendix A, sheet A-021, July 2019, PDF page 31"}, "geometry": {"type": "LineString", "coordinates": [[-8.2, -90.1], [-8.2, -82.4]]}},
{"type": "Feature", "properties": {"level": "platform", "type": "wall", "platform": "4", "color": "#525252", "source": "PCIP Phase 1 Appendix A, sheet A-021, July 2019, PDF page 31"}, "geometry": {"type": "LineString", "coordinates": [[-3.2, -43.5], [-8.2, -43.5]]}},
{"type": "Feature", "properties": {"level": "platform", "type": "wall", "platform": "5", "color": "#525252", "source": "PCIP Phase 1 Appendix A, sheet A-021, July 2019, PDF page 31"}, "geometry": {"type": "LineString", "coordinates": [[-3.2, -3.2], [-3.7, -3.2], [-7.8, -3.2], [-8.2, -3.2]]}},
{"type": "Feature", "properties": {"level": "platform", "type": "wall", "platform": "5", "color": "#525252", "source": "PCIP Phase 1 Appendix A, sheet A-021, July 2019, PDF page 31"}, "geometry": {"type": "LineString", "coordinates": [[-8.2, -3.0], [-7.8, -3.0], [-3.7, -3.0], [-3.2, -3.0]]}},
{"type": "Feature", "properties": {"level": "platform", "type": "wall", "platform": "5", "color": "#525252", "source": "PCIP Phase 1 Appendix A, sheet A-021, July 2019, PDF page 31"}, "geometry": {"type": "LineString", "coordinates": [[-3.2, -2.7], [-8.2, -2.7]]}},
{"type": "Feature", "properties": {"level": "platform", "type": "wall", "platform": "6", "color": "#525252", "source": "PCIP Phase 1 Appendix A, sheet A-021, July 2019, PDF page 31"}, "geometry": {"type": "LineString", "coordinates": [[-3.2, 48.4], [-3.7, 48.4], [-7.9, 48.4], [-8.2, 48.4]]}},
{"type": "Feature", "properties": {"level": "platform", "type": "wall", "platform": "7", "color": "#525252", "source": "PCIP Phase 1 Appendix A, sheet A-021, July 2019, PDF page 31"}, "geometry": {"type": "LineString", "coordinates": [[-3.3, 85.8], [-3.7, 85.8], [-7.9, 85.8], [-8.2, 85.8]]}},
{"type": "Feature", "properties": {"level": "platform", "type": "wall", "platform": "7", "color": "#525252", "source": "PCIP Phase 1 Appendix A, sheet A-021, July 2019, PDF page 31"}, "geometry": {"type": "LineString", "coordinates": [[-8.2, 86.1], [-7.9, 86.1], [-3.7, 86.1], [-3.3, 86.1]]}},
{"type": "Feature", "properties": {"level": "platform", "type": "wall", "platform": "7", "color": "#525252", "source": "PCIP Phase 1 Appendix A, sheet A-021, July 2019, PDF page 31"}, "geometry": {"type": "LineString", "coordinates": [[-3.3, 86.2], [-8.2, 86.2]]}},
{"type": "Feature", "properties": {"level": "platform", "type": "wall", "platform": "8", "color": "#525252", "source": "PCIP Phase 1 Appendix A, sheet A-021, July 2019, PDF page 31"}, "geometry": {"type": "LineString", "coordinates": [[-3.3, 140.3], [-8.2, 140.3]]}},
{"type": "Feature", "properties": {"level": "platform", "type": "wall", "platform": "8", "color": "#525252", "source": "PCIP Phase 1 Appendix A, sheet A-021, July 2019, PDF page 31"}, "geometry": {"type": "LineString", "coordinates": [[-3.3, 140.8], [-3.7, 140.8], [-7.9, 140.8], [-8.2, 140.8]]}},
{"type": "Feature", "properties": {"level": "platform", "type": "wall", "platform": "3", "color": "#525252", "source": "PCIP Phase 1 Appendix A, sheet A-021, July 2019, PDF page 31"}, "geometry": {"type": "LineString", "coordinates": [[-3.2, -82.4], [-3.2, -90.9]]}},
{"type": "Feature", "properties": {"level": "platform", "type": "wall", "platform": "4", "color": "#525252", "source": "PCIP Phase 1 Appendix A, sheet A-021, July 2019, PDF page 31"}, "geometry": {"type": "LineString", "coordinates": [[-3.2, -43.7], [2.0, -43.7]]}},
{"type": "Feature", "properties": {"level": "platform", "type": "wall", "platform": "5", "color": "#525252", "source": "PCIP Phase 1 Appendix A, sheet A-021, July 2019, PDF page 31"}, "geometry": {"type": "LineString", "coordinates": [[1.9, -3.1], [1.4, -3.1], [-2.6, -3.1], [-3.1, -3.1], [-3.2, -3.1]]}},
{"type": "Feature", "properties": {"level": "platform", "type": "wall", "platform": "5", "color": "#525252", "source": "PCIP Phase 1 Appendix A, sheet A-021, July 2019, PDF page 31"}, "geometry": {"type": "LineString", "coordinates": [[-3.2, -2.6], [2.0, -2.6]]}},
{"type": "Feature", "properties": {"level": "platform", "type": "wall", "platform": "6", "color": "#525252", "source": "PCIP Phase 1 Appendix A, sheet A-021, July 2019, PDF page 31"}, "geometry": {"type": "LineString", "coordinates": [[-3.2, 48.2], [-3.1, 48.2], [-2.7, 48.2], [1.4, 48.2], [1.9, 48.2]]}},
{"type": "Feature", "properties": {"level": "platform", "type": "wall", "platform": "6", "color": "#525252", "source": "PCIP Phase 1 Appendix A, sheet A-021, July 2019, PDF page 31"}, "geometry": {"type": "LineString", "coordinates": [[1.9, 48.3], [1.4, 48.3], [-2.7, 48.3], [-3.1, 48.3], [-3.2, 48.3]]}},
{"type": "Feature", "properties": {"level": "platform", "type": "wall", "platform": "7", "color": "#525252", "source": "PCIP Phase 1 Appendix A, sheet A-021, July 2019, PDF page 31"}, "geometry": {"type": "LineString", "coordinates": [[1.9, 86.0], [1.7, 86.0], [1.4, 86.0], [-2.7, 86.0], [-3.1, 86.0], [-3.2, 86.0]]}},
{"type": "Feature", "properties": {"level": "platform", "type": "wall", "platform": "7", "color": "#525252", "source": "PCIP Phase 1 Appendix A, sheet A-021, July 2019, PDF page 31"}, "geometry": {"type": "LineString", "coordinates": [[-3.2, 86.5], [1.9, 86.5]]}},
{"type": "Feature", "properties": {"level": "platform", "type": "wall", "platform": "8", "color": "#525252", "source": "PCIP Phase 1 Appendix A, sheet A-021, July 2019, PDF page 31"}, "geometry": {"type": "LineString", "coordinates": [[-3.2, 140.1], [1.9, 140.1]]}},
{"type": "Feature", "properties": {"level": "platform", "type": "wall", "platform": "3", "color": "#525252", "source": "PCIP Phase 1 Appendix A, sheet A-021, July 2019, PDF page 31"}, "geometry": {"type": "LineString", "coordinates": [[1.9, -95.8], [1.5, -95.8], [-2.6, -95.8], [-3.1, -95.8]]}},
{"type": "Feature", "properties": {"level": "platform", "type": "wall", "platform": "3", "color": "#525252", "source": "PCIP Phase 1 Appendix A, sheet A-021, July 2019, PDF page 31"}, "geometry": {"type": "LineString", "coordinates": [[-3.1, -95.7], [-2.6, -95.7], [1.5, -95.7], [1.9, -95.7], [2.0, -95.7]]}},
{"type": "Feature", "properties": {"level": "platform", "type": "wall", "platform": "3", "color": "#525252", "source": "PCIP Phase 1 Appendix A, sheet A-021, July 2019, PDF page 31"}, "geometry": {"type": "LineString", "coordinates": [[-3.1, -90.9], [-3.1, -82.4]]}},
{"type": "Feature", "properties": {"level": "platform", "type": "wall", "platform": "4", "color": "#525252", "source": "PCIP Phase 1 Appendix A, sheet A-021, July 2019, PDF page 31"}, "geometry": {"type": "LineString", "coordinates": [[1.9, -43.5], [-3.1, -43.5]]}},
{"type": "Feature", "properties": {"level": "platform", "type": "wall", "platform": "5", "color": "#525252", "source": "PCIP Phase 1 Appendix A, sheet A-021, July 2019, PDF page 31"}, "geometry": {"type": "LineString", "coordinates": [[-3.1, -3.2], [-2.6, -3.2], [1.9, -3.2]]}},
{"type": "Feature", "properties": {"level": "platform", "type": "wall", "platform": "5", "color": "#525252", "source": "PCIP Phase 1 Appendix A, sheet A-021, July 2019, PDF page 31"}, "geometry": {"type": "LineString", "coordinates": [[1.9, -3.0], [1.4, -3.0], [-2.6, -3.0], [-3.1, -3.0]]}},
{"type": "Feature", "properties": {"level": "platform", "type": "wall", "platform": "5", "color": "#525252", "source": "PCIP Phase 1 Appendix A, sheet A-021, July 2019, PDF page 31"}, "geometry": {"type": "LineString", "coordinates": [[1.9, -2.7], [-3.1, -2.7]]}},
{"type": "Feature", "properties": {"level": "platform", "type": "wall", "platform": "6", "color": "#525252", "source": "PCIP Phase 1 Appendix A, sheet A-021, July 2019, PDF page 31"}, "geometry": {"type": "LineString", "coordinates": [[-3.1, 48.4], [-2.7, 48.4], [1.9, 48.4]]}},
{"type": "Feature", "properties": {"level": "platform", "type": "wall", "platform": "7", "color": "#525252", "source": "PCIP Phase 1 Appendix A, sheet A-021, July 2019, PDF page 31"}, "geometry": {"type": "LineString", "coordinates": [[-3.1, 85.8], [-2.7, 85.8], [1.7, 85.8]]}},
{"type": "Feature", "properties": {"level": "platform", "type": "wall", "platform": "7", "color": "#525252", "source": "PCIP Phase 1 Appendix A, sheet A-021, July 2019, PDF page 31"}, "geometry": {"type": "LineString", "coordinates": [[1.7, 86.1], [1.4, 86.1], [-2.7, 86.1], [-3.1, 86.1]]}},
{"type": "Feature", "properties": {"level": "platform", "type": "wall", "platform": "7", "color": "#525252", "source": "PCIP Phase 1 Appendix A, sheet A-021, July 2019, PDF page 31"}, "geometry": {"type": "LineString", "coordinates": [[1.7, 86.2], [-3.1, 86.2]]}},
{"type": "Feature", "properties": {"level": "platform", "type": "wall", "platform": "8", "color": "#525252", "source": "PCIP Phase 1 Appendix A, sheet A-021, July 2019, PDF page 31"}, "geometry": {"type": "LineString", "coordinates": [[1.7, 140.3], [-3.1, 140.3]]}},
{"type": "Feature", "properties": {"level": "platform", "type": "wall", "platform": "8", "color": "#525252", "source": "PCIP Phase 1 Appendix A, sheet A-021, July 2019, PDF page 31"}, "geometry": {"type": "LineString", "coordinates": [[-3.1, 140.8], [-2.7, 140.8], [1.4, 140.8]]}},
{"type": "Feature", "properties": {"level": "platform", "type": "wall", "platform": "8", "color": "#525252", "source": "PCIP Phase 1 Appendix A, sheet A-021, July 2019, PDF page 31"}, "geometry": {"type": "LineString", "coordinates": [[1.9, 140.6], [1.7, 140.6], [1.4, 140.6], [-2.7, 140.6]]}},
{"type": "Feature", "properties": {"level": "platform", "type": "wall", "platform": "8", "color": "#525252", "source": "PCIP Phase 1 Appendix A, sheet A-021, July 2019, PDF page 31"}, "geometry": {"type": "LineString", "coordinates": [[1.4, 140.8], [-2.7, 140.6]]}},
{"type": "Feature", "properties": {"level": "platform", "type": "wall", "platform": "9", "color": "#525252", "source": "PCIP Phase 1 Appendix A, sheet A-021, July 2019, PDF page 31"}, "geometry": {"type": "LineString", "coordinates": [[-1.5, 177.2], [-1.8, 176.0]]}},
{"type": "Feature", "properties": {"level": "platform", "type": "wall", "platform": "10", "color": "#525252", "source": "PCIP Phase 1 Appendix A, sheet A-021, July 2019, PDF page 31"}, "geometry": {"type": "LineString", "coordinates": [[-0.8, 221.7], [-1.8, 217.0]]}},
{"type": "Feature", "properties": {"level": "platform", "type": "wall", "platform": "10", "color": "#525252", "source": "PCIP Phase 1 Appendix A, sheet A-021, July 2019, PDF page 31"}, "geometry": {"type": "LineString", "coordinates": [[-1.6, 218.3], [-7.3, 218.3], [-7.3, 218.9], [-7.9, 218.9], [-7.9, 217.6], [-1.8, 217.6]]}},
{"type": "Feature", "properties": {"level": "platform", "type": "wall", "platform": "9", "color": "#525252", "source": "PCIP Phase 1 Appendix A, sheet A-021, July 2019, PDF page 31"}, "geometry": {"type": "LineString", "coordinates": [[-1.5, 177.2], [-7.3, 177.2], [-7.3, 177.8], [-7.9, 177.8], [-7.9, 176.6], [-1.7, 176.6]]}},
{"type": "Feature", "properties": {"level": "platform", "type": "wall", "platform": "9", "color": "#525252", "source": "PCIP Phase 1 Appendix A, sheet A-021, July 2019, PDF page 31"}, "geometry": {"type": "LineString", "coordinates": [[-1.2, 178.6], [-1.5, 177.2]]}},
{"type": "Feature", "properties": {"level": "platform", "type": "wall", "platform": "9", "color": "#525252", "source": "PCIP Phase 1 Appendix A, sheet A-021, July 2019, PDF page 31"}, "geometry": {"type": "LineString", "coordinates": [[-0.5, 182.4], [-1.0, 179.6], [-2.2, 179.2], [-1.2, 179.2]]}},
{"type": "Feature", "properties": {"level": "platform", "type": "wall", "platform": "9", "color": "#525252", "source": "PCIP Phase 1 Appendix A, sheet A-021, July 2019, PDF page 31"}, "geometry": {"type": "LineString", "coordinates": [[-0.5, 182.4], [-7.9, 182.4], [-7.9, 180.7], [-7.3, 180.7], [-7.3, 181.7], [-0.6, 181.7]]}},
{"type": "Feature", "properties": {"level": "platform", "type": "wall", "platform": "10", "color": "#525252", "source": "PCIP Phase 1 Appendix A, sheet A-021, July 2019, PDF page 31"}, "geometry": {"type": "LineString", "coordinates": [[-0.1, 225.4], [-0.6, 222.7]]}},
{"type": "Feature", "properties": {"level": "platform", "type": "wall", "platform": "9", "color": "#525252", "source": "PCIP Phase 1 Appendix A, sheet A-021, July 2019, PDF page 31"}, "geometry": {"type": "LineString", "coordinates": [[-0.3, 183.4], [-0.5, 182.4]]}},
{"type": "Feature", "properties": {"level": "platform", "type": "wall", "platform": "11", "color": "#525252", "source": "PCIP Phase 1 Appendix A, sheet A-021, July 2019, PDF page 31"}, "geometry": {"type": "LineString", "coordinates": [[0.4, 271.3], [0.4, 271.5], [0.2, 271.5], [0.2, 271.6], [-0.2, 271.6], [-0.2, 271.5]]}},
{"type": "Feature", "properties": {"level": "platform", "type": "wall", "platform": "10", "color": "#525252", "source": "PCIP Phase 1 Appendix A, sheet A-021, July 2019, PDF page 31"}, "geometry": {"type": "LineString", "coordinates": [[0.0, 226.0], [-7.9, 226.0], [-7.9, 224.5], [-7.3, 224.5], [-7.3, 225.4], [-0.1, 225.4]]}},
{"type": "Feature", "properties": {"level": "platform", "type": "wall", "platform": "11", "color": "#525252", "source": "PCIP Phase 1 Appendix A, sheet A-021, July 2019, PDF page 31"}, "geometry": {"type": "LineString", "coordinates": [[7.4, 276.9], [0.6, 276.9]]}},
{"type": "Feature", "properties": {"level": "platform", "type": "wall", "platform": "11", "color": "#525252", "source": "PCIP Phase 1 Appendix A, sheet A-021, July 2019, PDF page 31"}, "geometry": {"type": "LineString", "coordinates": [[0.6, 276.9], [0.1, 276.9], [0.1, 275.7], [0.6, 275.7]]}},
{"type": "Feature", "properties": {"level": "platform", "type": "wall", "platform": "11", "color": "#525252", "source": "PCIP Phase 1 Appendix A, sheet A-021, July 2019, PDF page 31"}, "geometry": {"type": "LineString", "coordinates": [[0.6, 275.7], [0.6, 276.9]]}},
{"type": "Feature", "properties": {"level": "platform", "type": "wall", "platform": "11", "color": "#525252", "source": "PCIP Phase 1 Appendix A, sheet A-021, July 2019, PDF page 31"}, "geometry": {"type": "LineString", "coordinates": [[0.6, 275.7], [0.7, 275.7], [0.7, 276.2], [7.2, 276.2]]}},
{"type": "Feature", "properties": {"level": "platform", "type": "wall", "platform": "11", "color": "#525252", "source": "PCIP Phase 1 Appendix A, sheet A-021, July 2019, PDF page 31"}, "geometry": {"type": "LineString", "coordinates": [[0.7, 272.8], [0.6, 275.7]]}},
{"type": "Feature", "properties": {"level": "platform", "type": "wall", "platform": "11", "color": "#525252", "source": "PCIP Phase 1 Appendix A, sheet A-021, July 2019, PDF page 31"}, "geometry": {"type": "LineString", "coordinates": [[6.5, 272.6], [0.7, 272.6], [0.7, 272.8], [0.7, 272.8]]}},
{"type": "Feature", "properties": {"level": "platform", "type": "wall", "platform": "11", "color": "#525252", "source": "PCIP Phase 1 Appendix A, sheet A-021, July 2019, PDF page 31"}, "geometry": {"type": "LineString", "coordinates": [[0.7, 272.8], [0.1, 272.8], [0.1, 271.8], [3.9, 271.8]]}},
{"type": "Feature", "properties": {"level": "platform", "type": "wall", "platform": "8", "color": "#525252", "source": "PCIP Phase 1 Appendix A, sheet A-021, July 2019, PDF page 31"}, "geometry": {"type": "LineString", "coordinates": [[1.7, 134.9], [15.8, 134.9]]}},
{"type": "Feature", "properties": {"level": "platform", "type": "wall", "platform": "4", "color": "#525252", "source": "PCIP Phase 1 Appendix A, sheet A-021, July 2019, PDF page 31"}, "geometry": {"type": "LineString", "coordinates": [[1.9, -48.9], [16.0, -48.9]]}},
{"type": "Feature", "properties": {"level": "platform", "type": "wall", "platform": "5", "color": "#525252", "source": "PCIP Phase 1 Appendix A, sheet A-021, July 2019, PDF page 31"}, "geometry": {"type": "LineString", "coordinates": [[1.9, 2.6], [16.0, 2.6]]}},
{"type": "Feature", "properties": {"level": "platform", "type": "wall", "platform": "6", "color": "#525252", "source": "PCIP Phase 1 Appendix A, sheet A-021, July 2019, PDF page 31"}, "geometry": {"type": "LineString", "coordinates": [[1.9, 42.6], [16.0, 42.6]]}},
{"type": "Feature", "properties": {"level": "platform", "type": "wall", "platform": "7", "color": "#525252", "source": "PCIP Phase 1 Appendix A, sheet A-021, July 2019, PDF page 31"}, "geometry": {"type": "LineString", "coordinates": [[1.9, 91.6], [16.0, 91.6]]}},
{"type": "Feature", "properties": {"level": "platform", "type": "wall", "platform": "4", "color": "#525252", "source": "PCIP Phase 1 Appendix A, sheet A-021, July 2019, PDF page 31"}, "geometry": {"type": "LineString", "coordinates": [[15.9, -49.0], [2.0, -49.0]]}},
{"type": "Feature", "properties": {"level": "platform", "type": "wall", "platform": "5", "color": "#525252", "source": "PCIP Phase 1 Appendix A, sheet A-021, July 2019, PDF page 31"}, "geometry": {"type": "LineString", "coordinates": [[15.9, 2.8], [2.0, 2.7]]}},
{"type": "Feature", "properties": {"level": "platform", "type": "wall", "platform": "6", "color": "#525252", "source": "PCIP Phase 1 Appendix A, sheet A-021, July 2019, PDF page 31"}, "geometry": {"type": "LineString", "coordinates": [[15.9, 42.4], [2.0, 42.4]]}},
{"type": "Feature", "properties": {"level": "platform", "type": "wall", "platform": "7", "color": "#525252", "source": "PCIP Phase 1 Appendix A, sheet A-021, July 2019, PDF page 31"}, "geometry": {"type": "LineString", "coordinates": [[15.9, 91.8], [2.0, 91.7]]}},
{"type": "Feature", "properties": {"level": "platform", "type": "wall", "platform": "8", "color": "#525252", "source": "PCIP Phase 1 Appendix A, sheet A-021, July 2019, PDF page 31"}, "geometry": {"type": "LineString", "coordinates": [[15.8, 134.8], [2.0, 134.8]]}},
{"type": "Feature", "properties": {"level": "platform", "type": "wall", "platform": "3", "color": "#525252", "source": "PCIP Phase 1 Appendix A, sheet A-021, July 2019, PDF page 31"}, "geometry": {"type": "LineString", "coordinates": [[2.5, -88.1], [2.5, -81.9], [2.6, -88.1]]}},
{"type": "Feature", "properties": {"level": "platform", "type": "wall", "platform": "8", "color": "#525252", "source": "PCIP Phase 1 Appendix A, sheet A-021, July 2019, PDF page 31"}, "geometry": {"type": "LineString", "coordinates": [[2.7, 140.6], [2.8, 140.6], [3.3, 140.6], [5.8, 140.6], [6.1, 140.6], [6.2, 140.6]]}},
{"type": "Feature", "properties": {"level": "platform", "type": "wall", "platform": "3", "color": "#525252", "source": "PCIP Phase 1 Appendix A, sheet A-021, July 2019, PDF page 31"}, "geometry": {"type": "LineString", "coordinates": [[2.8, -95.8], [5.9, -95.8], [6.2, -95.8]]}},
{"type": "Feature", "properties": {"level": "platform", "type": "wall", "platform": "3", "color": "#525252", "source": "PCIP Phase 1 Appendix A, sheet A-021, July 2019, PDF page 31"}, "geometry": {"type": "LineString", "coordinates": [[2.8, -95.7], [3.3, -95.7], [5.9, -95.7], [6.2, -95.7], [6.3, -95.7]]}},
{"type": "Feature", "properties": {"level": "platform", "type": "wall", "platform": "4", "color": "#525252", "source": "PCIP Phase 1 Appendix A, sheet A-021, July 2019, PDF page 31"}, "geometry": {"type": "LineString", "coordinates": [[2.8, -43.2], [3.3, -43.2], [5.8, -43.2], [6.2, -43.2], [6.3, -43.2]]}},
{"type": "Feature", "properties": {"level": "platform", "type": "wall", "platform": "4", "color": "#525252", "source": "PCIP Phase 1 Appendix A, sheet A-021, July 2019, PDF page 31"}, "geometry": {"type": "LineString", "coordinates": [[2.8, -43.1], [3.3, -43.1], [5.8, -43.1], [6.2, -43.1], [6.3, -43.1]]}},
{"type": "Feature", "properties": {"level": "platform", "type": "wall", "platform": "5", "color": "#525252", "source": "PCIP Phase 1 Appendix A, sheet A-021, July 2019, PDF page 31"}, "geometry": {"type": "LineString", "coordinates": [[6.2, -3.2], [5.8, -3.2], [2.8, -3.2]]}},
{"type": "Feature", "properties": {"level": "platform", "type": "wall", "platform": "5", "color": "#525252", "source": "PCIP Phase 1 Appendix A, sheet A-021, July 2019, PDF page 31"}, "geometry": {"type": "LineString", "coordinates": [[15.1, -3.1], [14.9, -3.1], [14.6, -3.1], [11.3, -3.1], [10.8, -3.1], [10.7, -3.1], [10.6, -3.1], [10.1, -3.1], [6.8, -3.1], [6.4, -3.1], [6.3, -3.1], [6.2, -3.1], [5.8, -3.1], [3.3, -3.1], [2.8, -3.1]]}},
{"type": "Feature", "properties": {"level": "platform", "type": "wall", "platform": "5", "color": "#525252", "source": "PCIP Phase 1 Appendix A, sheet A-021, July 2019, PDF page 31"}, "geometry": {"type": "LineString", "coordinates": [[2.8, -3.0], [5.8, -3.0], [6.2, -3.0]]}},
{"type": "Feature", "properties": {"level": "platform", "type": "wall", "platform": "6", "color": "#525252", "source": "PCIP Phase 1 Appendix A, sheet A-021, July 2019, PDF page 31"}, "geometry": {"type": "LineString", "coordinates": [[2.8, 48.2], [3.3, 48.2], [5.8, 48.2], [6.2, 48.2]]}},
{"type": "Feature", "properties": {"level": "platform", "type": "wall", "platform": "6", "color": "#525252", "source": "PCIP Phase 1 Appendix A, sheet A-021, July 2019, PDF page 31"}, "geometry": {"type": "LineString", "coordinates": [[6.2, 48.3], [5.8, 48.3], [3.3, 48.3], [2.8, 48.3]]}},
{"type": "Feature", "properties": {"level": "platform", "type": "wall", "platform": "6", "color": "#525252", "source": "PCIP Phase 1 Appendix A, sheet A-021, July 2019, PDF page 31"}, "geometry": {"type": "LineString", "coordinates": [[6.2, 48.4], [5.8, 48.4], [2.8, 48.4]]}},
{"type": "Feature", "properties": {"level": "platform", "type": "wall", "platform": "7", "color": "#525252", "source": "PCIP Phase 1 Appendix A, sheet A-021, July 2019, PDF page 31"}, "geometry": {"type": "LineString", "coordinates": [[6.2, 85.8], [5.8, 85.8], [2.8, 85.8]]}},
{"type": "Feature", "properties": {"level": "platform", "type": "wall", "platform": "7", "color": "#525252", "source": "PCIP Phase 1 Appendix A, sheet A-021, July 2019, PDF page 31"}, "geometry": {"type": "LineString", "coordinates": [[6.2, 86.0], [5.8, 86.0], [3.3, 86.0], [2.8, 86.0]]}},
{"type": "Feature", "properties": {"level": "platform", "type": "wall", "platform": "7", "color": "#525252", "source": "PCIP Phase 1 Appendix A, sheet A-021, July 2019, PDF page 31"}, "geometry": {"type": "LineString", "coordinates": [[2.8, 86.1], [5.8, 86.1], [6.2, 86.1]]}},
{"type": "Feature", "properties": {"level": "platform", "type": "wall", "platform": "8", "color": "#525252", "source": "PCIP Phase 1 Appendix A, sheet A-021, July 2019, PDF page 31"}, "geometry": {"type": "LineString", "coordinates": [[2.8, 140.8], [5.8, 140.8], [6.1, 140.8]]}},
{"type": "Feature", "properties": {"level": "platform", "type": "wall", "platform": "11", "color": "#525252", "source": "PCIP Phase 1 Appendix A, sheet A-021, July 2019, PDF page 31"}, "geometry": {"type": "LineString", "coordinates": [[3.9, 271.8], [6.0, 271.8]]}},
{"type": "Feature", "properties": {"level": "platform", "type": "wall", "platform": "11", "color": "#525252", "source": "PCIP Phase 1 Appendix A, sheet A-021, July 2019, PDF page 31"}, "geometry": {"type": "LineString", "coordinates": [[6.0, 271.8], [6.0, 272.4], [3.9, 272.3], [3.9, 271.8]]}},
{"type": "Feature", "properties": {"level": "platform", "type": "wall", "platform": "11", "color": "#525252", "source": "PCIP Phase 1 Appendix A, sheet A-021, July 2019, PDF page 31"}, "geometry": {"type": "LineString", "coordinates": [[6.0, 271.8], [6.1, 269.5], [3.9, 269.4], [3.9, 271.8]]}},
{"type": "Feature", "properties": {"level": "platform", "type": "wall", "platform": "11", "color": "#525252", "source": "PCIP Phase 1 Appendix A, sheet A-021, July 2019, PDF page 31"}, "geometry": {"type": "LineString", "coordinates": [[6.5, 272.6], [6.1, 270.5]]}},
{"type": "Feature", "properties": {"level": "platform", "type": "wall", "platform": "6", "color": "#525252", "source": "PCIP Phase 1 Appendix A, sheet A-021, July 2019, PDF page 31"}, "geometry": {"type": "LineString", "coordinates": [[6.3, 48.2], [6.4, 48.2], [6.8, 48.2], [10.1, 48.2], [10.6, 48.2]]}},
{"type": "Feature", "properties": {"level": "platform", "type": "wall", "platform": "6", "color": "#525252", "source": "PCIP Phase 1 Appendix A, sheet A-021, July 2019, PDF page 31"}, "geometry": {"type": "LineString", "coordinates": [[10.6, 48.3], [10.1, 48.3], [6.8, 48.3], [6.4, 48.3], [6.3, 48.3]]}},
{"type": "Feature", "properties": {"level": "platform", "type": "wall", "platform": "7", "color": "#525252", "source": "PCIP Phase 1 Appendix A, sheet A-021, July 2019, PDF page 31"}, "geometry": {"type": "LineString", "coordinates": [[10.6, 86.0], [10.1, 86.0], [6.8, 86.0], [6.4, 86.0], [6.3, 86.0]]}},
{"type": "Feature", "properties": {"level": "platform", "type": "wall", "platform": "8", "color": "#525252", "source": "PCIP Phase 1 Appendix A, sheet A-021, July 2019, PDF page 31"}, "geometry": {"type": "LineString", "coordinates": [[6.3, 140.6], [6.4, 140.6], [6.8, 140.6], [10.1, 140.6], [10.5, 140.6], [10.6, 140.6]]}},
{"type": "Feature", "properties": {"level": "platform", "type": "wall", "platform": "3", "color": "#525252", "source": "PCIP Phase 1 Appendix A, sheet A-021, July 2019, PDF page 31"}, "geometry": {"type": "LineString", "coordinates": [[6.4, -95.8], [6.8, -95.8], [10.3, -95.8], [10.6, -95.8]]}},
{"type": "Feature", "properties": {"level": "platform", "type": "wall", "platform": "3", "color": "#525252", "source": "PCIP Phase 1 Appendix A, sheet A-021, July 2019, PDF page 31"}, "geometry": {"type": "LineString", "coordinates": [[6.4, -95.7], [6.8, -95.7], [10.3, -95.7], [10.6, -95.7], [10.7, -95.7]]}},
{"type": "Feature", "properties": {"level": "platform", "type": "wall", "platform": "4", "color": "#525252", "source": "PCIP Phase 1 Appendix A, sheet A-021, July 2019, PDF page 31"}, "geometry": {"type": "LineString", "coordinates": [[6.4, -43.2], [6.8, -43.2], [10.1, -43.2], [10.6, -43.2], [10.7, -43.2]]}},
{"type": "Feature", "properties": {"level": "platform", "type": "wall", "platform": "4", "color": "#525252", "source": "PCIP Phase 1 Appendix A, sheet A-021, July 2019, PDF page 31"}, "geometry": {"type": "LineString", "coordinates": [[6.4, -43.1], [6.8, -43.1], [10.1, -43.1], [10.6, -43.1], [10.7, -43.1]]}},
{"type": "Feature", "properties": {"level": "platform", "type": "wall", "platform": "5", "color": "#525252", "source": "PCIP Phase 1 Appendix A, sheet A-021, July 2019, PDF page 31"}, "geometry": {"type": "LineString", "coordinates": [[10.6, -3.2], [10.1, -3.2], [6.8, -3.2], [6.4, -3.2]]}},
{"type": "Feature", "properties": {"level": "platform", "type": "wall", "platform": "5", "color": "#525252", "source": "PCIP Phase 1 Appendix A, sheet A-021, July 2019, PDF page 31"}, "geometry": {"type": "LineString", "coordinates": [[6.4, -3.0], [6.8, -3.0], [10.1, -3.0], [10.6, -3.0]]}},
{"type": "Feature", "properties": {"level": "platform", "type": "wall", "platform": "6", "color": "#525252", "source": "PCIP Phase 1 Appendix A, sheet A-021, July 2019, PDF page 31"}, "geometry": {"type": "LineString", "coordinates": [[10.6, 48.4], [10.1, 48.4], [6.8, 48.4], [6.4, 48.4]]}},
{"type": "Feature", "properties": {"level": "platform", "type": "wall", "platform": "7", "color": "#525252", "source": "PCIP Phase 1 Appendix A, sheet A-021, July 2019, PDF page 31"}, "geometry": {"type": "LineString", "coordinates": [[10.6, 85.8], [10.1, 85.8], [6.8, 85.8], [6.4, 85.8]]}},
{"type": "Feature", "properties": {"level": "platform", "type": "wall", "platform": "7", "color": "#525252", "source": "PCIP Phase 1 Appendix A, sheet A-021, July 2019, PDF page 31"}, "geometry": {"type": "LineString", "coordinates": [[6.4, 86.1], [6.8, 86.1], [10.1, 86.1], [10.6, 86.1]]}},
{"type": "Feature", "properties": {"level": "platform", "type": "wall", "platform": "8", "color": "#525252", "source": "PCIP Phase 1 Appendix A, sheet A-021, July 2019, PDF page 31"}, "geometry": {"type": "LineString", "coordinates": [[6.4, 140.8], [6.8, 140.8], [10.1, 140.8], [10.5, 140.8]]}},
{"type": "Feature", "properties": {"level": "platform", "type": "wall", "platform": "11", "color": "#525252", "source": "PCIP Phase 1 Appendix A, sheet A-021, July 2019, PDF page 31"}, "geometry": {"type": "LineString", "coordinates": [[7.2, 276.2], [6.8, 274.2], [5.7, 274.0], [6.8, 273.8]]}},
{"type": "Feature", "properties": {"level": "platform", "type": "wall", "platform": "11", "color": "#525252", "source": "PCIP Phase 1 Appendix A, sheet A-021, July 2019, PDF page 31"}, "geometry": {"type": "LineString", "coordinates": [[7.6, 278.1], [7.2, 276.2]]}},
{"type": "Feature", "properties": {"level": "platform", "type": "wall", "platform": "6", "color": "#525252", "source": "PCIP Phase 1 Appendix A, sheet A-021, July 2019, PDF page 31"}, "geometry": {"type": "LineString", "coordinates": [[10.7, 48.2], [10.8, 48.2], [11.3, 48.2], [14.6, 48.2], [14.9, 48.2], [15.1, 48.2]]}},
{"type": "Feature", "properties": {"level": "platform", "type": "wall", "platform": "6", "color": "#525252", "source": "PCIP Phase 1 Appendix A, sheet A-021, July 2019, PDF page 31"}, "geometry": {"type": "LineString", "coordinates": [[15.1, 48.3], [14.9, 48.3], [14.6, 48.3], [11.3, 48.3], [10.8, 48.3], [10.7, 48.3]]}},
{"type": "Feature", "properties": {"level": "platform", "type": "wall", "platform": "7", "color": "#525252", "source": "PCIP Phase 1 Appendix A, sheet A-021, July 2019, PDF page 31"}, "geometry": {"type": "LineString", "coordinates": [[14.9, 86.0], [14.6, 86.0], [11.1, 86.0], [10.8, 86.0], [10.7, 86.0]]}},
{"type": "Feature", "properties": {"level": "platform", "type": "wall", "platform": "8", "color": "#525252", "source": "PCIP Phase 1 Appendix A, sheet A-021, July 2019, PDF page 31"}, "geometry": {"type": "LineString", "coordinates": [[10.7, 140.6], [10.8, 140.6], [11.1, 140.6], [14.6, 140.6], [14.8, 140.6], [14.9, 140.6]]}},
{"type": "Feature", "properties": {"level": "platform", "type": "wall", "platform": "3", "color": "#525252", "source": "PCIP Phase 1 Appendix A, sheet A-021, July 2019, PDF page 31"}, "geometry": {"type": "LineString", "coordinates": [[10.8, -95.7], [10.9, -95.7], [11.3, -95.7], [14.7, -95.7], [14.9, -95.7], [15.1, -95.7]]}},
{"type": "Feature", "properties": {"level": "platform", "type": "wall", "platform": "4", "color": "#525252", "source": "PCIP Phase 1 Appendix A, sheet A-021, July 2019, PDF page 31"}, "geometry": {"type": "LineString", "coordinates": [[10.8, -43.2], [11.3, -43.2], [14.7, -43.2], [14.9, -43.2], [15.1, -43.2]]}},
{"type": "Feature", "properties": {"level": "platform", "type": "wall", "platform": "4", "color": "#525252", "source": "PCIP Phase 1 Appendix A, sheet A-021, July 2019, PDF page 31"}, "geometry": {"type": "LineString", "coordinates": [[10.8, -43.1], [11.3, -43.1], [14.7, -43.1], [14.9, -43.1], [15.1, -43.1]]}},
{"type": "Feature", "properties": {"level": "platform", "type": "wall", "platform": "5", "color": "#525252", "source": "PCIP Phase 1 Appendix A, sheet A-021, July 2019, PDF page 31"}, "geometry": {"type": "LineString", "coordinates": [[14.9, -3.2], [14.6, -3.2], [11.3, -3.2], [10.8, -3.2]]}},
{"type": "Feature", "properties": {"level": "platform", "type": "wall", "platform": "5", "color": "#525252", "source": "PCIP Phase 1 Appendix A, sheet A-021, July 2019, PDF page 31"}, "geometry": {"type": "LineString", "coordinates": [[10.8, -3.0], [11.3, -3.0], [14.6, -3.0], [14.9, -3.0]]}},
{"type": "Feature", "properties": {"level": "platform", "type": "wall", "platform": "6", "color": "#525252", "source": "PCIP Phase 1 Appendix A, sheet A-021, July 2019, PDF page 31"}, "geometry": {"type": "LineString", "coordinates": [[14.9, 48.4], [14.6, 48.4], [11.3, 48.4], [10.8, 48.4]]}},
{"type": "Feature", "properties": {"level": "platform", "type": "wall", "platform": "7", "color": "#525252", "source": "PCIP Phase 1 Appendix A, sheet A-021, July 2019, PDF page 31"}, "geometry": {"type": "LineString", "coordinates": [[14.9, 85.8], [14.6, 85.8], [11.1, 85.8], [10.8, 85.8]]}},
{"type": "Feature", "properties": {"level": "platform", "type": "wall", "platform": "7", "color": "#525252", "source": "PCIP Phase 1 Appendix A, sheet A-021, July 2019, PDF page 31"}, "geometry": {"type": "LineString", "coordinates": [[10.8, 86.1], [11.1, 86.1], [14.6, 86.1], [14.9, 86.1]]}},
{"type": "Feature", "properties": {"level": "platform", "type": "wall", "platform": "8", "color": "#525252", "source": "PCIP Phase 1 Appendix A, sheet A-021, July 2019, PDF page 31"}, "geometry": {"type": "LineString", "coordinates": [[10.8, 140.8], [11.1, 140.8], [14.6, 140.8], [14.8, 140.8]]}},
{"type": "Feature", "properties": {"level": "platform", "type": "wall", "platform": "3", "color": "#525252", "source": "PCIP Phase 1 Appendix A, sheet A-021, July 2019, PDF page 31"}, "geometry": {"type": "LineString", "coordinates": [[10.9, -95.8], [11.3, -95.8], [14.7, -95.8], [14.9, -95.8]]}},
{"type": "Feature", "properties": {"level": "platform", "type": "wall", "platform": "7", "color": "#525252", "source": "PCIP Phase 1 Appendix A, sheet A-021, July 2019, PDF page 31"}, "geometry": {"type": "LineString", "coordinates": [[14.9, 86.5], [14.9, 86.2], [14.0, 86.2]]}},
{"type": "Feature", "properties": {"level": "platform", "type": "wall", "platform": "3", "color": "#525252", "source": "PCIP Phase 1 Appendix A, sheet A-021, July 2019, PDF page 31"}, "geometry": {"type": "LineString", "coordinates": [[15.3, -95.5], [15.3, -95.9], [15.9, -95.9], [15.9, -95.5]]}},
{"type": "Feature", "properties": {"level": "platform", "type": "wall", "platform": "4", "color": "#525252", "source": "PCIP Phase 1 Appendix A, sheet A-021, July 2019, PDF page 31"}, "geometry": {"type": "LineString", "coordinates": [[15.3, -49.6], [15.3, -49.2], [15.9, -49.2]]}},
{"type": "Feature", "properties": {"level": "platform", "type": "wall", "platform": "4", "color": "#525252", "source": "PCIP Phase 1 Appendix A, sheet A-021, July 2019, PDF page 31"}, "geometry": {"type": "LineString", "coordinates": [[15.3, -43.4], [15.3, -43.0], [15.9, -43.0]]}},
{"type": "Feature", "properties": {"level": "platform", "type": "enclosure", "platform": "6", "color": "#525252", "source": "PCIP Phase 1 Appendix A, sheet A-021, July 2019, PDF page 31"}, "geometry": {"type": "Polygon", "coordinates": [[[15.3, 41.8], [15.3, 41.8], [15.8, 41.8], [15.8, 42.2], [15.3, 42.2], [15.3, 41.8]]]}},
{"type": "Feature", "properties": {"level": "platform", "type": "wall", "platform": "8", "color": "#525252", "source": "PCIP Phase 1 Appendix A, sheet A-021, July 2019, PDF page 31"}, "geometry": {"type": "LineString", "coordinates": [[15.3, 134.2], [15.8, 134.2], [15.8, 134.7], [15.3, 134.7]]}},
{"type": "Feature", "properties": {"level": "platform", "type": "wall", "platform": "5", "color": "#525252", "source": "PCIP Phase 1 Appendix A, sheet A-021, July 2019, PDF page 31"}, "geometry": {"type": "LineString", "coordinates": [[15.8, -2.7], [15.3, -2.7], [15.3, -3.2], [15.8, -3.2]]}},
{"type": "Feature", "properties": {"level": "platform", "type": "wall", "platform": "7", "color": "#525252", "source": "PCIP Phase 1 Appendix A, sheet A-021, July 2019, PDF page 31"}, "geometry": {"type": "LineString", "coordinates": [[209.1, 86.4], [209.4, 86.4], [209.4, 86.7], [209.5, 86.7], [209.5, 86.9], [210.0, 86.9], [210.0, 87.1], [210.2, 87.1], [210.2, 87.3], [210.7, 87.3]]}},
{"type": "Feature", "properties": {"level": "platform", "type": "wall", "platform": "7", "color": "#525252", "source": "PCIP Phase 1 Appendix A, sheet A-021, July 2019, PDF page 31"}, "geometry": {"type": "LineString", "coordinates": [[209.1, 86.4], [211.3, 84.3], [211.4, 84.3]]}},
{"type": "Feature", "properties": {"level": "platform", "type": "wall", "platform": "7", "color": "#525252", "source": "PCIP Phase 1 Appendix A, sheet A-021, July 2019, PDF page 31"}, "geometry": {"type": "LineString", "coordinates": [[211.4, 84.3], [209.1, 86.4]]}},
{"type": "Feature", "properties": {"level": "platform", "type": "wall", "platform": "7", "color": "#525252", "source": "PCIP Phase 1 Appendix A, sheet A-021, July 2019, PDF page 31"}, "geometry": {"type": "LineString", "coordinates": [[209.1, 88.2], [209.4, 88.2], [209.4, 87.9], [209.5, 87.9], [209.5, 87.7], [210.2, 87.7], [210.2, 87.5], [210.7, 87.5], [210.7, 87.3]]}},
{"type": "Feature", "properties": {"level": "platform", "type": "wall", "platform": "7", "color": "#525252", "source": "PCIP Phase 1 Appendix A, sheet A-021, July 2019, PDF page 31"}, "geometry": {"type": "LineString", "coordinates": [[211.4, 90.3], [209.1, 88.2]]}},
{"type": "Feature", "properties": {"level": "platform", "type": "wall", "platform": "7", "color": "#525252", "source": "PCIP Phase 1 Appendix A, sheet A-021, July 2019, PDF page 31"}, "geometry": {"type": "LineString", "coordinates": [[209.1, 88.2], [211.3, 90.5], [211.4, 90.3]]}},
{"type": "Feature", "properties": {"level": "platform", "type": "wall", "platform": "8", "color": "#525252", "source": "PCIP Phase 1 Appendix A, sheet A-021, July 2019, PDF page 31"}, "geometry": {"type": "LineString", "coordinates": [[209.5, 134.2], [209.5, 134.5], [210.0, 134.5], [210.0, 134.7], [210.8, 134.7], [210.8, 134.9]]}},
{"type": "Feature", "properties": {"level": "platform", "type": "wall", "platform": "8", "color": "#525252", "source": "PCIP Phase 1 Appendix A, sheet A-021, July 2019, PDF page 31"}, "geometry": {"type": "LineString", "coordinates": [[211.3, 137.9], [209.1, 135.8], [209.1, 135.5], [209.5, 135.5], [209.5, 135.4], [209.8, 135.4], [209.8, 135.1], [210.4, 135.1], [210.4, 134.9], [210.8, 134.9]]}},
{"type": "Feature", "properties": {"level": "platform", "type": "wall", "platform": "8", "color": "#525252", "source": "PCIP Phase 1 Appendix A, sheet A-021, July 2019, PDF page 31"}, "geometry": {"type": "LineString", "coordinates": [[211.3, 137.9], [211.9, 137.9], [211.9, 138.5], [238.6, 138.5]]}},
{"type": "Feature", "properties": {"level": "platform", "type": "wall", "platform": "8", "color": "#525252", "source": "PCIP Phase 1 Appendix A, sheet A-021, July 2019, PDF page 31"}, "geometry": {"type": "LineString", "coordinates": [[238.6, 138.5], [243.7, 138.5], [243.7, 131.1], [212.1, 131.1], [212.1, 131.9], [211.3, 131.9], [211.3, 130.4], [244.3, 130.4], [244.3, 139.2], [211.3, 139.2], [211.3, 137.9]]}},
{"type": "Feature", "properties": {"level": "platform", "type": "wall", "platform": "7", "color": "#525252", "source": "PCIP Phase 1 Appendix A, sheet A-021, July 2019, PDF page 31"}, "geometry": {"type": "LineString", "coordinates": [[235.0, 83.0], [212.1, 83.0], [212.1, 84.3], [211.4, 84.3]]}},
{"type": "Feature", "properties": {"level": "platform", "type": "wall", "platform": "7", "color": "#525252", "source": "PCIP Phase 1 Appendix A, sheet A-021, July 2019, PDF page 31"}, "geometry": {"type": "LineString", "coordinates": [[211.4, 84.3], [211.4, 82.4], [242.0, 82.4], [242.0, 92.4], [211.4, 92.4], [211.4, 90.3]]}},
{"type": "Feature", "properties": {"level": "platform", "type": "wall", "platform": "7", "color": "#525252", "source": "PCIP Phase 1 Appendix A, sheet A-021, July 2019, PDF page 31"}, "geometry": {"type": "LineString", "coordinates": [[211.4, 90.3], [212.1, 90.3], [212.1, 91.6], [241.1, 91.7], [241.1, 83.0], [235.0, 83.0]]}},
{"type": "Feature", "properties": {"level": "platform", "type": "wall", "platform": "6", "color": "#525252", "source": "PCIP Phase 1 Appendix A, sheet A-021, July 2019, PDF page 31"}, "geometry": {"type": "LineString", "coordinates": [[214.1, 43.5], [212.1, 41.6]]}},
{"type": "Feature", "properties": {"level": "platform", "type": "wall", "platform": "6", "color": "#525252", "source": "PCIP Phase 1 Appendix A, sheet A-021, July 2019, PDF page 31"}, "geometry": {"type": "LineString", "coordinates": [[212.1, 41.6], [212.1, 41.8], [214.1, 43.5]]}},
{"type": "Feature", "properties": {"level": "platform", "type": "wall", "platform": "6", "color": "#525252", "source": "PCIP Phase 1 Appendix A, sheet A-021, July 2019, PDF page 31"}, "geometry": {"type": "LineString", "coordinates": [[212.1, 41.6], [211.4, 41.6], [211.4, 40.4], [239.6, 40.5], [239.6, 47.8], [211.4, 47.8], [211.4, 46.7], [212.1, 46.7]]}},
{"type": "Feature", "properties": {"level": "platform", "type": "wall", "platform": "6", "color": "#525252", "source": "PCIP Phase 1 Appendix A, sheet A-021, July 2019, PDF page 31"}, "geometry": {"type": "LineString", "coordinates": [[212.1, 47.0], [212.1, 47.2], [239.0, 47.2], [239.0, 41.1], [212.1, 41.0], [212.1, 41.6]]}},
{"type": "Feature", "properties": {"level": "platform", "type": "wall", "platform": "6", "color": "#525252", "source": "PCIP Phase 1 Appendix A, sheet A-021, July 2019, PDF page 31"}, "geometry": {"type": "LineString", "coordinates": [[212.1, 46.7], [214.1, 45.1]]}},
{"type": "Feature", "properties": {"level": "platform", "type": "wall", "platform": "6", "color": "#525252", "source": "PCIP Phase 1 Appendix A, sheet A-021, July 2019, PDF page 31"}, "geometry": {"type": "LineString", "coordinates": [[214.1, 45.1], [212.1, 47.0]]}},
{"type": "Feature", "properties": {"level": "platform", "type": "wall", "platform": "4", "color": "#525252", "source": "PCIP Phase 1 Appendix A, sheet A-021, July 2019, PDF page 31"}, "geometry": {"type": "LineString", "coordinates": [[212.3, -49.6], [214.1, -47.7]]}},
{"type": "Feature", "properties": {"level": "platform", "type": "wall", "platform": "4", "color": "#525252", "source": "PCIP Phase 1 Appendix A, sheet A-021, July 2019, PDF page 31"}, "geometry": {"type": "LineString", "coordinates": [[215.4, -50.5], [212.3, -50.5], [212.3, -49.6]]}},
{"type": "Feature", "properties": {"level": "platform", "type": "wall", "platform": "4", "color": "#525252", "source": "PCIP Phase 1 Appendix A, sheet A-021, July 2019, PDF page 31"}, "geometry": {"type": "LineString", "coordinates": [[212.3, -49.3], [214.1, -47.7]]}},
{"type": "Feature", "properties": {"level": "platform", "type": "wall", "platform": "4", "color": "#525252", "source": "PCIP Phase 1 Appendix A, sheet A-021, July 2019, PDF page 31"}, "geometry": {"type": "LineString", "coordinates": [[212.3, -49.3], [211.4, -49.3], [211.4, -51.1], [215.4, -51.1]]}},
{"type": "Feature", "properties": {"level": "platform", "type": "wall", "platform": "4", "color": "#525252", "source": "PCIP Phase 1 Appendix A, sheet A-021, July 2019, PDF page 31"}, "geometry": {"type": "LineString", "coordinates": [[217.4, -51.1], [235.5, -51.1], [235.5, -42.5], [211.4, -42.5], [211.4, -44.5], [212.3, -44.5]]}},
{"type": "Feature", "properties": {"level": "platform", "type": "wall", "platform": "4", "color": "#525252", "source": "PCIP Phase 1 Appendix A, sheet A-021, July 2019, PDF page 31"}, "geometry": {"type": "LineString", "coordinates": [[214.1, -46.1], [212.3, -44.5]]}},
{"type": "Feature", "properties": {"level": "platform", "type": "wall", "platform": "4", "color": "#525252", "source": "PCIP Phase 1 Appendix A, sheet A-021, July 2019, PDF page 31"}, "geometry": {"type": "LineString", "coordinates": [[212.3, -44.2], [212.3, -43.1], [234.8, -43.1], [234.8, -50.2], [217.4, -50.5]]}},
{"type": "Feature", "properties": {"level": "platform", "type": "wall", "platform": "4", "color": "#525252", "source": "PCIP Phase 1 Appendix A, sheet A-021, July 2019, PDF page 31"}, "geometry": {"type": "LineString", "coordinates": [[212.3, -44.2], [214.1, -46.1]]}},
{"type": "Feature", "properties": {"level": "platform", "type": "wall", "platform": "6", "color": "#525252", "source": "PCIP Phase 1 Appendix A, sheet A-021, July 2019, PDF page 31"}, "geometry": {"type": "LineString", "coordinates": [[214.1, 43.5], [213.8, 43.5], [213.8, 43.8], [213.6, 43.8], [213.6, 43.9], [213.2, 43.9], [213.2, 44.2], [212.6, 44.2]]}},
{"type": "Feature", "properties": {"level": "platform", "type": "wall", "platform": "6", "color": "#525252", "source": "PCIP Phase 1 Appendix A, sheet A-021, July 2019, PDF page 31"}, "geometry": {"type": "LineString", "coordinates": [[214.1, 45.1], [214.1, 44.8], [213.6, 44.8], [213.6, 44.6], [213.2, 44.6], [213.2, 44.4], [212.6, 44.4], [212.6, 44.2]]}},
{"type": "Feature", "properties": {"level": "platform", "type": "wall", "platform": "4", "color": "#525252", "source": "PCIP Phase 1 Appendix A, sheet A-021, July 2019, PDF page 31"}, "geometry": {"type": "LineString", "coordinates": [[214.1, -46.1], [214.1, -46.4], [213.8, -46.4], [213.8, -46.5], [213.4, -46.5], [213.4, -46.8], [212.7, -46.8]]}},
{"type": "Feature", "properties": {"level": "platform", "type": "wall", "platform": "4", "color": "#525252", "source": "PCIP Phase 1 Appendix A, sheet A-021, July 2019, PDF page 31"}, "geometry": {"type": "LineString", "coordinates": [[214.1, -47.7], [214.1, -47.4], [213.8, -47.4], [213.8, -47.2], [213.4, -47.2], [213.4, -47.0], [212.7, -47.0], [212.7, -46.8]]}},
{"type": "Feature", "properties": {"level": "platform", "type": "wall", "platform": "5", "color": "#525252", "source": "PCIP Phase 1 Appendix A, sheet A-021, July 2019, PDF page 31"}, "geometry": {"type": "LineString", "coordinates": [[215.4, -2.8], [212.1, -2.8], [212.1, -2.4], [211.4, -2.4], [211.4, -3.4], [215.4, -3.4]]}},
{"type": "Feature", "properties": {"level": "platform", "type": "wall", "platform": "5", "color": "#525252", "source": "PCIP Phase 1 Appendix A, sheet A-021, July 2019, PDF page 31"}, "geometry": {"type": "LineString", "coordinates": [[217.3, -3.4], [239.0, -3.4], [239.0, 3.8], [211.4, 3.8], [211.4, 2.7], [212.1, 2.7], [212.1, 3.2], [238.3, 3.2], [238.3, -2.8], [217.3, -2.8]]}},
{"type": "Feature", "properties": {"level": "platform", "type": "wall", "platform": "7", "color": "#525252", "source": "PCIP Phase 1 Appendix A, sheet A-021, July 2019, PDF page 31"}, "geometry": {"type": "LineString", "coordinates": [[236.4, 86.0], [219.4, 86.0]]}},
{"type": "Feature", "properties": {"level": "platform", "type": "wall", "platform": "7", "color": "#525252", "source": "PCIP Phase 1 Appendix A, sheet A-021, July 2019, PDF page 31"}, "geometry": {"type": "LineString", "coordinates": [[219.4, 86.0], [221.1, 86.4], [233.6, 86.4]]}},
{"type": "Feature", "properties": {"level": "platform", "type": "wall", "platform": "7", "color": "#525252", "source": "PCIP Phase 1 Appendix A, sheet A-021, July 2019, PDF page 31"}, "geometry": {"type": "LineString", "coordinates": [[219.4, 88.6], [237.5, 88.6]]}},
{"type": "Feature", "properties": {"level": "platform", "type": "wall", "platform": "7", "color": "#525252", "source": "PCIP Phase 1 Appendix A, sheet A-021, July 2019, PDF page 31"}, "geometry": {"type": "LineString", "coordinates": [[219.4, 88.6], [221.1, 88.2], [233.6, 88.3]]}},
{"type": "Feature", "properties": {"level": "platform", "type": "wall", "platform": "7", "color": "#525252", "source": "PCIP Phase 1 Appendix A, sheet A-021, July 2019, PDF page 31"}, "geometry": {"type": "LineString", "coordinates": [[236.4, 85.8], [219.8, 85.8]]}},
{"type": "Feature", "properties": {"level": "platform", "type": "wall", "platform": "7", "color": "#525252", "source": "PCIP Phase 1 Appendix A, sheet A-021, July 2019, PDF page 31"}, "geometry": {"type": "LineString", "coordinates": [[219.8, 85.8], [219.8, 85.1], [236.0, 85.1]]}},
{"type": "Feature", "properties": {"level": "platform", "type": "wall", "platform": "7", "color": "#525252", "source": "PCIP Phase 1 Appendix A, sheet A-021, July 2019, PDF page 31"}, "geometry": {"type": "LineString", "coordinates": [[219.8, 88.8], [237.7, 88.8]]}},
{"type": "Feature", "properties": {"level": "platform", "type": "wall", "platform": "7", "color": "#525252", "source": "PCIP Phase 1 Appendix A, sheet A-021, July 2019, PDF page 31"}, "geometry": {"type": "LineString", "coordinates": [[219.8, 89.4], [237.9, 89.4]]}},
{"type": "Feature", "properties": {"level": "platform", "type": "wall", "platform": "8", "color": "#525252", "source": "PCIP Phase 1 Appendix A, sheet A-021, July 2019, PDF page 31"}, "geometry": {"type": "LineString", "coordinates": [[221.3, 136.6], [237.6, 136.6]]}},
{"type": "Feature", "properties": {"level": "platform", "type": "wall", "platform": "8", "color": "#525252", "source": "PCIP Phase 1 Appendix A, sheet A-021, July 2019, PDF page 31"}, "geometry": {"type": "LineString", "coordinates": [[221.3, 136.6], [221.1, 136.6], [221.1, 136.8], [221.7, 136.8]]}},
{"type": "Feature", "properties": {"level": "platform", "type": "wall", "platform": "8", "color": "#525252", "source": "PCIP Phase 1 Appendix A, sheet A-021, July 2019, PDF page 31"}, "geometry": {"type": "LineString", "coordinates": [[221.3, 136.6], [223.0, 136.1]]}},
{"type": "Feature", "properties": {"level": "platform", "type": "wall", "platform": "8", "color": "#525252", "source": "PCIP Phase 1 Appendix A, sheet A-021, July 2019, PDF page 31"}, "geometry": {"type": "LineString", "coordinates": [[221.7, 136.8], [237.7, 136.8]]}},
{"type": "Feature", "properties": {"level": "platform", "type": "wall", "platform": "8", "color": "#525252", "source": "PCIP Phase 1 Appendix A, sheet A-021, July 2019, PDF page 31"}, "geometry": {"type": "LineString", "coordinates": [[221.7, 136.8], [221.7, 137.4], [238.1, 137.4]]}},
{"type": "Feature", "properties": {"level": "platform", "type": "wall", "platform": "7", "color": "#525252", "source": "PCIP Phase 1 Appendix A, sheet A-021, July 2019, PDF page 31"}, "geometry": {"type": "LineString", "coordinates": [[234.8, 86.4], [233.6, 86.4]]}},
{"type": "Feature", "properties": {"level": "platform", "type": "wall", "platform": "7", "color": "#525252", "source": "PCIP Phase 1 Appendix A, sheet A-021, July 2019, PDF page 31"}, "geometry": {"type": "LineString", "coordinates": [[233.6, 88.3], [233.6, 86.4]]}},
{"type": "Feature", "properties": {"level": "platform", "type": "wall", "platform": "7", "color": "#525252", "source": "PCIP Phase 1 Appendix A, sheet A-021, July 2019, PDF page 31"}, "geometry": {"type": "LineString", "coordinates": [[233.6, 88.3], [234.8, 88.3]]}},
{"type": "Feature", "properties": {"level": "platform", "type": "wall", "platform": "9", "color": "#525252", "source": "PCIP Phase 1 Appendix A, sheet A-021, July 2019, PDF page 31"}, "geometry": {"type": "LineString", "coordinates": [[233.6, 178.6], [233.9, 180.2]]}},
{"type": "Feature", "properties": {"level": "platform", "type": "wall", "platform": "9", "color": "#525252", "source": "PCIP Phase 1 Appendix A, sheet A-021, July 2019, PDF page 31"}, "geometry": {"type": "LineString", "coordinates": [[233.9, 179.5], [238.8, 179.5], [238.8, 180.2], [233.9, 180.2]]}},
{"type": "Feature", "properties": {"level": "platform", "type": "wall", "platform": "9", "color": "#525252", "source": "PCIP Phase 1 Appendix A, sheet A-021, July 2019, PDF page 31"}, "geometry": {"type": "LineString", "coordinates": [[233.9, 180.2], [234.3, 182.6], [235.5, 182.9], [234.5, 182.9]]}},
{"type": "Feature", "properties": {"level": "platform", "type": "wall", "platform": "3", "color": "#525252", "source": "PCIP Phase 1 Appendix A, sheet A-021, July 2019, PDF page 31"}, "geometry": {"type": "LineString", "coordinates": [[234.3, -94.0], [235.5, -93.7], [234.5, -93.6]]}},
{"type": "Feature", "properties": {"level": "platform", "type": "wall", "platform": "9", "color": "#525252", "source": "PCIP Phase 1 Appendix A, sheet A-021, July 2019, PDF page 31"}, "geometry": {"type": "LineString", "coordinates": [[234.5, 183.6], [235.0, 185.1]]}},
{"type": "Feature", "properties": {"level": "platform", "type": "wall", "platform": "7", "color": "#525252", "source": "PCIP Phase 1 Appendix A, sheet A-021, July 2019, PDF page 31"}, "geometry": {"type": "LineString", "coordinates": [[234.8, 88.3], [234.8, 86.4]]}},
{"type": "Feature", "properties": {"level": "platform", "type": "wall", "platform": "9", "color": "#525252", "source": "PCIP Phase 1 Appendix A, sheet A-021, July 2019, PDF page 31"}, "geometry": {"type": "LineString", "coordinates": [[234.9, 184.5], [245.6, 182.9], [245.6, 180.2], [241.8, 180.2], [241.8, 179.5], [246.2, 179.5], [246.2, 183.6], [235.0, 185.1]]}},
{"type": "Feature", "properties": {"level": "platform", "type": "wall", "platform": "7", "color": "#525252", "source": "PCIP Phase 1 Appendix A, sheet A-021, July 2019, PDF page 31"}, "geometry": {"type": "LineString", "coordinates": [[236.4, 85.8], [235.0, 83.0]]}},
{"type": "Feature", "properties": {"level": "platform", "type": "wall", "platform": "8", "color": "#525252", "source": "PCIP Phase 1 Appendix A, sheet A-021, July 2019, PDF page 31"}, "geometry": {"type": "LineString", "coordinates": [[236.7, 134.2], [235.4, 131.3]]}},
{"type": "Feature", "properties": {"level": "platform", "type": "wall", "platform": "8", "color": "#525252", "source": "PCIP Phase 1 Appendix A, sheet A-021, July 2019, PDF page 31"}, "geometry": {"type": "LineString", "coordinates": [[237.6, 136.6], [237.1, 135.5], [238.6, 134.5], [235.4, 135.4]]}},
{"type": "Feature", "properties": {"level": "platform", "type": "wall", "platform": "7", "color": "#525252", "source": "PCIP Phase 1 Appendix A, sheet A-021, July 2019, PDF page 31"}, "geometry": {"type": "LineString", "coordinates": [[236.7, 86.4], [235.5, 86.4]]}},
{"type": "Feature", "properties": {"level": "platform", "type": "wall", "platform": "7", "color": "#525252", "source": "PCIP Phase 1 Appendix A, sheet A-021, July 2019, PDF page 31"}, "geometry": {"type": "LineString", "coordinates": [[235.5, 87.3], [236.7, 86.4]]}},
{"type": "Feature", "properties": {"level": "platform", "type": "wall", "platform": "7", "color": "#525252", "source": "PCIP Phase 1 Appendix A, sheet A-021, July 2019, PDF page 31"}, "geometry": {"type": "LineString", "coordinates": [[236.7, 87.1], [235.5, 87.4]]}},
{"type": "Feature", "properties": {"level": "platform", "type": "wall", "platform": "7", "color": "#525252", "source": "PCIP Phase 1 Appendix A, sheet A-021, July 2019, PDF page 31"}, "geometry": {"type": "LineString", "coordinates": [[235.5, 88.3], [236.7, 88.3]]}},
{"type": "Feature", "properties": {"level": "platform", "type": "wall", "platform": "7", "color": "#525252", "source": "PCIP Phase 1 Appendix A, sheet A-021, July 2019, PDF page 31"}, "geometry": {"type": "LineString", "coordinates": [[236.7, 88.3], [236.7, 87.1]]}},
{"type": "Feature", "properties": {"level": "platform", "type": "wall", "platform": "7", "color": "#525252", "source": "PCIP Phase 1 Appendix A, sheet A-021, July 2019, PDF page 31"}, "geometry": {"type": "LineString", "coordinates": [[237.5, 88.3], [237.3, 87.7], [238.6, 86.7], [236.7, 87.1]]}},
{"type": "Feature", "properties": {"level": "platform", "type": "wall", "platform": "7", "color": "#525252", "source": "PCIP Phase 1 Appendix A, sheet A-021, July 2019, PDF page 31"}, "geometry": {"type": "LineString", "coordinates": [[238.8, 91.4], [237.7, 88.8]]}},
{"type": "Feature", "properties": {"level": "platform", "type": "wall", "platform": "8", "color": "#525252", "source": "PCIP Phase 1 Appendix A, sheet A-021, July 2019, PDF page 31"}, "geometry": {"type": "LineString", "coordinates": [[238.6, 138.5], [238.1, 137.4]]}},
{"type": "Feature", "properties": {"level": "platform", "type": "wall", "platform": "10", "color": "#525252", "source": "PCIP Phase 1 Appendix A, sheet A-021, July 2019, PDF page 31"}, "geometry": {"type": "LineString", "coordinates": [[269.7, 207.9], [248.0, 207.9]]}},
{"type": "Feature", "properties": {"level": "platform", "type": "wall", "platform": "10", "color": "#525252", "source": "PCIP Phase 1 Appendix A, sheet A-021, July 2019, PDF page 31"}, "geometry": {"type": "LineString", "coordinates": [[250.8, 208.3], [248.0, 207.9]]}},
{"type": "Feature", "properties": {"level": "platform", "type": "wall", "platform": "10", "color": "#525252", "source": "PCIP Phase 1 Appendix A, sheet A-021, July 2019, PDF page 31"}, "geometry": {"type": "LineString", "coordinates": [[248.0, 207.9], [247.7, 207.9], [247.7, 207.7], [269.7, 207.9]]}},
{"type": "Feature", "properties": {"level": "platform", "type": "wall", "platform": "10", "color": "#525252", "source": "PCIP Phase 1 Appendix A, sheet A-021, July 2019, PDF page 31"}, "geometry": {"type": "LineString", "coordinates": [[248.0, 212.0], [269.0, 212.0]]}},
{"type": "Feature", "properties": {"level": "platform", "type": "wall", "platform": "10", "color": "#525252", "source": "PCIP Phase 1 Appendix A, sheet A-021, July 2019, PDF page 31"}, "geometry": {"type": "LineString", "coordinates": [[248.0, 212.0], [247.7, 212.0], [247.7, 212.2], [248.6, 212.2]]}},
{"type": "Feature", "properties": {"level": "platform", "type": "wall", "platform": "10", "color": "#525252", "source": "PCIP Phase 1 Appendix A, sheet A-021, July 2019, PDF page 31"}, "geometry": {"type": "LineString", "coordinates": [[248.0, 212.0], [250.8, 211.6]]}},
{"type": "Feature", "properties": {"level": "platform", "type": "wall", "platform": "10", "color": "#525252", "source": "PCIP Phase 1 Appendix A, sheet A-021, July 2019, PDF page 31"}, "geometry": {"type": "LineString", "coordinates": [[249.5, 207.5], [249.5, 207.3], [242.4, 207.1], [242.4, 207.5], [248.6, 207.5]]}},
{"type": "Feature", "properties": {"level": "platform", "type": "wall", "platform": "10", "color": "#525252", "source": "PCIP Phase 1 Appendix A, sheet A-021, July 2019, PDF page 31"}, "geometry": {"type": "LineString", "coordinates": [[248.6, 212.2], [269.0, 212.2]]}},
{"type": "Feature", "properties": {"level": "platform", "type": "wall", "platform": "10", "color": "#525252", "source": "PCIP Phase 1 Appendix A, sheet A-021, July 2019, PDF page 31"}, "geometry": {"type": "LineString", "coordinates": [[248.6, 212.6], [242.4, 212.6], [242.4, 212.9], [249.5, 212.9], [249.5, 212.6]]}},
{"type": "Feature", "properties": {"level": "platform", "type": "wall", "platform": "10", "color": "#525252", "source": "PCIP Phase 1 Appendix A, sheet A-021, July 2019, PDF page 31"}, "geometry": {"type": "LineString", "coordinates": [[268.9, 212.6], [249.5, 212.6]]}},
{"type": "Feature", "properties": {"level": "platform", "type": "wall", "platform": "10", "color": "#525252", "source": "PCIP Phase 1 Appendix A, sheet A-021, July 2019, PDF page 31"}, "geometry": {"type": "LineString", "coordinates": [[269.8, 207.5], [249.5, 207.5]]}},
{"type": "Feature", "properties": {"level": "platform", "type": "enclosure", "platform": "7", "color": "#525252", "source": "PCIP Phase 1 Appendix A, sheet A-021, July 2019, PDF page 31"}, "geometry": {"type": "Polygon", "coordinates": [[[253.7, 85.1], [253.5, 85.1], [253.5, 84.9], [273.7, 85.1], [253.7, 85.1]]]}},
{"type": "Feature", "properties": {"level": "platform", "type": "wall", "platform": "7", "color": "#525252", "source": "PCIP Phase 1 Appendix A, sheet A-021, July 2019, PDF page 31"}, "geometry": {"type": "LineString", "coordinates": [[258.2, 85.6], [257.5, 85.6], [253.7, 85.1]]}},
{"type": "Feature", "properties": {"level": "platform", "type": "wall", "platform": "7", "color": "#525252", "source": "PCIP Phase 1 Appendix A, sheet A-021, July 2019, PDF page 31"}, "geometry": {"type": "LineString", "coordinates": [[253.7, 89.2], [275.3, 89.2]]}},
{"type": "Feature", "properties": {"level": "platform", "type": "wall", "platform": "7", "color": "#525252", "source": "PCIP Phase 1 Appendix A, sheet A-021, July 2019, PDF page 31"}, "geometry": {"type": "LineString", "coordinates": [[253.7, 89.2], [253.5, 89.2], [253.5, 89.5], [254.3, 89.5]]}},
{"type": "Feature", "properties": {"level": "platform", "type": "wall", "platform": "7", "color": "#525252", "source": "PCIP Phase 1 Appendix A, sheet A-021, July 2019, PDF page 31"}, "geometry": {"type": "LineString", "coordinates": [[253.7, 89.2], [257.5, 88.8], [258.0, 88.8]]}},
{"type": "Feature", "properties": {"level": "platform", "type": "wall", "platform": "8", "color": "#525252", "source": "PCIP Phase 1 Appendix A, sheet A-021, July 2019, PDF page 31"}, "geometry": {"type": "LineString", "coordinates": [[273.7, 132.7], [253.7, 132.7]]}},
{"type": "Feature", "properties": {"level": "platform", "type": "wall", "platform": "8", "color": "#525252", "source": "PCIP Phase 1 Appendix A, sheet A-021, July 2019, PDF page 31"}, "geometry": {"type": "LineString", "coordinates": [[257.5, 133.2], [253.7, 132.7]]}},
{"type": "Feature", "properties": {"level": "platform", "type": "wall", "platform": "8", "color": "#525252", "source": "PCIP Phase 1 Appendix A, sheet A-021, July 2019, PDF page 31"}, "geometry": {"type": "LineString", "coordinates": [[273.6, 132.6], [253.5, 132.6], [253.5, 132.7], [253.7, 132.7]]}},
{"type": "Feature", "properties": {"level": "platform", "type": "wall", "platform": "8", "color": "#525252", "source": "PCIP Phase 1 Appendix A, sheet A-021, July 2019, PDF page 31"}, "geometry": {"type": "LineString", "coordinates": [[253.7, 136.8], [275.3, 136.8]]}},
{"type": "Feature", "properties": {"level": "platform", "type": "wall", "platform": "8", "color": "#525252", "source": "PCIP Phase 1 Appendix A, sheet A-021, July 2019, PDF page 31"}, "geometry": {"type": "LineString", "coordinates": [[253.7, 136.8], [253.5, 136.8], [253.5, 137.0], [254.3, 137.0]]}},
{"type": "Feature", "properties": {"level": "platform", "type": "wall", "platform": "8", "color": "#525252", "source": "PCIP Phase 1 Appendix A, sheet A-021, July 2019, PDF page 31"}, "geometry": {"type": "LineString", "coordinates": [[253.7, 136.8], [257.5, 136.4]]}},
{"type": "Feature", "properties": {"level": "platform", "type": "wall", "platform": "7", "color": "#525252", "source": "PCIP Phase 1 Appendix A, sheet A-021, July 2019, PDF page 31"}, "geometry": {"type": "LineString", "coordinates": [[254.3, 84.9], [254.3, 84.3], [273.5, 84.3]]}},
{"type": "Feature", "properties": {"level": "platform", "type": "wall", "platform": "7", "color": "#525252", "source": "PCIP Phase 1 Appendix A, sheet A-021, July 2019, PDF page 31"}, "geometry": {"type": "LineString", "coordinates": [[254.3, 89.5], [275.5, 89.5]]}},
{"type": "Feature", "properties": {"level": "platform", "type": "wall", "platform": "7", "color": "#525252", "source": "PCIP Phase 1 Appendix A, sheet A-021, July 2019, PDF page 31"}, "geometry": {"type": "LineString", "coordinates": [[254.3, 89.5], [254.3, 90.1], [275.6, 90.1], [275.7, 90.1]]}},
{"type": "Feature", "properties": {"level": "platform", "type": "wall", "platform": "8", "color": "#525252", "source": "PCIP Phase 1 Appendix A, sheet A-021, July 2019, PDF page 31"}, "geometry": {"type": "LineString", "coordinates": [[254.3, 137.0], [275.4, 137.0]]}},
{"type": "Feature", "properties": {"level": "platform", "type": "wall", "platform": "8", "color": "#525252", "source": "PCIP Phase 1 Appendix A, sheet A-021, July 2019, PDF page 31"}, "geometry": {"type": "LineString", "coordinates": [[254.3, 137.0], [254.3, 137.7], [275.6, 137.7], [275.8, 137.7]]}},
{"type": "Feature", "properties": {"level": "platform", "type": "wall", "platform": "7", "color": "#525252", "source": "PCIP Phase 1 Appendix A, sheet A-021, July 2019, PDF page 31"}, "geometry": {"type": "LineString", "coordinates": [[258.0, 88.8], [259.0, 88.8]]}},
{"type": "Feature", "properties": {"level": "platform", "type": "wall", "platform": "7", "color": "#525252", "source": "PCIP Phase 1 Appendix A, sheet A-021, July 2019, PDF page 31"}, "geometry": {"type": "LineString", "coordinates": [[258.0, 88.8], [258.1, 87.3]]}},
{"type": "Feature", "properties": {"level": "platform", "type": "wall", "platform": "7", "color": "#525252", "source": "PCIP Phase 1 Appendix A, sheet A-021, July 2019, PDF page 31"}, "geometry": {"type": "LineString", "coordinates": [[258.1, 87.3], [258.2, 85.6]]}},
{"type": "Feature", "properties": {"level": "platform", "type": "wall", "platform": "7", "color": "#525252", "source": "PCIP Phase 1 Appendix A, sheet A-021, July 2019, PDF page 31"}, "geometry": {"type": "LineString", "coordinates": [[260.1, 85.6], [259.0, 85.6]]}},
{"type": "Feature", "properties": {"level": "platform", "type": "wall", "platform": "7", "color": "#525252", "source": "PCIP Phase 1 Appendix A, sheet A-021, July 2019, PDF page 31"}, "geometry": {"type": "LineString", "coordinates": [[259.0, 87.3], [259.0, 85.6]]}},
{"type": "Feature", "properties": {"level": "platform", "type": "wall", "platform": "7", "color": "#525252", "source": "PCIP Phase 1 Appendix A, sheet A-021, July 2019, PDF page 31"}, "geometry": {"type": "LineString", "coordinates": [[259.0, 87.3], [260.1, 87.3]]}},
{"type": "Feature", "properties": {"level": "platform", "type": "wall", "platform": "7", "color": "#525252", "source": "PCIP Phase 1 Appendix A, sheet A-021, July 2019, PDF page 31"}, "geometry": {"type": "LineString", "coordinates": [[259.0, 88.8], [259.0, 87.3]]}},
{"type": "Feature", "properties": {"level": "platform", "type": "wall", "platform": "7", "color": "#525252", "source": "PCIP Phase 1 Appendix A, sheet A-021, July 2019, PDF page 31"}, "geometry": {"type": "LineString", "coordinates": [[259.0, 88.8], [260.1, 88.8]]}},
{"type": "Feature", "properties": {"level": "platform", "type": "wall", "platform": "7", "color": "#525252", "source": "PCIP Phase 1 Appendix A, sheet A-021, July 2019, PDF page 31"}, "geometry": {"type": "LineString", "coordinates": [[261.2, 85.6], [260.1, 85.6]]}},
{"type": "Feature", "properties": {"level": "platform", "type": "wall", "platform": "7", "color": "#525252", "source": "PCIP Phase 1 Appendix A, sheet A-021, July 2019, PDF page 31"}, "geometry": {"type": "LineString", "coordinates": [[260.1, 87.3], [260.1, 85.6]]}},
{"type": "Feature", "properties": {"level": "platform", "type": "wall", "platform": "7", "color": "#525252", "source": "PCIP Phase 1 Appendix A, sheet A-021, July 2019, PDF page 31"}, "geometry": {"type": "LineString", "coordinates": [[260.1, 88.8], [260.1, 87.3]]}},
{"type": "Feature", "properties": {"level": "platform", "type": "wall", "platform": "7", "color": "#525252", "source": "PCIP Phase 1 Appendix A, sheet A-021, July 2019, PDF page 31"}, "geometry": {"type": "LineString", "coordinates": [[260.9, 88.8], [270.9, 88.8]]}},
{"type": "Feature", "properties": {"level": "platform", "type": "wall", "platform": "7", "color": "#525252", "source": "PCIP Phase 1 Appendix A, sheet A-021, July 2019, PDF page 31"}, "geometry": {"type": "LineString", "coordinates": [[260.9, 88.8], [261.1, 87.3]]}},
{"type": "Feature", "properties": {"level": "platform", "type": "wall", "platform": "7", "color": "#525252", "source": "PCIP Phase 1 Appendix A, sheet A-021, July 2019, PDF page 31"}, "geometry": {"type": "LineString", "coordinates": [[261.1, 87.3], [271.1, 87.3]]}},
{"type": "Feature", "properties": {"level": "platform", "type": "wall", "platform": "7", "color": "#525252", "source": "PCIP Phase 1 Appendix A, sheet A-021, July 2019, PDF page 31"}, "geometry": {"type": "LineString", "coordinates": [[261.1, 87.3], [261.2, 85.6]]}},
{"type": "Feature", "properties": {"level": "platform", "type": "wall", "platform": "7", "color": "#525252", "source": "PCIP Phase 1 Appendix A, sheet A-021, July 2019, PDF page 31"}, "geometry": {"type": "LineString", "coordinates": [[271.2, 85.6], [261.2, 85.6]]}},
{"type": "Feature", "properties": {"level": "platform", "type": "wall", "platform": "11", "color": "#525252", "source": "PCIP Phase 1 Appendix A, sheet A-021, July 2019, PDF page 31"}, "geometry": {"type": "LineString", "coordinates": [[262.7, 277.6], [262.9, 277.6], [262.9, 277.3], [263.3, 277.3], [263.3, 277.1], [263.6, 277.1], [263.6, 276.9], [264.3, 276.9], [264.3, 276.7], [264.8, 276.7]]}},
{"type": "Feature", "properties": {"level": "platform", "type": "wall", "platform": "11", "color": "#525252", "source": "PCIP Phase 1 Appendix A, sheet A-021, July 2019, PDF page 31"}, "geometry": {"type": "LineString", "coordinates": [[265.0, 279.6], [262.7, 277.6]]}},
{"type": "Feature", "properties": {"level": "platform", "type": "wall", "platform": "11", "color": "#525252", "source": "PCIP Phase 1 Appendix A, sheet A-021, July 2019, PDF page 31"}, "geometry": {"type": "LineString", "coordinates": [[262.7, 277.6], [264.8, 279.9], [265.0, 279.6]]}},
{"type": "Feature", "properties": {"level": "platform", "type": "wall", "platform": "5", "color": "#525252", "source": "PCIP Phase 1 Appendix A, sheet A-021, July 2019, PDF page 31"}, "geometry": {"type": "LineString", "coordinates": [[264.0, 2.1], [284.4, 2.1]]}},
{"type": "Feature", "properties": {"level": "platform", "type": "wall", "platform": "5", "color": "#525252", "source": "PCIP Phase 1 Appendix A, sheet A-021, July 2019, PDF page 31"}, "geometry": {"type": "LineString", "coordinates": [[264.0, 2.1], [263.7, 2.1], [263.7, 2.3], [264.3, 2.3]]}},
{"type": "Feature", "properties": {"level": "platform", "type": "wall", "platform": "5", "color": "#525252", "source": "PCIP Phase 1 Appendix A, sheet A-021, July 2019, PDF page 31"}, "geometry": {"type": "LineString", "coordinates": [[264.0, 2.1], [265.6, 1.7]]}},
{"type": "Feature", "properties": {"level": "platform", "type": "wall", "platform": "6", "color": "#525252", "source": "PCIP Phase 1 Appendix A, sheet A-021, July 2019, PDF page 31"}, "geometry": {"type": "LineString", "coordinates": [[264.0, 45.8], [284.3, 45.8]]}},
{"type": "Feature", "properties": {"level": "platform", "type": "wall", "platform": "6", "color": "#525252", "source": "PCIP Phase 1 Appendix A, sheet A-021, July 2019, PDF page 31"}, "geometry": {"type": "LineString", "coordinates": [[264.0, 45.8], [263.6, 45.8], [263.6, 46.1], [264.3, 46.1]]}},
{"type": "Feature", "properties": {"level": "platform", "type": "wall", "platform": "6", "color": "#525252", "source": "PCIP Phase 1 Appendix A, sheet A-021, July 2019, PDF page 31"}, "geometry": {"type": "LineString", "coordinates": [[264.0, 45.8], [265.6, 45.4]]}},
{"type": "Feature", "properties": {"level": "platform", "type": "wall", "platform": "6", "color": "#525252", "source": "PCIP Phase 1 Appendix A, sheet A-021, July 2019, PDF page 31"}, "geometry": {"type": "LineString", "coordinates": [[283.8, 42.4], [264.0, 42.3]]}},
{"type": "Feature", "properties": {"level": "platform", "type": "wall", "platform": "6", "color": "#525252", "source": "PCIP Phase 1 Appendix A, sheet A-021, July 2019, PDF page 31"}, "geometry": {"type": "LineString", "coordinates": [[265.6, 42.7], [264.0, 42.3]]}},
{"type": "Feature", "properties": {"level": "platform", "type": "wall", "platform": "6", "color": "#525252", "source": "PCIP Phase 1 Appendix A, sheet A-021, July 2019, PDF page 31"}, "geometry": {"type": "LineString", "coordinates": [[283.7, 42.3], [263.6, 42.0], [263.6, 42.3], [264.0, 42.3]]}},
{"type": "Feature", "properties": {"level": "platform", "type": "wall", "platform": "5", "color": "#525252", "source": "PCIP Phase 1 Appendix A, sheet A-021, July 2019, PDF page 31"}, "geometry": {"type": "LineString", "coordinates": [[264.3, 2.3], [284.4, 2.3], [284.5, 2.3]]}},
{"type": "Feature", "properties": {"level": "platform", "type": "wall", "platform": "5", "color": "#525252", "source": "PCIP Phase 1 Appendix A, sheet A-021, July 2019, PDF page 31"}, "geometry": {"type": "LineString", "coordinates": [[264.3, 2.3], [264.3, 2.9], [284.6, 2.9], [284.6, 2.9]]}},
{"type": "Feature", "properties": {"level": "platform", "type": "wall", "platform": "6", "color": "#525252", "source": "PCIP Phase 1 Appendix A, sheet A-021, July 2019, PDF page 31"}, "geometry": {"type": "LineString", "coordinates": [[264.3, 42.0], [264.3, 41.4], [271.0, 41.4]]}},
{"type": "Feature", "properties": {"level": "platform", "type": "wall", "platform": "6", "color": "#525252", "source": "PCIP Phase 1 Appendix A, sheet A-021, July 2019, PDF page 31"}, "geometry": {"type": "LineString", "coordinates": [[264.3, 46.1], [284.3, 46.1]]}},
{"type": "Feature", "properties": {"level": "platform", "type": "wall", "platform": "6", "color": "#525252", "source": "PCIP Phase 1 Appendix A, sheet A-021, July 2019, PDF page 31"}, "geometry": {"type": "LineString", "coordinates": [[264.3, 46.1], [264.3, 46.7], [271.0, 46.7]]}},
{"type": "Feature", "properties": {"level": "platform", "type": "wall", "platform": "3", "color": "#525252", "source": "PCIP Phase 1 Appendix A, sheet A-021, July 2019, PDF page 31"}, "geometry": {"type": "LineString", "coordinates": [[264.6, -95.7], [264.6, -96.5], [284.8, -96.4]]}},
{"type": "Feature", "properties": {"level": "platform", "type": "wall", "platform": "11", "color": "#525252", "source": "PCIP Phase 1 Appendix A, sheet A-021, July 2019, PDF page 31"}, "geometry": {"type": "LineString", "coordinates": [[269.8, 280.7], [265.6, 280.7], [265.6, 279.6], [265.0, 279.6]]}},
{"type": "Feature", "properties": {"level": "platform", "type": "wall", "platform": "11", "color": "#525252", "source": "PCIP Phase 1 Appendix A, sheet A-021, July 2019, PDF page 31"}, "geometry": {"type": "LineString", "coordinates": [[265.0, 279.6], [265.0, 281.4], [269.7, 281.4]]}},
{"type": "Feature", "properties": {"level": "platform", "type": "wall", "platform": "10", "color": "#525252", "source": "PCIP Phase 1 Appendix A, sheet A-021, July 2019, PDF page 31"}, "geometry": {"type": "LineString", "coordinates": [[267.3, 221.1], [272.5, 221.4], [272.5, 220.1], [271.8, 220.1], [271.8, 220.5], [267.4, 220.5]]}},
{"type": "Feature", "properties": {"level": "platform", "type": "wall", "platform": "10", "color": "#525252", "source": "PCIP Phase 1 Appendix A, sheet A-021, July 2019, PDF page 31"}, "geometry": {"type": "LineString", "coordinates": [[269.0, 212.2], [268.7, 213.9], [269.7, 214.9], [267.4, 214.8]]}},
{"type": "Feature", "properties": {"level": "platform", "type": "wall", "platform": "10", "color": "#525252", "source": "PCIP Phase 1 Appendix A, sheet A-021, July 2019, PDF page 31"}, "geometry": {"type": "LineString", "coordinates": [[268.4, 215.2], [267.4, 220.5]]}},
{"type": "Feature", "properties": {"level": "platform", "type": "wall", "platform": "10", "color": "#525252", "source": "PCIP Phase 1 Appendix A, sheet A-021, July 2019, PDF page 31"}, "geometry": {"type": "LineString", "coordinates": [[268.9, 213.0], [271.8, 213.0], [271.8, 208.2], [269.7, 208.2]]}},
{"type": "Feature", "properties": {"level": "platform", "type": "wall", "platform": "10", "color": "#525252", "source": "PCIP Phase 1 Appendix A, sheet A-021, July 2019, PDF page 31"}, "geometry": {"type": "LineString", "coordinates": [[269.8, 207.5], [269.9, 207.5], [272.5, 207.5], [272.5, 215.2], [271.8, 215.2], [271.8, 213.7], [268.9, 213.7]]}},
{"type": "Feature", "properties": {"level": "platform", "type": "wall", "platform": "10", "color": "#525252", "source": "PCIP Phase 1 Appendix A, sheet A-021, July 2019, PDF page 31"}, "geometry": {"type": "LineString", "coordinates": [[269.7, 207.9], [269.0, 212.0]]}},
{"type": "Feature", "properties": {"level": "platform", "type": "wall", "platform": "11", "color": "#525252", "source": "PCIP Phase 1 Appendix A, sheet A-021, July 2019, PDF page 31"}, "geometry": {"type": "LineString", "coordinates": [[269.7, 281.4], [281.9, 281.4], [281.9, 280.7], [270.2, 280.7]]}},
{"type": "Feature", "properties": {"level": "platform", "type": "wall", "platform": "11", "color": "#525252", "source": "PCIP Phase 1 Appendix A, sheet A-021, July 2019, PDF page 31"}, "geometry": {"type": "LineString", "coordinates": [[269.8, 280.7], [270.2, 278.6], [269.3, 278.2], [271.4, 278.3], [270.3, 278.0], [270.8, 275.8]]}},
{"type": "Feature", "properties": {"level": "platform", "type": "wall", "platform": "11", "color": "#525252", "source": "PCIP Phase 1 Appendix A, sheet A-021, July 2019, PDF page 31"}, "geometry": {"type": "LineString", "coordinates": [[270.2, 279.5], [270.2, 280.7]]}},
{"type": "Feature", "properties": {"level": "platform", "type": "wall", "platform": "11", "color": "#525252", "source": "PCIP Phase 1 Appendix A, sheet A-021, July 2019, PDF page 31"}, "geometry": {"type": "LineString", "coordinates": [[271.0, 274.9], [281.9, 274.9], [281.9, 275.8], [270.8, 275.8]]}},
{"type": "Feature", "properties": {"level": "platform", "type": "wall", "platform": "11", "color": "#525252", "source": "PCIP Phase 1 Appendix A, sheet A-021, July 2019, PDF page 31"}, "geometry": {"type": "LineString", "coordinates": [[270.8, 275.8], [265.6, 275.8], [265.6, 276.7], [265.0, 276.7], [265.0, 274.9], [271.0, 274.9]]}},
{"type": "Feature", "properties": {"level": "platform", "type": "wall", "platform": "7", "color": "#525252", "source": "PCIP Phase 1 Appendix A, sheet A-021, July 2019, PDF page 31"}, "geometry": {"type": "LineString", "coordinates": [[270.9, 88.8], [272.1, 88.8]]}},
{"type": "Feature", "properties": {"level": "platform", "type": "wall", "platform": "7", "color": "#525252", "source": "PCIP Phase 1 Appendix A, sheet A-021, July 2019, PDF page 31"}, "geometry": {"type": "LineString", "coordinates": [[270.9, 88.8], [271.1, 87.3]]}},
{"type": "Feature", "properties": {"level": "platform", "type": "wall", "platform": "7", "color": "#525252", "source": "PCIP Phase 1 Appendix A, sheet A-021, July 2019, PDF page 31"}, "geometry": {"type": "LineString", "coordinates": [[271.1, 87.3], [271.2, 85.6]]}},
{"type": "Feature", "properties": {"level": "platform", "type": "wall", "platform": "7", "color": "#525252", "source": "PCIP Phase 1 Appendix A, sheet A-021, July 2019, PDF page 31"}, "geometry": {"type": "LineString", "coordinates": [[271.2, 87.3], [271.2, 88.2], [272.1, 87.9]]}},
{"type": "Feature", "properties": {"level": "platform", "type": "wall", "platform": "7", "color": "#525252", "source": "PCIP Phase 1 Appendix A, sheet A-021, July 2019, PDF page 31"}, "geometry": {"type": "LineString", "coordinates": [[272.1, 86.6], [271.2, 86.2], [271.2, 87.3]]}},
{"type": "Feature", "properties": {"level": "platform", "type": "wall", "platform": "7", "color": "#525252", "source": "PCIP Phase 1 Appendix A, sheet A-021, July 2019, PDF page 31"}, "geometry": {"type": "LineString", "coordinates": [[273.1, 85.6], [272.1, 85.6]]}},
{"type": "Feature", "properties": {"level": "platform", "type": "wall", "platform": "7", "color": "#525252", "source": "PCIP Phase 1 Appendix A, sheet A-021, July 2019, PDF page 31"}, "geometry": {"type": "LineString", "coordinates": [[272.1, 86.6], [272.1, 85.6]]}},
{"type": "Feature", "properties": {"level": "platform", "type": "wall", "platform": "7", "color": "#525252", "source": "PCIP Phase 1 Appendix A, sheet A-021, July 2019, PDF page 31"}, "geometry": {"type": "LineString", "coordinates": [[273.1, 87.0], [272.1, 86.6]]}},
{"type": "Feature", "properties": {"level": "platform", "type": "wall", "platform": "7", "color": "#525252", "source": "PCIP Phase 1 Appendix A, sheet A-021, July 2019, PDF page 31"}, "geometry": {"type": "LineString", "coordinates": [[272.1, 87.9], [272.1, 86.6]]}},
{"type": "Feature", "properties": {"level": "platform", "type": "wall", "platform": "7", "color": "#525252", "source": "PCIP Phase 1 Appendix A, sheet A-021, July 2019, PDF page 31"}, "geometry": {"type": "LineString", "coordinates": [[272.1, 87.9], [273.1, 87.6]]}},
{"type": "Feature", "properties": {"level": "platform", "type": "wall", "platform": "7", "color": "#525252", "source": "PCIP Phase 1 Appendix A, sheet A-021, July 2019, PDF page 31"}, "geometry": {"type": "LineString", "coordinates": [[272.1, 88.8], [273.1, 88.8]]}},
{"type": "Feature", "properties": {"level": "platform", "type": "wall", "platform": "7", "color": "#525252", "source": "PCIP Phase 1 Appendix A, sheet A-021, July 2019, PDF page 31"}, "geometry": {"type": "LineString", "coordinates": [[273.5, 84.3], [272.9, 83.0]]}},
{"type": "Feature", "properties": {"level": "platform", "type": "wall", "platform": "8", "color": "#525252", "source": "PCIP Phase 1 Appendix A, sheet A-021, July 2019, PDF page 31"}, "geometry": {"type": "LineString", "coordinates": [[273.6, 132.6], [272.9, 130.8]]}},
{"type": "Feature", "properties": {"level": "platform", "type": "wall", "platform": "10", "color": "#525252", "source": "PCIP Phase 1 Appendix A, sheet A-021, July 2019, PDF page 31"}, "geometry": {"type": "LineString", "coordinates": [[274.0, 217.1], [274.0, 217.3], [273.6, 217.3], [273.6, 217.6], [272.9, 217.6]]}},
{"type": "Feature", "properties": {"level": "platform", "type": "wall", "platform": "10", "color": "#525252", "source": "PCIP Phase 1 Appendix A, sheet A-021, July 2019, PDF page 31"}, "geometry": {"type": "LineString", "coordinates": [[274.0, 218.2], [274.0, 218.0], [273.6, 218.0], [273.6, 217.7], [272.9, 217.7], [272.9, 217.6]]}},
{"type": "Feature", "properties": {"level": "platform", "type": "wall", "platform": "7", "color": "#525252", "source": "PCIP Phase 1 Appendix A, sheet A-021, July 2019, PDF page 31"}, "geometry": {"type": "LineString", "coordinates": [[273.1, 87.0], [273.1, 85.6]]}},
{"type": "Feature", "properties": {"level": "platform", "type": "wall", "platform": "7", "color": "#525252", "source": "PCIP Phase 1 Appendix A, sheet A-021, July 2019, PDF page 31"}, "geometry": {"type": "LineString", "coordinates": [[273.1, 87.6], [274.0, 87.3], [273.1, 87.0]]}},
{"type": "Feature", "properties": {"level": "platform", "type": "wall", "platform": "7", "color": "#525252", "source": "PCIP Phase 1 Appendix A, sheet A-021, July 2019, PDF page 31"}, "geometry": {"type": "LineString", "coordinates": [[273.1, 88.8], [273.1, 87.6]]}},
{"type": "Feature", "properties": {"level": "platform", "type": "wall", "platform": "7", "color": "#525252", "source": "PCIP Phase 1 Appendix A, sheet A-021, July 2019, PDF page 31"}, "geometry": {"type": "LineString", "coordinates": [[292.3, 84.5], [273.6, 84.3], [273.5, 84.3]]}},
{"type": "Feature", "properties": {"level": "platform", "type": "wall", "platform": "7", "color": "#525252", "source": "PCIP Phase 1 Appendix A, sheet A-021, July 2019, PDF page 31"}, "geometry": {"type": "LineString", "coordinates": [[274.0, 85.6], [273.5, 84.3]]}},
{"type": "Feature", "properties": {"level": "platform", "type": "wall", "platform": "8", "color": "#525252", "source": "PCIP Phase 1 Appendix A, sheet A-021, July 2019, PDF page 31"}, "geometry": {"type": "LineString", "coordinates": [[273.6, 132.6], [273.7, 132.6], [281.5, 132.6], [281.5, 133.2], [282.1, 133.2], [282.1, 131.9], [273.6, 131.9]]}},
{"type": "Feature", "properties": {"level": "platform", "type": "wall", "platform": "8", "color": "#525252", "source": "PCIP Phase 1 Appendix A, sheet A-021, July 2019, PDF page 31"}, "geometry": {"type": "LineString", "coordinates": [[274.4, 134.5], [273.7, 132.7]]}},
{"type": "Feature", "properties": {"level": "platform", "type": "wall", "platform": "7", "color": "#525252", "source": "PCIP Phase 1 Appendix A, sheet A-021, July 2019, PDF page 31"}, "geometry": {"type": "LineString", "coordinates": [[273.7, 84.9], [292.3, 85.1]]}},
{"type": "Feature", "properties": {"level": "platform", "type": "wall", "platform": "7", "color": "#525252", "source": "PCIP Phase 1 Appendix A, sheet A-021, July 2019, PDF page 31"}, "geometry": {"type": "LineString", "coordinates": [[274.0, 88.8], [275.1, 88.8]]}},
{"type": "Feature", "properties": {"level": "platform", "type": "wall", "platform": "7", "color": "#525252", "source": "PCIP Phase 1 Appendix A, sheet A-021, July 2019, PDF page 31"}, "geometry": {"type": "LineString", "coordinates": [[274.0, 88.8], [274.0, 87.7]]}},
{"type": "Feature", "properties": {"level": "platform", "type": "wall", "platform": "7", "color": "#525252", "source": "PCIP Phase 1 Appendix A, sheet A-021, July 2019, PDF page 31"}, "geometry": {"type": "LineString", "coordinates": [[275.1, 88.8], [274.9, 88.2], [275.0, 87.3], [274.0, 87.7]]}},
{"type": "Feature", "properties": {"level": "platform", "type": "wall", "platform": "7", "color": "#525252", "source": "PCIP Phase 1 Appendix A, sheet A-021, July 2019, PDF page 31"}, "geometry": {"type": "LineString", "coordinates": [[274.1, 87.6], [274.1, 86.0]]}},
{"type": "Feature", "properties": {"level": "platform", "type": "wall", "platform": "7", "color": "#525252", "source": "PCIP Phase 1 Appendix A, sheet A-021, July 2019, PDF page 31"}, "geometry": {"type": "LineString", "coordinates": [[274.1, 87.6], [274.4, 86.7], [274.1, 86.0]]}},
{"type": "Feature", "properties": {"level": "platform", "type": "wall", "platform": "2", "color": "#525252", "source": "PCIP Phase 1 Appendix A, sheet A-021, July 2019, PDF page 31"}, "geometry": {"type": "LineString", "coordinates": [[274.9, -143.7], [275.0, -142.7]]}},
{"type": "Feature", "properties": {"level": "platform", "type": "wall", "platform": "8", "color": "#525252", "source": "PCIP Phase 1 Appendix A, sheet A-021, July 2019, PDF page 31"}, "geometry": {"type": "LineString", "coordinates": [[275.4, 137.0], [274.9, 135.8]]}},
{"type": "Feature", "properties": {"level": "platform", "type": "wall", "platform": "2", "color": "#525252", "source": "PCIP Phase 1 Appendix A, sheet A-021, July 2019, PDF page 31"}, "geometry": {"type": "LineString", "coordinates": [[284.8, -142.7], [275.0, -142.7]]}},
{"type": "Feature", "properties": {"level": "platform", "type": "wall", "platform": "2", "color": "#525252", "source": "PCIP Phase 1 Appendix A, sheet A-021, July 2019, PDF page 31"}, "geometry": {"type": "LineString", "coordinates": [[275.0, -142.7], [262.1, -142.7], [262.1, -142.2], [284.9, -142.2]]}},
{"type": "Feature", "properties": {"level": "platform", "type": "wall", "platform": "9", "color": "#525252", "source": "PCIP Phase 1 Appendix A, sheet A-021, July 2019, PDF page 31"}, "geometry": {"type": "LineString", "coordinates": [[275.9, 180.2], [275.3, 178.6]]}},
{"type": "Feature", "properties": {"level": "platform", "type": "wall", "platform": "8", "color": "#525252", "source": "PCIP Phase 1 Appendix A, sheet A-021, July 2019, PDF page 31"}, "geometry": {"type": "LineString", "coordinates": [[275.4, 137.0], [275.5, 137.0], [281.5, 137.0], [281.5, 136.4]]}},
{"type": "Feature", "properties": {"level": "platform", "type": "wall", "platform": "7", "color": "#525252", "source": "PCIP Phase 1 Appendix A, sheet A-021, July 2019, PDF page 31"}, "geometry": {"type": "LineString", "coordinates": [[275.5, 89.5], [275.5, 89.5], [292.3, 89.5]]}},
{"type": "Feature", "properties": {"level": "platform", "type": "wall", "platform": "7", "color": "#525252", "source": "PCIP Phase 1 Appendix A, sheet A-021, July 2019, PDF page 31"}, "geometry": {"type": "LineString", "coordinates": [[275.7, 90.1], [292.3, 90.1], [292.3, 89.5]]}},
{"type": "Feature", "properties": {"level": "platform", "type": "wall", "platform": "7", "color": "#525252", "source": "PCIP Phase 1 Appendix A, sheet A-021, July 2019, PDF page 31"}, "geometry": {"type": "LineString", "coordinates": [[276.3, 91.4], [275.7, 90.1]]}},
{"type": "Feature", "properties": {"level": "platform", "type": "wall", "platform": "8", "color": "#525252", "source": "PCIP Phase 1 Appendix A, sheet A-021, July 2019, PDF page 31"}, "geometry": {"type": "LineString", "coordinates": [[275.8, 137.7], [282.1, 137.7], [282.1, 136.4], [281.5, 136.4]]}},
{"type": "Feature", "properties": {"level": "platform", "type": "wall", "platform": "8", "color": "#525252", "source": "PCIP Phase 1 Appendix A, sheet A-021, July 2019, PDF page 31"}, "geometry": {"type": "LineString", "coordinates": [[276.3, 138.9], [275.8, 137.7]]}},
{"type": "Feature", "properties": {"level": "platform", "type": "wall", "platform": "9", "color": "#525252", "source": "PCIP Phase 1 Appendix A, sheet A-021, July 2019, PDF page 31"}, "geometry": {"type": "LineString", "coordinates": [[276.3, 180.8], [284.0, 180.8], [284.0, 181.7], [284.6, 181.7], [284.6, 180.2], [276.1, 180.2], [275.9, 180.2], [275.9, 180.2]]}},
{"type": "Feature", "properties": {"level": "platform", "type": "wall", "platform": "9", "color": "#525252", "source": "PCIP Phase 1 Appendix A, sheet A-021, July 2019, PDF page 31"}, "geometry": {"type": "LineString", "coordinates": [[275.9, 180.2], [263.6, 180.2], [263.6, 180.4], [276.0, 180.4]]}},
{"type": "Feature", "properties": {"level": "platform", "type": "wall", "platform": "9", "color": "#525252", "source": "PCIP Phase 1 Appendix A, sheet A-021, July 2019, PDF page 31"}, "geometry": {"type": "LineString", "coordinates": [[278.1, 185.3], [277.4, 183.6], [277.6, 182.7], [276.5, 182.9], [276.8, 182.6], [276.0, 180.4]]}},
{"type": "Feature", "properties": {"level": "platform", "type": "wall", "platform": "9", "color": "#525252", "source": "PCIP Phase 1 Appendix A, sheet A-021, July 2019, PDF page 31"}, "geometry": {"type": "LineString", "coordinates": [[276.9, 185.5], [276.9, 182.9]]}},
{"type": "Feature", "properties": {"level": "platform", "type": "wall", "platform": "9", "color": "#525252", "source": "PCIP Phase 1 Appendix A, sheet A-021, July 2019, PDF page 31"}, "geometry": {"type": "LineString", "coordinates": [[276.9, 185.5], [278.2, 185.5]]}},
{"type": "Feature", "properties": {"level": "platform", "type": "wall", "platform": "9", "color": "#525252", "source": "PCIP Phase 1 Appendix A, sheet A-021, July 2019, PDF page 31"}, "geometry": {"type": "LineString", "coordinates": [[276.9, 185.5], [263.6, 185.5], [263.6, 185.9], [278.3, 185.9], [278.3, 185.9]]}},
{"type": "Feature", "properties": {"level": "platform", "type": "wall", "platform": "9", "color": "#525252", "source": "PCIP Phase 1 Appendix A, sheet A-021, July 2019, PDF page 31"}, "geometry": {"type": "LineString", "coordinates": [[278.1, 185.3], [284.0, 185.3], [284.0, 184.6], [284.6, 184.6], [284.6, 185.9], [278.3, 185.9]]}},
{"type": "Feature", "properties": {"level": "platform", "type": "enclosure", "platform": "8", "color": "#525252", "source": "PCIP Phase 1 Appendix A, sheet A-021, July 2019, PDF page 31"}, "geometry": {"type": "Polygon", "coordinates": [[[278.4, 133.4], [278.4, 133.2], [278.4, 133.2], [281.5, 133.2], [281.5, 133.4], [278.4, 133.4]]]}},
{"type": "Feature", "properties": {"level": "platform", "type": "wall", "platform": "8", "color": "#525252", "source": "PCIP Phase 1 Appendix A, sheet A-021, July 2019, PDF page 31"}, "geometry": {"type": "LineString", "coordinates": [[278.4, 133.4], [278.4, 133.6], [278.7, 134.1], [278.7, 134.2], [278.9, 134.7], [278.9, 134.9], [279.1, 135.1], [279.3, 135.4], [279.7, 135.5], [279.9, 135.8], [280.2, 136.0], [280.6, 136.1], [281.2, 136.1], [281.5, 136.4]]}},
{"type": "Feature", "properties": {"level": "platform", "type": "wall", "platform": "9", "color": "#525252", "source": "PCIP Phase 1 Appendix A, sheet A-021, July 2019, PDF page 31"}, "geometry": {"type": "LineString", "coordinates": [[282.3, 182.1], [282.3, 181.9], [282.7, 181.9], [282.7, 181.7], [283.8, 181.7]]}},
{"type": "Feature", "properties": {"level": "platform", "type": "wall", "platform": "2", "color": "#525252", "source": "PCIP Phase 1 Appendix A, sheet A-021, July 2019, PDF page 31"}, "geometry": {"type": "LineString", "coordinates": [[285.3, -139.6], [282.5, -140.5]]}},
{"type": "Feature", "properties": {"level": "platform", "type": "wall", "platform": "2", "color": "#525252", "source": "PCIP Phase 1 Appendix A, sheet A-021, July 2019, PDF page 31"}, "geometry": {"type": "LineString", "coordinates": [[282.5, -139.3], [285.3, -139.6]]}},
{"type": "Feature", "properties": {"level": "platform", "type": "wall", "platform": "4", "color": "#525252", "source": "PCIP Phase 1 Appendix A, sheet A-021, July 2019, PDF page 31"}, "geometry": {"type": "LineString", "coordinates": [[283.6, -50.6], [283.9, -48.9]]}},
{"type": "Feature", "properties": {"level": "platform", "type": "wall", "platform": "5", "color": "#525252", "source": "PCIP Phase 1 Appendix A, sheet A-021, July 2019, PDF page 31"}, "geometry": {"type": "LineString", "coordinates": [[283.6, -3.9], [283.9, -1.7]]}},
{"type": "Feature", "properties": {"level": "platform", "type": "wall", "platform": "6", "color": "#525252", "source": "PCIP Phase 1 Appendix A, sheet A-021, July 2019, PDF page 31"}, "geometry": {"type": "LineString", "coordinates": [[283.6, 40.7], [283.7, 42.3]]}},
{"type": "Feature", "properties": {"level": "platform", "type": "wall", "platform": "6", "color": "#525252", "source": "PCIP Phase 1 Appendix A, sheet A-021, July 2019, PDF page 31"}, "geometry": {"type": "LineString", "coordinates": [[291.0, 42.7], [291.0, 42.3], [283.8, 42.3], [283.7, 42.3]]}},
{"type": "Feature", "properties": {"level": "platform", "type": "wall", "platform": "6", "color": "#525252", "source": "PCIP Phase 1 Appendix A, sheet A-021, July 2019, PDF page 31"}, "geometry": {"type": "LineString", "coordinates": [[283.8, 42.4], [284.0, 44.6]]}},
{"type": "Feature", "properties": {"level": "platform", "type": "wall", "platform": "4", "color": "#525252", "source": "PCIP Phase 1 Appendix A, sheet A-021, July 2019, PDF page 31"}, "geometry": {"type": "LineString", "coordinates": [[283.8, -49.6], [291.9, -49.6], [291.6, -48.5], [291.0, -48.5], [291.0, -48.9], [283.9, -48.9]]}},
{"type": "Feature", "properties": {"level": "platform", "type": "wall", "platform": "5", "color": "#525252", "source": "PCIP Phase 1 Appendix A, sheet A-021, July 2019, PDF page 31"}, "geometry": {"type": "LineString", "coordinates": [[283.8, -2.4], [291.6, -2.4], [291.6, -1.4], [291.0, -1.4], [291.0, -1.7], [283.9, -1.7]]}},
{"type": "Feature", "properties": {"level": "platform", "type": "wall", "platform": "6", "color": "#525252", "source": "PCIP Phase 1 Appendix A, sheet A-021, July 2019, PDF page 31"}, "geometry": {"type": "LineString", "coordinates": [[283.8, 41.4], [291.6, 41.6], [291.6, 42.7], [291.0, 42.7]]}},
{"type": "Feature", "properties": {"level": "platform", "type": "wall", "platform": "4", "color": "#525252", "source": "PCIP Phase 1 Appendix A, sheet A-021, July 2019, PDF page 31"}, "geometry": {"type": "LineString", "coordinates": [[283.9, -48.9], [284.3, -47.0]]}},
{"type": "Feature", "properties": {"level": "platform", "type": "wall", "platform": "5", "color": "#525252", "source": "PCIP Phase 1 Appendix A, sheet A-021, July 2019, PDF page 31"}, "geometry": {"type": "LineString", "coordinates": [[283.9, -1.7], [284.3, 0.2]]}},
{"type": "Feature", "properties": {"level": "platform", "type": "wall", "platform": "4", "color": "#525252", "source": "PCIP Phase 1 Appendix A, sheet A-021, July 2019, PDF page 31"}, "geometry": {"type": "LineString", "coordinates": [[284.3, -46.5], [284.6, -44.2]]}},
{"type": "Feature", "properties": {"level": "platform", "type": "wall", "platform": "5", "color": "#525252", "source": "PCIP Phase 1 Appendix A, sheet A-021, July 2019, PDF page 31"}, "geometry": {"type": "LineString", "coordinates": [[284.3, 0.6], [284.5, 2.3]]}},
{"type": "Feature", "properties": {"level": "platform", "type": "wall", "platform": "6", "color": "#525252", "source": "PCIP Phase 1 Appendix A, sheet A-021, July 2019, PDF page 31"}, "geometry": {"type": "LineString", "coordinates": [[284.3, 45.0], [284.6, 49.1]]}},
{"type": "Feature", "properties": {"level": "platform", "type": "wall", "platform": "6", "color": "#525252", "source": "PCIP Phase 1 Appendix A, sheet A-021, July 2019, PDF page 31"}, "geometry": {"type": "LineString", "coordinates": [[284.4, 46.1], [291.0, 46.1], [291.0, 45.7]]}},
{"type": "Feature", "properties": {"level": "platform", "type": "wall", "platform": "6", "color": "#525252", "source": "PCIP Phase 1 Appendix A, sheet A-021, July 2019, PDF page 31"}, "geometry": {"type": "LineString", "coordinates": [[291.0, 45.7], [291.6, 45.7], [291.6, 47.0], [284.4, 46.7]]}},
{"type": "Feature", "properties": {"level": "platform", "type": "wall", "platform": "5", "color": "#525252", "source": "PCIP Phase 1 Appendix A, sheet A-021, July 2019, PDF page 31"}, "geometry": {"type": "LineString", "coordinates": [[284.5, 2.3], [291.0, 2.3], [291.0, 1.7], [291.6, 1.7], [291.6, 2.9], [284.6, 2.9]]}},
{"type": "Feature", "properties": {"level": "platform", "type": "wall", "platform": "1", "color": "#525252", "source": "PCIP Phase 1 Appendix A, sheet A-021, July 2019, PDF page 31"}, "geometry": {"type": "LineString", "coordinates": [[284.6, -188.6], [284.9, -187.3]]}},
{"type": "Feature", "properties": {"level": "platform", "type": "wall", "platform": "2", "color": "#525252", "source": "PCIP Phase 1 Appendix A, sheet A-021, July 2019, PDF page 31"}, "geometry": {"type": "LineString", "coordinates": [[284.6, -143.7], [284.8, -142.7]]}},
{"type": "Feature", "properties": {"level": "platform", "type": "wall", "platform": "3", "color": "#525252", "source": "PCIP Phase 1 Appendix A, sheet A-021, July 2019, PDF page 31"}, "geometry": {"type": "LineString", "coordinates": [[284.6, -97.4], [284.8, -96.4]]}},
{"type": "Feature", "properties": {"level": "platform", "type": "wall", "platform": "4", "color": "#525252", "source": "PCIP Phase 1 Appendix A, sheet A-021, July 2019, PDF page 31"}, "geometry": {"type": "LineString", "coordinates": [[284.6, -44.9], [291.0, -44.9], [291.0, -45.5]]}},
{"type": "Feature", "properties": {"level": "platform", "type": "wall", "platform": "5", "color": "#525252", "source": "PCIP Phase 1 Appendix A, sheet A-021, July 2019, PDF page 31"}, "geometry": {"type": "LineString", "coordinates": [[284.6, 2.9], [284.9, 4.5]]}},
{"type": "Feature", "properties": {"level": "platform", "type": "wall", "platform": "4", "color": "#525252", "source": "PCIP Phase 1 Appendix A, sheet A-021, July 2019, PDF page 31"}, "geometry": {"type": "LineString", "coordinates": [[291.0, -45.5], [291.6, -45.5], [291.6, -44.2], [284.6, -44.2]]}},
{"type": "Feature", "properties": {"level": "platform", "type": "wall", "platform": "4", "color": "#525252", "source": "PCIP Phase 1 Appendix A, sheet A-021, July 2019, PDF page 31"}, "geometry": {"type": "LineString", "coordinates": [[284.6, -44.2], [284.9, -42.7]]}},
{"type": "Feature", "properties": {"level": "platform", "type": "wall", "platform": "2", "color": "#525252", "source": "PCIP Phase 1 Appendix A, sheet A-021, July 2019, PDF page 31"}, "geometry": {"type": "LineString", "coordinates": [[292.3, -142.7], [284.9, -142.7], [284.8, -142.7]]}},
{"type": "Feature", "properties": {"level": "platform", "type": "wall", "platform": "3", "color": "#525252", "source": "PCIP Phase 1 Appendix A, sheet A-021, July 2019, PDF page 31"}, "geometry": {"type": "LineString", "coordinates": [[284.8, -96.4], [284.9, -96.3], [291.5, -96.3], [291.5, -90.8], [285.7, -90.8]]}},
{"type": "Feature", "properties": {"level": "platform", "type": "wall", "platform": "3", "color": "#525252", "source": "PCIP Phase 1 Appendix A, sheet A-021, July 2019, PDF page 31"}, "geometry": {"type": "LineString", "coordinates": [[284.8, -96.4], [285.3, -93.7]]}},
{"type": "Feature", "properties": {"level": "platform", "type": "wall", "platform": "2", "color": "#525252", "source": "PCIP Phase 1 Appendix A, sheet A-021, July 2019, PDF page 31"}, "geometry": {"type": "LineString", "coordinates": [[284.9, -142.2], [285.3, -139.6]]}},
{"type": "Feature", "properties": {"level": "platform", "type": "wall", "platform": "1", "color": "#525252", "source": "PCIP Phase 1 Appendix A, sheet A-021, July 2019, PDF page 31"}, "geometry": {"type": "LineString", "coordinates": [[292.3, -187.7], [284.9, -187.7]]}},
{"type": "Feature", "properties": {"level": "platform", "type": "wall", "platform": "1", "color": "#525252", "source": "PCIP Phase 1 Appendix A, sheet A-021, July 2019, PDF page 31"}, "geometry": {"type": "LineString", "coordinates": [[286.6, -187.3], [284.9, -187.3]]}},
{"type": "Feature", "properties": {"level": "platform", "type": "wall", "platform": "1", "color": "#525252", "source": "PCIP Phase 1 Appendix A, sheet A-021, July 2019, PDF page 31"}, "geometry": {"type": "LineString", "coordinates": [[284.9, -187.3], [285.5, -184.7], [286.6, -184.5]]}},
{"type": "Feature", "properties": {"level": "platform", "type": "wall", "platform": "3", "color": "#525252", "source": "PCIP Phase 1 Appendix A, sheet A-021, July 2019, PDF page 31"}, "geometry": {"type": "LineString", "coordinates": [[285.6, -91.4], [290.6, -91.4], [290.9, -95.7], [285.0, -95.7]]}},
{"type": "Feature", "properties": {"level": "platform", "type": "wall", "platform": "3", "color": "#525252", "source": "PCIP Phase 1 Appendix A, sheet A-021, July 2019, PDF page 31"}, "geometry": {"type": "LineString", "coordinates": [[285.3, -93.3], [285.6, -91.4]]}},
{"type": "Feature", "properties": {"level": "platform", "type": "wall", "platform": "1", "color": "#525252", "source": "PCIP Phase 1 Appendix A, sheet A-021, July 2019, PDF page 31"}, "geometry": {"type": "LineString", "coordinates": [[286.6, -184.5], [285.5, -184.3]]}},
{"type": "Feature", "properties": {"level": "platform", "type": "wall", "platform": "1", "color": "#525252", "source": "PCIP Phase 1 Appendix A, sheet A-021, July 2019, PDF page 31"}, "geometry": {"type": "LineString", "coordinates": [[285.5, -184.0], [286.0, -182.1]]}},
{"type": "Feature", "properties": {"level": "platform", "type": "wall", "platform": "2", "color": "#525252", "source": "PCIP Phase 1 Appendix A, sheet A-021, July 2019, PDF page 31"}, "geometry": {"type": "LineString", "coordinates": [[286.5, -142.2], [285.5, -142.2]]}},
{"type": "Feature", "properties": {"level": "platform", "type": "wall", "platform": "2", "color": "#525252", "source": "PCIP Phase 1 Appendix A, sheet A-021, July 2019, PDF page 31"}, "geometry": {"type": "LineString", "coordinates": [[285.5, -142.2], [285.5, -139.6]]}},
{"type": "Feature", "properties": {"level": "platform", "type": "wall", "platform": "2", "color": "#525252", "source": "PCIP Phase 1 Appendix A, sheet A-021, July 2019, PDF page 31"}, "geometry": {"type": "LineString", "coordinates": [[285.5, -139.6], [286.5, -139.5]]}},
{"type": "Feature", "properties": {"level": "platform", "type": "wall", "platform": "2", "color": "#525252", "source": "PCIP Phase 1 Appendix A, sheet A-021, July 2019, PDF page 31"}, "geometry": {"type": "LineString", "coordinates": [[285.5, -139.3], [284.4, -139.3], [285.5, -139.0]]}},
{"type": "Feature", "properties": {"level": "platform", "type": "wall", "platform": "2", "color": "#525252", "source": "PCIP Phase 1 Appendix A, sheet A-021, July 2019, PDF page 31"}, "geometry": {"type": "LineString", "coordinates": [[286.5, -139.4], [285.5, -139.3]]}},
{"type": "Feature", "properties": {"level": "platform", "type": "wall", "platform": "2", "color": "#525252", "source": "PCIP Phase 1 Appendix A, sheet A-021, July 2019, PDF page 31"}, "geometry": {"type": "LineString", "coordinates": [[285.5, -139.0], [285.9, -137.5]]}},
{"type": "Feature", "properties": {"level": "platform", "type": "wall", "platform": "2", "color": "#525252", "source": "PCIP Phase 1 Appendix A, sheet A-021, July 2019, PDF page 31"}, "geometry": {"type": "LineString", "coordinates": [[285.5, -139.0], [285.5, -137.5]]}},
{"type": "Feature", "properties": {"level": "platform", "type": "wall", "platform": "2", "color": "#525252", "source": "PCIP Phase 1 Appendix A, sheet A-021, July 2019, PDF page 31"}, "geometry": {"type": "LineString", "coordinates": [[286.0, -137.1], [285.9, -137.1], [262.1, -137.1], [262.1, -137.5], [285.5, -137.5]]}},
{"type": "Feature", "properties": {"level": "platform", "type": "wall", "platform": "3", "color": "#525252", "source": "PCIP Phase 1 Appendix A, sheet A-021, July 2019, PDF page 31"}, "geometry": {"type": "LineString", "coordinates": [[285.6, -91.4], [285.9, -89.7]]}},
{"type": "Feature", "properties": {"level": "platform", "type": "wall", "platform": "1", "color": "#525252", "source": "PCIP Phase 1 Appendix A, sheet A-021, July 2019, PDF page 31"}, "geometry": {"type": "LineString", "coordinates": [[292.3, -182.1], [286.0, -182.1]]}},
{"type": "Feature", "properties": {"level": "platform", "type": "wall", "platform": "2", "color": "#525252", "source": "PCIP Phase 1 Appendix A, sheet A-021, July 2019, PDF page 31"}, "geometry": {"type": "LineString", "coordinates": [[292.3, -137.1], [286.0, -137.1]]}},
{"type": "Feature", "properties": {"level": "platform", "type": "wall", "platform": "2", "color": "#525252", "source": "PCIP Phase 1 Appendix A, sheet A-021, July 2019, PDF page 31"}, "geometry": {"type": "LineString", "coordinates": [[286.5, -142.2], [286.5, -139.5]]}},
{"type": "Feature", "properties": {"level": "platform", "type": "wall", "platform": "2", "color": "#525252", "source": "PCIP Phase 1 Appendix A, sheet A-021, July 2019, PDF page 31"}, "geometry": {"type": "LineString", "coordinates": [[286.5, -139.4], [286.5, -137.5]]}},
{"type": "Feature", "properties": {"level": "platform", "type": "wall", "platform": "1", "color": "#525252", "source": "PCIP Phase 1 Appendix A, sheet A-021, July 2019, PDF page 31"}, "geometry": {"type": "LineString", "coordinates": [[287.6, -187.3], [286.6, -187.3]]}},
{"type": "Feature", "properties": {"level": "platform", "type": "wall", "platform": "1", "color": "#525252", "source": "PCIP Phase 1 Appendix A, sheet A-021, July 2019, PDF page 31"}, "geometry": {"type": "LineString", "coordinates": [[286.6, -187.3], [286.6, -184.5]]}},
{"type": "Feature", "properties": {"level": "platform", "type": "wall", "platform": "1", "color": "#525252", "source": "PCIP Phase 1 Appendix A, sheet A-021, July 2019, PDF page 31"}, "geometry": {"type": "LineString", "coordinates": [[286.6, -184.5], [286.6, -182.6]]}},
{"type": "Feature", "properties": {"level": "platform", "type": "wall", "platform": "1", "color": "#525252", "source": "PCIP Phase 1 Appendix A, sheet A-021, July 2019, PDF page 31"}, "geometry": {"type": "LineString", "coordinates": [[286.6, -182.6], [287.6, -182.6]]}},
{"type": "Feature", "properties": {"level": "platform", "type": "wall", "platform": "2", "color": "#525252", "source": "PCIP Phase 1 Appendix A, sheet A-021, July 2019, PDF page 31"}, "geometry": {"type": "LineString", "coordinates": [[288.5, -142.2], [287.4, -142.2]]}},
{"type": "Feature", "properties": {"level": "platform", "type": "wall", "platform": "2", "color": "#525252", "source": "PCIP Phase 1 Appendix A, sheet A-021, July 2019, PDF page 31"}, "geometry": {"type": "LineString", "coordinates": [[287.4, -142.2], [287.4, -137.5]]}},
{"type": "Feature", "properties": {"level": "platform", "type": "wall", "platform": "2", "color": "#525252", "source": "PCIP Phase 1 Appendix A, sheet A-021, July 2019, PDF page 31"}, "geometry": {"type": "LineString", "coordinates": [[287.4, -137.5], [288.5, -137.5]]}},
{"type": "Feature", "properties": {"level": "platform", "type": "wall", "platform": "1", "color": "#525252", "source": "PCIP Phase 1 Appendix A, sheet A-021, July 2019, PDF page 31"}, "geometry": {"type": "LineString", "coordinates": [[287.6, -187.3], [287.6, -182.6]]}},
{"type": "Feature", "properties": {"level": "platform", "type": "wall", "platform": "4", "color": "#525252", "source": "PCIP Phase 1 Appendix A, sheet A-021, July 2019, PDF page 31"}, "geometry": {"type": "LineString", "coordinates": [[288.1, -48.3], [291.0, -48.3], [291.0, -48.5], [288.1, -48.5]]}},
{"type": "Feature", "properties": {"level": "platform", "type": "wall", "platform": "4", "color": "#525252", "source": "PCIP Phase 1 Appendix A, sheet A-021, July 2019, PDF page 31"}, "geometry": {"type": "LineString", "coordinates": [[288.1, -48.3], [288.1, -48.1], [288.3, -47.8], [288.3, -47.4], [288.5, -47.2], [288.5, -46.8], [288.7, -46.5], [288.9, -46.4], [289.3, -46.1], [289.6, -45.9], [289.7, -45.8], [290.2, -45.5], [291.0, -45.5]]}},
{"type": "Feature", "properties": {"level": "platform", "type": "wall", "platform": "1", "color": "#525252", "source": "PCIP Phase 1 Appendix A, sheet A-021, July 2019, PDF page 31"}, "geometry": {"type": "LineString", "coordinates": [[289.6, -187.3], [288.5, -187.3]]}},
{"type": "Feature", "properties": {"level": "platform", "type": "wall", "platform": "1", "color": "#525252", "source": "PCIP Phase 1 Appendix A, sheet A-021, July 2019, PDF page 31"}, "geometry": {"type": "LineString", "coordinates": [[288.5, -187.3], [288.5, -182.6]]}},
{"type": "Feature", "properties": {"level": "platform", "type": "wall", "platform": "1", "color": "#525252", "source": "PCIP Phase 1 Appendix A, sheet A-021, July 2019, PDF page 31"}, "geometry": {"type": "LineString", "coordinates": [[288.5, -182.6], [289.6, -182.6]]}},
{"type": "Feature", "properties": {"level": "platform", "type": "wall", "platform": "2", "color": "#525252", "source": "PCIP Phase 1 Appendix A, sheet A-021, July 2019, PDF page 31"}, "geometry": {"type": "LineString", "coordinates": [[289.6, -142.2], [288.5, -142.2]]}},
{"type": "Feature", "properties": {"level": "platform", "type": "wall", "platform": "2", "color": "#525252", "source": "PCIP Phase 1 Appendix A, sheet A-021, July 2019, PDF page 31"}, "geometry": {"type": "LineString", "coordinates": [[288.5, -142.2], [288.5, -137.5]]}},
{"type": "Feature", "properties": {"level": "platform", "type": "wall", "platform": "2", "color": "#525252", "source": "PCIP Phase 1 Appendix A, sheet A-021, July 2019, PDF page 31"}, "geometry": {"type": "LineString", "coordinates": [[288.5, -137.5], [289.6, -137.5]]}},
{"type": "Feature", "properties": {"level": "platform", "type": "wall", "platform": "1", "color": "#525252", "source": "PCIP Phase 1 Appendix A, sheet A-021, July 2019, PDF page 31"}, "geometry": {"type": "LineString", "coordinates": [[292.3, -187.3], [289.6, -187.3]]}},
{"type": "Feature", "properties": {"level": "platform", "type": "wall", "platform": "1", "color": "#525252", "source": "PCIP Phase 1 Appendix A, sheet A-021, July 2019, PDF page 31"}, "geometry": {"type": "LineString", "coordinates": [[289.6, -187.3], [289.6, -182.6]]}},
{"type": "Feature", "properties": {"level": "platform", "type": "wall", "platform": "1", "color": "#525252", "source": "PCIP Phase 1 Appendix A, sheet A-021, July 2019, PDF page 31"}, "geometry": {"type": "LineString", "coordinates": [[289.6, -182.6], [292.3, -182.6]]}},
{"type": "Feature", "properties": {"level": "platform", "type": "wall", "platform": "2", "color": "#525252", "source": "PCIP Phase 1 Appendix A, sheet A-021, July 2019, PDF page 31"}, "geometry": {"type": "LineString", "coordinates": [[292.3, -142.2], [289.6, -142.2]]}},
{"type": "Feature", "properties": {"level": "platform", "type": "wall", "platform": "2", "color": "#525252", "source": "PCIP Phase 1 Appendix A, sheet A-021, July 2019, PDF page 31"}, "geometry": {"type": "LineString", "coordinates": [[289.6, -142.2], [289.6, -137.5]]}},
{"type": "Feature", "properties": {"level": "platform", "type": "wall", "platform": "2", "color": "#525252", "source": "PCIP Phase 1 Appendix A, sheet A-021, July 2019, PDF page 31"}, "geometry": {"type": "LineString", "coordinates": [[289.6, -137.5], [292.3, -137.5]]}},
{"type": "Feature", "properties": {"level": "platform", "type": "wall", "platform": "6", "color": "#525252", "source": "PCIP Phase 1 Appendix A, sheet A-021, July 2019, PDF page 31"}, "geometry": {"type": "LineString", "coordinates": [[291.0, 42.7], [288.1, 42.7], [288.1, 43.5], [288.3, 43.9], [288.5, 44.2], [288.7, 44.4], [288.9, 44.8], [289.1, 45.0], [289.3, 45.2], [289.6, 45.2], [290.0, 45.4], [290.2, 45.4], [290.6, 45.7], [291.0, 45.7]]}},
{"type": "Feature", "properties": {"level": "platform", "type": "wall", "platform": "7", "color": "#525252", "source": "PCIP Phase 1 Appendix A, sheet A-021, July 2019, PDF page 31"}, "geometry": {"type": "LineString", "coordinates": [[293.6, 87.9], [292.3, 89.5]]}},
{"type": "Feature", "properties": {"level": "platform", "type": "wall", "platform": "7", "color": "#525252", "source": "PCIP Phase 1 Appendix A, sheet A-021, July 2019, PDF page 31"}, "geometry": {"type": "LineString", "coordinates": [[292.3, 89.5], [293.8, 87.9]]}},
{"type": "Feature", "properties": {"level": "platform", "type": "wall", "platform": "7", "color": "#525252", "source": "PCIP Phase 1 Appendix A, sheet A-021, July 2019, PDF page 31"}, "geometry": {"type": "LineString", "coordinates": [[293.4, 86.9], [293.2, 87.3], [292.5, 87.3]]}},
{"type": "Feature", "properties": {"level": "platform", "type": "wall", "platform": "7", "color": "#525252", "source": "PCIP Phase 1 Appendix A, sheet A-021, July 2019, PDF page 31"}, "geometry": {"type": "LineString", "coordinates": [[292.5, 87.3], [292.5, 87.5], [293.2, 87.5], [293.2, 87.7], [293.6, 87.7], [293.6, 87.9]]}},
{"type": "Feature", "properties": {"level": "platform", "type": "wall", "platform": "3", "color": "#525252", "source": "PCIP Phase 1 Appendix A, sheet A-021, July 2019, PDF page 31"}, "geometry": {"type": "LineString", "coordinates": [[303.7, -92.9], [303.8, -92.9], [303.8, -92.7], [304.1, -92.7], [304.3, -92.5], [304.4, -92.5], [304.4, -92.3], [305.1, -92.3], [305.3, -92.1], [306.0, -92.1]]}},
{"type": "Feature", "properties": {"level": "platform", "type": "wall", "platform": "3", "color": "#525252", "source": "PCIP Phase 1 Appendix A, sheet A-021, July 2019, PDF page 31"}, "geometry": {"type": "LineString", "coordinates": [[303.7, -92.9], [303.4, -93.1], [306.0, -95.5]]}},
{"type": "Feature", "properties": {"level": "platform", "type": "wall", "platform": "3", "color": "#525252", "source": "PCIP Phase 1 Appendix A, sheet A-021, July 2019, PDF page 31"}, "geometry": {"type": "LineString", "coordinates": [[306.0, -95.5], [303.7, -92.9]]}},
{"type": "Feature", "properties": {"level": "platform", "type": "wall", "platform": "4", "color": "#525252", "source": "PCIP Phase 1 Appendix A, sheet A-021, July 2019, PDF page 31"}, "geometry": {"type": "LineString", "coordinates": [[303.8, -46.4], [303.8, -46.1], [304.1, -46.1], [304.1, -45.9], [304.4, -45.9], [304.4, -45.8], [304.7, -45.8], [304.7, -45.5], [306.0, -45.5]]}},
{"type": "Feature", "properties": {"level": "platform", "type": "wall", "platform": "4", "color": "#525252", "source": "PCIP Phase 1 Appendix A, sheet A-021, July 2019, PDF page 31"}, "geometry": {"type": "LineString", "coordinates": [[306.0, -48.5], [303.7, -46.4], [303.8, -46.4]]}},
{"type": "Feature", "properties": {"level": "platform", "type": "wall", "platform": "4", "color": "#525252", "source": "PCIP Phase 1 Appendix A, sheet A-021, July 2019, PDF page 31"}, "geometry": {"type": "LineString", "coordinates": [[303.8, -46.4], [306.0, -48.5]]}},
{"type": "Feature", "properties": {"level": "platform", "type": "wall", "platform": "6", "color": "#525252", "source": "PCIP Phase 1 Appendix A, sheet A-021, July 2019, PDF page 31"}, "geometry": {"type": "LineString", "coordinates": [[303.8, 44.8], [304.1, 44.8], [304.1, 45.1], [304.3, 45.1], [304.3, 45.2], [304.7, 45.2], [304.7, 45.4], [305.3, 45.4], [305.3, 45.7], [306.0, 45.7]]}},
{"type": "Feature", "properties": {"level": "platform", "type": "wall", "platform": "6", "color": "#525252", "source": "PCIP Phase 1 Appendix A, sheet A-021, July 2019, PDF page 31"}, "geometry": {"type": "LineString", "coordinates": [[303.8, 44.8], [306.0, 42.4], [306.2, 42.7]]}},
{"type": "Feature", "properties": {"level": "platform", "type": "wall", "platform": "6", "color": "#525252", "source": "PCIP Phase 1 Appendix A, sheet A-021, July 2019, PDF page 31"}, "geometry": {"type": "LineString", "coordinates": [[306.2, 42.7], [303.8, 44.8]]}},
{"type": "Feature", "properties": {"level": "platform", "type": "wall", "platform": "2", "color": "#525252", "source": "PCIP Phase 1 Appendix A, sheet A-021, July 2019, PDF page 31"}, "geometry": {"type": "LineString", "coordinates": [[304.4, -138.8], [304.4, -138.6], [304.9, -138.6], [304.9, -138.4], [305.6, -138.4], [305.6, -138.1], [306.0, -138.1]]}},
{"type": "Feature", "properties": {"level": "platform", "type": "wall", "platform": "1", "color": "#525252", "source": "PCIP Phase 1 Appendix A, sheet A-021, July 2019, PDF page 31"}, "geometry": {"type": "LineString", "coordinates": [[305.1, -184.3], [305.1, -184.0], [305.3, -184.0], [305.3, -183.9], [305.7, -183.9], [305.7, -183.7], [306.2, -183.7], [306.2, -183.4], [307.2, -183.4]]}},
{"type": "Feature", "properties": {"level": "platform", "type": "wall", "platform": "1", "color": "#525252", "source": "PCIP Phase 1 Appendix A, sheet A-021, July 2019, PDF page 31"}, "geometry": {"type": "LineString", "coordinates": [[305.1, -184.3], [304.9, -184.3], [307.2, -186.4]]}},
{"type": "Feature", "properties": {"level": "platform", "type": "wall", "platform": "1", "color": "#525252", "source": "PCIP Phase 1 Appendix A, sheet A-021, July 2019, PDF page 31"}, "geometry": {"type": "LineString", "coordinates": [[307.2, -186.4], [305.1, -184.3]]}},
{"type": "Feature", "properties": {"level": "platform", "type": "wall", "platform": "2", "color": "#525252", "source": "PCIP Phase 1 Appendix A, sheet A-021, July 2019, PDF page 31"}, "geometry": {"type": "LineString", "coordinates": [[306.0, -138.1], [306.8, -138.1], [306.8, -136.9], [311.0, -136.9]]}},
{"type": "Feature", "properties": {"level": "platform", "type": "wall", "platform": "2", "color": "#525252", "source": "PCIP Phase 1 Appendix A, sheet A-021, July 2019, PDF page 31"}, "geometry": {"type": "LineString", "coordinates": [[311.0, -136.2], [306.0, -136.2], [306.0, -138.1]]}},
{"type": "Feature", "properties": {"level": "platform", "type": "wall", "platform": "3", "color": "#525252", "source": "PCIP Phase 1 Appendix A, sheet A-021, July 2019, PDF page 31"}, "geometry": {"type": "LineString", "coordinates": [[306.0, -92.1], [306.6, -92.1], [306.6, -91.0], [316.2, -91.0], [316.2, -97.0], [306.6, -97.0], [306.6, -95.5], [306.0, -95.5]]}},
{"type": "Feature", "properties": {"level": "platform", "type": "wall", "platform": "3", "color": "#525252", "source": "PCIP Phase 1 Appendix A, sheet A-021, July 2019, PDF page 31"}, "geometry": {"type": "LineString", "coordinates": [[306.0, -95.5], [306.0, -97.6], [311.0, -97.6]]}},
{"type": "Feature", "properties": {"level": "platform", "type": "wall", "platform": "3", "color": "#525252", "source": "PCIP Phase 1 Appendix A, sheet A-021, July 2019, PDF page 31"}, "geometry": {"type": "LineString", "coordinates": [[311.0, -90.2], [306.0, -90.2], [306.0, -92.1]]}},
{"type": "Feature", "properties": {"level": "platform", "type": "wall", "platform": "4", "color": "#525252", "source": "PCIP Phase 1 Appendix A, sheet A-021, July 2019, PDF page 31"}, "geometry": {"type": "LineString", "coordinates": [[311.3, -49.8], [306.6, -50.0], [306.6, -48.5], [306.0, -48.5]]}},
{"type": "Feature", "properties": {"level": "platform", "type": "wall", "platform": "4", "color": "#525252", "source": "PCIP Phase 1 Appendix A, sheet A-021, July 2019, PDF page 31"}, "geometry": {"type": "LineString", "coordinates": [[306.0, -48.5], [306.0, -50.6], [311.3, -50.6]]}},
{"type": "Feature", "properties": {"level": "platform", "type": "wall", "platform": "4", "color": "#525252", "source": "PCIP Phase 1 Appendix A, sheet A-021, July 2019, PDF page 31"}, "geometry": {"type": "LineString", "coordinates": [[306.0, -45.5], [306.6, -45.5], [306.6, -43.8], [311.3, -43.8]]}},
{"type": "Feature", "properties": {"level": "platform", "type": "wall", "platform": "4", "color": "#525252", "source": "PCIP Phase 1 Appendix A, sheet A-021, July 2019, PDF page 31"}, "geometry": {"type": "LineString", "coordinates": [[311.3, -43.1], [306.0, -43.1], [306.0, -45.5]]}},
{"type": "Feature", "properties": {"level": "platform", "type": "wall", "platform": "6", "color": "#525252", "source": "PCIP Phase 1 Appendix A, sheet A-021, July 2019, PDF page 31"}, "geometry": {"type": "LineString", "coordinates": [[311.0, 41.4], [306.8, 41.4], [306.8, 42.7], [306.2, 42.7]]}},
{"type": "Feature", "properties": {"level": "platform", "type": "wall", "platform": "6", "color": "#525252", "source": "PCIP Phase 1 Appendix A, sheet A-021, July 2019, PDF page 31"}, "geometry": {"type": "LineString", "coordinates": [[306.2, 42.7], [306.2, 40.7], [311.0, 40.7]]}},
{"type": "Feature", "properties": {"level": "platform", "type": "wall", "platform": "1", "color": "#525252", "source": "PCIP Phase 1 Appendix A, sheet A-021, July 2019, PDF page 31"}, "geometry": {"type": "LineString", "coordinates": [[307.2, -186.4], [307.7, -186.4], [307.7, -188.1], [316.9, -188.1], [316.9, -181.7], [313.2, -181.7]]}},
{"type": "Feature", "properties": {"level": "platform", "type": "wall", "platform": "1", "color": "#525252", "source": "PCIP Phase 1 Appendix A, sheet A-021, July 2019, PDF page 31"}, "geometry": {"type": "LineString", "coordinates": [[319.4, -188.6], [316.9, -188.6], [307.2, -188.6], [307.2, -186.4]]}},
{"type": "Feature", "properties": {"level": "platform", "type": "wall", "platform": "1", "color": "#525252", "source": "PCIP Phase 1 Appendix A, sheet A-021, July 2019, PDF page 31"}, "geometry": {"type": "LineString", "coordinates": [[311.3, -181.7], [307.7, -181.7], [307.7, -183.4], [307.2, -183.4]]}},
{"type": "Feature", "properties": {"level": "platform", "type": "wall", "platform": "1", "color": "#525252", "source": "PCIP Phase 1 Appendix A, sheet A-021, July 2019, PDF page 31"}, "geometry": {"type": "LineString", "coordinates": [[307.2, -183.4], [307.2, -181.3], [311.3, -181.3]]}},
{"type": "Feature", "properties": {"level": "platform", "type": "wall", "platform": "2", "color": "#525252", "source": "PCIP Phase 1 Appendix A, sheet A-021, July 2019, PDF page 31"}, "geometry": {"type": "LineString", "coordinates": [[311.0, -142.7], [306.8, -142.7], [306.8, -141.2], [306.2, -141.2], [306.2, -143.3], [311.0, -143.3]]}},
{"type": "Feature", "properties": {"level": "platform", "type": "wall", "platform": "6", "color": "#525252", "source": "PCIP Phase 1 Appendix A, sheet A-021, July 2019, PDF page 31"}, "geometry": {"type": "LineString", "coordinates": [[311.0, 47.8], [306.2, 47.8], [306.2, 45.7], [306.8, 45.7], [306.8, 47.0], [311.0, 47.2]]}},
{"type": "Feature", "properties": {"level": "platform", "type": "wall", "platform": "2", "color": "#525252", "source": "PCIP Phase 1 Appendix A, sheet A-021, July 2019, PDF page 31"}, "geometry": {"type": "LineString", "coordinates": [[313.0, -143.3], [316.2, -143.3], [325.4, -143.3], [325.4, -141.4], [324.7, -141.4]]}},
{"type": "Feature", "properties": {"level": "platform", "type": "wall", "platform": "2", "color": "#525252", "source": "PCIP Phase 1 Appendix A, sheet A-021, July 2019, PDF page 31"}, "geometry": {"type": "LineString", "coordinates": [[313.0, -136.9], [316.2, -136.9], [316.2, -142.4], [313.0, -142.7]]}},
{"type": "Feature", "properties": {"level": "platform", "type": "wall", "platform": "2", "color": "#525252", "source": "PCIP Phase 1 Appendix A, sheet A-021, July 2019, PDF page 31"}, "geometry": {"type": "LineString", "coordinates": [[324.7, -138.0], [325.4, -138.0], [325.4, -136.2], [316.2, -136.2], [313.0, -136.2]]}},
{"type": "Feature", "properties": {"level": "platform", "type": "wall", "platform": "3", "color": "#525252", "source": "PCIP Phase 1 Appendix A, sheet A-021, July 2019, PDF page 31"}, "geometry": {"type": "LineString", "coordinates": [[313.0, -97.6], [316.2, -97.6], [325.1, -97.6], [325.1, -95.7], [324.7, -95.7]]}},
{"type": "Feature", "properties": {"level": "platform", "type": "wall", "platform": "3", "color": "#525252", "source": "PCIP Phase 1 Appendix A, sheet A-021, July 2019, PDF page 31"}, "geometry": {"type": "LineString", "coordinates": [[324.7, -91.6], [325.1, -91.6], [325.1, -90.2], [316.2, -90.2], [313.0, -90.2]]}},
{"type": "Feature", "properties": {"level": "platform", "type": "wall", "platform": "1", "color": "#525252", "source": "PCIP Phase 1 Appendix A, sheet A-021, July 2019, PDF page 31"}, "geometry": {"type": "LineString", "coordinates": [[326.0, -183.9], [326.6, -183.9], [326.6, -181.1], [313.2, -181.3]]}},
{"type": "Feature", "properties": {"level": "platform", "type": "wall", "platform": "4", "color": "#525252", "source": "PCIP Phase 1 Appendix A, sheet A-021, July 2019, PDF page 31"}, "geometry": {"type": "LineString", "coordinates": [[313.2, -50.6], [316.2, -50.6], [325.1, -50.6], [325.1, -48.5], [324.7, -48.5]]}},
{"type": "Feature", "properties": {"level": "platform", "type": "wall", "platform": "4", "color": "#525252", "source": "PCIP Phase 1 Appendix A, sheet A-021, July 2019, PDF page 31"}, "geometry": {"type": "LineString", "coordinates": [[313.2, -43.8], [316.2, -43.8], [316.2, -49.8], [313.2, -49.8]]}},
{"type": "Feature", "properties": {"level": "platform", "type": "wall", "platform": "4", "color": "#525252", "source": "PCIP Phase 1 Appendix A, sheet A-021, July 2019, PDF page 31"}, "geometry": {"type": "LineString", "coordinates": [[324.7, -45.5], [325.1, -45.5], [325.1, -43.1], [316.2, -43.1], [313.2, -43.1]]}},
{"type": "Feature", "properties": {"level": "platform", "type": "wall", "platform": "6", "color": "#525252", "source": "PCIP Phase 1 Appendix A, sheet A-021, July 2019, PDF page 31"}, "geometry": {"type": "LineString", "coordinates": [[313.2, 40.7], [316.2, 40.7], [325.4, 40.7], [325.4, 42.3], [324.7, 42.3]]}},
{"type": "Feature", "properties": {"level": "platform", "type": "wall", "platform": "6", "color": "#525252", "source": "PCIP Phase 1 Appendix A, sheet A-021, July 2019, PDF page 31"}, "geometry": {"type": "LineString", "coordinates": [[313.2, 47.2], [316.2, 47.2], [316.2, 41.4], [313.2, 41.4]]}},
{"type": "Feature", "properties": {"level": "platform", "type": "wall", "platform": "6", "color": "#525252", "source": "PCIP Phase 1 Appendix A, sheet A-021, July 2019, PDF page 31"}, "geometry": {"type": "LineString", "coordinates": [[324.7, 46.3], [325.4, 46.3], [325.4, 47.8], [316.2, 47.8], [313.2, 47.8]]}},
{"type": "Feature", "properties": {"level": "platform", "type": "wall", "platform": "1", "color": "#525252", "source": "PCIP Phase 1 Appendix A, sheet A-021, July 2019, PDF page 31"}, "geometry": {"type": "LineString", "coordinates": [[321.7, -188.6], [326.6, -188.6], [326.6, -186.6], [326.0, -186.6]]}},
{"type": "Feature", "properties": {"level": "platform", "type": "wall", "platform": "2", "color": "#525252", "source": "PCIP Phase 1 Appendix A, sheet A-021, July 2019, PDF page 31"}, "geometry": {"type": "LineString", "coordinates": [[340.7, -142.4], [342.8, -142.4]]}},
{"type": "Feature", "properties": {"level": "platform", "type": "wall", "platform": "2", "color": "#525252", "source": "PCIP Phase 1 Appendix A, sheet A-021, July 2019, PDF page 31"}, "geometry": {"type": "LineString", "coordinates": [[340.7, -136.9], [343.9, -136.9], [344.0, -136.9]]}},
{"type": "Feature", "properties": {"level": "platform", "type": "wall", "platform": "3", "color": "#525252", "source": "PCIP Phase 1 Appendix A, sheet A-021, July 2019, PDF page 31"}, "geometry": {"type": "LineString", "coordinates": [[340.7, -96.5], [342.8, -96.5]]}},
{"type": "Feature", "properties": {"level": "platform", "type": "wall", "platform": "3", "color": "#525252", "source": "PCIP Phase 1 Appendix A, sheet A-021, July 2019, PDF page 31"}, "geometry": {"type": "LineString", "coordinates": [[340.7, -91.0], [343.9, -91.0]]}},
{"type": "Feature", "properties": {"level": "platform", "type": "wall", "platform": "2", "color": "#525252", "source": "PCIP Phase 1 Appendix A, sheet A-021, July 2019, PDF page 31"}, "geometry": {"type": "LineString", "coordinates": [[341.4, -137.3], [341.4, -142.0]]}},
{"type": "Feature", "properties": {"level": "platform", "type": "wall", "platform": "3", "color": "#525252", "source": "PCIP Phase 1 Appendix A, sheet A-021, July 2019, PDF page 31"}, "geometry": {"type": "LineString", "coordinates": [[341.4, -91.4], [341.4, -96.1]]}},
{"type": "Feature", "properties": {"level": "platform", "type": "wall", "platform": "2", "color": "#525252", "source": "PCIP Phase 1 Appendix A, sheet A-021, July 2019, PDF page 31"}, "geometry": {"type": "LineString", "coordinates": [[342.2, -140.1], [342.2, -142.0]]}},
{"type": "Feature", "properties": {"level": "platform", "type": "wall", "platform": "2", "color": "#525252", "source": "PCIP Phase 1 Appendix A, sheet A-021, July 2019, PDF page 31"}, "geometry": {"type": "LineString", "coordinates": [[343.3, -139.9], [342.2, -140.1]]}},
{"type": "Feature", "properties": {"level": "platform", "type": "wall", "platform": "2", "color": "#525252", "source": "PCIP Phase 1 Appendix A, sheet A-021, July 2019, PDF page 31"}, "geometry": {"type": "LineString", "coordinates": [[342.2, -137.3], [342.2, -140.1]]}},
{"type": "Feature", "properties": {"level": "platform", "type": "wall", "platform": "2", "color": "#525252", "source": "PCIP Phase 1 Appendix A, sheet A-021, July 2019, PDF page 31"}, "geometry": {"type": "LineString", "coordinates": [[342.2, -140.1], [343.3, -140.3]]}},
{"type": "Feature", "properties": {"level": "platform", "type": "wall", "platform": "2", "color": "#525252", "source": "PCIP Phase 1 Appendix A, sheet A-021, July 2019, PDF page 31"}, "geometry": {"type": "LineString", "coordinates": [[342.2, -137.3], [343.3, -137.3]]}},
{"type": "Feature", "properties": {"level": "platform", "type": "wall", "platform": "3", "color": "#525252", "source": "PCIP Phase 1 Appendix A, sheet A-021, July 2019, PDF page 31"}, "geometry": {"type": "LineString", "coordinates": [[342.2, -94.2], [342.2, -96.1]]}},
{"type": "Feature", "properties": {"level": "platform", "type": "wall", "platform": "3", "color": "#525252", "source": "PCIP Phase 1 Appendix A, sheet A-021, July 2019, PDF page 31"}, "geometry": {"type": "LineString", "coordinates": [[343.3, -94.0], [342.2, -94.2]]}},
{"type": "Feature", "properties": {"level": "platform", "type": "wall", "platform": "3", "color": "#525252", "source": "PCIP Phase 1 Appendix A, sheet A-021, July 2019, PDF page 31"}, "geometry": {"type": "LineString", "coordinates": [[342.2, -91.4], [342.2, -94.2]]}},
{"type": "Feature", "properties": {"level": "platform", "type": "wall", "platform": "3", "color": "#525252", "source": "PCIP Phase 1 Appendix A, sheet A-021, July 2019, PDF page 31"}, "geometry": {"type": "LineString", "coordinates": [[342.2, -94.2], [343.3, -94.4]]}},
{"type": "Feature", "properties": {"level": "platform", "type": "wall", "platform": "3", "color": "#525252", "source": "PCIP Phase 1 Appendix A, sheet A-021, July 2019, PDF page 31"}, "geometry": {"type": "LineString", "coordinates": [[342.2, -91.4], [343.9, -91.4]]}},
{"type": "Feature", "properties": {"level": "platform", "type": "wall", "platform": "3", "color": "#525252", "source": "PCIP Phase 1 Appendix A, sheet A-021, July 2019, PDF page 31"}, "geometry": {"type": "LineString", "coordinates": [[343.3, -94.6], [342.8, -96.5]]}},
{"type": "Feature", "properties": {"level": "platform", "type": "wall", "platform": "2", "color": "#525252", "source": "PCIP Phase 1 Appendix A, sheet A-021, July 2019, PDF page 31"}, "geometry": {"type": "LineString", "coordinates": [[342.8, -142.4], [342.9, -142.4], [366.7, -142.4], [366.7, -142.0], [357.4, -142.0]]}},
{"type": "Feature", "properties": {"level": "platform", "type": "wall", "platform": "2", "color": "#525252", "source": "PCIP Phase 1 Appendix A, sheet A-021, July 2019, PDF page 31"}, "geometry": {"type": "LineString", "coordinates": [[343.3, -140.5], [342.9, -142.0]]}},
{"type": "Feature", "properties": {"level": "platform", "type": "wall", "platform": "2", "color": "#525252", "source": "PCIP Phase 1 Appendix A, sheet A-021, July 2019, PDF page 31"}, "geometry": {"type": "LineString", "coordinates": [[350.8, -142.0], [343.3, -142.0]]}},
{"type": "Feature", "properties": {"level": "platform", "type": "wall", "platform": "2", "color": "#525252", "source": "PCIP Phase 1 Appendix A, sheet A-021, July 2019, PDF page 31"}, "geometry": {"type": "LineString", "coordinates": [[343.3, -140.5], [343.3, -142.0]]}},
{"type": "Feature", "properties": {"level": "platform", "type": "wall", "platform": "2", "color": "#525252", "source": "PCIP Phase 1 Appendix A, sheet A-021, July 2019, PDF page 31"}, "geometry": {"type": "LineString", "coordinates": [[343.3, -140.3], [344.4, -140.3], [343.3, -140.5]]}},
{"type": "Feature", "properties": {"level": "platform", "type": "wall", "platform": "2", "color": "#525252", "source": "PCIP Phase 1 Appendix A, sheet A-021, July 2019, PDF page 31"}, "geometry": {"type": "LineString", "coordinates": [[343.3, -137.3], [343.3, -139.9]]}},
{"type": "Feature", "properties": {"level": "platform", "type": "wall", "platform": "2", "color": "#525252", "source": "PCIP Phase 1 Appendix A, sheet A-021, July 2019, PDF page 31"}, "geometry": {"type": "LineString", "coordinates": [[343.5, -139.6], [346.3, -139.0]]}},
{"type": "Feature", "properties": {"level": "platform", "type": "wall", "platform": "2", "color": "#525252", "source": "PCIP Phase 1 Appendix A, sheet A-021, July 2019, PDF page 31"}, "geometry": {"type": "LineString", "coordinates": [[343.9, -137.3], [343.5, -139.6]]}},
{"type": "Feature", "properties": {"level": "platform", "type": "wall", "platform": "2", "color": "#525252", "source": "PCIP Phase 1 Appendix A, sheet A-021, July 2019, PDF page 31"}, "geometry": {"type": "LineString", "coordinates": [[346.3, -140.3], [343.5, -139.6]]}},
{"type": "Feature", "properties": {"level": "platform", "type": "wall", "platform": "3", "color": "#525252", "source": "PCIP Phase 1 Appendix A, sheet A-021, July 2019, PDF page 31"}, "geometry": {"type": "LineString", "coordinates": [[344.2, -89.9], [343.5, -94.0]]}},
{"type": "Feature", "properties": {"level": "platform", "type": "wall", "platform": "2", "color": "#525252", "source": "PCIP Phase 1 Appendix A, sheet A-021, July 2019, PDF page 31"}, "geometry": {"type": "LineString", "coordinates": [[343.9, -137.3], [343.9, -137.3], [354.2, -137.3]]}},
{"type": "Feature", "properties": {"level": "platform", "type": "wall", "platform": "2", "color": "#525252", "source": "PCIP Phase 1 Appendix A, sheet A-021, July 2019, PDF page 31"}, "geometry": {"type": "LineString", "coordinates": [[344.0, -136.9], [366.7, -136.9], [366.7, -137.3], [357.2, -137.3]]}},
{"type": "Feature", "properties": {"level": "platform", "type": "wall", "platform": "2", "color": "#525252", "source": "PCIP Phase 1 Appendix A, sheet A-021, July 2019, PDF page 31"}, "geometry": {"type": "LineString", "coordinates": [[344.2, -135.8], [344.0, -136.9]]}},
{"type": "Feature", "properties": {"level": "platform", "type": "wall", "platform": "2", "color": "#525252", "source": "PCIP Phase 1 Appendix A, sheet A-021, July 2019, PDF page 31"}, "geometry": {"type": "LineString", "coordinates": [[354.2, -139.6], [346.3, -139.6]]}},
{"type": "Feature", "properties": {"level": "platform", "type": "wall", "platform": "4", "color": "#525252", "source": "PCIP Phase 1 Appendix A, sheet A-021, July 2019, PDF page 31"}, "geometry": {"type": "LineString", "coordinates": [[349.1, -44.0], [352.3, -44.0]]}},
{"type": "Feature", "properties": {"level": "platform", "type": "wall", "platform": "4", "color": "#525252", "source": "PCIP Phase 1 Appendix A, sheet A-021, July 2019, PDF page 31"}, "geometry": {"type": "LineString", "coordinates": [[349.5, -44.5], [350.5, -44.5]]}},
{"type": "Feature", "properties": {"level": "platform", "type": "wall", "platform": "4", "color": "#525252", "source": "PCIP Phase 1 Appendix A, sheet A-021, July 2019, PDF page 31"}, "geometry": {"type": "LineString", "coordinates": [[349.5, -44.5], [349.7, -49.3]]}},
{"type": "Feature", "properties": {"level": "platform", "type": "wall", "platform": "4", "color": "#525252", "source": "PCIP Phase 1 Appendix A, sheet A-021, July 2019, PDF page 31"}, "geometry": {"type": "LineString", "coordinates": [[350.5, -47.2], [350.5, -49.3]]}},
{"type": "Feature", "properties": {"level": "platform", "type": "wall", "platform": "4", "color": "#525252", "source": "PCIP Phase 1 Appendix A, sheet A-021, July 2019, PDF page 31"}, "geometry": {"type": "LineString", "coordinates": [[351.6, -47.0], [350.5, -47.2]]}},
{"type": "Feature", "properties": {"level": "platform", "type": "wall", "platform": "4", "color": "#525252", "source": "PCIP Phase 1 Appendix A, sheet A-021, July 2019, PDF page 31"}, "geometry": {"type": "LineString", "coordinates": [[350.5, -44.5], [350.5, -47.2]]}},
{"type": "Feature", "properties": {"level": "platform", "type": "wall", "platform": "4", "color": "#525252", "source": "PCIP Phase 1 Appendix A, sheet A-021, July 2019, PDF page 31"}, "geometry": {"type": "LineString", "coordinates": [[350.5, -47.2], [351.6, -47.4]]}},
{"type": "Feature", "properties": {"level": "platform", "type": "wall", "platform": "4", "color": "#525252", "source": "PCIP Phase 1 Appendix A, sheet A-021, July 2019, PDF page 31"}, "geometry": {"type": "LineString", "coordinates": [[350.5, -44.5], [351.6, -44.5]]}},
{"type": "Feature", "properties": {"level": "platform", "type": "wall", "platform": "2", "color": "#525252", "source": "PCIP Phase 1 Appendix A, sheet A-021, July 2019, PDF page 31"}, "geometry": {"type": "LineString", "coordinates": [[354.2, -142.0], [350.8, -142.0]]}},
{"type": "Feature", "properties": {"level": "platform", "type": "wall", "platform": "4", "color": "#525252", "source": "PCIP Phase 1 Appendix A, sheet A-021, July 2019, PDF page 31"}, "geometry": {"type": "LineString", "coordinates": [[351.1, -49.6], [375.1, -49.6], [375.1, -49.2], [353.5, -49.3]]}},
{"type": "Feature", "properties": {"level": "platform", "type": "wall", "platform": "4", "color": "#525252", "source": "PCIP Phase 1 Appendix A, sheet A-021, July 2019, PDF page 31"}, "geometry": {"type": "LineString", "coordinates": [[351.6, -47.7], [351.2, -49.3]]}},
{"type": "Feature", "properties": {"level": "platform", "type": "wall", "platform": "4", "color": "#525252", "source": "PCIP Phase 1 Appendix A, sheet A-021, July 2019, PDF page 31"}, "geometry": {"type": "LineString", "coordinates": [[352.7, -49.3], [351.6, -49.3]]}},
{"type": "Feature", "properties": {"level": "platform", "type": "wall", "platform": "4", "color": "#525252", "source": "PCIP Phase 1 Appendix A, sheet A-021, July 2019, PDF page 31"}, "geometry": {"type": "LineString", "coordinates": [[351.6, -47.7], [351.6, -49.3]]}},
{"type": "Feature", "properties": {"level": "platform", "type": "wall", "platform": "4", "color": "#525252", "source": "PCIP Phase 1 Appendix A, sheet A-021, July 2019, PDF page 31"}, "geometry": {"type": "LineString", "coordinates": [[352.7, -47.4], [351.6, -47.7]]}},
{"type": "Feature", "properties": {"level": "platform", "type": "wall", "platform": "4", "color": "#525252", "source": "PCIP Phase 1 Appendix A, sheet A-021, July 2019, PDF page 31"}, "geometry": {"type": "LineString", "coordinates": [[351.6, -47.4], [352.7, -47.4]]}},
{"type": "Feature", "properties": {"level": "platform", "type": "wall", "platform": "4", "color": "#525252", "source": "PCIP Phase 1 Appendix A, sheet A-021, July 2019, PDF page 31"}, "geometry": {"type": "LineString", "coordinates": [[351.6, -47.0], [352.7, -46.7]]}},
{"type": "Feature", "properties": {"level": "platform", "type": "wall", "platform": "4", "color": "#525252", "source": "PCIP Phase 1 Appendix A, sheet A-021, July 2019, PDF page 31"}, "geometry": {"type": "LineString", "coordinates": [[352.2, -44.5], [351.6, -47.0]]}},
{"type": "Feature", "properties": {"level": "platform", "type": "wall", "platform": "4", "color": "#525252", "source": "PCIP Phase 1 Appendix A, sheet A-021, July 2019, PDF page 31"}, "geometry": {"type": "LineString", "coordinates": [[351.6, -44.5], [351.6, -47.0]]}},
{"type": "Feature", "properties": {"level": "platform", "type": "wall", "platform": "4", "color": "#525252", "source": "PCIP Phase 1 Appendix A, sheet A-021, July 2019, PDF page 31"}, "geometry": {"type": "LineString", "coordinates": [[352.7, -47.2], [351.6, -47.0]]}},
{"type": "Feature", "properties": {"level": "platform", "type": "wall", "platform": "5", "color": "#525252", "source": "PCIP Phase 1 Appendix A, sheet A-021, July 2019, PDF page 31"}, "geometry": {"type": "LineString", "coordinates": [[365.2, -3.3], [351.1, -3.4], [351.1, -1.5], [351.6, -1.5]]}},
{"type": "Feature", "properties": {"level": "platform", "type": "wall", "platform": "5", "color": "#525252", "source": "PCIP Phase 1 Appendix A, sheet A-021, July 2019, PDF page 31"}, "geometry": {"type": "LineString", "coordinates": [[351.6, 2.3], [351.1, 2.3], [351.1, 4.0], [369.3, 4.0]]}},
{"type": "Feature", "properties": {"level": "platform", "type": "wall", "platform": "1", "color": "#525252", "source": "PCIP Phase 1 Appendix A, sheet A-021, July 2019, PDF page 31"}, "geometry": {"type": "LineString", "coordinates": [[352.0, -187.7], [354.2, -187.7]]}},
{"type": "Feature", "properties": {"level": "platform", "type": "wall", "platform": "1", "color": "#525252", "source": "PCIP Phase 1 Appendix A, sheet A-021, July 2019, PDF page 31"}, "geometry": {"type": "LineString", "coordinates": [[352.0, -182.1], [355.2, -182.1]]}},
{"type": "Feature", "properties": {"level": "platform", "type": "wall", "platform": "4", "color": "#525252", "source": "PCIP Phase 1 Appendix A, sheet A-021, July 2019, PDF page 31"}, "geometry": {"type": "LineString", "coordinates": [[352.3, -44.0], [352.3, -44.0], [375.1, -44.0], [375.1, -44.5], [357.6, -44.5]]}},
{"type": "Feature", "properties": {"level": "platform", "type": "wall", "platform": "1", "color": "#525252", "source": "PCIP Phase 1 Appendix A, sheet A-021, July 2019, PDF page 31"}, "geometry": {"type": "LineString", "coordinates": [[353.8, -187.3], [352.7, -187.3]]}},
{"type": "Feature", "properties": {"level": "platform", "type": "wall", "platform": "1", "color": "#525252", "source": "PCIP Phase 1 Appendix A, sheet A-021, July 2019, PDF page 31"}, "geometry": {"type": "LineString", "coordinates": [[352.7, -182.6], [352.7, -187.3]]}},
{"type": "Feature", "properties": {"level": "platform", "type": "wall", "platform": "1", "color": "#525252", "source": "PCIP Phase 1 Appendix A, sheet A-021, July 2019, PDF page 31"}, "geometry": {"type": "LineString", "coordinates": [[352.7, -182.6], [353.8, -182.6]]}},
{"type": "Feature", "properties": {"level": "platform", "type": "wall", "platform": "4", "color": "#525252", "source": "PCIP Phase 1 Appendix A, sheet A-021, July 2019, PDF page 31"}, "geometry": {"type": "LineString", "coordinates": [[352.7, -47.4], [352.7, -49.3]]}},
{"type": "Feature", "properties": {"level": "platform", "type": "wall", "platform": "4", "color": "#525252", "source": "PCIP Phase 1 Appendix A, sheet A-021, July 2019, PDF page 31"}, "geometry": {"type": "LineString", "coordinates": [[352.7, -44.5], [352.7, -46.7]]}},
{"type": "Feature", "properties": {"level": "platform", "type": "wall", "platform": "4", "color": "#525252", "source": "PCIP Phase 1 Appendix A, sheet A-021, July 2019, PDF page 31"}, "geometry": {"type": "LineString", "coordinates": [[353.5, -47.4], [353.5, -49.3]]}},
{"type": "Feature", "properties": {"level": "platform", "type": "wall", "platform": "4", "color": "#525252", "source": "PCIP Phase 1 Appendix A, sheet A-021, July 2019, PDF page 31"}, "geometry": {"type": "LineString", "coordinates": [[354.6, -47.7], [353.5, -47.4]]}},
{"type": "Feature", "properties": {"level": "platform", "type": "wall", "platform": "4", "color": "#525252", "source": "PCIP Phase 1 Appendix A, sheet A-021, July 2019, PDF page 31"}, "geometry": {"type": "LineString", "coordinates": [[353.5, -46.4], [354.6, -46.1]]}},
{"type": "Feature", "properties": {"level": "platform", "type": "wall", "platform": "4", "color": "#525252", "source": "PCIP Phase 1 Appendix A, sheet A-021, July 2019, PDF page 31"}, "geometry": {"type": "LineString", "coordinates": [[353.5, -44.5], [353.5, -46.4]]}},
{"type": "Feature", "properties": {"level": "platform", "type": "wall", "platform": "4", "color": "#525252", "source": "PCIP Phase 1 Appendix A, sheet A-021, July 2019, PDF page 31"}, "geometry": {"type": "LineString", "coordinates": [[354.6, -44.5], [353.5, -44.5]]}},
{"type": "Feature", "properties": {"level": "platform", "type": "wall", "platform": "1", "color": "#525252", "source": "PCIP Phase 1 Appendix A, sheet A-021, July 2019, PDF page 31"}, "geometry": {"type": "LineString", "coordinates": [[353.8, -185.3], [353.8, -187.3]]}},
{"type": "Feature", "properties": {"level": "platform", "type": "wall", "platform": "1", "color": "#525252", "source": "PCIP Phase 1 Appendix A, sheet A-021, July 2019, PDF page 31"}, "geometry": {"type": "LineString", "coordinates": [[355.7, -181.1], [354.8, -184.9], [353.8, -185.3]]}},
{"type": "Feature", "properties": {"level": "platform", "type": "wall", "platform": "1", "color": "#525252", "source": "PCIP Phase 1 Appendix A, sheet A-021, July 2019, PDF page 31"}, "geometry": {"type": "LineString", "coordinates": [[353.8, -182.6], [353.8, -185.3]]}},
{"type": "Feature", "properties": {"level": "platform", "type": "wall", "platform": "1", "color": "#525252", "source": "PCIP Phase 1 Appendix A, sheet A-021, July 2019, PDF page 31"}, "geometry": {"type": "LineString", "coordinates": [[353.8, -182.6], [355.2, -182.6]]}},
{"type": "Feature", "properties": {"level": "platform", "type": "wall", "platform": "1", "color": "#525252", "source": "PCIP Phase 1 Appendix A, sheet A-021, July 2019, PDF page 31"}, "geometry": {"type": "LineString", "coordinates": [[354.6, -185.8], [354.2, -188.3]]}},
{"type": "Feature", "properties": {"level": "platform", "type": "wall", "platform": "2", "color": "#525252", "source": "PCIP Phase 1 Appendix A, sheet A-021, July 2019, PDF page 31"}, "geometry": {"type": "LineString", "coordinates": [[355.2, -142.0], [354.2, -142.0]]}},
{"type": "Feature", "properties": {"level": "platform", "type": "wall", "platform": "2", "color": "#525252", "source": "PCIP Phase 1 Appendix A, sheet A-021, July 2019, PDF page 31"}, "geometry": {"type": "LineString", "coordinates": [[354.2, -139.6], [354.2, -142.0]]}},
{"type": "Feature", "properties": {"level": "platform", "type": "wall", "platform": "2", "color": "#525252", "source": "PCIP Phase 1 Appendix A, sheet A-021, July 2019, PDF page 31"}, "geometry": {"type": "LineString", "coordinates": [[355.2, -139.6], [354.2, -139.6]]}},
{"type": "Feature", "properties": {"level": "platform", "type": "wall", "platform": "2", "color": "#525252", "source": "PCIP Phase 1 Appendix A, sheet A-021, July 2019, PDF page 31"}, "geometry": {"type": "LineString", "coordinates": [[354.2, -137.3], [354.2, -139.6]]}},
{"type": "Feature", "properties": {"level": "platform", "type": "wall", "platform": "2", "color": "#525252", "source": "PCIP Phase 1 Appendix A, sheet A-021, July 2019, PDF page 31"}, "geometry": {"type": "LineString", "coordinates": [[355.2, -137.3], [354.2, -137.3]]}},
{"type": "Feature", "properties": {"level": "platform", "type": "wall", "platform": "4", "color": "#525252", "source": "PCIP Phase 1 Appendix A, sheet A-021, July 2019, PDF page 31"}, "geometry": {"type": "LineString", "coordinates": [[354.6, -47.7], [354.6, -49.2]]}},
{"type": "Feature", "properties": {"level": "platform", "type": "wall", "platform": "4", "color": "#525252", "source": "PCIP Phase 1 Appendix A, sheet A-021, July 2019, PDF page 31"}, "geometry": {"type": "LineString", "coordinates": [[355.7, -47.0], [354.6, -47.0]]}},
{"type": "Feature", "properties": {"level": "platform", "type": "wall", "platform": "4", "color": "#525252", "source": "PCIP Phase 1 Appendix A, sheet A-021, July 2019, PDF page 31"}, "geometry": {"type": "LineString", "coordinates": [[354.6, -44.5], [354.6, -46.1]]}},
{"type": "Feature", "properties": {"level": "platform", "type": "wall", "platform": "4", "color": "#525252", "source": "PCIP Phase 1 Appendix A, sheet A-021, July 2019, PDF page 31"}, "geometry": {"type": "LineString", "coordinates": [[355.7, -44.5], [354.6, -44.5]]}},
{"type": "Feature", "properties": {"level": "platform", "type": "wall", "platform": "2", "color": "#525252", "source": "PCIP Phase 1 Appendix A, sheet A-021, July 2019, PDF page 31"}, "geometry": {"type": "LineString", "coordinates": [[356.3, -142.0], [355.2, -142.0]]}},
{"type": "Feature", "properties": {"level": "platform", "type": "wall", "platform": "2", "color": "#525252", "source": "PCIP Phase 1 Appendix A, sheet A-021, July 2019, PDF page 31"}, "geometry": {"type": "LineString", "coordinates": [[355.2, -139.6], [355.2, -142.0]]}},
{"type": "Feature", "properties": {"level": "platform", "type": "wall", "platform": "2", "color": "#525252", "source": "PCIP Phase 1 Appendix A, sheet A-021, July 2019, PDF page 31"}, "geometry": {"type": "LineString", "coordinates": [[356.3, -139.6], [355.2, -139.6]]}},
{"type": "Feature", "properties": {"level": "platform", "type": "wall", "platform": "2", "color": "#525252", "source": "PCIP Phase 1 Appendix A, sheet A-021, July 2019, PDF page 31"}, "geometry": {"type": "LineString", "coordinates": [[355.2, -137.3], [355.2, -139.6]]}},
{"type": "Feature", "properties": {"level": "platform", "type": "wall", "platform": "2", "color": "#525252", "source": "PCIP Phase 1 Appendix A, sheet A-021, July 2019, PDF page 31"}, "geometry": {"type": "LineString", "coordinates": [[356.3, -137.3], [355.2, -137.3]]}},
{"type": "Feature", "properties": {"level": "platform", "type": "wall", "platform": "4", "color": "#525252", "source": "PCIP Phase 1 Appendix A, sheet A-021, July 2019, PDF page 31"}, "geometry": {"type": "LineString", "coordinates": [[355.7, -47.0], [355.7, -49.2]]}},
{"type": "Feature", "properties": {"level": "platform", "type": "wall", "platform": "4", "color": "#525252", "source": "PCIP Phase 1 Appendix A, sheet A-021, July 2019, PDF page 31"}, "geometry": {"type": "LineString", "coordinates": [[355.7, -44.5], [355.7, -47.0]]}},
{"type": "Feature", "properties": {"level": "platform", "type": "wall", "platform": "2", "color": "#525252", "source": "PCIP Phase 1 Appendix A, sheet A-021, July 2019, PDF page 31"}, "geometry": {"type": "LineString", "coordinates": [[357.4, -142.0], [356.3, -142.0]]}},
{"type": "Feature", "properties": {"level": "platform", "type": "wall", "platform": "2", "color": "#525252", "source": "PCIP Phase 1 Appendix A, sheet A-021, July 2019, PDF page 31"}, "geometry": {"type": "LineString", "coordinates": [[356.3, -139.6], [356.3, -142.0]]}},
{"type": "Feature", "properties": {"level": "platform", "type": "wall", "platform": "2", "color": "#525252", "source": "PCIP Phase 1 Appendix A, sheet A-021, July 2019, PDF page 31"}, "geometry": {"type": "LineString", "coordinates": [[357.3, -139.6], [356.3, -139.6]]}},
{"type": "Feature", "properties": {"level": "platform", "type": "wall", "platform": "2", "color": "#525252", "source": "PCIP Phase 1 Appendix A, sheet A-021, July 2019, PDF page 31"}, "geometry": {"type": "LineString", "coordinates": [[356.3, -137.3], [356.3, -139.6]]}},
{"type": "Feature", "properties": {"level": "platform", "type": "wall", "platform": "4", "color": "#525252", "source": "PCIP Phase 1 Appendix A, sheet A-021, July 2019, PDF page 31"}, "geometry": {"type": "LineString", "coordinates": [[356.5, -47.0], [356.5, -49.2]]}},
{"type": "Feature", "properties": {"level": "platform", "type": "wall", "platform": "4", "color": "#525252", "source": "PCIP Phase 1 Appendix A, sheet A-021, July 2019, PDF page 31"}, "geometry": {"type": "LineString", "coordinates": [[357.6, -47.0], [356.5, -47.0]]}},
{"type": "Feature", "properties": {"level": "platform", "type": "wall", "platform": "4", "color": "#525252", "source": "PCIP Phase 1 Appendix A, sheet A-021, July 2019, PDF page 31"}, "geometry": {"type": "LineString", "coordinates": [[356.5, -44.5], [356.5, -47.0]]}},
{"type": "Feature", "properties": {"level": "platform", "type": "wall", "platform": "4", "color": "#525252", "source": "PCIP Phase 1 Appendix A, sheet A-021, July 2019, PDF page 31"}, "geometry": {"type": "LineString", "coordinates": [[357.6, -44.5], [356.5, -44.5]]}},
{"type": "Feature", "properties": {"level": "platform", "type": "wall", "platform": "8", "color": "#525252", "source": "PCIP Phase 1 Appendix A, sheet A-021, July 2019, PDF page 31"}, "geometry": {"type": "LineString", "coordinates": [[357.4, 134.1], [356.7, 131.5]]}},
{"type": "Feature", "properties": {"level": "platform", "type": "wall", "platform": "2", "color": "#525252", "source": "PCIP Phase 1 Appendix A, sheet A-021, July 2019, PDF page 31"}, "geometry": {"type": "LineString", "coordinates": [[357.2, -137.3], [357.3, -139.6]]}},
{"type": "Feature", "properties": {"level": "platform", "type": "wall", "platform": "2", "color": "#525252", "source": "PCIP Phase 1 Appendix A, sheet A-021, July 2019, PDF page 31"}, "geometry": {"type": "LineString", "coordinates": [[366.4, -139.6], [357.3, -139.6]]}},
{"type": "Feature", "properties": {"level": "platform", "type": "wall", "platform": "2", "color": "#525252", "source": "PCIP Phase 1 Appendix A, sheet A-021, July 2019, PDF page 31"}, "geometry": {"type": "LineString", "coordinates": [[357.3, -139.6], [357.4, -142.0]]}},
{"type": "Feature", "properties": {"level": "platform", "type": "wall", "platform": "4", "color": "#525252", "source": "PCIP Phase 1 Appendix A, sheet A-021, July 2019, PDF page 31"}, "geometry": {"type": "LineString", "coordinates": [[357.6, -47.0], [357.6, -49.2]]}},
{"type": "Feature", "properties": {"level": "platform", "type": "wall", "platform": "4", "color": "#525252", "source": "PCIP Phase 1 Appendix A, sheet A-021, July 2019, PDF page 31"}, "geometry": {"type": "LineString", "coordinates": [[374.6, -47.0], [357.6, -47.0]]}},
{"type": "Feature", "properties": {"level": "platform", "type": "wall", "platform": "4", "color": "#525252", "source": "PCIP Phase 1 Appendix A, sheet A-021, July 2019, PDF page 31"}, "geometry": {"type": "LineString", "coordinates": [[357.6, -44.5], [357.6, -47.0]]}},
{"type": "Feature", "properties": {"level": "platform", "type": "wall", "platform": "8", "color": "#525252", "source": "PCIP Phase 1 Appendix A, sheet A-021, July 2019, PDF page 31"}, "geometry": {"type": "LineString", "coordinates": [[358.2, 138.8], [357.6, 134.9]]}},
{"type": "Feature", "properties": {"level": "platform", "type": "wall", "platform": "9", "color": "#525252", "source": "PCIP Phase 1 Appendix A, sheet A-021, July 2019, PDF page 31"}, "geometry": {"type": "LineString", "coordinates": [[364.4, 181.4], [363.8, 178.9]]}},
{"type": "Feature", "properties": {"level": "platform", "type": "wall", "platform": "9", "color": "#525252", "source": "PCIP Phase 1 Appendix A, sheet A-021, July 2019, PDF page 31"}, "geometry": {"type": "LineString", "coordinates": [[364.0, 179.3], [378.5, 179.5]]}},
{"type": "Feature", "properties": {"level": "platform", "type": "wall", "platform": "7", "color": "#525252", "source": "PCIP Phase 1 Appendix A, sheet A-021, July 2019, PDF page 31"}, "geometry": {"type": "LineString", "coordinates": [[364.1, 84.9], [383.0, 84.9], [383.0, 85.4], [369.5, 85.2]]}},
{"type": "Feature", "properties": {"level": "platform", "type": "wall", "platform": "7", "color": "#525252", "source": "PCIP Phase 1 Appendix A, sheet A-021, July 2019, PDF page 31"}, "geometry": {"type": "LineString", "coordinates": [[365.5, 87.1], [364.4, 86.9], [364.1, 84.9]]}},
{"type": "Feature", "properties": {"level": "platform", "type": "wall", "platform": "7", "color": "#525252", "source": "PCIP Phase 1 Appendix A, sheet A-021, July 2019, PDF page 31"}, "geometry": {"type": "LineString", "coordinates": [[365.5, 85.1], [364.2, 85.1]]}},
{"type": "Feature", "properties": {"level": "platform", "type": "enclosure", "platform": "10", "color": "#525252", "source": "PCIP Phase 1 Appendix A, sheet A-021, July 2019, PDF page 31"}, "geometry": {"type": "Polygon", "coordinates": [[[364.4, 225.2], [365.1, 225.2], [365.1, 228.6], [370.2, 228.6], [370.2, 229.3], [364.4, 229.3], [364.4, 225.2]]]}},
{"type": "Feature", "properties": {"level": "platform", "type": "wall", "platform": "7", "color": "#525252", "source": "PCIP Phase 1 Appendix A, sheet A-021, July 2019, PDF page 31"}, "geometry": {"type": "LineString", "coordinates": [[365.2, 90.3], [364.6, 87.7], [363.6, 87.5], [365.5, 87.1]]}},
{"type": "Feature", "properties": {"level": "platform", "type": "wall", "platform": "5", "color": "#525252", "source": "PCIP Phase 1 Appendix A, sheet A-021, July 2019, PDF page 31"}, "geometry": {"type": "LineString", "coordinates": [[372.6, 3.6], [371.2, 3.6], [360.1, 3.6], [360.1, -2.8], [365.2, -2.8], [365.2, -3.3]]}},
{"type": "Feature", "properties": {"level": "platform", "type": "wall", "platform": "5", "color": "#525252", "source": "PCIP Phase 1 Appendix A, sheet A-021, July 2019, PDF page 31"}, "geometry": {"type": "LineString", "coordinates": [[367.4, -5.6], [365.2, -3.4], [365.2, -3.3]]}},
{"type": "Feature", "properties": {"level": "platform", "type": "wall", "platform": "5", "color": "#525252", "source": "PCIP Phase 1 Appendix A, sheet A-021, July 2019, PDF page 31"}, "geometry": {"type": "LineString", "coordinates": [[365.2, -3.3], [367.4, -5.6]]}},
{"type": "Feature", "properties": {"level": "platform", "type": "wall", "platform": "9", "color": "#525252", "source": "PCIP Phase 1 Appendix A, sheet A-021, July 2019, PDF page 31"}, "geometry": {"type": "LineString", "coordinates": [[365.2, 185.1], [364.6, 182.3], [363.3, 182.1], [365.5, 181.7]]}},
{"type": "Feature", "properties": {"level": "platform", "type": "wall", "platform": "7", "color": "#525252", "source": "PCIP Phase 1 Appendix A, sheet A-021, July 2019, PDF page 31"}, "geometry": {"type": "LineString", "coordinates": [[365.3, 90.7], [383.0, 90.7], [383.0, 90.3], [369.5, 90.3]]}},
{"type": "Feature", "properties": {"level": "platform", "type": "wall", "platform": "7", "color": "#525252", "source": "PCIP Phase 1 Appendix A, sheet A-021, July 2019, PDF page 31"}, "geometry": {"type": "LineString", "coordinates": [[366.5, 85.1], [365.5, 85.1]]}},
{"type": "Feature", "properties": {"level": "platform", "type": "wall", "platform": "7", "color": "#525252", "source": "PCIP Phase 1 Appendix A, sheet A-021, July 2019, PDF page 31"}, "geometry": {"type": "LineString", "coordinates": [[365.5, 87.1], [365.5, 85.1]]}},
{"type": "Feature", "properties": {"level": "platform", "type": "wall", "platform": "7", "color": "#525252", "source": "PCIP Phase 1 Appendix A, sheet A-021, July 2019, PDF page 31"}, "geometry": {"type": "LineString", "coordinates": [[365.5, 90.3], [365.5, 87.1]]}},
{"type": "Feature", "properties": {"level": "platform", "type": "wall", "platform": "7", "color": "#525252", "source": "PCIP Phase 1 Appendix A, sheet A-021, July 2019, PDF page 31"}, "geometry": {"type": "LineString", "coordinates": [[366.5, 90.3], [365.5, 90.3]]}},
{"type": "Feature", "properties": {"level": "platform", "type": "wall", "platform": "6", "color": "#525252", "source": "PCIP Phase 1 Appendix A, sheet A-021, July 2019, PDF page 31"}, "geometry": {"type": "LineString", "coordinates": [[367.0, 43.3], [366.5, 40.7]]}},
{"type": "Feature", "properties": {"level": "platform", "type": "wall", "platform": "7", "color": "#525252", "source": "PCIP Phase 1 Appendix A, sheet A-021, July 2019, PDF page 31"}, "geometry": {"type": "LineString", "coordinates": [[367.6, 85.2], [366.5, 85.1]]}},
{"type": "Feature", "properties": {"level": "platform", "type": "wall", "platform": "7", "color": "#525252", "source": "PCIP Phase 1 Appendix A, sheet A-021, July 2019, PDF page 31"}, "geometry": {"type": "LineString", "coordinates": [[366.5, 90.3], [366.5, 85.1]]}},
{"type": "Feature", "properties": {"level": "platform", "type": "wall", "platform": "5", "color": "#525252", "source": "PCIP Phase 1 Appendix A, sheet A-021, July 2019, PDF page 31"}, "geometry": {"type": "LineString", "coordinates": [[367.4, -5.6], [367.4, -5.4], [367.6, -5.4], [367.6, -5.2], [367.9, -5.2], [367.9, -4.7], [368.0, -4.7], [368.0, -4.3], [368.3, -4.3], [368.3, -3.4]]}},
{"type": "Feature", "properties": {"level": "platform", "type": "wall", "platform": "7", "color": "#525252", "source": "PCIP Phase 1 Appendix A, sheet A-021, July 2019, PDF page 31"}, "geometry": {"type": "LineString", "coordinates": [[368.5, 90.3], [367.4, 90.3]]}},
{"type": "Feature", "properties": {"level": "platform", "type": "wall", "platform": "7", "color": "#525252", "source": "PCIP Phase 1 Appendix A, sheet A-021, July 2019, PDF page 31"}, "geometry": {"type": "LineString", "coordinates": [[367.4, 90.3], [367.6, 85.2]]}},
{"type": "Feature", "properties": {"level": "platform", "type": "wall", "platform": "6", "color": "#525252", "source": "PCIP Phase 1 Appendix A, sheet A-021, July 2019, PDF page 31"}, "geometry": {"type": "LineString", "coordinates": [[368.0, 48.2], [367.2, 44.4], [366.1, 43.9], [368.3, 43.8]]}},
{"type": "Feature", "properties": {"level": "platform", "type": "wall", "platform": "7", "color": "#525252", "source": "PCIP Phase 1 Appendix A, sheet A-021, July 2019, PDF page 31"}, "geometry": {"type": "LineString", "coordinates": [[369.5, 85.2], [368.5, 85.2]]}},
{"type": "Feature", "properties": {"level": "platform", "type": "wall", "platform": "7", "color": "#525252", "source": "PCIP Phase 1 Appendix A, sheet A-021, July 2019, PDF page 31"}, "geometry": {"type": "LineString", "coordinates": [[368.5, 90.3], [368.5, 85.2]]}},
{"type": "Feature", "properties": {"level": "platform", "type": "wall", "platform": "7", "color": "#525252", "source": "PCIP Phase 1 Appendix A, sheet A-021, July 2019, PDF page 31"}, "geometry": {"type": "LineString", "coordinates": [[369.5, 90.3], [368.5, 90.3]]}},
{"type": "Feature", "properties": {"level": "platform", "type": "wall", "platform": "5", "color": "#525252", "source": "PCIP Phase 1 Appendix A, sheet A-021, July 2019, PDF page 31"}, "geometry": {"type": "LineString", "coordinates": [[369.3, -3.3], [368.3, -3.3], [368.3, -2.8], [371.2, -2.8], [371.3, -2.8]]}},
{"type": "Feature", "properties": {"level": "platform", "type": "wall", "platform": "7", "color": "#525252", "source": "PCIP Phase 1 Appendix A, sheet A-021, July 2019, PDF page 31"}, "geometry": {"type": "LineString", "coordinates": [[369.5, 90.3], [369.5, 85.2]]}},
{"type": "Feature", "properties": {"level": "platform", "type": "wall", "platform": "5", "color": "#525252", "source": "PCIP Phase 1 Appendix A, sheet A-021, July 2019, PDF page 31"}, "geometry": {"type": "LineString", "coordinates": [[371.2, 4.0], [372.7, 4.0]]}},
{"type": "Feature", "properties": {"level": "platform", "type": "wall", "platform": "5", "color": "#525252", "source": "PCIP Phase 1 Appendix A, sheet A-021, July 2019, PDF page 31"}, "geometry": {"type": "LineString", "coordinates": [[381.2, -2.8], [381.2, -3.3], [371.3, -3.3]]}},
{"type": "Feature", "properties": {"level": "platform", "type": "wall", "platform": "5", "color": "#525252", "source": "PCIP Phase 1 Appendix A, sheet A-021, July 2019, PDF page 31"}, "geometry": {"type": "LineString", "coordinates": [[371.3, -2.8], [381.2, -2.8]]}},
{"type": "Feature", "properties": {"level": "platform", "type": "wall", "platform": "5", "color": "#525252", "source": "PCIP Phase 1 Appendix A, sheet A-021, July 2019, PDF page 31"}, "geometry": {"type": "LineString", "coordinates": [[372.7, -0.2], [371.7, -0.5], [371.3, -2.8]]}},
{"type": "Feature", "properties": {"level": "platform", "type": "wall", "platform": "5", "color": "#525252", "source": "PCIP Phase 1 Appendix A, sheet A-021, July 2019, PDF page 31"}, "geometry": {"type": "LineString", "coordinates": [[372.7, -2.4], [371.4, -2.4]]}},
{"type": "Feature", "properties": {"level": "platform", "type": "wall", "platform": "5", "color": "#525252", "source": "PCIP Phase 1 Appendix A, sheet A-021, July 2019, PDF page 31"}, "geometry": {"type": "LineString", "coordinates": [[372.4, 2.9], [371.9, 0.4], [370.6, 0.2], [372.7, -0.2]]}},
{"type": "Feature", "properties": {"level": "platform", "type": "wall", "platform": "5", "color": "#525252", "source": "PCIP Phase 1 Appendix A, sheet A-021, July 2019, PDF page 31"}, "geometry": {"type": "LineString", "coordinates": [[372.5, 3.4], [389.8, 3.4], [389.8, 2.9]]}},
{"type": "Feature", "properties": {"level": "platform", "type": "wall", "platform": "10", "color": "#525252", "source": "PCIP Phase 1 Appendix A, sheet A-021, July 2019, PDF page 31"}, "geometry": {"type": "LineString", "coordinates": [[372.5, 230.8], [372.7, 230.8], [372.7, 230.1], [373.0, 230.1], [373.0, 229.3]]}},
{"type": "Feature", "properties": {"level": "platform", "type": "wall", "platform": "5", "color": "#525252", "source": "PCIP Phase 1 Appendix A, sheet A-021, July 2019, PDF page 31"}, "geometry": {"type": "LineString", "coordinates": [[372.7, 4.0], [381.2, 4.0], [381.2, 3.6], [372.6, 3.6]]}},
{"type": "Feature", "properties": {"level": "platform", "type": "wall", "platform": "5", "color": "#525252", "source": "PCIP Phase 1 Appendix A, sheet A-021, July 2019, PDF page 31"}, "geometry": {"type": "LineString", "coordinates": [[373.8, -2.4], [372.7, -2.4]]}},
{"type": "Feature", "properties": {"level": "platform", "type": "wall", "platform": "5", "color": "#525252", "source": "PCIP Phase 1 Appendix A, sheet A-021, July 2019, PDF page 31"}, "geometry": {"type": "LineString", "coordinates": [[372.7, -0.2], [372.7, -2.4]]}},
{"type": "Feature", "properties": {"level": "platform", "type": "wall", "platform": "5", "color": "#525252", "source": "PCIP Phase 1 Appendix A, sheet A-021, July 2019, PDF page 31"}, "geometry": {"type": "LineString", "coordinates": [[372.7, 2.9], [372.7, -0.2]]}},
{"type": "Feature", "properties": {"level": "platform", "type": "wall", "platform": "5", "color": "#525252", "source": "PCIP Phase 1 Appendix A, sheet A-021, July 2019, PDF page 31"}, "geometry": {"type": "LineString", "coordinates": [[373.8, 2.9], [372.7, 2.9]]}},
{"type": "Feature", "properties": {"level": "platform", "type": "wall", "platform": "10", "color": "#525252", "source": "PCIP Phase 1 Appendix A, sheet A-021, July 2019, PDF page 31"}, "geometry": {"type": "LineString", "coordinates": [[375.9, 218.8], [374.0, 218.8], [374.0, 228.6], [374.5, 228.6], [374.5, 229.3], [373.0, 229.3]]}},
{"type": "Feature", "properties": {"level": "platform", "type": "wall", "platform": "10", "color": "#525252", "source": "PCIP Phase 1 Appendix A, sheet A-021, July 2019, PDF page 31"}, "geometry": {"type": "LineString", "coordinates": [[373.0, 229.3], [373.0, 228.6], [373.3, 228.6], [373.3, 218.8], [365.1, 218.8], [365.1, 222.3], [364.4, 222.3], [364.4, 218.2], [375.7, 218.2]]}},
{"type": "Feature", "properties": {"level": "platform", "type": "wall", "platform": "10", "color": "#525252", "source": "PCIP Phase 1 Appendix A, sheet A-021, July 2019, PDF page 31"}, "geometry": {"type": "LineString", "coordinates": [[373.3, 212.4], [373.8, 213.5]]}},
{"type": "Feature", "properties": {"level": "platform", "type": "wall", "platform": "10", "color": "#525252", "source": "PCIP Phase 1 Appendix A, sheet A-021, July 2019, PDF page 31"}, "geometry": {"type": "LineString", "coordinates": [[373.6, 212.6], [393.0, 212.9], [393.0, 213.5]]}},
{"type": "Feature", "properties": {"level": "platform", "type": "wall", "platform": "5", "color": "#525252", "source": "PCIP Phase 1 Appendix A, sheet A-021, July 2019, PDF page 31"}, "geometry": {"type": "LineString", "coordinates": [[374.9, -2.4], [373.8, -2.4]]}},
{"type": "Feature", "properties": {"level": "platform", "type": "wall", "platform": "5", "color": "#525252", "source": "PCIP Phase 1 Appendix A, sheet A-021, July 2019, PDF page 31"}, "geometry": {"type": "LineString", "coordinates": [[373.8, 2.9], [373.8, -2.4]]}},
{"type": "Feature", "properties": {"level": "platform", "type": "wall", "platform": "10", "color": "#525252", "source": "PCIP Phase 1 Appendix A, sheet A-021, July 2019, PDF page 31"}, "geometry": {"type": "LineString", "coordinates": [[373.8, 213.5], [393.0, 213.5]]}},
{"type": "Feature", "properties": {"level": "platform", "type": "wall", "platform": "10", "color": "#525252", "source": "PCIP Phase 1 Appendix A, sheet A-021, July 2019, PDF page 31"}, "geometry": {"type": "LineString", "coordinates": [[373.9, 213.7], [393.4, 213.7]]}},
{"type": "Feature", "properties": {"level": "platform", "type": "wall", "platform": "10", "color": "#525252", "source": "PCIP Phase 1 Appendix A, sheet A-021, July 2019, PDF page 31"}, "geometry": {"type": "LineString", "coordinates": [[373.9, 213.7], [374.9, 215.8]]}},
{"type": "Feature", "properties": {"level": "platform", "type": "wall", "platform": "5", "color": "#525252", "source": "PCIP Phase 1 Appendix A, sheet A-021, July 2019, PDF page 31"}, "geometry": {"type": "LineString", "coordinates": [[375.7, 2.9], [374.6, 2.9]]}},
{"type": "Feature", "properties": {"level": "platform", "type": "wall", "platform": "5", "color": "#525252", "source": "PCIP Phase 1 Appendix A, sheet A-021, July 2019, PDF page 31"}, "geometry": {"type": "LineString", "coordinates": [[374.6, 2.9], [374.9, -2.4]]}},
{"type": "Feature", "properties": {"level": "platform", "type": "wall", "platform": "10", "color": "#525252", "source": "PCIP Phase 1 Appendix A, sheet A-021, July 2019, PDF page 31"}, "geometry": {"type": "LineString", "coordinates": [[375.1, 216.7], [375.7, 218.2]]}},
{"type": "Feature", "properties": {"level": "platform", "type": "wall", "platform": "10", "color": "#525252", "source": "PCIP Phase 1 Appendix A, sheet A-021, July 2019, PDF page 31"}, "geometry": {"type": "LineString", "coordinates": [[393.4, 217.6], [375.5, 217.6]]}},
{"type": "Feature", "properties": {"level": "platform", "type": "wall", "platform": "10", "color": "#525252", "source": "PCIP Phase 1 Appendix A, sheet A-021, July 2019, PDF page 31"}, "geometry": {"type": "LineString", "coordinates": [[393.4, 217.6], [393.6, 217.6], [393.6, 217.7], [375.5, 217.7]]}},
{"type": "Feature", "properties": {"level": "platform", "type": "wall", "platform": "5", "color": "#525252", "source": "PCIP Phase 1 Appendix A, sheet A-021, July 2019, PDF page 31"}, "geometry": {"type": "LineString", "coordinates": [[376.8, -2.4], [375.7, -2.4]]}},
{"type": "Feature", "properties": {"level": "platform", "type": "wall", "platform": "5", "color": "#525252", "source": "PCIP Phase 1 Appendix A, sheet A-021, July 2019, PDF page 31"}, "geometry": {"type": "LineString", "coordinates": [[375.7, 2.9], [375.7, -2.4]]}},
{"type": "Feature", "properties": {"level": "platform", "type": "wall", "platform": "5", "color": "#525252", "source": "PCIP Phase 1 Appendix A, sheet A-021, July 2019, PDF page 31"}, "geometry": {"type": "LineString", "coordinates": [[376.8, 2.9], [375.7, 2.9]]}},
{"type": "Feature", "properties": {"level": "platform", "type": "wall", "platform": "10", "color": "#525252", "source": "PCIP Phase 1 Appendix A, sheet A-021, July 2019, PDF page 31"}, "geometry": {"type": "LineString", "coordinates": [[387.2, 219.0], [376.0, 219.0]]}},
{"type": "Feature", "properties": {"level": "platform", "type": "wall", "platform": "10", "color": "#525252", "source": "PCIP Phase 1 Appendix A, sheet A-021, July 2019, PDF page 31"}, "geometry": {"type": "LineString", "coordinates": [[376.1, 219.5], [378.3, 224.8]]}},
{"type": "Feature", "properties": {"level": "platform", "type": "wall", "platform": "5", "color": "#525252", "source": "PCIP Phase 1 Appendix A, sheet A-021, July 2019, PDF page 31"}, "geometry": {"type": "LineString", "coordinates": [[380.8, -2.4], [376.8, -2.4]]}},
{"type": "Feature", "properties": {"level": "platform", "type": "wall", "platform": "5", "color": "#525252", "source": "PCIP Phase 1 Appendix A, sheet A-021, July 2019, PDF page 31"}, "geometry": {"type": "LineString", "coordinates": [[376.8, 2.9], [376.8, -2.4]]}},
{"type": "Feature", "properties": {"level": "platform", "type": "wall", "platform": "5", "color": "#525252", "source": "PCIP Phase 1 Appendix A, sheet A-021, July 2019, PDF page 31"}, "geometry": {"type": "LineString", "coordinates": [[380.6, 2.9], [376.8, 2.9]]}},
{"type": "Feature", "properties": {"level": "platform", "type": "wall", "platform": "10", "color": "#525252", "source": "PCIP Phase 1 Appendix A, sheet A-021, July 2019, PDF page 31"}, "geometry": {"type": "LineString", "coordinates": [[376.8, 219.5], [388.3, 219.5], [388.3, 219.0], [387.2, 219.0]]}},
{"type": "Feature", "properties": {"level": "platform", "type": "wall", "platform": "10", "color": "#525252", "source": "PCIP Phase 1 Appendix A, sheet A-021, July 2019, PDF page 31"}, "geometry": {"type": "LineString", "coordinates": [[376.8, 219.5], [376.8, 221.0]]}},
{"type": "Feature", "properties": {"level": "platform", "type": "wall", "platform": "10", "color": "#525252", "source": "PCIP Phase 1 Appendix A, sheet A-021, July 2019, PDF page 31"}, "geometry": {"type": "LineString", "coordinates": [[376.8, 230.8], [377.0, 230.8], [377.0, 230.4], [377.2, 230.1], [377.2, 229.3]]}},
{"type": "Feature", "properties": {"level": "platform", "type": "wall", "platform": "10", "color": "#525252", "source": "PCIP Phase 1 Appendix A, sheet A-021, July 2019, PDF page 31"}, "geometry": {"type": "LineString", "coordinates": [[380.1, 229.3], [377.2, 229.3]]}},
{"type": "Feature", "properties": {"level": "platform", "type": "wall", "platform": "10", "color": "#525252", "source": "PCIP Phase 1 Appendix A, sheet A-021, July 2019, PDF page 31"}, "geometry": {"type": "LineString", "coordinates": [[377.2, 229.3], [377.2, 228.6], [379.8, 228.6]]}},
{"type": "Feature", "properties": {"level": "platform", "type": "wall", "platform": "10", "color": "#525252", "source": "PCIP Phase 1 Appendix A, sheet A-021, July 2019, PDF page 31"}, "geometry": {"type": "LineString", "coordinates": [[379.3, 224.8], [377.4, 225.4], [378.5, 225.7], [379.8, 228.6]]}},
{"type": "Feature", "properties": {"level": "platform", "type": "wall", "platform": "3", "color": "#525252", "source": "PCIP Phase 1 Appendix A, sheet A-021, July 2019, PDF page 31"}, "geometry": {"type": "LineString", "coordinates": [[399.4, -91.4], [399.4, -90.8], [380.4, -90.8]]}},
{"type": "Feature", "properties": {"level": "platform", "type": "wall", "platform": "3", "color": "#525252", "source": "PCIP Phase 1 Appendix A, sheet A-021, July 2019, PDF page 31"}, "geometry": {"type": "LineString", "coordinates": [[381.5, -96.1], [377.9, -96.1], [377.9, -91.2], [380.5, -91.2]]}},
{"type": "Feature", "properties": {"level": "platform", "type": "wall", "platform": "2", "color": "#525252", "source": "PCIP Phase 1 Appendix A, sheet A-021, July 2019, PDF page 31"}, "geometry": {"type": "LineString", "coordinates": [[381.7, -141.4], [378.0, -141.4], [378.0, -136.5], [380.5, -136.5]]}},
{"type": "Feature", "properties": {"level": "platform", "type": "wall", "platform": "3", "color": "#525252", "source": "PCIP Phase 1 Appendix A, sheet A-021, July 2019, PDF page 31"}, "geometry": {"type": "LineString", "coordinates": [[380.6, -91.8], [378.5, -91.8], [378.5, -95.5], [381.4, -95.5]]}},
{"type": "Feature", "properties": {"level": "platform", "type": "wall", "platform": "3", "color": "#525252", "source": "PCIP Phase 1 Appendix A, sheet A-021, July 2019, PDF page 31"}, "geometry": {"type": "LineString", "coordinates": [[380.8, -92.9], [380.6, -91.8]]}},
{"type": "Feature", "properties": {"level": "platform", "type": "wall", "platform": "2", "color": "#525252", "source": "PCIP Phase 1 Appendix A, sheet A-021, July 2019, PDF page 31"}, "geometry": {"type": "LineString", "coordinates": [[399.4, -136.9], [399.4, -136.2], [380.6, -136.2]]}},
{"type": "Feature", "properties": {"level": "platform", "type": "wall", "platform": "5", "color": "#525252", "source": "PCIP Phase 1 Appendix A, sheet A-021, July 2019, PDF page 31"}, "geometry": {"type": "LineString", "coordinates": [[387.7, 2.9], [380.6, 2.9]]}},
{"type": "Feature", "properties": {"level": "platform", "type": "wall", "platform": "5", "color": "#525252", "source": "PCIP Phase 1 Appendix A, sheet A-021, July 2019, PDF page 31"}, "geometry": {"type": "LineString", "coordinates": [[380.6, 2.9], [380.8, -2.4]]}},
{"type": "Feature", "properties": {"level": "platform", "type": "wall", "platform": "2", "color": "#525252", "source": "PCIP Phase 1 Appendix A, sheet A-021, July 2019, PDF page 31"}, "geometry": {"type": "LineString", "coordinates": [[399.4, -136.9], [380.7, -136.9]]}},
{"type": "Feature", "properties": {"level": "platform", "type": "wall", "platform": "2", "color": "#525252", "source": "PCIP Phase 1 Appendix A, sheet A-021, July 2019, PDF page 31"}, "geometry": {"type": "LineString", "coordinates": [[400.0, -137.1], [380.7, -137.1]]}},
{"type": "Feature", "properties": {"level": "platform", "type": "wall", "platform": "2", "color": "#525252", "source": "PCIP Phase 1 Appendix A, sheet A-021, July 2019, PDF page 31"}, "geometry": {"type": "LineString", "coordinates": [[380.7, -137.1], [380.6, -137.1], [378.7, -137.1], [378.7, -140.8], [381.5, -140.8]]}},
{"type": "Feature", "properties": {"level": "platform", "type": "wall", "platform": "2", "color": "#525252", "source": "PCIP Phase 1 Appendix A, sheet A-021, July 2019, PDF page 31"}, "geometry": {"type": "LineString", "coordinates": [[381.1, -138.1], [380.7, -137.1]]}},
{"type": "Feature", "properties": {"level": "platform", "type": "wall", "platform": "5", "color": "#525252", "source": "PCIP Phase 1 Appendix A, sheet A-021, July 2019, PDF page 31"}, "geometry": {"type": "LineString", "coordinates": [[387.9, -2.4], [380.8, -2.4]]}},
{"type": "Feature", "properties": {"level": "platform", "type": "wall", "platform": "2", "color": "#525252", "source": "PCIP Phase 1 Appendix A, sheet A-021, July 2019, PDF page 31"}, "geometry": {"type": "LineString", "coordinates": [[381.2, -139.3], [379.9, -138.8], [382.1, -138.6]]}},
{"type": "Feature", "properties": {"level": "platform", "type": "wall", "platform": "5", "color": "#525252", "source": "PCIP Phase 1 Appendix A, sheet A-021, July 2019, PDF page 31"}, "geometry": {"type": "LineString", "coordinates": [[381.2, -2.8], [389.8, -2.8], [389.8, -2.4]]}},
{"type": "Feature", "properties": {"level": "platform", "type": "wall", "platform": "3", "color": "#525252", "source": "PCIP Phase 1 Appendix A, sheet A-021, July 2019, PDF page 31"}, "geometry": {"type": "LineString", "coordinates": [[381.4, -95.5], [381.5, -95.5], [400.0, -95.5]]}},
{"type": "Feature", "properties": {"level": "platform", "type": "wall", "platform": "3", "color": "#525252", "source": "PCIP Phase 1 Appendix A, sheet A-021, July 2019, PDF page 31"}, "geometry": {"type": "LineString", "coordinates": [[381.4, -95.5], [381.1, -94.0], [379.9, -93.6], [382.1, -93.3]]}},
{"type": "Feature", "properties": {"level": "platform", "type": "wall", "platform": "2", "color": "#525252", "source": "PCIP Phase 1 Appendix A, sheet A-021, July 2019, PDF page 31"}, "geometry": {"type": "LineString", "coordinates": [[381.5, -141.2], [400.2, -140.9], [400.2, -140.8], [399.3, -140.8]]}},
{"type": "Feature", "properties": {"level": "platform", "type": "wall", "platform": "2", "color": "#525252", "source": "PCIP Phase 1 Appendix A, sheet A-021, July 2019, PDF page 31"}, "geometry": {"type": "LineString", "coordinates": [[381.5, -140.9], [399.3, -140.8]]}},
{"type": "Feature", "properties": {"level": "platform", "type": "wall", "platform": "3", "color": "#525252", "source": "PCIP Phase 1 Appendix A, sheet A-021, July 2019, PDF page 31"}, "geometry": {"type": "LineString", "coordinates": [[381.5, -95.7], [400.2, -95.7], [400.2, -95.5], [400.0, -95.5]]}},
{"type": "Feature", "properties": {"level": "platform", "type": "wall", "platform": "5", "color": "#525252", "source": "PCIP Phase 1 Appendix A, sheet A-021, July 2019, PDF page 31"}, "geometry": {"type": "LineString", "coordinates": [[388.7, 2.9], [387.7, 2.9]]}},
{"type": "Feature", "properties": {"level": "platform", "type": "wall", "platform": "5", "color": "#525252", "source": "PCIP Phase 1 Appendix A, sheet A-021, July 2019, PDF page 31"}, "geometry": {"type": "LineString", "coordinates": [[387.7, 2.9], [387.9, -2.4]]}},
{"type": "Feature", "properties": {"level": "platform", "type": "wall", "platform": "5", "color": "#525252", "source": "PCIP Phase 1 Appendix A, sheet A-021, July 2019, PDF page 31"}, "geometry": {"type": "LineString", "coordinates": [[389.8, -2.4], [388.7, -2.4]]}},
{"type": "Feature", "properties": {"level": "platform", "type": "wall", "platform": "5", "color": "#525252", "source": "PCIP Phase 1 Appendix A, sheet A-021, July 2019, PDF page 31"}, "geometry": {"type": "LineString", "coordinates": [[388.7, 2.9], [388.7, -2.4]]}},
{"type": "Feature", "properties": {"level": "platform", "type": "wall", "platform": "5", "color": "#525252", "source": "PCIP Phase 1 Appendix A, sheet A-021, July 2019, PDF page 31"}, "geometry": {"type": "LineString", "coordinates": [[389.8, 2.9], [388.7, 2.9]]}},
{"type": "Feature", "properties": {"level": "platform", "type": "wall", "platform": "10", "color": "#525252", "source": "PCIP Phase 1 Appendix A, sheet A-021, July 2019, PDF page 31"}, "geometry": {"type": "LineString", "coordinates": [[389.6, 213.9], [393.4, 213.7]]}},
{"type": "Feature", "properties": {"level": "platform", "type": "wall", "platform": "10", "color": "#525252", "source": "PCIP Phase 1 Appendix A, sheet A-021, July 2019, PDF page 31"}, "geometry": {"type": "LineString", "coordinates": [[393.4, 217.6], [389.6, 217.3]]}},
{"type": "Feature", "properties": {"level": "platform", "type": "wall", "platform": "5", "color": "#525252", "source": "PCIP Phase 1 Appendix A, sheet A-021, July 2019, PDF page 31"}, "geometry": {"type": "LineString", "coordinates": [[389.8, 2.9], [389.8, -2.4]]}},
{"type": "Feature", "properties": {"level": "platform", "type": "wall", "platform": "10", "color": "#525252", "source": "PCIP Phase 1 Appendix A, sheet A-021, July 2019, PDF page 31"}, "geometry": {"type": "LineString", "coordinates": [[393.0, 213.5], [393.6, 213.5], [393.6, 213.7], [393.4, 213.7]]}},
{"type": "Feature", "properties": {"level": "platform", "type": "wall", "platform": "9", "color": "#525252", "source": "PCIP Phase 1 Appendix A, sheet A-021, July 2019, PDF page 31"}, "geometry": {"type": "LineString", "coordinates": [[399.0, 185.1], [396.8, 182.9]]}},
{"type": "Feature", "properties": {"level": "platform", "type": "wall", "platform": "9", "color": "#525252", "source": "PCIP Phase 1 Appendix A, sheet A-021, July 2019, PDF page 31"}, "geometry": {"type": "LineString", "coordinates": [[396.8, 182.9], [396.6, 182.9], [399.0, 185.1]]}},
{"type": "Feature", "properties": {"level": "platform", "type": "wall", "platform": "9", "color": "#525252", "source": "PCIP Phase 1 Appendix A, sheet A-021, July 2019, PDF page 31"}, "geometry": {"type": "LineString", "coordinates": [[396.8, 182.9], [396.8, 182.7], [397.1, 182.7], [397.1, 182.6], [397.4, 182.6], [397.4, 182.3], [397.9, 182.3], [397.9, 182.1], [399.0, 182.1]]}},
{"type": "Feature", "properties": {"level": "platform", "type": "wall", "platform": "6", "color": "#525252", "source": "PCIP Phase 1 Appendix A, sheet A-021, July 2019, PDF page 31"}, "geometry": {"type": "LineString", "coordinates": [[397.4, 46.7], [397.4, 41.8]]}},
{"type": "Feature", "properties": {"level": "platform", "type": "wall", "platform": "2", "color": "#525252", "source": "PCIP Phase 1 Appendix A, sheet A-021, July 2019, PDF page 31"}, "geometry": {"type": "LineString", "coordinates": [[398.1, -140.5], [399.3, -140.8]]}},
{"type": "Feature", "properties": {"level": "platform", "type": "wall", "platform": "2", "color": "#525252", "source": "PCIP Phase 1 Appendix A, sheet A-021, July 2019, PDF page 31"}, "geometry": {"type": "LineString", "coordinates": [[400.0, -137.1], [398.1, -137.5]]}},
{"type": "Feature", "properties": {"level": "platform", "type": "wall", "platform": "3", "color": "#525252", "source": "PCIP Phase 1 Appendix A, sheet A-021, July 2019, PDF page 31"}, "geometry": {"type": "LineString", "coordinates": [[398.1, -95.0], [400.0, -95.5]]}},
{"type": "Feature", "properties": {"level": "platform", "type": "wall", "platform": "3", "color": "#525252", "source": "PCIP Phase 1 Appendix A, sheet A-021, July 2019, PDF page 31"}, "geometry": {"type": "LineString", "coordinates": [[400.0, -91.6], [398.1, -92.1]]}},
{"type": "Feature", "properties": {"level": "platform", "type": "wall", "platform": "6", "color": "#525252", "source": "PCIP Phase 1 Appendix A, sheet A-021, July 2019, PDF page 31"}, "geometry": {"type": "LineString", "coordinates": [[398.1, 41.8], [398.1, 46.7]]}},
{"type": "Feature", "properties": {"level": "platform", "type": "wall", "platform": "9", "color": "#525252", "source": "PCIP Phase 1 Appendix A, sheet A-021, July 2019, PDF page 31"}, "geometry": {"type": "LineString", "coordinates": [[406.4, 180.8], [399.6, 181.2], [399.6, 182.1], [399.0, 182.1]]}},
{"type": "Feature", "properties": {"level": "platform", "type": "wall", "platform": "9", "color": "#525252", "source": "PCIP Phase 1 Appendix A, sheet A-021, July 2019, PDF page 31"}, "geometry": {"type": "LineString", "coordinates": [[399.0, 182.1], [399.0, 180.6], [406.4, 180.2]]}},
{"type": "Feature", "properties": {"level": "platform", "type": "wall", "platform": "9", "color": "#525252", "source": "PCIP Phase 1 Appendix A, sheet A-021, July 2019, PDF page 31"}, "geometry": {"type": "LineString", "coordinates": [[405.8, 185.3], [399.6, 185.7], [399.6, 185.1], [399.0, 185.1]]}},
{"type": "Feature", "properties": {"level": "platform", "type": "wall", "platform": "9", "color": "#525252", "source": "PCIP Phase 1 Appendix A, sheet A-021, July 2019, PDF page 31"}, "geometry": {"type": "LineString", "coordinates": [[399.0, 185.1], [399.0, 186.6], [405.7, 186.1]]}},
{"type": "Feature", "properties": {"level": "platform", "type": "wall", "platform": "2", "color": "#525252", "source": "PCIP Phase 1 Appendix A, sheet A-021, July 2019, PDF page 31"}, "geometry": {"type": "LineString", "coordinates": [[400.0, -137.1], [400.2, -137.1], [400.2, -136.9], [399.4, -136.9]]}},
{"type": "Feature", "properties": {"level": "platform", "type": "wall", "platform": "6", "color": "#525252", "source": "PCIP Phase 1 Appendix A, sheet A-021, July 2019, PDF page 31"}, "geometry": {"type": "LineString", "coordinates": [[399.4, 41.0], [409.0, 41.0]]}},
{"type": "Feature", "properties": {"level": "platform", "type": "wall", "platform": "6", "color": "#525252", "source": "PCIP Phase 1 Appendix A, sheet A-021, July 2019, PDF page 31"}, "geometry": {"type": "LineString", "coordinates": [[399.4, 41.6], [405.1, 41.6]]}},
{"type": "Feature", "properties": {"level": "platform", "type": "wall", "platform": "6", "color": "#525252", "source": "PCIP Phase 1 Appendix A, sheet A-021, July 2019, PDF page 31"}, "geometry": {"type": "LineString", "coordinates": [[403.8, 47.0], [399.4, 47.0]]}},
{"type": "Feature", "properties": {"level": "platform", "type": "wall", "platform": "6", "color": "#525252", "source": "PCIP Phase 1 Appendix A, sheet A-021, July 2019, PDF page 31"}, "geometry": {"type": "LineString", "coordinates": [[409.0, 47.8], [399.4, 47.8]]}},
{"type": "Feature", "properties": {"level": "platform", "type": "enclosure", "platform": "3", "color": "#525252", "source": "PCIP Phase 1 Appendix A, sheet A-021, July 2019, PDF page 31"}, "geometry": {"type": "Polygon", "coordinates": [[[400.0, -91.6], [400.2, -91.6], [400.2, -91.4], [380.6, -91.6], [400.0, -91.6]]]}},
{"type": "Feature", "properties": {"level": "platform", "type": "wall", "platform": "8", "color": "#525252", "source": "PCIP Phase 1 Appendix A, sheet A-021, July 2019, PDF page 31"}, "geometry": {"type": "LineString", "coordinates": [[418.8, 138.1], [403.5, 138.1]]}},
{"type": "Feature", "properties": {"level": "platform", "type": "wall", "platform": "8", "color": "#525252", "source": "PCIP Phase 1 Appendix A, sheet A-021, July 2019, PDF page 31"}, "geometry": {"type": "LineString", "coordinates": [[403.5, 138.1], [401.8, 138.1], [401.8, 132.3], [404.9, 132.3]]}},
{"type": "Feature", "properties": {"level": "platform", "type": "wall", "platform": "8", "color": "#525252", "source": "PCIP Phase 1 Appendix A, sheet A-021, July 2019, PDF page 31"}, "geometry": {"type": "LineString", "coordinates": [[404.1, 136.4], [403.5, 138.1]]}},
{"type": "Feature", "properties": {"level": "platform", "type": "wall", "platform": "6", "color": "#525252", "source": "PCIP Phase 1 Appendix A, sheet A-021, July 2019, PDF page 31"}, "geometry": {"type": "LineString", "coordinates": [[409.0, 47.0], [403.8, 47.0]]}},
{"type": "Feature", "properties": {"level": "platform", "type": "wall", "platform": "6", "color": "#525252", "source": "PCIP Phase 1 Appendix A, sheet A-021, July 2019, PDF page 31"}, "geometry": {"type": "LineString", "coordinates": [[404.0, 45.4], [403.8, 47.0]]}},
{"type": "Feature", "properties": {"level": "platform", "type": "wall", "platform": "5", "color": "#525252", "source": "PCIP Phase 1 Appendix A, sheet A-021, July 2019, PDF page 31"}, "geometry": {"type": "LineString", "coordinates": [[410.9, 2.9], [403.8, 2.9]]}},
{"type": "Feature", "properties": {"level": "platform", "type": "wall", "platform": "5", "color": "#525252", "source": "PCIP Phase 1 Appendix A, sheet A-021, July 2019, PDF page 31"}, "geometry": {"type": "LineString", "coordinates": [[403.8, 2.9], [399.8, 2.9], [399.8, -2.6], [405.1, -2.6]]}},
{"type": "Feature", "properties": {"level": "platform", "type": "wall", "platform": "5", "color": "#525252", "source": "PCIP Phase 1 Appendix A, sheet A-021, July 2019, PDF page 31"}, "geometry": {"type": "LineString", "coordinates": [[404.3, 1.3], [403.8, 2.9]]}},
{"type": "Feature", "properties": {"level": "platform", "type": "wall", "platform": "7", "color": "#525252", "source": "PCIP Phase 1 Appendix A, sheet A-021, July 2019, PDF page 31"}, "geometry": {"type": "LineString", "coordinates": [[422.8, 90.7], [420.7, 90.7], [403.9, 90.7], [403.8, 90.7]]}},
{"type": "Feature", "properties": {"level": "platform", "type": "wall", "platform": "7", "color": "#525252", "source": "PCIP Phase 1 Appendix A, sheet A-021, July 2019, PDF page 31"}, "geometry": {"type": "LineString", "coordinates": [[405.1, 85.2], [402.8, 85.1], [401.8, 85.1], [401.8, 90.7], [402.8, 90.7], [403.8, 90.7]]}},
{"type": "Feature", "properties": {"level": "platform", "type": "wall", "platform": "7", "color": "#525252", "source": "PCIP Phase 1 Appendix A, sheet A-021, July 2019, PDF page 31"}, "geometry": {"type": "LineString", "coordinates": [[422.8, 90.1], [404.0, 90.1]]}},
{"type": "Feature", "properties": {"level": "platform", "type": "wall", "platform": "7", "color": "#525252", "source": "PCIP Phase 1 Appendix A, sheet A-021, July 2019, PDF page 31"}, "geometry": {"type": "LineString", "coordinates": [[404.3, 89.0], [404.0, 90.1]]}},
{"type": "Feature", "properties": {"level": "platform", "type": "wall", "platform": "1", "color": "#525252", "source": "PCIP Phase 1 Appendix A, sheet A-021, July 2019, PDF page 31"}, "geometry": {"type": "LineString", "coordinates": [[404.7, -185.8], [404.0, -188.3]]}},
{"type": "Feature", "properties": {"level": "platform", "type": "wall", "platform": "6", "color": "#525252", "source": "PCIP Phase 1 Appendix A, sheet A-021, July 2019, PDF page 31"}, "geometry": {"type": "LineString", "coordinates": [[423.5, 46.1], [404.0, 46.1]]}},
{"type": "Feature", "properties": {"level": "platform", "type": "wall", "platform": "6", "color": "#525252", "source": "PCIP Phase 1 Appendix A, sheet A-021, July 2019, PDF page 31"}, "geometry": {"type": "LineString", "coordinates": [[423.5, 46.1], [423.7, 46.1], [423.7, 46.3], [404.0, 46.3]]}},
{"type": "Feature", "properties": {"level": "platform", "type": "wall", "platform": "7", "color": "#525252", "source": "PCIP Phase 1 Appendix A, sheet A-021, July 2019, PDF page 31"}, "geometry": {"type": "LineString", "coordinates": [[423.3, 89.8], [404.1, 89.8]]}},
{"type": "Feature", "properties": {"level": "platform", "type": "wall", "platform": "8", "color": "#525252", "source": "PCIP Phase 1 Appendix A, sheet A-021, July 2019, PDF page 31"}, "geometry": {"type": "LineString", "coordinates": [[404.1, 136.4], [404.1, 137.7]]}},
{"type": "Feature", "properties": {"level": "platform", "type": "wall", "platform": "8", "color": "#525252", "source": "PCIP Phase 1 Appendix A, sheet A-021, July 2019, PDF page 31"}, "geometry": {"type": "LineString", "coordinates": [[405.2, 136.0], [404.1, 136.4]]}},
{"type": "Feature", "properties": {"level": "platform", "type": "wall", "platform": "8", "color": "#525252", "source": "PCIP Phase 1 Appendix A, sheet A-021, July 2019, PDF page 31"}, "geometry": {"type": "LineString", "coordinates": [[405.2, 137.7], [404.1, 137.7]]}},
{"type": "Feature", "properties": {"level": "platform", "type": "wall", "platform": "1", "color": "#525252", "source": "PCIP Phase 1 Appendix A, sheet A-021, July 2019, PDF page 31"}, "geometry": {"type": "LineString", "coordinates": [[405.6, -180.9], [404.9, -184.9], [403.7, -185.2], [404.7, -185.3]]}},
{"type": "Feature", "properties": {"level": "platform", "type": "wall", "platform": "8", "color": "#525252", "source": "PCIP Phase 1 Appendix A, sheet A-021, July 2019, PDF page 31"}, "geometry": {"type": "LineString", "coordinates": [[404.8, 132.7], [404.3, 135.4], [403.0, 135.8], [405.2, 136.0]]}},
{"type": "Feature", "properties": {"level": "platform", "type": "wall", "platform": "8", "color": "#525252", "source": "PCIP Phase 1 Appendix A, sheet A-021, July 2019, PDF page 31"}, "geometry": {"type": "LineString", "coordinates": [[404.9, 132.3], [418.8, 132.3]]}},
{"type": "Feature", "properties": {"level": "platform", "type": "wall", "platform": "6", "color": "#525252", "source": "PCIP Phase 1 Appendix A, sheet A-021, July 2019, PDF page 31"}, "geometry": {"type": "LineString", "coordinates": [[404.9, 42.4], [423.7, 42.4], [423.7, 42.7], [423.5, 42.7]]}},
{"type": "Feature", "properties": {"level": "platform", "type": "wall", "platform": "6", "color": "#525252", "source": "PCIP Phase 1 Appendix A, sheet A-021, July 2019, PDF page 31"}, "geometry": {"type": "LineString", "coordinates": [[404.9, 42.7], [423.5, 42.7]]}},
{"type": "Feature", "properties": {"level": "platform", "type": "wall", "platform": "7", "color": "#525252", "source": "PCIP Phase 1 Appendix A, sheet A-021, July 2019, PDF page 31"}, "geometry": {"type": "LineString", "coordinates": [[404.9, 86.2], [423.5, 86.2]]}},
{"type": "Feature", "properties": {"level": "platform", "type": "wall", "platform": "7", "color": "#525252", "source": "PCIP Phase 1 Appendix A, sheet A-021, July 2019, PDF page 31"}, "geometry": {"type": "LineString", "coordinates": [[404.9, 86.0], [422.8, 86.0]]}},
{"type": "Feature", "properties": {"level": "platform", "type": "wall", "platform": "7", "color": "#525252", "source": "PCIP Phase 1 Appendix A, sheet A-021, July 2019, PDF page 31"}, "geometry": {"type": "LineString", "coordinates": [[404.9, 86.0], [404.5, 88.2], [403.3, 88.3], [405.3, 88.8]]}},
{"type": "Feature", "properties": {"level": "platform", "type": "wall", "platform": "5", "color": "#525252", "source": "PCIP Phase 1 Appendix A, sheet A-021, July 2019, PDF page 31"}, "geometry": {"type": "LineString", "coordinates": [[405.1, -2.6], [410.9, -2.6]]}},
{"type": "Feature", "properties": {"level": "platform", "type": "wall", "platform": "5", "color": "#525252", "source": "PCIP Phase 1 Appendix A, sheet A-021, July 2019, PDF page 31"}, "geometry": {"type": "LineString", "coordinates": [[405.1, -2.6], [404.5, 0.7], [403.3, 0.8], [405.3, 1.0]]}},
{"type": "Feature", "properties": {"level": "platform", "type": "wall", "platform": "7", "color": "#525252", "source": "PCIP Phase 1 Appendix A, sheet A-021, July 2019, PDF page 31"}, "geometry": {"type": "LineString", "coordinates": [[405.1, 85.2], [418.8, 85.4], [420.7, 85.4], [422.8, 85.4]]}},
{"type": "Feature", "properties": {"level": "platform", "type": "wall", "platform": "6", "color": "#525252", "source": "PCIP Phase 1 Appendix A, sheet A-021, July 2019, PDF page 31"}, "geometry": {"type": "LineString", "coordinates": [[405.1, 41.6], [409.0, 41.6]]}},
{"type": "Feature", "properties": {"level": "platform", "type": "wall", "platform": "6", "color": "#525252", "source": "PCIP Phase 1 Appendix A, sheet A-021, July 2019, PDF page 31"}, "geometry": {"type": "LineString", "coordinates": [[405.1, 41.6], [404.3, 44.8], [403.3, 45.2], [405.3, 45.2]]}},
{"type": "Feature", "properties": {"level": "platform", "type": "wall", "platform": "8", "color": "#525252", "source": "PCIP Phase 1 Appendix A, sheet A-021, July 2019, PDF page 31"}, "geometry": {"type": "LineString", "coordinates": [[406.2, 132.8], [405.2, 132.8]]}},
{"type": "Feature", "properties": {"level": "platform", "type": "wall", "platform": "8", "color": "#525252", "source": "PCIP Phase 1 Appendix A, sheet A-021, July 2019, PDF page 31"}, "geometry": {"type": "LineString", "coordinates": [[405.2, 132.8], [405.2, 136.0]]}},
{"type": "Feature", "properties": {"level": "platform", "type": "wall", "platform": "8", "color": "#525252", "source": "PCIP Phase 1 Appendix A, sheet A-021, July 2019, PDF page 31"}, "geometry": {"type": "LineString", "coordinates": [[405.2, 136.0], [405.2, 137.7]]}},
{"type": "Feature", "properties": {"level": "platform", "type": "wall", "platform": "9", "color": "#525252", "source": "PCIP Phase 1 Appendix A, sheet A-021, July 2019, PDF page 31"}, "geometry": {"type": "LineString", "coordinates": [[418.6, 184.2], [418.6, 184.5], [418.6, 184.9], [405.8, 185.7]]}},
{"type": "Feature", "properties": {"level": "platform", "type": "wall", "platform": "4", "color": "#525252", "source": "PCIP Phase 1 Appendix A, sheet A-021, July 2019, PDF page 31"}, "geometry": {"type": "LineString", "coordinates": [[432.2, -44.0], [432.2, -43.8], [405.8, -43.8]]}},
{"type": "Feature", "properties": {"level": "platform", "type": "wall", "platform": "4", "color": "#525252", "source": "PCIP Phase 1 Appendix A, sheet A-021, July 2019, PDF page 31"}, "geometry": {"type": "LineString", "coordinates": [[405.8, -43.8], [400.2, -43.8], [400.2, -49.8], [407.0, -49.8]]}},
{"type": "Feature", "properties": {"level": "platform", "type": "wall", "platform": "4", "color": "#525252", "source": "PCIP Phase 1 Appendix A, sheet A-021, July 2019, PDF page 31"}, "geometry": {"type": "LineString", "coordinates": [[406.9, -49.3], [406.4, -46.8], [405.2, -46.4], [407.5, -46.1], [406.2, -45.8], [405.8, -43.8]]}},
{"type": "Feature", "properties": {"level": "platform", "type": "wall", "platform": "9", "color": "#525252", "source": "PCIP Phase 1 Appendix A, sheet A-021, July 2019, PDF page 31"}, "geometry": {"type": "LineString", "coordinates": [[417.4, 183.9], [419.3, 183.8], [419.3, 184.0], [405.9, 185.1]]}},
{"type": "Feature", "properties": {"level": "platform", "type": "wall", "platform": "9", "color": "#525252", "source": "PCIP Phase 1 Appendix A, sheet A-021, July 2019, PDF page 31"}, "geometry": {"type": "LineString", "coordinates": [[417.4, 183.9], [405.9, 184.9]]}},
{"type": "Feature", "properties": {"level": "platform", "type": "wall", "platform": "4", "color": "#525252", "source": "PCIP Phase 1 Appendix A, sheet A-021, July 2019, PDF page 31"}, "geometry": {"type": "LineString", "coordinates": [[415.2, -44.2], [406.0, -44.2]]}},
{"type": "Feature", "properties": {"level": "platform", "type": "wall", "platform": "8", "color": "#525252", "source": "PCIP Phase 1 Appendix A, sheet A-021, July 2019, PDF page 31"}, "geometry": {"type": "LineString", "coordinates": [[407.1, 137.7], [406.0, 137.7]]}},
{"type": "Feature", "properties": {"level": "platform", "type": "wall", "platform": "8", "color": "#525252", "source": "PCIP Phase 1 Appendix A, sheet A-021, July 2019, PDF page 31"}, "geometry": {"type": "LineString", "coordinates": [[406.2, 132.8], [406.0, 137.7]]}},
{"type": "Feature", "properties": {"level": "platform", "type": "wall", "platform": "9", "color": "#525252", "source": "PCIP Phase 1 Appendix A, sheet A-021, July 2019, PDF page 31"}, "geometry": {"type": "LineString", "coordinates": [[406.2, 182.2], [406.0, 183.3], [404.9, 183.8], [406.0, 183.8], [406.3, 183.8]]}},
{"type": "Feature", "properties": {"level": "platform", "type": "wall", "platform": "9", "color": "#525252", "source": "PCIP Phase 1 Appendix A, sheet A-021, July 2019, PDF page 31"}, "geometry": {"type": "LineString", "coordinates": [[407.4, 182.6], [406.3, 183.1]]}},
{"type": "Feature", "properties": {"level": "platform", "type": "wall", "platform": "9", "color": "#525252", "source": "PCIP Phase 1 Appendix A, sheet A-021, July 2019, PDF page 31"}, "geometry": {"type": "LineString", "coordinates": [[407.4, 183.1], [406.3, 183.2]]}},
{"type": "Feature", "properties": {"level": "platform", "type": "wall", "platform": "9", "color": "#525252", "source": "PCIP Phase 1 Appendix A, sheet A-021, July 2019, PDF page 31"}, "geometry": {"type": "LineString", "coordinates": [[406.3, 183.2], [407.4, 183.3]]}},
{"type": "Feature", "properties": {"level": "platform", "type": "wall", "platform": "9", "color": "#525252", "source": "PCIP Phase 1 Appendix A, sheet A-021, July 2019, PDF page 31"}, "geometry": {"type": "LineString", "coordinates": [[406.3, 181.7], [409.2, 181.4]]}},
{"type": "Feature", "properties": {"level": "platform", "type": "wall", "platform": "9", "color": "#525252", "source": "PCIP Phase 1 Appendix A, sheet A-021, July 2019, PDF page 31"}, "geometry": {"type": "LineString", "coordinates": [[406.3, 183.8], [407.1, 184.0], [406.4, 184.2]]}},
{"type": "Feature", "properties": {"level": "platform", "type": "wall", "platform": "9", "color": "#525252", "source": "PCIP Phase 1 Appendix A, sheet A-021, July 2019, PDF page 31"}, "geometry": {"type": "LineString", "coordinates": [[412.4, 184.0], [406.4, 184.4]]}},
{"type": "Feature", "properties": {"level": "platform", "type": "wall", "platform": "9", "color": "#525252", "source": "PCIP Phase 1 Appendix A, sheet A-021, July 2019, PDF page 31"}, "geometry": {"type": "LineString", "coordinates": [[406.4, 181.2], [418.7, 180.4]]}},
{"type": "Feature", "properties": {"level": "platform", "type": "wall", "platform": "9", "color": "#525252", "source": "PCIP Phase 1 Appendix A, sheet A-021, July 2019, PDF page 31"}, "geometry": {"type": "LineString", "coordinates": [[406.4, 181.0], [418.4, 180.2]]}},
{"type": "Feature", "properties": {"level": "platform", "type": "wall", "platform": "9", "color": "#525252", "source": "PCIP Phase 1 Appendix A, sheet A-021, July 2019, PDF page 31"}, "geometry": {"type": "LineString", "coordinates": [[406.5, 180.4], [418.1, 179.5], [418.4, 180.2]]}},
{"type": "Feature", "properties": {"level": "platform", "type": "wall", "platform": "4", "color": "#525252", "source": "PCIP Phase 1 Appendix A, sheet A-021, July 2019, PDF page 31"}, "geometry": {"type": "LineString", "coordinates": [[415.3, -49.3], [406.9, -49.3]]}},
{"type": "Feature", "properties": {"level": "platform", "type": "wall", "platform": "4", "color": "#525252", "source": "PCIP Phase 1 Appendix A, sheet A-021, July 2019, PDF page 31"}, "geometry": {"type": "LineString", "coordinates": [[407.0, -49.8], [424.7, -49.8]]}},
{"type": "Feature", "properties": {"level": "platform", "type": "wall", "platform": "8", "color": "#525252", "source": "PCIP Phase 1 Appendix A, sheet A-021, July 2019, PDF page 31"}, "geometry": {"type": "LineString", "coordinates": [[408.1, 132.8], [407.1, 132.8]]}},
{"type": "Feature", "properties": {"level": "platform", "type": "wall", "platform": "8", "color": "#525252", "source": "PCIP Phase 1 Appendix A, sheet A-021, July 2019, PDF page 31"}, "geometry": {"type": "LineString", "coordinates": [[407.1, 132.8], [407.1, 135.2]]}},
{"type": "Feature", "properties": {"level": "platform", "type": "wall", "platform": "8", "color": "#525252", "source": "PCIP Phase 1 Appendix A, sheet A-021, July 2019, PDF page 31"}, "geometry": {"type": "LineString", "coordinates": [[407.1, 135.2], [406.2, 135.5], [407.1, 135.8]]}},
{"type": "Feature", "properties": {"level": "platform", "type": "wall", "platform": "8", "color": "#525252", "source": "PCIP Phase 1 Appendix A, sheet A-021, July 2019, PDF page 31"}, "geometry": {"type": "LineString", "coordinates": [[407.1, 135.8], [407.5, 136.0], [407.5, 135.4]]}},
{"type": "Feature", "properties": {"level": "platform", "type": "wall", "platform": "8", "color": "#525252", "source": "PCIP Phase 1 Appendix A, sheet A-021, July 2019, PDF page 31"}, "geometry": {"type": "LineString", "coordinates": [[407.1, 135.8], [407.1, 137.7]]}},
{"type": "Feature", "properties": {"level": "platform", "type": "wall", "platform": "8", "color": "#525252", "source": "PCIP Phase 1 Appendix A, sheet A-021, July 2019, PDF page 31"}, "geometry": {"type": "LineString", "coordinates": [[408.1, 137.7], [407.1, 137.7]]}},
{"type": "Feature", "properties": {"level": "platform", "type": "wall", "platform": "8", "color": "#525252", "source": "PCIP Phase 1 Appendix A, sheet A-021, July 2019, PDF page 31"}, "geometry": {"type": "LineString", "coordinates": [[409.2, 132.8], [408.1, 132.8]]}},
{"type": "Feature", "properties": {"level": "platform", "type": "wall", "platform": "8", "color": "#525252", "source": "PCIP Phase 1 Appendix A, sheet A-021, July 2019, PDF page 31"}, "geometry": {"type": "LineString", "coordinates": [[408.1, 132.8], [408.1, 135.4]]}},
{"type": "Feature", "properties": {"level": "platform", "type": "wall", "platform": "8", "color": "#525252", "source": "PCIP Phase 1 Appendix A, sheet A-021, July 2019, PDF page 31"}, "geometry": {"type": "LineString", "coordinates": [[409.2, 135.4], [408.1, 135.4]]}},
{"type": "Feature", "properties": {"level": "platform", "type": "wall", "platform": "8", "color": "#525252", "source": "PCIP Phase 1 Appendix A, sheet A-021, July 2019, PDF page 31"}, "geometry": {"type": "LineString", "coordinates": [[408.1, 135.4], [408.1, 137.7]]}},
{"type": "Feature", "properties": {"level": "platform", "type": "wall", "platform": "8", "color": "#525252", "source": "PCIP Phase 1 Appendix A, sheet A-021, July 2019, PDF page 31"}, "geometry": {"type": "LineString", "coordinates": [[409.2, 137.7], [408.1, 137.7]]}},
{"type": "Feature", "properties": {"level": "platform", "type": "wall", "platform": "9", "color": "#525252", "source": "PCIP Phase 1 Appendix A, sheet A-021, July 2019, PDF page 31"}, "geometry": {"type": "LineString", "coordinates": [[408.3, 183.0], [408.1, 181.7]]}},
{"type": "Feature", "properties": {"level": "platform", "type": "wall", "platform": "9", "color": "#525252", "source": "PCIP Phase 1 Appendix A, sheet A-021, July 2019, PDF page 31"}, "geometry": {"type": "LineString", "coordinates": [[408.4, 184.2], [408.3, 183.0]]}},
{"type": "Feature", "properties": {"level": "platform", "type": "wall", "platform": "9", "color": "#525252", "source": "PCIP Phase 1 Appendix A, sheet A-021, July 2019, PDF page 31"}, "geometry": {"type": "LineString", "coordinates": [[409.3, 183.0], [408.3, 183.0]]}},
{"type": "Feature", "properties": {"level": "platform", "type": "wall", "platform": "8", "color": "#525252", "source": "PCIP Phase 1 Appendix A, sheet A-021, July 2019, PDF page 31"}, "geometry": {"type": "LineString", "coordinates": [[413.1, 132.9], [409.2, 132.8]]}},
{"type": "Feature", "properties": {"level": "platform", "type": "wall", "platform": "8", "color": "#525252", "source": "PCIP Phase 1 Appendix A, sheet A-021, July 2019, PDF page 31"}, "geometry": {"type": "LineString", "coordinates": [[409.2, 132.8], [409.2, 135.4]]}},
{"type": "Feature", "properties": {"level": "platform", "type": "wall", "platform": "8", "color": "#525252", "source": "PCIP Phase 1 Appendix A, sheet A-021, July 2019, PDF page 31"}, "geometry": {"type": "LineString", "coordinates": [[413.1, 135.4], [409.2, 135.4]]}},
{"type": "Feature", "properties": {"level": "platform", "type": "wall", "platform": "8", "color": "#525252", "source": "PCIP Phase 1 Appendix A, sheet A-021, July 2019, PDF page 31"}, "geometry": {"type": "LineString", "coordinates": [[409.2, 135.4], [409.2, 137.7]]}},
{"type": "Feature", "properties": {"level": "platform", "type": "wall", "platform": "8", "color": "#525252", "source": "PCIP Phase 1 Appendix A, sheet A-021, July 2019, PDF page 31"}, "geometry": {"type": "LineString", "coordinates": [[413.1, 137.7], [409.2, 137.7]]}},
{"type": "Feature", "properties": {"level": "platform", "type": "wall", "platform": "9", "color": "#525252", "source": "PCIP Phase 1 Appendix A, sheet A-021, July 2019, PDF page 31"}, "geometry": {"type": "LineString", "coordinates": [[409.3, 183.0], [409.2, 181.4]]}},
{"type": "Feature", "properties": {"level": "platform", "type": "wall", "platform": "9", "color": "#525252", "source": "PCIP Phase 1 Appendix A, sheet A-021, July 2019, PDF page 31"}, "geometry": {"type": "LineString", "coordinates": [[409.2, 181.4], [415.0, 181.0], [418.7, 180.4]]}},
{"type": "Feature", "properties": {"level": "platform", "type": "wall", "platform": "9", "color": "#525252", "source": "PCIP Phase 1 Appendix A, sheet A-021, July 2019, PDF page 31"}, "geometry": {"type": "LineString", "coordinates": [[409.4, 184.2], [409.3, 183.0]]}},
{"type": "Feature", "properties": {"level": "platform", "type": "wall", "platform": "9", "color": "#525252", "source": "PCIP Phase 1 Appendix A, sheet A-021, July 2019, PDF page 31"}, "geometry": {"type": "LineString", "coordinates": [[410.4, 182.9], [409.3, 183.0]]}},
{"type": "Feature", "properties": {"level": "platform", "type": "wall", "platform": "9", "color": "#525252", "source": "PCIP Phase 1 Appendix A, sheet A-021, July 2019, PDF page 31"}, "geometry": {"type": "LineString", "coordinates": [[410.4, 182.9], [410.3, 181.4]]}},
{"type": "Feature", "properties": {"level": "platform", "type": "wall", "platform": "9", "color": "#525252", "source": "PCIP Phase 1 Appendix A, sheet A-021, July 2019, PDF page 31"}, "geometry": {"type": "LineString", "coordinates": [[410.5, 184.0], [410.4, 182.9]]}},
{"type": "Feature", "properties": {"level": "platform", "type": "wall", "platform": "11", "color": "#525252", "source": "PCIP Phase 1 Appendix A, sheet A-021, July 2019, PDF page 31"}, "geometry": {"type": "LineString", "coordinates": [[410.7, 280.7], [410.3, 280.7], [410.3, 274.9], [414.1, 274.9]]}},
{"type": "Feature", "properties": {"level": "platform", "type": "wall", "platform": "11", "color": "#525252", "source": "PCIP Phase 1 Appendix A, sheet A-021, July 2019, PDF page 31"}, "geometry": {"type": "LineString", "coordinates": [[414.1, 274.5], [409.9, 274.5], [409.9, 281.0], [410.7, 281.0]]}},
{"type": "Feature", "properties": {"level": "platform", "type": "wall", "platform": "5", "color": "#525252", "source": "PCIP Phase 1 Appendix A, sheet A-021, July 2019, PDF page 31"}, "geometry": {"type": "LineString", "coordinates": [[410.9, -3.3], [399.2, -3.3], [399.2, 3.6], [410.9, 3.6]]}},
{"type": "Feature", "properties": {"level": "platform", "type": "wall", "platform": "6", "color": "#525252", "source": "PCIP Phase 1 Appendix A, sheet A-021, July 2019, PDF page 31"}, "geometry": {"type": "LineString", "coordinates": [[410.9, 41.0], [430.7, 41.0], [430.7, 42.3], [430.1, 42.3], [430.1, 41.6], [410.9, 41.6]]}},
{"type": "Feature", "properties": {"level": "platform", "type": "wall", "platform": "6", "color": "#525252", "source": "PCIP Phase 1 Appendix A, sheet A-021, July 2019, PDF page 31"}, "geometry": {"type": "LineString", "coordinates": [[410.9, 47.8], [430.7, 47.8], [430.7, 46.5], [430.1, 46.5], [430.1, 47.2], [410.9, 47.0]]}},
{"type": "Feature", "properties": {"level": "platform", "type": "wall", "platform": "9", "color": "#525252", "source": "PCIP Phase 1 Appendix A, sheet A-021, July 2019, PDF page 31"}, "geometry": {"type": "LineString", "coordinates": [[411.2, 182.8], [411.1, 181.4]]}},
{"type": "Feature", "properties": {"level": "platform", "type": "wall", "platform": "9", "color": "#525252", "source": "PCIP Phase 1 Appendix A, sheet A-021, July 2019, PDF page 31"}, "geometry": {"type": "LineString", "coordinates": [[411.3, 184.0], [411.2, 182.8]]}},
{"type": "Feature", "properties": {"level": "platform", "type": "wall", "platform": "9", "color": "#525252", "source": "PCIP Phase 1 Appendix A, sheet A-021, July 2019, PDF page 31"}, "geometry": {"type": "LineString", "coordinates": [[412.3, 182.8], [411.2, 182.8]]}},
{"type": "Feature", "properties": {"level": "platform", "type": "wall", "platform": "4", "color": "#525252", "source": "PCIP Phase 1 Appendix A, sheet A-021, July 2019, PDF page 31"}, "geometry": {"type": "LineString", "coordinates": [[415.3, -46.8], [412.0, -46.8]]}},
{"type": "Feature", "properties": {"level": "platform", "type": "enclosure", "platform": "4", "color": "#525252", "source": "PCIP Phase 1 Appendix A, sheet A-021, July 2019, PDF page 31"}, "geometry": {"type": "Polygon", "coordinates": [[[412.0, -46.8], [412.0, -46.4], [410.5, -46.8], [412.0, -47.2], [412.0, -46.8]]]}},
{"type": "Feature", "properties": {"level": "platform", "type": "wall", "platform": "9", "color": "#525252", "source": "PCIP Phase 1 Appendix A, sheet A-021, July 2019, PDF page 31"}, "geometry": {"type": "LineString", "coordinates": [[412.3, 182.8], [412.2, 181.2]]}},
{"type": "Feature", "properties": {"level": "platform", "type": "wall", "platform": "9", "color": "#525252", "source": "PCIP Phase 1 Appendix A, sheet A-021, July 2019, PDF page 31"}, "geometry": {"type": "LineString", "coordinates": [[412.4, 184.0], [412.3, 182.8]]}},
{"type": "Feature", "properties": {"level": "platform", "type": "wall", "platform": "9", "color": "#525252", "source": "PCIP Phase 1 Appendix A, sheet A-021, July 2019, PDF page 31"}, "geometry": {"type": "LineString", "coordinates": [[413.4, 182.7], [412.3, 182.8]]}},
{"type": "Feature", "properties": {"level": "platform", "type": "wall", "platform": "9", "color": "#525252", "source": "PCIP Phase 1 Appendix A, sheet A-021, July 2019, PDF page 31"}, "geometry": {"type": "LineString", "coordinates": [[417.4, 183.9], [415.2, 183.8], [412.4, 184.0]]}},
{"type": "Feature", "properties": {"level": "platform", "type": "wall", "platform": "5", "color": "#525252", "source": "PCIP Phase 1 Appendix A, sheet A-021, July 2019, PDF page 31"}, "geometry": {"type": "LineString", "coordinates": [[430.1, -2.0], [430.7, -2.0], [430.7, -3.3], [412.8, -3.3]]}},
{"type": "Feature", "properties": {"level": "platform", "type": "wall", "platform": "5", "color": "#525252", "source": "PCIP Phase 1 Appendix A, sheet A-021, July 2019, PDF page 31"}, "geometry": {"type": "LineString", "coordinates": [[412.8, 3.6], [430.7, 3.6], [430.7, 2.6], [430.1, 2.6]]}},
{"type": "Feature", "properties": {"level": "platform", "type": "wall", "platform": "11", "color": "#525252", "source": "PCIP Phase 1 Appendix A, sheet A-021, July 2019, PDF page 31"}, "geometry": {"type": "LineString", "coordinates": [[412.8, 282.3], [413.0, 282.3], [413.0, 281.6], [413.3, 281.6]]}},
{"type": "Feature", "properties": {"level": "platform", "type": "wall", "platform": "8", "color": "#525252", "source": "PCIP Phase 1 Appendix A, sheet A-021, July 2019, PDF page 31"}, "geometry": {"type": "LineString", "coordinates": [[414.1, 132.9], [413.1, 132.9]]}},
{"type": "Feature", "properties": {"level": "platform", "type": "wall", "platform": "8", "color": "#525252", "source": "PCIP Phase 1 Appendix A, sheet A-021, July 2019, PDF page 31"}, "geometry": {"type": "LineString", "coordinates": [[413.1, 132.9], [413.1, 135.4]]}},
{"type": "Feature", "properties": {"level": "platform", "type": "wall", "platform": "8", "color": "#525252", "source": "PCIP Phase 1 Appendix A, sheet A-021, July 2019, PDF page 31"}, "geometry": {"type": "LineString", "coordinates": [[414.1, 135.4], [413.1, 135.4]]}},
{"type": "Feature", "properties": {"level": "platform", "type": "wall", "platform": "8", "color": "#525252", "source": "PCIP Phase 1 Appendix A, sheet A-021, July 2019, PDF page 31"}, "geometry": {"type": "LineString", "coordinates": [[413.1, 135.4], [413.1, 137.7]]}},
{"type": "Feature", "properties": {"level": "platform", "type": "wall", "platform": "8", "color": "#525252", "source": "PCIP Phase 1 Appendix A, sheet A-021, July 2019, PDF page 31"}, "geometry": {"type": "LineString", "coordinates": [[414.1, 137.7], [413.1, 137.7]]}},
{"type": "Feature", "properties": {"level": "platform", "type": "wall", "platform": "9", "color": "#525252", "source": "PCIP Phase 1 Appendix A, sheet A-021, July 2019, PDF page 31"}, "geometry": {"type": "LineString", "coordinates": [[413.4, 182.7], [413.3, 181.2]]}},
{"type": "Feature", "properties": {"level": "platform", "type": "wall", "platform": "11", "color": "#525252", "source": "PCIP Phase 1 Appendix A, sheet A-021, July 2019, PDF page 31"}, "geometry": {"type": "LineString", "coordinates": [[413.9, 282.9], [413.7, 282.9], [413.7, 282.4], [413.4, 282.4], [413.4, 282.0], [413.3, 282.0], [413.3, 281.6]]}},
{"type": "Feature", "properties": {"level": "platform", "type": "wall", "platform": "9", "color": "#525252", "source": "PCIP Phase 1 Appendix A, sheet A-021, July 2019, PDF page 31"}, "geometry": {"type": "LineString", "coordinates": [[413.4, 183.8], [413.4, 182.7]]}},
{"type": "Feature", "properties": {"level": "platform", "type": "wall", "platform": "11", "color": "#525252", "source": "PCIP Phase 1 Appendix A, sheet A-021, July 2019, PDF page 31"}, "geometry": {"type": "LineString", "coordinates": [[415.6, 281.0], [413.9, 282.9]]}},
{"type": "Feature", "properties": {"level": "platform", "type": "wall", "platform": "11", "color": "#525252", "source": "PCIP Phase 1 Appendix A, sheet A-021, July 2019, PDF page 31"}, "geometry": {"type": "LineString", "coordinates": [[413.9, 282.9], [415.8, 281.1]]}},
{"type": "Feature", "properties": {"level": "platform", "type": "wall", "platform": "8", "color": "#525252", "source": "PCIP Phase 1 Appendix A, sheet A-021, July 2019, PDF page 31"}, "geometry": {"type": "LineString", "coordinates": [[418.1, 132.9], [414.1, 132.9]]}},
{"type": "Feature", "properties": {"level": "platform", "type": "wall", "platform": "8", "color": "#525252", "source": "PCIP Phase 1 Appendix A, sheet A-021, July 2019, PDF page 31"}, "geometry": {"type": "LineString", "coordinates": [[414.1, 132.9], [414.1, 135.4]]}},
{"type": "Feature", "properties": {"level": "platform", "type": "wall", "platform": "8", "color": "#525252", "source": "PCIP Phase 1 Appendix A, sheet A-021, July 2019, PDF page 31"}, "geometry": {"type": "LineString", "coordinates": [[415.2, 135.4], [414.1, 135.4]]}},
{"type": "Feature", "properties": {"level": "platform", "type": "wall", "platform": "8", "color": "#525252", "source": "PCIP Phase 1 Appendix A, sheet A-021, July 2019, PDF page 31"}, "geometry": {"type": "LineString", "coordinates": [[414.1, 135.4], [414.1, 137.7]]}},
{"type": "Feature", "properties": {"level": "platform", "type": "wall", "platform": "8", "color": "#525252", "source": "PCIP Phase 1 Appendix A, sheet A-021, July 2019, PDF page 31"}, "geometry": {"type": "LineString", "coordinates": [[415.2, 137.7], [414.1, 137.7]]}},
{"type": "Feature", "properties": {"level": "platform", "type": "wall", "platform": "9", "color": "#525252", "source": "PCIP Phase 1 Appendix A, sheet A-021, July 2019, PDF page 31"}, "geometry": {"type": "LineString", "coordinates": [[414.3, 182.6], [414.3, 181.2]]}},
{"type": "Feature", "properties": {"level": "platform", "type": "wall", "platform": "9", "color": "#525252", "source": "PCIP Phase 1 Appendix A, sheet A-021, July 2019, PDF page 31"}, "geometry": {"type": "LineString", "coordinates": [[414.3, 183.8], [414.3, 182.6]]}},
{"type": "Feature", "properties": {"level": "platform", "type": "wall", "platform": "4", "color": "#525252", "source": "PCIP Phase 1 Appendix A, sheet A-021, July 2019, PDF page 31"}, "geometry": {"type": "LineString", "coordinates": [[424.7, -44.2], [415.2, -44.2]]}},
{"type": "Feature", "properties": {"level": "platform", "type": "wall", "platform": "4", "color": "#525252", "source": "PCIP Phase 1 Appendix A, sheet A-021, July 2019, PDF page 31"}, "geometry": {"type": "LineString", "coordinates": [[415.3, -46.8], [415.2, -44.2]]}},
{"type": "Feature", "properties": {"level": "platform", "type": "wall", "platform": "8", "color": "#525252", "source": "PCIP Phase 1 Appendix A, sheet A-021, July 2019, PDF page 31"}, "geometry": {"type": "LineString", "coordinates": [[415.2, 133.0], [415.2, 135.4]]}},
{"type": "Feature", "properties": {"level": "platform", "type": "wall", "platform": "8", "color": "#525252", "source": "PCIP Phase 1 Appendix A, sheet A-021, July 2019, PDF page 31"}, "geometry": {"type": "LineString", "coordinates": [[415.2, 135.4], [415.2, 137.7]]}},
{"type": "Feature", "properties": {"level": "platform", "type": "wall", "platform": "9", "color": "#525252", "source": "PCIP Phase 1 Appendix A, sheet A-021, July 2019, PDF page 31"}, "geometry": {"type": "LineString", "coordinates": [[415.3, 182.6], [415.2, 181.0]]}},
{"type": "Feature", "properties": {"level": "platform", "type": "wall", "platform": "4", "color": "#525252", "source": "PCIP Phase 1 Appendix A, sheet A-021, July 2019, PDF page 31"}, "geometry": {"type": "LineString", "coordinates": [[424.1, -46.8], [415.3, -46.8]]}},
{"type": "Feature", "properties": {"level": "platform", "type": "wall", "platform": "4", "color": "#525252", "source": "PCIP Phase 1 Appendix A, sheet A-021, July 2019, PDF page 31"}, "geometry": {"type": "LineString", "coordinates": [[415.3, -49.3], [415.3, -46.8]]}},
{"type": "Feature", "properties": {"level": "platform", "type": "wall", "platform": "9", "color": "#525252", "source": "PCIP Phase 1 Appendix A, sheet A-021, July 2019, PDF page 31"}, "geometry": {"type": "LineString", "coordinates": [[415.3, 183.8], [415.3, 182.6]]}},
{"type": "Feature", "properties": {"level": "platform", "type": "wall", "platform": "4", "color": "#525252", "source": "PCIP Phase 1 Appendix A, sheet A-021, July 2019, PDF page 31"}, "geometry": {"type": "LineString", "coordinates": [[415.3, -49.3], [424.7, -49.3], [424.7, -49.8]]}},
{"type": "Feature", "properties": {"level": "platform", "type": "wall", "platform": "8", "color": "#525252", "source": "PCIP Phase 1 Appendix A, sheet A-021, July 2019, PDF page 31"}, "geometry": {"type": "LineString", "coordinates": [[416.0, 133.0], [416.0, 135.4]]}},
{"type": "Feature", "properties": {"level": "platform", "type": "wall", "platform": "8", "color": "#525252", "source": "PCIP Phase 1 Appendix A, sheet A-021, July 2019, PDF page 31"}, "geometry": {"type": "LineString", "coordinates": [[417.1, 135.4], [416.0, 135.4]]}},
{"type": "Feature", "properties": {"level": "platform", "type": "wall", "platform": "8", "color": "#525252", "source": "PCIP Phase 1 Appendix A, sheet A-021, July 2019, PDF page 31"}, "geometry": {"type": "LineString", "coordinates": [[416.0, 135.4], [416.0, 137.7]]}},
{"type": "Feature", "properties": {"level": "platform", "type": "wall", "platform": "8", "color": "#525252", "source": "PCIP Phase 1 Appendix A, sheet A-021, July 2019, PDF page 31"}, "geometry": {"type": "LineString", "coordinates": [[417.1, 137.7], [416.0, 137.7]]}},
{"type": "Feature", "properties": {"level": "platform", "type": "wall", "platform": "8", "color": "#525252", "source": "PCIP Phase 1 Appendix A, sheet A-021, July 2019, PDF page 31"}, "geometry": {"type": "LineString", "coordinates": [[417.1, 133.0], [417.1, 135.4]]}},
{"type": "Feature", "properties": {"level": "platform", "type": "wall", "platform": "8", "color": "#525252", "source": "PCIP Phase 1 Appendix A, sheet A-021, July 2019, PDF page 31"}, "geometry": {"type": "LineString", "coordinates": [[418.1, 135.4], [417.1, 135.4]]}},
{"type": "Feature", "properties": {"level": "platform", "type": "wall", "platform": "8", "color": "#525252", "source": "PCIP Phase 1 Appendix A, sheet A-021, July 2019, PDF page 31"}, "geometry": {"type": "LineString", "coordinates": [[417.1, 135.4], [417.1, 137.7]]}},
{"type": "Feature", "properties": {"level": "platform", "type": "wall", "platform": "8", "color": "#525252", "source": "PCIP Phase 1 Appendix A, sheet A-021, July 2019, PDF page 31"}, "geometry": {"type": "LineString", "coordinates": [[418.1, 137.7], [417.1, 137.7]]}},
{"type": "Feature", "properties": {"level": "platform", "type": "wall", "platform": "9", "color": "#525252", "source": "PCIP Phase 1 Appendix A, sheet A-021, July 2019, PDF page 31"}, "geometry": {"type": "LineString", "coordinates": [[419.0, 184.0], [417.4, 183.9]]}},
{"type": "Feature", "properties": {"level": "platform", "type": "wall", "platform": "8", "color": "#525252", "source": "PCIP Phase 1 Appendix A, sheet A-021, July 2019, PDF page 31"}, "geometry": {"type": "LineString", "coordinates": [[419.3, 133.0], [418.1, 132.9]]}},
{"type": "Feature", "properties": {"level": "platform", "type": "wall", "platform": "8", "color": "#525252", "source": "PCIP Phase 1 Appendix A, sheet A-021, July 2019, PDF page 31"}, "geometry": {"type": "LineString", "coordinates": [[418.1, 132.9], [418.1, 135.4]]}},
{"type": "Feature", "properties": {"level": "platform", "type": "wall", "platform": "8", "color": "#525252", "source": "PCIP Phase 1 Appendix A, sheet A-021, July 2019, PDF page 31"}, "geometry": {"type": "LineString", "coordinates": [[419.3, 135.4], [418.1, 135.4]]}},
{"type": "Feature", "properties": {"level": "platform", "type": "wall", "platform": "8", "color": "#525252", "source": "PCIP Phase 1 Appendix A, sheet A-021, July 2019, PDF page 31"}, "geometry": {"type": "LineString", "coordinates": [[418.1, 135.4], [418.1, 137.7]]}},
{"type": "Feature", "properties": {"level": "platform", "type": "wall", "platform": "8", "color": "#525252", "source": "PCIP Phase 1 Appendix A, sheet A-021, July 2019, PDF page 31"}, "geometry": {"type": "LineString", "coordinates": [[419.3, 137.7], [418.1, 137.7]]}},
{"type": "Feature", "properties": {"level": "platform", "type": "wall", "platform": "9", "color": "#525252", "source": "PCIP Phase 1 Appendix A, sheet A-021, July 2019, PDF page 31"}, "geometry": {"type": "LineString", "coordinates": [[418.4, 180.2], [419.0, 180.2], [419.0, 180.4], [418.7, 180.4]]}},
{"type": "Feature", "properties": {"level": "platform", "type": "wall", "platform": "7", "color": "#525252", "source": "PCIP Phase 1 Appendix A, sheet A-021, July 2019, PDF page 31"}, "geometry": {"type": "LineString", "coordinates": [[418.8, 84.5], [402.8, 84.5], [401.1, 84.5], [401.1, 91.4], [402.8, 91.4], [418.8, 91.4]]}},
{"type": "Feature", "properties": {"level": "platform", "type": "wall", "platform": "8", "color": "#525252", "source": "PCIP Phase 1 Appendix A, sheet A-021, July 2019, PDF page 31"}, "geometry": {"type": "LineString", "coordinates": [[418.8, 131.7], [403.0, 131.7], [401.1, 131.7], [401.1, 138.8], [418.8, 138.8]]}},
{"type": "Feature", "properties": {"level": "platform", "type": "wall", "platform": "8", "color": "#525252", "source": "PCIP Phase 1 Appendix A, sheet A-021, July 2019, PDF page 31"}, "geometry": {"type": "LineString", "coordinates": [[419.3, 133.0], [419.3, 135.4]]}},
{"type": "Feature", "properties": {"level": "platform", "type": "wall", "platform": "8", "color": "#525252", "source": "PCIP Phase 1 Appendix A, sheet A-021, July 2019, PDF page 31"}, "geometry": {"type": "LineString", "coordinates": [[419.3, 135.4], [419.3, 137.7]]}},
{"type": "Feature", "properties": {"level": "platform", "type": "wall", "platform": "6", "color": "#525252", "source": "PCIP Phase 1 Appendix A, sheet A-021, July 2019, PDF page 31"}, "geometry": {"type": "LineString", "coordinates": [[419.6, 43.1], [423.5, 42.7]]}},
{"type": "Feature", "properties": {"level": "platform", "type": "wall", "platform": "6", "color": "#525252", "source": "PCIP Phase 1 Appendix A, sheet A-021, July 2019, PDF page 31"}, "geometry": {"type": "LineString", "coordinates": [[423.5, 46.1], [419.6, 45.7]]}},
{"type": "Feature", "properties": {"level": "platform", "type": "wall", "platform": "7", "color": "#525252", "source": "PCIP Phase 1 Appendix A, sheet A-021, July 2019, PDF page 31"}, "geometry": {"type": "LineString", "coordinates": [[419.6, 86.7], [423.5, 86.2]]}},
{"type": "Feature", "properties": {"level": "platform", "type": "wall", "platform": "7", "color": "#525252", "source": "PCIP Phase 1 Appendix A, sheet A-021, July 2019, PDF page 31"}, "geometry": {"type": "LineString", "coordinates": [[423.3, 89.8], [419.6, 89.5]]}},
{"type": "Feature", "properties": {"level": "platform", "type": "wall", "platform": "8", "color": "#525252", "source": "PCIP Phase 1 Appendix A, sheet A-021, July 2019, PDF page 31"}, "geometry": {"type": "LineString", "coordinates": [[422.2, 133.0], [420.0, 133.0]]}},
{"type": "Feature", "properties": {"level": "platform", "type": "wall", "platform": "8", "color": "#525252", "source": "PCIP Phase 1 Appendix A, sheet A-021, July 2019, PDF page 31"}, "geometry": {"type": "LineString", "coordinates": [[420.0, 133.0], [420.0, 135.4]]}},
{"type": "Feature", "properties": {"level": "platform", "type": "wall", "platform": "8", "color": "#525252", "source": "PCIP Phase 1 Appendix A, sheet A-021, July 2019, PDF page 31"}, "geometry": {"type": "LineString", "coordinates": [[421.2, 135.4], [420.0, 135.4]]}},
{"type": "Feature", "properties": {"level": "platform", "type": "wall", "platform": "8", "color": "#525252", "source": "PCIP Phase 1 Appendix A, sheet A-021, July 2019, PDF page 31"}, "geometry": {"type": "LineString", "coordinates": [[420.0, 135.4], [420.0, 137.7]]}},
{"type": "Feature", "properties": {"level": "platform", "type": "wall", "platform": "8", "color": "#525252", "source": "PCIP Phase 1 Appendix A, sheet A-021, July 2019, PDF page 31"}, "geometry": {"type": "LineString", "coordinates": [[421.2, 137.7], [420.0, 137.7]]}},
{"type": "Feature", "properties": {"level": "platform", "type": "wall", "platform": "7", "color": "#525252", "source": "PCIP Phase 1 Appendix A, sheet A-021, July 2019, PDF page 31"}, "geometry": {"type": "LineString", "coordinates": [[422.8, 85.4], [430.3, 85.4], [430.3, 85.8], [430.9, 85.8], [430.9, 84.5], [420.7, 84.5]]}},
{"type": "Feature", "properties": {"level": "platform", "type": "wall", "platform": "7", "color": "#525252", "source": "PCIP Phase 1 Appendix A, sheet A-021, July 2019, PDF page 31"}, "geometry": {"type": "LineString", "coordinates": [[420.7, 91.4], [430.9, 91.4], [430.9, 90.3], [430.3, 90.3], [430.3, 90.7], [422.8, 90.7]]}},
{"type": "Feature", "properties": {"level": "platform", "type": "wall", "platform": "8", "color": "#525252", "source": "PCIP Phase 1 Appendix A, sheet A-021, July 2019, PDF page 31"}, "geometry": {"type": "LineString", "coordinates": [[420.7, 132.3], [430.1, 132.6], [430.1, 132.7], [430.7, 132.7], [430.7, 131.7], [420.7, 131.7]]}},
{"type": "Feature", "properties": {"level": "platform", "type": "wall", "platform": "8", "color": "#525252", "source": "PCIP Phase 1 Appendix A, sheet A-021, July 2019, PDF page 31"}, "geometry": {"type": "LineString", "coordinates": [[422.7, 138.1], [420.7, 138.1]]}},
{"type": "Feature", "properties": {"level": "platform", "type": "wall", "platform": "8", "color": "#525252", "source": "PCIP Phase 1 Appendix A, sheet A-021, July 2019, PDF page 31"}, "geometry": {"type": "LineString", "coordinates": [[420.7, 138.8], [430.7, 138.8], [430.7, 137.7], [430.1, 137.7], [430.1, 138.1], [422.7, 138.1]]}},
{"type": "Feature", "properties": {"level": "platform", "type": "wall", "platform": "8", "color": "#525252", "source": "PCIP Phase 1 Appendix A, sheet A-021, July 2019, PDF page 31"}, "geometry": {"type": "LineString", "coordinates": [[421.2, 133.0], [421.2, 135.4]]}},
{"type": "Feature", "properties": {"level": "platform", "type": "wall", "platform": "8", "color": "#525252", "source": "PCIP Phase 1 Appendix A, sheet A-021, July 2019, PDF page 31"}, "geometry": {"type": "LineString", "coordinates": [[422.2, 135.4], [421.2, 135.4]]}},
{"type": "Feature", "properties": {"level": "platform", "type": "wall", "platform": "8", "color": "#525252", "source": "PCIP Phase 1 Appendix A, sheet A-021, July 2019, PDF page 31"}, "geometry": {"type": "LineString", "coordinates": [[421.2, 135.4], [421.2, 137.7]]}},
{"type": "Feature", "properties": {"level": "platform", "type": "wall", "platform": "8", "color": "#525252", "source": "PCIP Phase 1 Appendix A, sheet A-021, July 2019, PDF page 31"}, "geometry": {"type": "LineString", "coordinates": [[422.2, 137.7], [421.2, 137.7]]}},
{"type": "Feature", "properties": {"level": "platform", "type": "wall", "platform": "8", "color": "#525252", "source": "PCIP Phase 1 Appendix A, sheet A-021, July 2019, PDF page 31"}, "geometry": {"type": "LineString", "coordinates": [[422.2, 133.0], [422.2, 135.4]]}},
{"type": "Feature", "properties": {"level": "platform", "type": "wall", "platform": "8", "color": "#525252", "source": "PCIP Phase 1 Appendix A, sheet A-021, July 2019, PDF page 31"}, "geometry": {"type": "LineString", "coordinates": [[422.2, 135.4], [422.2, 137.7]]}},
{"type": "Feature", "properties": {"level": "platform", "type": "wall", "platform": "7", "color": "#525252", "source": "PCIP Phase 1 Appendix A, sheet A-021, July 2019, PDF page 31"}, "geometry": {"type": "LineString", "coordinates": [[422.8, 86.0], [423.7, 86.0], [423.7, 86.2], [423.5, 86.2]]}},
{"type": "Feature", "properties": {"level": "platform", "type": "wall", "platform": "7", "color": "#525252", "source": "PCIP Phase 1 Appendix A, sheet A-021, July 2019, PDF page 31"}, "geometry": {"type": "LineString", "coordinates": [[423.3, 89.8], [423.7, 89.8], [423.7, 90.1], [422.8, 90.1]]}},
{"type": "Feature", "properties": {"level": "platform", "type": "wall", "platform": "4", "color": "#525252", "source": "PCIP Phase 1 Appendix A, sheet A-021, July 2019, PDF page 31"}, "geometry": {"type": "LineString", "coordinates": [[424.7, -49.8], [432.2, -49.8], [432.2, -49.2], [432.9, -49.2], [432.9, -50.5], [399.6, -50.5], [399.6, -43.1], [432.9, -43.1], [432.9, -44.0], [432.2, -44.0]]}},
{"type": "Feature", "properties": {"level": "platform", "type": "wall", "platform": "4", "color": "#525252", "source": "PCIP Phase 1 Appendix A, sheet A-021, July 2019, PDF page 31"}, "geometry": {"type": "LineString", "coordinates": [[431.6, -46.5], [431.4, -46.5], [431.4, -46.4], [430.7, -46.4], [430.7, -46.1], [430.6, -46.1], [430.6, -45.9], [430.3, -45.9]]}},
{"type": "Feature", "properties": {"level": "platform", "type": "wall", "platform": "4", "color": "#525252", "source": "PCIP Phase 1 Appendix A, sheet A-021, July 2019, PDF page 31"}, "geometry": {"type": "LineString", "coordinates": [[432.2, -44.0], [430.3, -45.9]]}},
{"type": "Feature", "properties": {"level": "platform", "type": "wall", "platform": "4", "color": "#525252", "source": "PCIP Phase 1 Appendix A, sheet A-021, July 2019, PDF page 31"}, "geometry": {"type": "LineString", "coordinates": [[430.3, -45.9], [432.1, -44.0], [432.2, -44.0]]}},
{"type": "Feature", "properties": {"level": "platform", "type": "wall", "platform": "4", "color": "#525252", "source": "PCIP Phase 1 Appendix A, sheet A-021, July 2019, PDF page 31"}, "geometry": {"type": "LineString", "coordinates": [[430.9, -47.0], [430.9, -46.8], [431.6, -46.8], [431.6, -46.5]]}},
{"type": "Feature", "properties": {"level": "platform", "type": "wall", "platform": "6", "color": "#525252", "source": "PCIP Phase 1 Appendix A, sheet A-021, July 2019, PDF page 31"}, "geometry": {"type": "LineString", "coordinates": [[468.9, 43.9], [469.8, 47.8], [470.8, 48.0], [468.7, 48.2]]}},
{"type": "Feature", "properties": {"level": "platform", "type": "wall", "platform": "6", "color": "#525252", "source": "PCIP Phase 1 Appendix A, sheet A-021, July 2019, PDF page 31"}, "geometry": {"type": "LineString", "coordinates": [[470.0, 48.6], [470.4, 51.2]]}},
{"type": "Feature", "properties": {"level": "platform", "type": "wall", "platform": "2", "color": "#525252", "source": "PCIP Phase 1 Appendix A, sheet A-021, July 2019, PDF page 31"}, "geometry": {"type": "LineString", "coordinates": [[488.2, -139.0], [478.1, -139.0]]}},
{"type": "Feature", "properties": {"level": "platform", "type": "wall", "platform": "2", "color": "#525252", "source": "PCIP Phase 1 Appendix A, sheet A-021, July 2019, PDF page 31"}, "geometry": {"type": "LineString", "coordinates": [[488.2, -134.1], [478.1, -134.1]]}},
{"type": "Feature", "properties": {"level": "platform", "type": "wall", "platform": "4", "color": "#525252", "source": "PCIP Phase 1 Appendix A, sheet A-021, July 2019, PDF page 31"}, "geometry": {"type": "LineString", "coordinates": [[479.2, -53.0], [479.2, -48.1]]}},
{"type": "Feature", "properties": {"level": "platform", "type": "wall", "platform": "4", "color": "#525252", "source": "PCIP Phase 1 Appendix A, sheet A-021, July 2019, PDF page 31"}, "geometry": {"type": "LineString", "coordinates": [[480.2, -48.1], [479.2, -48.1]]}},
{"type": "Feature", "properties": {"level": "platform", "type": "wall", "platform": "4", "color": "#525252", "source": "PCIP Phase 1 Appendix A, sheet A-021, July 2019, PDF page 31"}, "geometry": {"type": "LineString", "coordinates": [[483.2, -53.0], [478.1, -53.0], [478.1, -48.1], [479.2, -48.1]]}},
{"type": "Feature", "properties": {"level": "platform", "type": "wall", "platform": "4", "color": "#525252", "source": "PCIP Phase 1 Appendix A, sheet A-021, July 2019, PDF page 31"}, "geometry": {"type": "LineString", "coordinates": [[480.0, -53.0], [480.2, -48.1]]}},
{"type": "Feature", "properties": {"level": "platform", "type": "wall", "platform": "5", "color": "#525252", "source": "PCIP Phase 1 Appendix A, sheet A-021, July 2019, PDF page 31"}, "geometry": {"type": "LineString", "coordinates": [[499.0, 7.6], [490.2, 7.6], [480.1, 7.6]]}},
{"type": "Feature", "properties": {"level": "platform", "type": "wall", "platform": "5", "color": "#525252", "source": "PCIP Phase 1 Appendix A, sheet A-021, July 2019, PDF page 31"}, "geometry": {"type": "LineString", "coordinates": [[480.1, 7.6], [474.5, 7.6], [474.5, 1.7], [481.2, 1.7]]}},
{"type": "Feature", "properties": {"level": "platform", "type": "wall", "platform": "5", "color": "#525252", "source": "PCIP Phase 1 Appendix A, sheet A-021, July 2019, PDF page 31"}, "geometry": {"type": "LineString", "coordinates": [[480.4, 5.7], [480.1, 7.6]]}},
{"type": "Feature", "properties": {"level": "platform", "type": "wall", "platform": "3", "color": "#525252", "source": "PCIP Phase 1 Appendix A, sheet A-021, July 2019, PDF page 31"}, "geometry": {"type": "LineString", "coordinates": [[489.2, -91.0], [480.1, -91.0]]}},
{"type": "Feature", "properties": {"level": "platform", "type": "wall", "platform": "3", "color": "#525252", "source": "PCIP Phase 1 Appendix A, sheet A-021, July 2019, PDF page 31"}, "geometry": {"type": "LineString", "coordinates": [[480.1, -91.0], [474.5, -91.0], [474.5, -97.0], [481.3, -97.0]]}},
{"type": "Feature", "properties": {"level": "platform", "type": "wall", "platform": "3", "color": "#525252", "source": "PCIP Phase 1 Appendix A, sheet A-021, July 2019, PDF page 31"}, "geometry": {"type": "LineString", "coordinates": [[480.4, -92.9], [480.1, -91.0]]}},
{"type": "Feature", "properties": {"level": "platform", "type": "wall", "platform": "1", "color": "#525252", "source": "PCIP Phase 1 Appendix A, sheet A-021, July 2019, PDF page 31"}, "geometry": {"type": "LineString", "coordinates": [[506.9, -187.3], [506.9, -186.8], [480.5, -186.8]]}},
{"type": "Feature", "properties": {"level": "platform", "type": "wall", "platform": "1", "color": "#525252", "source": "PCIP Phase 1 Appendix A, sheet A-021, July 2019, PDF page 31"}, "geometry": {"type": "LineString", "coordinates": [[480.5, -186.8], [474.9, -186.8], [474.9, -192.8], [481.7, -192.8]]}},
{"type": "Feature", "properties": {"level": "platform", "type": "wall", "platform": "1", "color": "#525252", "source": "PCIP Phase 1 Appendix A, sheet A-021, July 2019, PDF page 31"}, "geometry": {"type": "LineString", "coordinates": [[481.9, -189.1], [480.9, -188.7], [480.5, -186.8]]}},
{"type": "Feature", "properties": {"level": "platform", "type": "wall", "platform": "1", "color": "#525252", "source": "PCIP Phase 1 Appendix A, sheet A-021, July 2019, PDF page 31"}, "geometry": {"type": "LineString", "coordinates": [[481.9, -187.3], [480.7, -187.3]]}},
{"type": "Feature", "properties": {"level": "platform", "type": "wall", "platform": "4", "color": "#525252", "source": "PCIP Phase 1 Appendix A, sheet A-021, July 2019, PDF page 31"}, "geometry": {"type": "LineString", "coordinates": [[481.1, -53.0], [481.1, -48.1]]}},
{"type": "Feature", "properties": {"level": "platform", "type": "wall", "platform": "4", "color": "#525252", "source": "PCIP Phase 1 Appendix A, sheet A-021, July 2019, PDF page 31"}, "geometry": {"type": "LineString", "coordinates": [[482.2, -48.1], [481.1, -48.1]]}},
{"type": "Feature", "properties": {"level": "platform", "type": "wall", "platform": "5", "color": "#525252", "source": "PCIP Phase 1 Appendix A, sheet A-021, July 2019, PDF page 31"}, "geometry": {"type": "LineString", "coordinates": [[481.2, 1.7], [499.0, 1.7]]}},
{"type": "Feature", "properties": {"level": "platform", "type": "wall", "platform": "5", "color": "#525252", "source": "PCIP Phase 1 Appendix A, sheet A-021, July 2019, PDF page 31"}, "geometry": {"type": "LineString", "coordinates": [[481.2, 1.7], [480.7, 4.7], [479.4, 5.1], [481.7, 5.3]]}},
{"type": "Feature", "properties": {"level": "platform", "type": "wall", "platform": "3", "color": "#525252", "source": "PCIP Phase 1 Appendix A, sheet A-021, July 2019, PDF page 31"}, "geometry": {"type": "LineString", "coordinates": [[481.3, -97.0], [499.0, -97.0]]}},
{"type": "Feature", "properties": {"level": "platform", "type": "wall", "platform": "3", "color": "#525252", "source": "PCIP Phase 1 Appendix A, sheet A-021, July 2019, PDF page 31"}, "geometry": {"type": "LineString", "coordinates": [[481.3, -97.0], [480.7, -94.0], [479.4, -93.6], [481.7, -93.3]]}},
{"type": "Feature", "properties": {"level": "platform", "type": "wall", "platform": "1", "color": "#525252", "source": "PCIP Phase 1 Appendix A, sheet A-021, July 2019, PDF page 31"}, "geometry": {"type": "LineString", "coordinates": [[481.6, -192.4], [481.1, -189.9], [480.0, -189.4], [481.9, -189.2]]}},
{"type": "Feature", "properties": {"level": "platform", "type": "wall", "platform": "1", "color": "#525252", "source": "PCIP Phase 1 Appendix A, sheet A-021, July 2019, PDF page 31"}, "geometry": {"type": "LineString", "coordinates": [[481.7, -192.8], [499.5, -192.8]]}},
{"type": "Feature", "properties": {"level": "platform", "type": "wall", "platform": "1", "color": "#525252", "source": "PCIP Phase 1 Appendix A, sheet A-021, July 2019, PDF page 31"}, "geometry": {"type": "LineString", "coordinates": [[483.0, -192.4], [481.9, -192.4]]}},
{"type": "Feature", "properties": {"level": "platform", "type": "wall", "platform": "1", "color": "#525252", "source": "PCIP Phase 1 Appendix A, sheet A-021, July 2019, PDF page 31"}, "geometry": {"type": "LineString", "coordinates": [[481.9, -192.4], [481.9, -189.2]]}},
{"type": "Feature", "properties": {"level": "platform", "type": "wall", "platform": "1", "color": "#525252", "source": "PCIP Phase 1 Appendix A, sheet A-021, July 2019, PDF page 31"}, "geometry": {"type": "LineString", "coordinates": [[481.9, -189.1], [481.9, -187.3]]}},
{"type": "Feature", "properties": {"level": "platform", "type": "wall", "platform": "1", "color": "#525252", "source": "PCIP Phase 1 Appendix A, sheet A-021, July 2019, PDF page 31"}, "geometry": {"type": "LineString", "coordinates": [[483.0, -187.3], [481.9, -187.3]]}},
{"type": "Feature", "properties": {"level": "platform", "type": "wall", "platform": "4", "color": "#525252", "source": "PCIP Phase 1 Appendix A, sheet A-021, July 2019, PDF page 31"}, "geometry": {"type": "LineString", "coordinates": [[482.2, -53.0], [482.2, -48.1]]}},
{"type": "Feature", "properties": {"level": "platform", "type": "wall", "platform": "4", "color": "#525252", "source": "PCIP Phase 1 Appendix A, sheet A-021, July 2019, PDF page 31"}, "geometry": {"type": "LineString", "coordinates": [[483.2, -48.1], [482.2, -48.1]]}},
{"type": "Feature", "properties": {"level": "platform", "type": "wall", "platform": "1", "color": "#525252", "source": "PCIP Phase 1 Appendix A, sheet A-021, July 2019, PDF page 31"}, "geometry": {"type": "LineString", "coordinates": [[484.1, -192.4], [483.0, -192.4]]}},
{"type": "Feature", "properties": {"level": "platform", "type": "wall", "platform": "1", "color": "#525252", "source": "PCIP Phase 1 Appendix A, sheet A-021, July 2019, PDF page 31"}, "geometry": {"type": "LineString", "coordinates": [[483.0, -192.4], [483.0, -187.3]]}},
{"type": "Feature", "properties": {"level": "platform", "type": "wall", "platform": "4", "color": "#525252", "source": "PCIP Phase 1 Appendix A, sheet A-021, July 2019, PDF page 31"}, "geometry": {"type": "LineString", "coordinates": [[483.2, -53.0], [483.2, -48.1]]}},
{"type": "Feature", "properties": {"level": "platform", "type": "wall", "platform": "1", "color": "#525252", "source": "PCIP Phase 1 Appendix A, sheet A-021, July 2019, PDF page 31"}, "geometry": {"type": "LineString", "coordinates": [[484.9, -187.3], [483.9, -187.3]]}},
{"type": "Feature", "properties": {"level": "platform", "type": "wall", "platform": "1", "color": "#525252", "source": "PCIP Phase 1 Appendix A, sheet A-021, July 2019, PDF page 31"}, "geometry": {"type": "LineString", "coordinates": [[484.1, -192.4], [483.9, -187.3]]}},
{"type": "Feature", "properties": {"level": "platform", "type": "wall", "platform": "4", "color": "#525252", "source": "PCIP Phase 1 Appendix A, sheet A-021, July 2019, PDF page 31"}, "geometry": {"type": "LineString", "coordinates": [[484.1, -53.0], [484.1, -48.1]]}},
{"type": "Feature", "properties": {"level": "platform", "type": "wall", "platform": "4", "color": "#525252", "source": "PCIP Phase 1 Appendix A, sheet A-021, July 2019, PDF page 31"}, "geometry": {"type": "LineString", "coordinates": [[485.1, -53.1], [484.1, -53.0]]}},
{"type": "Feature", "properties": {"level": "platform", "type": "wall", "platform": "4", "color": "#525252", "source": "PCIP Phase 1 Appendix A, sheet A-021, July 2019, PDF page 31"}, "geometry": {"type": "LineString", "coordinates": [[485.1, -48.1], [484.1, -48.1]]}},
{"type": "Feature", "properties": {"level": "platform", "type": "wall", "platform": "1", "color": "#525252", "source": "PCIP Phase 1 Appendix A, sheet A-021, July 2019, PDF page 31"}, "geometry": {"type": "LineString", "coordinates": [[486.0, -192.4], [484.9, -192.4]]}},
{"type": "Feature", "properties": {"level": "platform", "type": "wall", "platform": "1", "color": "#525252", "source": "PCIP Phase 1 Appendix A, sheet A-021, July 2019, PDF page 31"}, "geometry": {"type": "LineString", "coordinates": [[484.9, -192.4], [484.9, -187.3]]}},
{"type": "Feature", "properties": {"level": "platform", "type": "wall", "platform": "1", "color": "#525252", "source": "PCIP Phase 1 Appendix A, sheet A-021, July 2019, PDF page 31"}, "geometry": {"type": "LineString", "coordinates": [[486.0, -187.3], [484.9, -187.3]]}},
{"type": "Feature", "properties": {"level": "platform", "type": "wall", "platform": "4", "color": "#525252", "source": "PCIP Phase 1 Appendix A, sheet A-021, July 2019, PDF page 31"}, "geometry": {"type": "LineString", "coordinates": [[485.1, -53.1], [485.1, -48.1]]}},
{"type": "Feature", "properties": {"level": "platform", "type": "wall", "platform": "4", "color": "#525252", "source": "PCIP Phase 1 Appendix A, sheet A-021, July 2019, PDF page 31"}, "geometry": {"type": "LineString", "coordinates": [[488.2, -53.1], [485.1, -53.1]]}},
{"type": "Feature", "properties": {"level": "platform", "type": "wall", "platform": "4", "color": "#525252", "source": "PCIP Phase 1 Appendix A, sheet A-021, July 2019, PDF page 31"}, "geometry": {"type": "LineString", "coordinates": [[486.2, -48.1], [485.1, -48.1]]}},
{"type": "Feature", "properties": {"level": "platform", "type": "wall", "platform": "1", "color": "#525252", "source": "PCIP Phase 1 Appendix A, sheet A-021, July 2019, PDF page 31"}, "geometry": {"type": "LineString", "coordinates": [[486.0, -192.4], [499.5, -192.4], [499.5, -192.8]]}},
{"type": "Feature", "properties": {"level": "platform", "type": "wall", "platform": "1", "color": "#525252", "source": "PCIP Phase 1 Appendix A, sheet A-021, July 2019, PDF page 31"}, "geometry": {"type": "LineString", "coordinates": [[486.0, -192.4], [486.0, -190.1]]}},
{"type": "Feature", "properties": {"level": "platform", "type": "wall", "platform": "1", "color": "#525252", "source": "PCIP Phase 1 Appendix A, sheet A-021, July 2019, PDF page 31"}, "geometry": {"type": "LineString", "coordinates": [[486.0, -190.1], [485.1, -189.9], [486.0, -189.6]]}},
{"type": "Feature", "properties": {"level": "platform", "type": "wall", "platform": "1", "color": "#525252", "source": "PCIP Phase 1 Appendix A, sheet A-021, July 2019, PDF page 31"}, "geometry": {"type": "LineString", "coordinates": [[486.0, -189.6], [486.0, -187.3]]}},
{"type": "Feature", "properties": {"level": "platform", "type": "wall", "platform": "1", "color": "#525252", "source": "PCIP Phase 1 Appendix A, sheet A-021, July 2019, PDF page 31"}, "geometry": {"type": "LineString", "coordinates": [[499.5, -187.3], [486.0, -187.3]]}},
{"type": "Feature", "properties": {"level": "platform", "type": "wall", "platform": "4", "color": "#525252", "source": "PCIP Phase 1 Appendix A, sheet A-021, July 2019, PDF page 31"}, "geometry": {"type": "LineString", "coordinates": [[486.2, -53.0], [486.2, -48.1]]}},
{"type": "Feature", "properties": {"level": "platform", "type": "wall", "platform": "4", "color": "#525252", "source": "PCIP Phase 1 Appendix A, sheet A-021, July 2019, PDF page 31"}, "geometry": {"type": "LineString", "coordinates": [[488.2, -48.1], [486.2, -48.1]]}},
{"type": "Feature", "properties": {"level": "platform", "type": "wall", "platform": "3", "color": "#525252", "source": "PCIP Phase 1 Appendix A, sheet A-021, July 2019, PDF page 31"}, "geometry": {"type": "LineString", "coordinates": [[486.9, -88.4], [489.2, -86.2]]}},
{"type": "Feature", "properties": {"level": "platform", "type": "wall", "platform": "3", "color": "#525252", "source": "PCIP Phase 1 Appendix A, sheet A-021, July 2019, PDF page 31"}, "geometry": {"type": "LineString", "coordinates": [[489.2, -86.2], [488.9, -86.2], [486.9, -88.4]]}},
{"type": "Feature", "properties": {"level": "platform", "type": "wall", "platform": "3", "color": "#525252", "source": "PCIP Phase 1 Appendix A, sheet A-021, July 2019, PDF page 31"}, "geometry": {"type": "LineString", "coordinates": [[486.9, -88.4], [486.9, -88.6], [487.3, -88.6], [487.3, -88.9], [487.5, -88.9], [487.5, -89.0], [488.2, -89.0], [488.2, -89.3], [488.9, -89.3]]}},
{"type": "Feature", "properties": {"level": "platform", "type": "wall", "platform": "2", "color": "#525252", "source": "PCIP Phase 1 Appendix A, sheet A-021, July 2019, PDF page 31"}, "geometry": {"type": "LineString", "coordinates": [[488.2, -134.1], [488.2, -139.0]]}},
{"type": "Feature", "properties": {"level": "platform", "type": "wall", "platform": "2", "color": "#525252", "source": "PCIP Phase 1 Appendix A, sheet A-021, July 2019, PDF page 31"}, "geometry": {"type": "LineString", "coordinates": [[489.2, -134.1], [488.2, -134.1]]}},
{"type": "Feature", "properties": {"level": "platform", "type": "wall", "platform": "4", "color": "#525252", "source": "PCIP Phase 1 Appendix A, sheet A-021, July 2019, PDF page 31"}, "geometry": {"type": "LineString", "coordinates": [[488.2, -53.1], [488.2, -48.1]]}},
{"type": "Feature", "properties": {"level": "platform", "type": "wall", "platform": "4", "color": "#525252", "source": "PCIP Phase 1 Appendix A, sheet A-021, July 2019, PDF page 31"}, "geometry": {"type": "LineString", "coordinates": [[489.2, -53.1], [488.2, -53.1]]}},
{"type": "Feature", "properties": {"level": "platform", "type": "wall", "platform": "4", "color": "#525252", "source": "PCIP Phase 1 Appendix A, sheet A-021, July 2019, PDF page 31"}, "geometry": {"type": "LineString", "coordinates": [[489.2, -48.1], [488.2, -48.1]]}},
{"type": "Feature", "properties": {"level": "platform", "type": "wall", "platform": "2", "color": "#525252", "source": "PCIP Phase 1 Appendix A, sheet A-021, July 2019, PDF page 31"}, "geometry": {"type": "LineString", "coordinates": [[488.9, -139.6], [477.5, -139.6], [477.5, -133.3], [495.1, -133.4]]}},
{"type": "Feature", "properties": {"level": "platform", "type": "wall", "platform": "2", "color": "#525252", "source": "PCIP Phase 1 Appendix A, sheet A-021, July 2019, PDF page 31"}, "geometry": {"type": "LineString", "coordinates": [[489.2, -134.1], [488.9, -139.0]]}},
{"type": "Feature", "properties": {"level": "platform", "type": "wall", "platform": "2", "color": "#525252", "source": "PCIP Phase 1 Appendix A, sheet A-021, July 2019, PDF page 31"}, "geometry": {"type": "LineString", "coordinates": [[489.2, -139.6], [489.4, -141.5], [490.2, -143.3], [491.6, -144.8], [493.2, -145.6], [494.9, -146.1]]}},
{"type": "Feature", "properties": {"level": "platform", "type": "wall", "platform": "3", "color": "#525252", "source": "PCIP Phase 1 Appendix A, sheet A-021, July 2019, PDF page 31"}, "geometry": {"type": "LineString", "coordinates": [[496.9, -91.0], [490.2, -91.0], [489.2, -91.0]]}},
{"type": "Feature", "properties": {"level": "platform", "type": "wall", "platform": "3", "color": "#525252", "source": "PCIP Phase 1 Appendix A, sheet A-021, July 2019, PDF page 31"}, "geometry": {"type": "LineString", "coordinates": [[489.8, -90.3], [489.8, -89.3], [489.2, -89.3], [489.2, -90.3]]}},
{"type": "Feature", "properties": {"level": "platform", "type": "wall", "platform": "3", "color": "#525252", "source": "PCIP Phase 1 Appendix A, sheet A-021, July 2019, PDF page 31"}, "geometry": {"type": "LineString", "coordinates": [[499.0, -97.0], [506.4, -97.0], [506.4, -96.3], [507.1, -96.3], [507.1, -97.6], [473.8, -97.6], [473.8, -90.3], [489.2, -90.3]]}},
{"type": "Feature", "properties": {"level": "platform", "type": "wall", "platform": "3", "color": "#525252", "source": "PCIP Phase 1 Appendix A, sheet A-021, July 2019, PDF page 31"}, "geometry": {"type": "LineString", "coordinates": [[496.7, -84.6], [489.8, -84.6], [489.8, -86.2], [489.2, -86.2]]}},
{"type": "Feature", "properties": {"level": "platform", "type": "wall", "platform": "3", "color": "#525252", "source": "PCIP Phase 1 Appendix A, sheet A-021, July 2019, PDF page 31"}, "geometry": {"type": "LineString", "coordinates": [[496.7, -83.9], [489.2, -83.9], [489.2, -86.2]]}},
{"type": "Feature", "properties": {"level": "platform", "type": "wall", "platform": "4", "color": "#525252", "source": "PCIP Phase 1 Appendix A, sheet A-021, July 2019, PDF page 31"}, "geometry": {"type": "LineString", "coordinates": [[489.2, -53.1], [489.2, -48.1]]}},
{"type": "Feature", "properties": {"level": "platform", "type": "wall", "platform": "4", "color": "#525252", "source": "PCIP Phase 1 Appendix A, sheet A-021, July 2019, PDF page 31"}, "geometry": {"type": "LineString", "coordinates": [[489.2, -47.4], [477.5, -47.4], [477.5, -53.9], [495.1, -53.9]]}},
{"type": "Feature", "properties": {"level": "platform", "type": "wall", "platform": "1", "color": "#525252", "source": "PCIP Phase 1 Appendix A, sheet A-021, July 2019, PDF page 31"}, "geometry": {"type": "LineString", "coordinates": [[508.6, -178.3], [499.0, -178.3], [489.4, -178.3]]}},
{"type": "Feature", "properties": {"level": "platform", "type": "wall", "platform": "4", "color": "#525252", "source": "PCIP Phase 1 Appendix A, sheet A-021, July 2019, PDF page 31"}, "geometry": {"type": "LineString", "coordinates": [[495.1, -41.2], [493.5, -41.7], [491.7, -42.5], [490.5, -44.0], [489.6, -45.8], [489.4, -47.4]]}},
{"type": "Feature", "properties": {"level": "platform", "type": "wall", "platform": "2", "color": "#525252", "source": "PCIP Phase 1 Appendix A, sheet A-021, July 2019, PDF page 31"}, "geometry": {"type": "LineString", "coordinates": [[489.8, -139.9], [490.2, -141.8], [491.1, -143.5], [492.9, -144.8], [494.8, -145.5], [499.0, -145.5]]}},
{"type": "Feature", "properties": {"level": "platform", "type": "wall", "platform": "2", "color": "#525252", "source": "PCIP Phase 1 Appendix A, sheet A-021, July 2019, PDF page 31"}, "geometry": {"type": "LineString", "coordinates": [[489.8, -134.1], [489.8, -139.0]]}},
{"type": "Feature", "properties": {"level": "platform", "type": "wall", "platform": "2", "color": "#525252", "source": "PCIP Phase 1 Appendix A, sheet A-021, July 2019, PDF page 31"}, "geometry": {"type": "LineString", "coordinates": [[495.1, -134.1], [489.8, -134.1]]}},
{"type": "Feature", "properties": {"level": "platform", "type": "wall", "platform": "3", "color": "#525252", "source": "PCIP Phase 1 Appendix A, sheet A-021, July 2019, PDF page 31"}, "geometry": {"type": "LineString", "coordinates": [[496.8, -90.3], [489.8, -90.3]]}},
{"type": "Feature", "properties": {"level": "platform", "type": "wall", "platform": "4", "color": "#525252", "source": "PCIP Phase 1 Appendix A, sheet A-021, July 2019, PDF page 31"}, "geometry": {"type": "LineString", "coordinates": [[489.8, -53.1], [489.8, -48.1]]}},
{"type": "Feature", "properties": {"level": "platform", "type": "wall", "platform": "4", "color": "#525252", "source": "PCIP Phase 1 Appendix A, sheet A-021, July 2019, PDF page 31"}, "geometry": {"type": "LineString", "coordinates": [[495.1, -53.2], [489.8, -53.1]]}},
{"type": "Feature", "properties": {"level": "platform", "type": "wall", "platform": "4", "color": "#525252", "source": "PCIP Phase 1 Appendix A, sheet A-021, July 2019, PDF page 31"}, "geometry": {"type": "LineString", "coordinates": [[494.9, -41.8], [493.0, -42.5], [491.3, -43.8], [490.5, -45.5], [490.1, -47.4]]}},
{"type": "Feature", "properties": {"level": "platform", "type": "wall", "platform": "4", "color": "#525252", "source": "PCIP Phase 1 Appendix A, sheet A-021, July 2019, PDF page 31"}, "geometry": {"type": "LineString", "coordinates": [[507.1, -41.7], [494.9, -41.7]]}},
{"type": "Feature", "properties": {"level": "platform", "type": "wall", "platform": "2", "color": "#525252", "source": "PCIP Phase 1 Appendix A, sheet A-021, July 2019, PDF page 31"}, "geometry": {"type": "LineString", "coordinates": [[507.1, -146.2], [495.1, -146.2]]}},
{"type": "Feature", "properties": {"level": "platform", "type": "wall", "platform": "2", "color": "#525252", "source": "PCIP Phase 1 Appendix A, sheet A-021, July 2019, PDF page 31"}, "geometry": {"type": "LineString", "coordinates": [[495.1, -140.5], [495.1, -145.5]]}},
{"type": "Feature", "properties": {"level": "platform", "type": "wall", "platform": "2", "color": "#525252", "source": "PCIP Phase 1 Appendix A, sheet A-021, July 2019, PDF page 31"}, "geometry": {"type": "LineString", "coordinates": [[495.1, -134.1], [495.1, -140.5]]}},
{"type": "Feature", "properties": {"level": "platform", "type": "wall", "platform": "2", "color": "#525252", "source": "PCIP Phase 1 Appendix A, sheet A-021, July 2019, PDF page 31"}, "geometry": {"type": "LineString", "coordinates": [[503.7, -135.4], [504.3, -135.4], [504.3, -133.4], [495.1, -133.4]]}},
{"type": "Feature", "properties": {"level": "platform", "type": "wall", "platform": "4", "color": "#525252", "source": "PCIP Phase 1 Appendix A, sheet A-021, July 2019, PDF page 31"}, "geometry": {"type": "LineString", "coordinates": [[503.7, -51.9], [504.5, -51.9], [504.5, -53.9], [495.1, -53.9]]}},
{"type": "Feature", "properties": {"level": "platform", "type": "wall", "platform": "4", "color": "#525252", "source": "PCIP Phase 1 Appendix A, sheet A-021, July 2019, PDF page 31"}, "geometry": {"type": "LineString", "coordinates": [[495.1, -53.2], [495.1, -46.5], [504.5, -46.5], [504.5, -48.9], [503.9, -48.9]]}},
{"type": "Feature", "properties": {"level": "platform", "type": "wall", "platform": "4", "color": "#525252", "source": "PCIP Phase 1 Appendix A, sheet A-021, July 2019, PDF page 31"}, "geometry": {"type": "LineString", "coordinates": [[507.1, -41.1], [495.1, -41.1]]}},
{"type": "Feature", "properties": {"level": "platform", "type": "wall", "platform": "2", "color": "#525252", "source": "PCIP Phase 1 Appendix A, sheet A-021, July 2019, PDF page 31"}, "geometry": {"type": "LineString", "coordinates": [[496.0, -140.5], [496.0, -145.5]]}},
{"type": "Feature", "properties": {"level": "platform", "type": "wall", "platform": "2", "color": "#525252", "source": "PCIP Phase 1 Appendix A, sheet A-021, July 2019, PDF page 31"}, "geometry": {"type": "LineString", "coordinates": [[497.1, -140.5], [496.0, -140.5]]}},
{"type": "Feature", "properties": {"level": "platform", "type": "wall", "platform": "3", "color": "#525252", "source": "PCIP Phase 1 Appendix A, sheet A-021, July 2019, PDF page 31"}, "geometry": {"type": "LineString", "coordinates": [[496.7, -83.9], [504.9, -83.9], [504.9, -85.5], [504.3, -85.5]]}},
{"type": "Feature", "properties": {"level": "platform", "type": "wall", "platform": "3", "color": "#525252", "source": "PCIP Phase 1 Appendix A, sheet A-021, July 2019, PDF page 31"}, "geometry": {"type": "LineString", "coordinates": [[496.8, -90.3], [496.7, -83.9]]}},
{"type": "Feature", "properties": {"level": "platform", "type": "wall", "platform": "3", "color": "#525252", "source": "PCIP Phase 1 Appendix A, sheet A-021, July 2019, PDF page 31"}, "geometry": {"type": "LineString", "coordinates": [[496.8, -90.3], [496.9, -90.3], [504.9, -90.3]]}},
{"type": "Feature", "properties": {"level": "platform", "type": "wall", "platform": "3", "color": "#525252", "source": "PCIP Phase 1 Appendix A, sheet A-021, July 2019, PDF page 31"}, "geometry": {"type": "LineString", "coordinates": [[499.0, -91.0], [496.9, -91.0]]}},
{"type": "Feature", "properties": {"level": "platform", "type": "wall", "platform": "2", "color": "#525252", "source": "PCIP Phase 1 Appendix A, sheet A-021, July 2019, PDF page 31"}, "geometry": {"type": "LineString", "coordinates": [[497.1, -140.5], [497.1, -145.5]]}},
{"type": "Feature", "properties": {"level": "platform", "type": "wall", "platform": "2", "color": "#525252", "source": "PCIP Phase 1 Appendix A, sheet A-021, July 2019, PDF page 31"}, "geometry": {"type": "LineString", "coordinates": [[498.2, -140.5], [497.1, -140.5]]}},
{"type": "Feature", "properties": {"level": "platform", "type": "wall", "platform": "2", "color": "#525252", "source": "PCIP Phase 1 Appendix A, sheet A-021, July 2019, PDF page 31"}, "geometry": {"type": "LineString", "coordinates": [[498.2, -140.5], [498.2, -145.5]]}},
{"type": "Feature", "properties": {"level": "platform", "type": "wall", "platform": "2", "color": "#525252", "source": "PCIP Phase 1 Appendix A, sheet A-021, July 2019, PDF page 31"}, "geometry": {"type": "LineString", "coordinates": [[499.0, -140.5], [499.0, -145.5]]}},
{"type": "Feature", "properties": {"level": "platform", "type": "wall", "platform": "2", "color": "#525252", "source": "PCIP Phase 1 Appendix A, sheet A-021, July 2019, PDF page 31"}, "geometry": {"type": "LineString", "coordinates": [[500.1, -145.5], [499.0, -145.5]]}},
{"type": "Feature", "properties": {"level": "platform", "type": "wall", "platform": "2", "color": "#525252", "source": "PCIP Phase 1 Appendix A, sheet A-021, July 2019, PDF page 31"}, "geometry": {"type": "LineString", "coordinates": [[500.1, -140.5], [499.0, -140.5]]}},
{"type": "Feature", "properties": {"level": "platform", "type": "wall", "platform": "3", "color": "#525252", "source": "PCIP Phase 1 Appendix A, sheet A-021, July 2019, PDF page 31"}, "geometry": {"type": "LineString", "coordinates": [[504.9, -91.0], [499.0, -91.0]]}},
{"type": "Feature", "properties": {"level": "platform", "type": "wall", "platform": "5", "color": "#525252", "source": "PCIP Phase 1 Appendix A, sheet A-021, July 2019, PDF page 31"}, "geometry": {"type": "LineString", "coordinates": [[499.0, 1.7], [506.4, 1.7], [506.4, 2.3], [507.1, 2.3], [507.1, 1.0], [473.8, 1.0], [473.8, 8.3], [507.1, 8.3], [507.1, 7.4], [506.4, 7.4]]}},
{"type": "Feature", "properties": {"level": "platform", "type": "wall", "platform": "5", "color": "#525252", "source": "PCIP Phase 1 Appendix A, sheet A-021, July 2019, PDF page 31"}, "geometry": {"type": "LineString", "coordinates": [[506.4, 7.4], [506.4, 7.6], [499.0, 7.6]]}},
{"type": "Feature", "properties": {"level": "platform", "type": "wall", "platform": "1", "color": "#525252", "source": "PCIP Phase 1 Appendix A, sheet A-021, July 2019, PDF page 31"}, "geometry": {"type": "LineString", "coordinates": [[499.5, -192.8], [506.9, -192.8], [506.9, -192.2]]}},
{"type": "Feature", "properties": {"level": "platform", "type": "wall", "platform": "2", "color": "#525252", "source": "PCIP Phase 1 Appendix A, sheet A-021, July 2019, PDF page 31"}, "geometry": {"type": "LineString", "coordinates": [[500.1, -140.5], [500.1, -145.5]]}},
{"type": "Feature", "properties": {"level": "platform", "type": "wall", "platform": "2", "color": "#525252", "source": "PCIP Phase 1 Appendix A, sheet A-021, July 2019, PDF page 31"}, "geometry": {"type": "LineString", "coordinates": [[507.1, -145.6], [500.1, -145.5]]}},
{"type": "Feature", "properties": {"level": "platform", "type": "wall", "platform": "2", "color": "#525252", "source": "PCIP Phase 1 Appendix A, sheet A-021, July 2019, PDF page 31"}, "geometry": {"type": "LineString", "coordinates": [[500.1, -140.5], [502.9, -140.5], [504.3, -140.5], [504.3, -138.4], [503.7, -138.4]]}},
{"type": "Feature", "properties": {"level": "platform", "type": "wall", "platform": "3", "color": "#525252", "source": "PCIP Phase 1 Appendix A, sheet A-021, July 2019, PDF page 31"}, "geometry": {"type": "LineString", "coordinates": [[504.3, -88.4], [504.9, -88.4], [504.9, -90.3]]}},
{"type": "Feature", "properties": {"level": "platform", "type": "wall", "platform": "3", "color": "#525252", "source": "PCIP Phase 1 Appendix A, sheet A-021, July 2019, PDF page 31"}, "geometry": {"type": "LineString", "coordinates": [[505.8, -93.7], [505.6, -93.7], [505.6, -93.6], [504.9, -93.6], [504.9, -93.3], [504.8, -93.3], [504.8, -93.1], [504.5, -93.1]]}},
{"type": "Feature", "properties": {"level": "platform", "type": "wall", "platform": "3", "color": "#525252", "source": "PCIP Phase 1 Appendix A, sheet A-021, July 2019, PDF page 31"}, "geometry": {"type": "LineString", "coordinates": [[506.4, -91.2], [504.5, -93.1]]}},
{"type": "Feature", "properties": {"level": "platform", "type": "wall", "platform": "3", "color": "#525252", "source": "PCIP Phase 1 Appendix A, sheet A-021, July 2019, PDF page 31"}, "geometry": {"type": "LineString", "coordinates": [[504.5, -93.1], [506.3, -91.2], [506.4, -91.2]]}},
{"type": "Feature", "properties": {"level": "platform", "type": "wall", "platform": "5", "color": "#525252", "source": "PCIP Phase 1 Appendix A, sheet A-021, July 2019, PDF page 31"}, "geometry": {"type": "LineString", "coordinates": [[505.8, 4.9], [505.6, 4.9], [505.6, 5.1], [504.9, 5.1], [504.9, 5.3], [504.8, 5.3], [504.8, 5.5], [504.5, 5.5]]}},
{"type": "Feature", "properties": {"level": "platform", "type": "wall", "platform": "5", "color": "#525252", "source": "PCIP Phase 1 Appendix A, sheet A-021, July 2019, PDF page 31"}, "geometry": {"type": "LineString", "coordinates": [[506.4, 7.4], [504.5, 5.5]]}},
{"type": "Feature", "properties": {"level": "platform", "type": "wall", "platform": "5", "color": "#525252", "source": "PCIP Phase 1 Appendix A, sheet A-021, July 2019, PDF page 31"}, "geometry": {"type": "LineString", "coordinates": [[504.5, 5.5], [506.3, 7.4], [506.4, 7.4]]}},
{"type": "Feature", "properties": {"level": "platform", "type": "wall", "platform": "1", "color": "#525252", "source": "PCIP Phase 1 Appendix A, sheet A-021, July 2019, PDF page 31"}, "geometry": {"type": "LineString", "coordinates": [[504.9, -190.5], [504.9, -190.3], [505.4, -190.3], [505.4, -190.0], [505.8, -190.0], [505.8, -189.9], [506.3, -189.9], [506.3, -189.6]]}},
{"type": "Feature", "properties": {"level": "platform", "type": "wall", "platform": "1", "color": "#525252", "source": "PCIP Phase 1 Appendix A, sheet A-021, July 2019, PDF page 31"}, "geometry": {"type": "LineString", "coordinates": [[506.9, -192.2], [506.7, -192.2], [504.9, -190.5]]}},
{"type": "Feature", "properties": {"level": "platform", "type": "wall", "platform": "1", "color": "#525252", "source": "PCIP Phase 1 Appendix A, sheet A-021, July 2019, PDF page 31"}, "geometry": {"type": "LineString", "coordinates": [[504.9, -190.5], [506.9, -192.2]]}},
{"type": "Feature", "properties": {"level": "platform", "type": "wall", "platform": "1", "color": "#525252", "source": "PCIP Phase 1 Appendix A, sheet A-021, July 2019, PDF page 31"}, "geometry": {"type": "LineString", "coordinates": [[506.3, -189.6], [505.8, -189.6], [505.8, -189.4], [505.4, -189.4], [505.4, -189.2], [505.2, -189.2], [505.2, -189.0], [504.9, -189.0]]}},
{"type": "Feature", "properties": {"level": "platform", "type": "wall", "platform": "1", "color": "#525252", "source": "PCIP Phase 1 Appendix A, sheet A-021, July 2019, PDF page 31"}, "geometry": {"type": "LineString", "coordinates": [[506.9, -187.3], [504.9, -189.0]]}},
{"type": "Feature", "properties": {"level": "platform", "type": "wall", "platform": "1", "color": "#525252", "source": "PCIP Phase 1 Appendix A, sheet A-021, July 2019, PDF page 31"}, "geometry": {"type": "LineString", "coordinates": [[504.9, -189.0], [506.7, -187.1], [506.9, -187.3]]}},
{"type": "Feature", "properties": {"level": "platform", "type": "wall", "platform": "3", "color": "#525252", "source": "PCIP Phase 1 Appendix A, sheet A-021, July 2019, PDF page 31"}, "geometry": {"type": "LineString", "coordinates": [[506.4, -91.2], [506.4, -91.0], [504.9, -91.0]]}},
{"type": "Feature", "properties": {"level": "platform", "type": "wall", "platform": "3", "color": "#525252", "source": "PCIP Phase 1 Appendix A, sheet A-021, July 2019, PDF page 31"}, "geometry": {"type": "LineString", "coordinates": [[504.9, -90.3], [507.1, -90.3], [507.1, -91.2], [506.4, -91.2]]}},
{"type": "Feature", "properties": {"level": "platform", "type": "wall", "platform": "3", "color": "#525252", "source": "PCIP Phase 1 Appendix A, sheet A-021, July 2019, PDF page 31"}, "geometry": {"type": "LineString", "coordinates": [[505.2, -94.2], [505.2, -94.0], [505.8, -94.0], [505.8, -93.7]]}},
{"type": "Feature", "properties": {"level": "platform", "type": "wall", "platform": "5", "color": "#525252", "source": "PCIP Phase 1 Appendix A, sheet A-021, July 2019, PDF page 31"}, "geometry": {"type": "LineString", "coordinates": [[505.2, 4.5], [505.2, 4.7], [505.8, 4.7], [505.8, 4.9]]}},
{"type": "Feature", "properties": {"level": "platform", "type": "wall", "platform": "1", "color": "#525252", "source": "PCIP Phase 1 Appendix A, sheet A-021, July 2019, PDF page 31"}, "geometry": {"type": "LineString", "coordinates": [[506.9, -192.2], [507.6, -192.2], [507.6, -193.4], [474.2, -193.4], [474.2, -186.2], [507.6, -186.2], [507.6, -187.3], [506.9, -187.3]]}},
{"type": "Feature", "properties": {"level": "platform", "type": "wall", "platform": "1", "color": "#525252", "source": "PCIP Phase 1 Appendix A, sheet A-021, July 2019, PDF page 31"}, "geometry": {"type": "LineString", "coordinates": [[515.2, -188.3], [515.4, -188.3], [515.4, -188.6], [515.6, -188.6], [515.6, -188.7], [516.1, -188.7], [516.1, -189.0], [516.7, -189.0], [516.7, -189.2], [517.3, -189.2]]}},
{"type": "Feature", "properties": {"level": "platform", "type": "wall", "platform": "1", "color": "#525252", "source": "PCIP Phase 1 Appendix A, sheet A-021, July 2019, PDF page 31"}, "geometry": {"type": "LineString", "coordinates": [[517.6, -186.2], [515.2, -188.3]]}},
{"type": "Feature", "properties": {"level": "platform", "type": "wall", "platform": "1", "color": "#525252", "source": "PCIP Phase 1 Appendix A, sheet A-021, July 2019, PDF page 31"}, "geometry": {"type": "LineString", "coordinates": [[515.2, -188.3], [517.3, -186.0], [517.6, -186.2]]}},
{"type": "Feature", "properties": {"level": "platform", "type": "wall", "platform": "1", "color": "#525252", "source": "PCIP Phase 1 Appendix A, sheet A-021, July 2019, PDF page 31"}, "geometry": {"type": "LineString", "coordinates": [[517.6, -183.7], [517.6, -186.2]]}},
{"type": "Feature", "properties": {"level": "platform", "type": "wall", "platform": "1", "color": "#525252", "source": "PCIP Phase 1 Appendix A, sheet A-021, July 2019, PDF page 31"}, "geometry": {"type": "LineString", "coordinates": [[525.7, -183.7], [517.6, -183.7]]}},
{"type": "Feature", "properties": {"level": "platform", "type": "wall", "platform": "1", "color": "#525252", "source": "PCIP Phase 1 Appendix A, sheet A-021, July 2019, PDF page 31"}, "geometry": {"type": "LineString", "coordinates": [[517.6, -183.7], [517.6, -176.6], [525.7, -176.6], [525.7, -178.1], [525.0, -178.1]]}},
{"type": "Feature", "properties": {"level": "platform", "type": "wall", "platform": "1", "color": "#525252", "source": "PCIP Phase 1 Appendix A, sheet A-021, July 2019, PDF page 31"}, "geometry": {"type": "LineString", "coordinates": [[518.2, -189.2], [517.6, -189.2], [517.6, -190.9], [525.7, -190.9], [525.7, -183.7]]}},
{"type": "Feature", "properties": {"level": "platform", "type": "wall", "platform": "7", "color": "#525252", "source": "PCIP Phase 1 Appendix A, sheet A-021, July 2019, PDF page 31"}, "geometry": {"type": "LineString", "coordinates": [[534.0, 81.5], [531.2, 86.7], [528.0, 91.4], [524.2, 95.7], [519.9, 99.2]]}},
{"type": "Feature", "properties": {"level": "platform", "type": "wall", "platform": "7", "color": "#525252", "source": "PCIP Phase 1 Appendix A, sheet A-021, July 2019, PDF page 31"}, "geometry": {"type": "LineString", "coordinates": [[534.2, 81.5], [534.4, 81.7], [531.7, 86.7], [528.4, 91.6], [524.6, 95.8], [520.1, 99.5]]}},
{"type": "Feature", "properties": {"level": "platform", "type": "wall", "platform": "5", "color": "#525252", "source": "PCIP Phase 1 Appendix A, sheet A-021, July 2019, PDF page 31"}, "geometry": {"type": "LineString", "coordinates": [[524.2, -8.8], [528.0, -4.5], [531.4, 0.2], [534.0, 5.1]]}},
{"type": "Feature", "properties": {"level": "platform", "type": "wall", "platform": "5", "color": "#525252", "source": "PCIP Phase 1 Appendix A, sheet A-021, July 2019, PDF page 31"}, "geometry": {"type": "LineString", "coordinates": [[524.6, -9.0], [528.4, -4.7], [531.8, -0.0]]}},
{"type": "Feature", "properties": {"level": "platform", "type": "wall", "platform": "1", "color": "#525252", "source": "PCIP Phase 1 Appendix A, sheet A-021, July 2019, PDF page 31"}, "geometry": {"type": "LineString", "coordinates": [[525.0, -181.1], [525.7, -181.1], [525.7, -183.7]]}},
{"type": "Feature", "properties": {"level": "platform", "type": "wall", "platform": "7", "color": "#525252", "source": "PCIP Phase 1 Appendix A, sheet A-021, July 2019, PDF page 31"}, "geometry": {"type": "LineString", "coordinates": [[536.4, 94.3], [529.9, 89.6]]}},
{"type": "Feature", "properties": {"level": "platform", "type": "wall", "platform": "5", "color": "#525252", "source": "PCIP Phase 1 Appendix A, sheet A-021, July 2019, PDF page 31"}, "geometry": {"type": "LineString", "coordinates": [[536.8, -7.5], [530.2, -2.8]]}},
{"type": "Feature", "properties": {"level": "platform", "type": "wall", "platform": "7", "color": "#525252", "source": "PCIP Phase 1 Appendix A, sheet A-021, July 2019, PDF page 31"}, "geometry": {"type": "LineString", "coordinates": [[537.1, 93.4], [530.6, 88.6]]}},
{"type": "Feature", "properties": {"level": "platform", "type": "wall", "platform": "5", "color": "#525252", "source": "PCIP Phase 1 Appendix A, sheet A-021, July 2019, PDF page 31"}, "geometry": {"type": "LineString", "coordinates": [[537.4, -6.7], [530.8, -1.7]]}},
{"type": "Feature", "properties": {"level": "platform", "type": "wall", "platform": "5", "color": "#525252", "source": "PCIP Phase 1 Appendix A, sheet A-021, July 2019, PDF page 31"}, "geometry": {"type": "LineString", "coordinates": [[538.0, -5.6], [531.2, -0.9]]}},
{"type": "Feature", "properties": {"level": "platform", "type": "wall", "platform": "7", "color": "#525252", "source": "PCIP Phase 1 Appendix A, sheet A-021, July 2019, PDF page 31"}, "geometry": {"type": "LineString", "coordinates": [[537.8, 92.4], [531.2, 87.7]]}},
{"type": "Feature", "properties": {"level": "platform", "type": "wall", "platform": "7", "color": "#525252", "source": "PCIP Phase 1 Appendix A, sheet A-021, July 2019, PDF page 31"}, "geometry": {"type": "LineString", "coordinates": [[535.2, 89.3], [531.7, 86.9]]}},
{"type": "Feature", "properties": {"level": "platform", "type": "wall", "platform": "5", "color": "#525252", "source": "PCIP Phase 1 Appendix A, sheet A-021, July 2019, PDF page 31"}, "geometry": {"type": "LineString", "coordinates": [[538.5, -4.6], [531.8, -0.0]]}},
{"type": "Feature", "properties": {"level": "platform", "type": "wall", "platform": "7", "color": "#525252", "source": "PCIP Phase 1 Appendix A, sheet A-021, July 2019, PDF page 31"}, "geometry": {"type": "LineString", "coordinates": [[537.6, 89.6], [532.3, 86.0]]}},
{"type": "Feature", "properties": {"level": "platform", "type": "wall", "platform": "5", "color": "#525252", "source": "PCIP Phase 1 Appendix A, sheet A-021, July 2019, PDF page 31"}, "geometry": {"type": "LineString", "coordinates": [[532.3, 0.8], [534.4, 5.1]]}},
{"type": "Feature", "properties": {"level": "platform", "type": "wall", "platform": "5", "color": "#525252", "source": "PCIP Phase 1 Appendix A, sheet A-021, July 2019, PDF page 31"}, "geometry": {"type": "LineString", "coordinates": [[539.0, -3.8], [532.3, 0.8]]}},
{"type": "Feature", "properties": {"level": "platform", "type": "wall", "platform": "7", "color": "#525252", "source": "PCIP Phase 1 Appendix A, sheet A-021, July 2019, PDF page 31"}, "geometry": {"type": "LineString", "coordinates": [[537.4, 88.2], [532.7, 84.9]]}},
{"type": "Feature", "properties": {"level": "platform", "type": "wall", "platform": "5", "color": "#525252", "source": "PCIP Phase 1 Appendix A, sheet A-021, July 2019, PDF page 31"}, "geometry": {"type": "LineString", "coordinates": [[539.6, -2.7], [532.9, 1.9]]}},
{"type": "Feature", "properties": {"level": "platform", "type": "wall", "platform": "5", "color": "#525252", "source": "PCIP Phase 1 Appendix A, sheet A-021, July 2019, PDF page 31"}, "geometry": {"type": "LineString", "coordinates": [[540.1, -1.9], [533.3, 2.6]]}},
{"type": "Feature", "properties": {"level": "platform", "type": "wall", "platform": "7", "color": "#525252", "source": "PCIP Phase 1 Appendix A, sheet A-021, July 2019, PDF page 31"}, "geometry": {"type": "LineString", "coordinates": [[535.2, 85.4], [533.3, 84.1]]}},
{"type": "Feature", "properties": {"level": "platform", "type": "wall", "platform": "5", "color": "#525252", "source": "PCIP Phase 1 Appendix A, sheet A-021, July 2019, PDF page 31"}, "geometry": {"type": "LineString", "coordinates": [[540.7, -0.8], [533.7, 3.4]]}},
{"type": "Feature", "properties": {"level": "platform", "type": "wall", "platform": "7", "color": "#525252", "source": "PCIP Phase 1 Appendix A, sheet A-021, July 2019, PDF page 31"}, "geometry": {"type": "LineString", "coordinates": [[536.1, 84.8], [533.7, 83.2]]}},
{"type": "Feature", "properties": {"level": "platform", "type": "wall", "platform": "1", "color": "#525252", "source": "PCIP Phase 1 Appendix A, sheet A-021, July 2019, PDF page 31"}, "geometry": {"type": "LineString", "coordinates": [[534.2, -184.0], [534.4, -184.0], [536.1, -182.4]]}},
{"type": "Feature", "properties": {"level": "platform", "type": "wall", "platform": "1", "color": "#525252", "source": "PCIP Phase 1 Appendix A, sheet A-021, July 2019, PDF page 31"}, "geometry": {"type": "LineString", "coordinates": [[536.1, -182.4], [534.2, -184.0]]}},
{"type": "Feature", "properties": {"level": "platform", "type": "wall", "platform": "1", "color": "#525252", "source": "PCIP Phase 1 Appendix A, sheet A-021, July 2019, PDF page 31"}, "geometry": {"type": "LineString", "coordinates": [[534.2, -184.0], [533.6, -184.0], [533.6, -185.3], [555.5, -185.3], [555.5, -178.1], [533.6, -178.1], [533.6, -179.2], [534.2, -179.2]]}},
{"type": "Feature", "properties": {"level": "platform", "type": "wall", "platform": "1", "color": "#525252", "source": "PCIP Phase 1 Appendix A, sheet A-021, July 2019, PDF page 31"}, "geometry": {"type": "LineString", "coordinates": [[541.7, -184.7], [534.2, -184.7], [534.2, -184.0]]}},
{"type": "Feature", "properties": {"level": "platform", "type": "wall", "platform": "1", "color": "#525252", "source": "PCIP Phase 1 Appendix A, sheet A-021, July 2019, PDF page 31"}, "geometry": {"type": "LineString", "coordinates": [[534.2, -179.2], [534.2, -178.7], [553.9, -178.7]]}},
{"type": "Feature", "properties": {"level": "platform", "type": "wall", "platform": "1", "color": "#525252", "source": "PCIP Phase 1 Appendix A, sheet A-021, July 2019, PDF page 31"}, "geometry": {"type": "LineString", "coordinates": [[534.2, -179.2], [536.1, -180.9]]}},
{"type": "Feature", "properties": {"level": "platform", "type": "wall", "platform": "2", "color": "#525252", "source": "PCIP Phase 1 Appendix A, sheet A-021, July 2019, PDF page 31"}, "geometry": {"type": "LineString", "coordinates": [[534.2, -134.1], [534.2, -133.9], [553.9, -133.9]]}},
{"type": "Feature", "properties": {"level": "platform", "type": "wall", "platform": "2", "color": "#525252", "source": "PCIP Phase 1 Appendix A, sheet A-021, July 2019, PDF page 31"}, "geometry": {"type": "LineString", "coordinates": [[541.7, -139.9], [534.2, -139.9], [534.2, -139.3], [533.6, -139.3], [533.6, -140.5], [555.5, -140.5], [555.5, -133.3], [533.6, -133.3], [533.6, -134.1], [534.2, -134.1]]}},
{"type": "Feature", "properties": {"level": "platform", "type": "wall", "platform": "2", "color": "#525252", "source": "PCIP Phase 1 Appendix A, sheet A-021, July 2019, PDF page 31"}, "geometry": {"type": "LineString", "coordinates": [[534.2, -134.1], [536.1, -136.1]]}},
{"type": "Feature", "properties": {"level": "platform", "type": "wall", "platform": "3", "color": "#525252", "source": "PCIP Phase 1 Appendix A, sheet A-021, July 2019, PDF page 31"}, "geometry": {"type": "LineString", "coordinates": [[534.2, -91.2], [534.2, -91.0], [553.9, -91.0]]}},
{"type": "Feature", "properties": {"level": "platform", "type": "wall", "platform": "3", "color": "#525252", "source": "PCIP Phase 1 Appendix A, sheet A-021, July 2019, PDF page 31"}, "geometry": {"type": "LineString", "coordinates": [[541.7, -97.0], [534.2, -97.0], [534.2, -96.3], [533.6, -96.3], [533.6, -97.6], [555.5, -97.6], [555.5, -90.3], [533.6, -90.3], [533.6, -91.2], [534.2, -91.2]]}},
{"type": "Feature", "properties": {"level": "platform", "type": "wall", "platform": "3", "color": "#525252", "source": "PCIP Phase 1 Appendix A, sheet A-021, July 2019, PDF page 31"}, "geometry": {"type": "LineString", "coordinates": [[534.2, -91.2], [536.1, -93.1]]}},
{"type": "Feature", "properties": {"level": "platform", "type": "wall", "platform": "4", "color": "#525252", "source": "PCIP Phase 1 Appendix A, sheet A-021, July 2019, PDF page 31"}, "geometry": {"type": "LineString", "coordinates": [[534.2, -52.4], [534.4, -52.4], [536.1, -50.6]]}},
{"type": "Feature", "properties": {"level": "platform", "type": "wall", "platform": "4", "color": "#525252", "source": "PCIP Phase 1 Appendix A, sheet A-021, July 2019, PDF page 31"}, "geometry": {"type": "LineString", "coordinates": [[536.1, -50.6], [534.2, -52.4]]}},
{"type": "Feature", "properties": {"level": "platform", "type": "wall", "platform": "4", "color": "#525252", "source": "PCIP Phase 1 Appendix A, sheet A-021, July 2019, PDF page 31"}, "geometry": {"type": "LineString", "coordinates": [[534.2, -52.4], [533.6, -52.4], [533.6, -53.6], [555.5, -53.6], [555.5, -46.4], [533.6, -46.4], [533.6, -47.4], [534.2, -47.4]]}},
{"type": "Feature", "properties": {"level": "platform", "type": "wall", "platform": "4", "color": "#525252", "source": "PCIP Phase 1 Appendix A, sheet A-021, July 2019, PDF page 31"}, "geometry": {"type": "LineString", "coordinates": [[541.7, -53.0], [534.2, -53.0], [534.2, -52.4]]}},
{"type": "Feature", "properties": {"level": "platform", "type": "wall", "platform": "4", "color": "#525252", "source": "PCIP Phase 1 Appendix A, sheet A-021, July 2019, PDF page 31"}, "geometry": {"type": "LineString", "coordinates": [[534.2, -47.4], [534.2, -47.0], [553.9, -47.0]]}},
{"type": "Feature", "properties": {"level": "platform", "type": "wall", "platform": "4", "color": "#525252", "source": "PCIP Phase 1 Appendix A, sheet A-021, July 2019, PDF page 31"}, "geometry": {"type": "LineString", "coordinates": [[534.2, -47.4], [536.1, -49.2]]}},
{"type": "Feature", "properties": {"level": "platform", "type": "wall", "platform": "5", "color": "#525252", "source": "PCIP Phase 1 Appendix A, sheet A-021, July 2019, PDF page 31"}, "geometry": {"type": "LineString", "coordinates": [[541.1, -0.2], [534.2, 4.5]]}},
{"type": "Feature", "properties": {"level": "platform", "type": "wall", "platform": "7", "color": "#525252", "source": "PCIP Phase 1 Appendix A, sheet A-021, July 2019, PDF page 31"}, "geometry": {"type": "LineString", "coordinates": [[536.4, 83.9], [534.2, 82.4]]}},
{"type": "Feature", "properties": {"level": "platform", "type": "wall", "platform": "1", "color": "#525252", "source": "PCIP Phase 1 Appendix A, sheet A-021, July 2019, PDF page 31"}, "geometry": {"type": "LineString", "coordinates": [[536.1, -180.9], [534.4, -179.0]]}},
{"type": "Feature", "properties": {"level": "platform", "type": "wall", "platform": "2", "color": "#525252", "source": "PCIP Phase 1 Appendix A, sheet A-021, July 2019, PDF page 31"}, "geometry": {"type": "LineString", "coordinates": [[536.1, -136.1], [534.4, -134.1]]}},
{"type": "Feature", "properties": {"level": "platform", "type": "wall", "platform": "3", "color": "#525252", "source": "PCIP Phase 1 Appendix A, sheet A-021, July 2019, PDF page 31"}, "geometry": {"type": "LineString", "coordinates": [[536.1, -93.1], [534.4, -91.2]]}},
{"type": "Feature", "properties": {"level": "platform", "type": "wall", "platform": "4", "color": "#525252", "source": "PCIP Phase 1 Appendix A, sheet A-021, July 2019, PDF page 31"}, "geometry": {"type": "LineString", "coordinates": [[536.1, -49.2], [534.4, -47.2]]}},
{"type": "Feature", "properties": {"level": "platform", "type": "wall", "platform": "7", "color": "#525252", "source": "PCIP Phase 1 Appendix A, sheet A-021, July 2019, PDF page 31"}, "geometry": {"type": "LineString", "coordinates": [[536.0, 94.8], [534.4, 96.9]]}},
{"type": "Feature", "properties": {"level": "platform", "type": "wall", "platform": "7", "color": "#525252", "source": "PCIP Phase 1 Appendix A, sheet A-021, July 2019, PDF page 31"}, "geometry": {"type": "LineString", "coordinates": [[536.0, 94.8], [534.6, 96.7]]}},
{"type": "Feature", "properties": {"level": "platform", "type": "wall", "platform": "1", "color": "#525252", "source": "PCIP Phase 1 Appendix A, sheet A-021, July 2019, PDF page 31"}, "geometry": {"type": "LineString", "coordinates": [[534.9, -181.5], [535.2, -181.5], [535.2, -181.3], [535.7, -181.3], [535.7, -181.1], [536.1, -181.1], [536.1, -180.9]]}},
{"type": "Feature", "properties": {"level": "platform", "type": "wall", "platform": "1", "color": "#525252", "source": "PCIP Phase 1 Appendix A, sheet A-021, July 2019, PDF page 31"}, "geometry": {"type": "LineString", "coordinates": [[536.1, -182.4], [536.1, -182.1], [535.9, -182.1], [535.7, -181.9], [535.2, -181.9], [535.2, -181.7], [534.9, -181.7], [534.9, -181.5]]}},
{"type": "Feature", "properties": {"level": "platform", "type": "wall", "platform": "2", "color": "#525252", "source": "PCIP Phase 1 Appendix A, sheet A-021, July 2019, PDF page 31"}, "geometry": {"type": "LineString", "coordinates": [[534.9, -136.7], [535.0, -136.7], [535.0, -136.5], [535.7, -136.5], [535.7, -136.2], [535.9, -136.2], [535.9, -136.1], [536.1, -136.1]]}},
{"type": "Feature", "properties": {"level": "platform", "type": "wall", "platform": "2", "color": "#525252", "source": "PCIP Phase 1 Appendix A, sheet A-021, July 2019, PDF page 31"}, "geometry": {"type": "LineString", "coordinates": [[535.5, -137.1], [535.5, -136.9], [534.9, -136.9], [534.9, -136.7]]}},
{"type": "Feature", "properties": {"level": "platform", "type": "wall", "platform": "3", "color": "#525252", "source": "PCIP Phase 1 Appendix A, sheet A-021, July 2019, PDF page 31"}, "geometry": {"type": "LineString", "coordinates": [[534.9, -93.7], [535.0, -93.7], [535.0, -93.6], [535.7, -93.6], [535.7, -93.3], [535.9, -93.3], [535.9, -93.1], [536.1, -93.1]]}},
{"type": "Feature", "properties": {"level": "platform", "type": "wall", "platform": "3", "color": "#525252", "source": "PCIP Phase 1 Appendix A, sheet A-021, July 2019, PDF page 31"}, "geometry": {"type": "LineString", "coordinates": [[535.5, -94.2], [535.5, -94.0], [534.9, -94.0], [534.9, -93.7]]}},
{"type": "Feature", "properties": {"level": "platform", "type": "wall", "platform": "4", "color": "#525252", "source": "PCIP Phase 1 Appendix A, sheet A-021, July 2019, PDF page 31"}, "geometry": {"type": "LineString", "coordinates": [[534.9, -49.8], [535.2, -49.8], [535.2, -49.6], [535.7, -49.6], [535.7, -49.3], [536.1, -49.3], [536.1, -49.2]]}},
{"type": "Feature", "properties": {"level": "platform", "type": "wall", "platform": "4", "color": "#525252", "source": "PCIP Phase 1 Appendix A, sheet A-021, July 2019, PDF page 31"}, "geometry": {"type": "LineString", "coordinates": [[536.1, -50.6], [535.9, -50.5], [535.7, -50.2], [535.2, -50.2], [535.2, -50.0], [534.9, -50.0], [534.9, -49.8]]}},
{"type": "Feature", "properties": {"level": "platform", "type": "wall", "platform": "7", "color": "#525252", "source": "PCIP Phase 1 Appendix A, sheet A-021, July 2019, PDF page 31"}, "geometry": {"type": "LineString", "coordinates": [[539.1, 90.6], [538.4, 91.7], [534.9, 96.9]]}},
{"type": "Feature", "properties": {"level": "platform", "type": "wall", "platform": "7", "color": "#525252", "source": "PCIP Phase 1 Appendix A, sheet A-021, July 2019, PDF page 31"}, "geometry": {"type": "LineString", "coordinates": [[535.9, 85.9], [535.9, 86.0], [535.2, 86.0], [535.2, 85.4]]}},
{"type": "Feature", "properties": {"level": "platform", "type": "wall", "platform": "7", "color": "#525252", "source": "PCIP Phase 1 Appendix A, sheet A-021, July 2019, PDF page 31"}, "geometry": {"type": "LineString", "coordinates": [[535.2, 85.4], [535.2, 84.8], [536.1, 84.8]]}},
{"type": "Feature", "properties": {"level": "platform", "type": "wall", "platform": "7", "color": "#525252", "source": "PCIP Phase 1 Appendix A, sheet A-021, July 2019, PDF page 31"}, "geometry": {"type": "LineString", "coordinates": [[536.6, 90.3], [535.2, 89.3]]}},
{"type": "Feature", "properties": {"level": "platform", "type": "wall", "platform": "7", "color": "#525252", "source": "PCIP Phase 1 Appendix A, sheet A-021, July 2019, PDF page 31"}, "geometry": {"type": "LineString", "coordinates": [[536.6, 90.3], [535.2, 90.3], [535.2, 89.3]]}},
{"type": "Feature", "properties": {"level": "platform", "type": "wall", "platform": "7", "color": "#525252", "source": "PCIP Phase 1 Appendix A, sheet A-021, July 2019, PDF page 31"}, "geometry": {"type": "LineString", "coordinates": [[535.2, 89.3], [535.2, 89.0], [535.9, 89.0], [535.9, 89.6], [537.6, 89.6]]}},
{"type": "Feature", "properties": {"level": "platform", "type": "wall", "platform": "7", "color": "#525252", "source": "PCIP Phase 1 Appendix A, sheet A-021, July 2019, PDF page 31"}, "geometry": {"type": "LineString", "coordinates": [[536.9, 86.5], [535.9, 85.9]]}},
{"type": "Feature", "properties": {"level": "platform", "type": "wall", "platform": "7", "color": "#525252", "source": "PCIP Phase 1 Appendix A, sheet A-021, July 2019, PDF page 31"}, "geometry": {"type": "LineString", "coordinates": [[536.7, 85.4], [535.9, 85.4], [535.9, 85.9]]}},
{"type": "Feature", "properties": {"level": "platform", "type": "wall", "platform": "9", "color": "#525252", "source": "PCIP Phase 1 Appendix A, sheet A-021, July 2019, PDF page 31"}, "geometry": {"type": "LineString", "coordinates": [[536.1, 183.3], [536.5, 184.5]]}},
{"type": "Feature", "properties": {"level": "platform", "type": "wall", "platform": "10", "color": "#525252", "source": "PCIP Phase 1 Appendix A, sheet A-021, July 2019, PDF page 31"}, "geometry": {"type": "LineString", "coordinates": [[537.2, 205.8], [547.7, 205.8], [549.3, 205.8], [549.3, 205.4], [536.5, 205.4], [536.2, 205.4]]}},
{"type": "Feature", "properties": {"level": "platform", "type": "wall", "platform": "10", "color": "#525252", "source": "PCIP Phase 1 Appendix A, sheet A-021, July 2019, PDF page 31"}, "geometry": {"type": "LineString", "coordinates": [[536.3, 206.2], [529.0, 206.0], [529.0, 211.6], [528.4, 211.6], [528.4, 205.4], [536.2, 205.4]]}},
{"type": "Feature", "properties": {"level": "platform", "type": "wall", "platform": "10", "color": "#525252", "source": "PCIP Phase 1 Appendix A, sheet A-021, July 2019, PDF page 31"}, "geometry": {"type": "LineString", "coordinates": [[536.3, 206.2], [537.0, 212.9], [536.5, 213.3], [537.2, 213.1]]}},
{"type": "Feature", "properties": {"level": "platform", "type": "wall", "platform": "11", "color": "#525252", "source": "PCIP Phase 1 Appendix A, sheet A-021, July 2019, PDF page 31"}, "geometry": {"type": "LineString", "coordinates": [[539.6, 275.4], [553.1, 275.4], [553.1, 274.8], [536.4, 274.8]]}},
{"type": "Feature", "properties": {"level": "platform", "type": "wall", "platform": "11", "color": "#525252", "source": "PCIP Phase 1 Appendix A, sheet A-021, July 2019, PDF page 31"}, "geometry": {"type": "LineString", "coordinates": [[536.4, 274.8], [537.0, 278.2], [536.5, 278.3], [537.6, 278.3]]}},
{"type": "Feature", "properties": {"level": "platform", "type": "wall", "platform": "7", "color": "#525252", "source": "PCIP Phase 1 Appendix A, sheet A-021, July 2019, PDF page 31"}, "geometry": {"type": "LineString", "coordinates": [[537.1, 93.4], [536.4, 94.3]]}},
{"type": "Feature", "properties": {"level": "platform", "type": "wall", "platform": "7", "color": "#525252", "source": "PCIP Phase 1 Appendix A, sheet A-021, July 2019, PDF page 31"}, "geometry": {"type": "LineString", "coordinates": [[537.6, 84.8], [536.4, 83.9]]}},
{"type": "Feature", "properties": {"level": "platform", "type": "wall", "platform": "7", "color": "#525252", "source": "PCIP Phase 1 Appendix A, sheet A-021, July 2019, PDF page 31"}, "geometry": {"type": "LineString", "coordinates": [[537.1, 93.4], [536.4, 94.3]]}},
{"type": "Feature", "properties": {"level": "platform", "type": "wall", "platform": "9", "color": "#525252", "source": "PCIP Phase 1 Appendix A, sheet A-021, July 2019, PDF page 31"}, "geometry": {"type": "LineString", "coordinates": [[536.5, 184.5], [537.2, 186.6]]}},
{"type": "Feature", "properties": {"level": "platform", "type": "wall", "platform": "9", "color": "#525252", "source": "PCIP Phase 1 Appendix A, sheet A-021, July 2019, PDF page 31"}, "geometry": {"type": "LineString", "coordinates": [[536.5, 184.5], [528.4, 184.5], [528.4, 185.3], [529.0, 185.3], [529.0, 185.1], [536.5, 185.1]]}},
{"type": "Feature", "properties": {"level": "platform", "type": "wall", "platform": "7", "color": "#525252", "source": "PCIP Phase 1 Appendix A, sheet A-021, July 2019, PDF page 31"}, "geometry": {"type": "LineString", "coordinates": [[538.0, 90.3], [536.6, 90.3]]}},
{"type": "Feature", "properties": {"level": "platform", "type": "wall", "platform": "7", "color": "#525252", "source": "PCIP Phase 1 Appendix A, sheet A-021, July 2019, PDF page 31"}, "geometry": {"type": "LineString", "coordinates": [[538.4, 91.5], [536.6, 90.3]]}},
{"type": "Feature", "properties": {"level": "platform", "type": "wall", "platform": "7", "color": "#525252", "source": "PCIP Phase 1 Appendix A, sheet A-021, July 2019, PDF page 31"}, "geometry": {"type": "LineString", "coordinates": [[537.6, 84.8], [536.6, 84.8]]}},
{"type": "Feature", "properties": {"level": "platform", "type": "wall", "platform": "7", "color": "#525252", "source": "PCIP Phase 1 Appendix A, sheet A-021, July 2019, PDF page 31"}, "geometry": {"type": "LineString", "coordinates": [[540.5, 87.6], [536.6, 85.1]]}},
{"type": "Feature", "properties": {"level": "platform", "type": "wall", "platform": "7", "color": "#525252", "source": "PCIP Phase 1 Appendix A, sheet A-021, July 2019, PDF page 31"}, "geometry": {"type": "LineString", "coordinates": [[536.7, 85.4], [536.9, 86.5]]}},
{"type": "Feature", "properties": {"level": "platform", "type": "wall", "platform": "11", "color": "#525252", "source": "PCIP Phase 1 Appendix A, sheet A-021, July 2019, PDF page 31"}, "geometry": {"type": "LineString", "coordinates": [[536.8, 275.4], [536.8, 277.1]]}},
{"type": "Feature", "properties": {"level": "platform", "type": "wall", "platform": "7", "color": "#525252", "source": "PCIP Phase 1 Appendix A, sheet A-021, July 2019, PDF page 31"}, "geometry": {"type": "LineString", "coordinates": [[539.9, 88.6], [536.9, 86.5]]}},
{"type": "Feature", "properties": {"level": "platform", "type": "wall", "platform": "7", "color": "#525252", "source": "PCIP Phase 1 Appendix A, sheet A-021, July 2019, PDF page 31"}, "geometry": {"type": "LineString", "coordinates": [[536.9, 86.5], [537.1, 87.7]]}},
{"type": "Feature", "properties": {"level": "platform", "type": "wall", "platform": "7", "color": "#525252", "source": "PCIP Phase 1 Appendix A, sheet A-021, July 2019, PDF page 31"}, "geometry": {"type": "LineString", "coordinates": [[537.8, 92.4], [537.1, 93.4]]}},
{"type": "Feature", "properties": {"level": "platform", "type": "wall", "platform": "7", "color": "#525252", "source": "PCIP Phase 1 Appendix A, sheet A-021, July 2019, PDF page 31"}, "geometry": {"type": "LineString", "coordinates": [[537.8, 92.4], [537.1, 93.4]]}},
{"type": "Feature", "properties": {"level": "platform", "type": "wall", "platform": "9", "color": "#525252", "source": "PCIP Phase 1 Appendix A, sheet A-021, July 2019, PDF page 31"}, "geometry": {"type": "LineString", "coordinates": [[537.2, 187.0], [537.6, 188.5]]}},
{"type": "Feature", "properties": {"level": "platform", "type": "wall", "platform": "10", "color": "#525252", "source": "PCIP Phase 1 Appendix A, sheet A-021, July 2019, PDF page 31"}, "geometry": {"type": "LineString", "coordinates": [[537.2, 205.8], [537.2, 213.1]]}},
{"type": "Feature", "properties": {"level": "platform", "type": "wall", "platform": "10", "color": "#525252", "source": "PCIP Phase 1 Appendix A, sheet A-021, July 2019, PDF page 31"}, "geometry": {"type": "LineString", "coordinates": [[537.2, 213.3], [537.8, 215.6]]}},
{"type": "Feature", "properties": {"level": "platform", "type": "wall", "platform": "7", "color": "#525252", "source": "PCIP Phase 1 Appendix A, sheet A-021, July 2019, PDF page 31"}, "geometry": {"type": "LineString", "coordinates": [[539.4, 89.6], [537.4, 88.2]]}},
{"type": "Feature", "properties": {"level": "platform", "type": "wall", "platform": "7", "color": "#525252", "source": "PCIP Phase 1 Appendix A, sheet A-021, July 2019, PDF page 31"}, "geometry": {"type": "LineString", "coordinates": [[537.4, 88.2], [537.8, 89.6]]}},
{"type": "Feature", "properties": {"level": "platform", "type": "wall", "platform": "11", "color": "#525252", "source": "PCIP Phase 1 Appendix A, sheet A-021, July 2019, PDF page 31"}, "geometry": {"type": "LineString", "coordinates": [[537.7, 281.1], [553.1, 281.1], [553.1, 280.5], [537.5, 280.3]]}},
{"type": "Feature", "properties": {"level": "platform", "type": "wall", "platform": "11", "color": "#525252", "source": "PCIP Phase 1 Appendix A, sheet A-021, July 2019, PDF page 31"}, "geometry": {"type": "LineString", "coordinates": [[537.6, 278.3], [537.1, 278.6], [537.5, 280.3]]}},
{"type": "Feature", "properties": {"level": "platform", "type": "wall", "platform": "10", "color": "#525252", "source": "PCIP Phase 1 Appendix A, sheet A-021, July 2019, PDF page 31"}, "geometry": {"type": "LineString", "coordinates": [[537.8, 215.6], [528.4, 215.4], [528.4, 214.5], [529.0, 214.5], [529.0, 214.8], [537.6, 214.8]]}},
{"type": "Feature", "properties": {"level": "platform", "type": "wall", "platform": "11", "color": "#525252", "source": "PCIP Phase 1 Appendix A, sheet A-021, July 2019, PDF page 31"}, "geometry": {"type": "LineString", "coordinates": [[537.6, 275.4], [537.6, 278.3]]}},
{"type": "Feature", "properties": {"level": "platform", "type": "wall", "platform": "11", "color": "#525252", "source": "PCIP Phase 1 Appendix A, sheet A-021, July 2019, PDF page 31"}, "geometry": {"type": "LineString", "coordinates": [[537.6, 278.3], [537.6, 280.3]]}},
{"type": "Feature", "properties": {"level": "platform", "type": "wall", "platform": "9", "color": "#525252", "source": "PCIP Phase 1 Appendix A, sheet A-021, July 2019, PDF page 31"}, "geometry": {"type": "LineString", "coordinates": [[537.7, 189.2], [528.4, 189.2], [528.4, 188.3], [529.0, 188.3], [529.0, 188.5], [537.6, 188.5]]}},
{"type": "Feature", "properties": {"level": "platform", "type": "wall", "platform": "7", "color": "#525252", "source": "PCIP Phase 1 Appendix A, sheet A-021, July 2019, PDF page 31"}, "geometry": {"type": "LineString", "coordinates": [[549.6, 84.8], [537.6, 84.8]]}},
{"type": "Feature", "properties": {"level": "platform", "type": "wall", "platform": "7", "color": "#525252", "source": "PCIP Phase 1 Appendix A, sheet A-021, July 2019, PDF page 31"}, "geometry": {"type": "LineString", "coordinates": [[540.8, 87.0], [537.6, 84.8]]}},
{"type": "Feature", "properties": {"level": "platform", "type": "wall", "platform": "9", "color": "#525252", "source": "PCIP Phase 1 Appendix A, sheet A-021, July 2019, PDF page 31"}, "geometry": {"type": "LineString", "coordinates": [[537.7, 189.2], [538.0, 190.2]]}},
{"type": "Feature", "properties": {"level": "platform", "type": "wall", "platform": "10", "color": "#525252", "source": "PCIP Phase 1 Appendix A, sheet A-021, July 2019, PDF page 31"}, "geometry": {"type": "LineString", "coordinates": [[547.7, 215.2], [549.3, 215.2], [549.3, 215.6], [537.8, 215.6], [537.8, 215.6]]}},
{"type": "Feature", "properties": {"level": "platform", "type": "wall", "platform": "7", "color": "#525252", "source": "PCIP Phase 1 Appendix A, sheet A-021, July 2019, PDF page 31"}, "geometry": {"type": "LineString", "coordinates": [[538.9, 90.5], [537.9, 89.8]]}},
{"type": "Feature", "properties": {"level": "platform", "type": "wall", "platform": "7", "color": "#525252", "source": "PCIP Phase 1 Appendix A, sheet A-021, July 2019, PDF page 31"}, "geometry": {"type": "LineString", "coordinates": [[537.9, 89.8], [538.3, 91.1]]}},
{"type": "Feature", "properties": {"level": "platform", "type": "wall", "platform": "11", "color": "#525252", "source": "PCIP Phase 1 Appendix A, sheet A-021, July 2019, PDF page 31"}, "geometry": {"type": "LineString", "coordinates": [[538.4, 275.4], [539.6, 275.4]]}},
{"type": "Feature", "properties": {"level": "platform", "type": "wall", "platform": "11", "color": "#525252", "source": "PCIP Phase 1 Appendix A, sheet A-021, July 2019, PDF page 31"}, "geometry": {"type": "LineString", "coordinates": [[538.4, 275.4], [538.4, 280.3]]}},
{"type": "Feature", "properties": {"level": "platform", "type": "wall", "platform": "5", "color": "#525252", "source": "PCIP Phase 1 Appendix A, sheet A-021, July 2019, PDF page 31"}, "geometry": {"type": "LineString", "coordinates": [[538.7, -4.7], [539.7, -2.8]]}},
{"type": "Feature", "properties": {"level": "platform", "type": "wall", "platform": "7", "color": "#525252", "source": "PCIP Phase 1 Appendix A, sheet A-021, July 2019, PDF page 31"}, "geometry": {"type": "LineString", "coordinates": [[539.4, 89.6], [538.9, 90.5]]}},
{"type": "Feature", "properties": {"level": "platform", "type": "wall", "platform": "7", "color": "#525252", "source": "PCIP Phase 1 Appendix A, sheet A-021, July 2019, PDF page 31"}, "geometry": {"type": "LineString", "coordinates": [[539.5, 89.6], [538.9, 90.6]]}},
{"type": "Feature", "properties": {"level": "platform", "type": "wall", "platform": "5", "color": "#525252", "source": "PCIP Phase 1 Appendix A, sheet A-021, July 2019, PDF page 31"}, "geometry": {"type": "LineString", "coordinates": [[539.0, -3.8], [539.6, -2.7]]}},
{"type": "Feature", "properties": {"level": "platform", "type": "wall", "platform": "5", "color": "#525252", "source": "PCIP Phase 1 Appendix A, sheet A-021, July 2019, PDF page 31"}, "geometry": {"type": "LineString", "coordinates": [[539.0, -3.8], [539.6, -2.7]]}},
{"type": "Feature", "properties": {"level": "platform", "type": "wall", "platform": "7", "color": "#525252", "source": "PCIP Phase 1 Appendix A, sheet A-021, July 2019, PDF page 31"}, "geometry": {"type": "LineString", "coordinates": [[540.1, 88.8], [539.1, 90.6]]}},
{"type": "Feature", "properties": {"level": "platform", "type": "wall", "platform": "7", "color": "#525252", "source": "PCIP Phase 1 Appendix A, sheet A-021, July 2019, PDF page 31"}, "geometry": {"type": "LineString", "coordinates": [[539.9, 88.6], [539.4, 89.6]]}},
{"type": "Feature", "properties": {"level": "platform", "type": "wall", "platform": "7", "color": "#525252", "source": "PCIP Phase 1 Appendix A, sheet A-021, July 2019, PDF page 31"}, "geometry": {"type": "LineString", "coordinates": [[540.0, 88.7], [539.5, 89.6]]}},
{"type": "Feature", "properties": {"level": "platform", "type": "wall", "platform": "11", "color": "#525252", "source": "PCIP Phase 1 Appendix A, sheet A-021, July 2019, PDF page 31"}, "geometry": {"type": "LineString", "coordinates": [[539.6, 275.4], [539.6, 280.3]]}},
{"type": "Feature", "properties": {"level": "platform", "type": "wall", "platform": "5", "color": "#525252", "source": "PCIP Phase 1 Appendix A, sheet A-021, July 2019, PDF page 31"}, "geometry": {"type": "LineString", "coordinates": [[539.7, -2.8], [540.8, -0.9]]}},
{"type": "Feature", "properties": {"level": "platform", "type": "wall", "platform": "7", "color": "#525252", "source": "PCIP Phase 1 Appendix A, sheet A-021, July 2019, PDF page 31"}, "geometry": {"type": "LineString", "coordinates": [[540.5, 87.6], [539.9, 88.6]]}},
{"type": "Feature", "properties": {"level": "platform", "type": "wall", "platform": "7", "color": "#525252", "source": "PCIP Phase 1 Appendix A, sheet A-021, July 2019, PDF page 31"}, "geometry": {"type": "LineString", "coordinates": [[540.6, 87.7], [540.0, 88.7]]}},
{"type": "Feature", "properties": {"level": "platform", "type": "wall", "platform": "5", "color": "#525252", "source": "PCIP Phase 1 Appendix A, sheet A-021, July 2019, PDF page 31"}, "geometry": {"type": "LineString", "coordinates": [[540.1, -1.9], [540.7, -0.8]]}},
{"type": "Feature", "properties": {"level": "platform", "type": "wall", "platform": "5", "color": "#525252", "source": "PCIP Phase 1 Appendix A, sheet A-021, July 2019, PDF page 31"}, "geometry": {"type": "LineString", "coordinates": [[540.1, -1.9], [540.7, -0.9]]}},
{"type": "Feature", "properties": {"level": "platform", "type": "wall", "platform": "7", "color": "#525252", "source": "PCIP Phase 1 Appendix A, sheet A-021, July 2019, PDF page 31"}, "geometry": {"type": "LineString", "coordinates": [[541.5, 86.4], [540.1, 88.8]]}},
{"type": "Feature", "properties": {"level": "platform", "type": "wall", "platform": "8", "color": "#525252", "source": "PCIP Phase 1 Appendix A, sheet A-021, July 2019, PDF page 31"}, "geometry": {"type": "LineString", "coordinates": [[541.2, 127.0], [541.8, 129.2]]}},
{"type": "Feature", "properties": {"level": "platform", "type": "wall", "platform": "1", "color": "#525252", "source": "PCIP Phase 1 Appendix A, sheet A-021, July 2019, PDF page 31"}, "geometry": {"type": "LineString", "coordinates": [[552.6, -184.7], [541.7, -184.7]]}},
{"type": "Feature", "properties": {"level": "platform", "type": "wall", "platform": "2", "color": "#525252", "source": "PCIP Phase 1 Appendix A, sheet A-021, July 2019, PDF page 31"}, "geometry": {"type": "LineString", "coordinates": [[552.6, -139.9], [541.7, -139.9]]}},
{"type": "Feature", "properties": {"level": "platform", "type": "wall", "platform": "2", "color": "#525252", "source": "PCIP Phase 1 Appendix A, sheet A-021, July 2019, PDF page 31"}, "geometry": {"type": "LineString", "coordinates": [[541.7, -139.9], [541.7, -139.5], [551.2, -139.5]]}},
{"type": "Feature", "properties": {"level": "platform", "type": "wall", "platform": "2", "color": "#525252", "source": "PCIP Phase 1 Appendix A, sheet A-021, July 2019, PDF page 31"}, "geometry": {"type": "LineString", "coordinates": [[541.7, -134.3], [551.2, -134.3]]}},
{"type": "Feature", "properties": {"level": "platform", "type": "wall", "platform": "3", "color": "#525252", "source": "PCIP Phase 1 Appendix A, sheet A-021, July 2019, PDF page 31"}, "geometry": {"type": "LineString", "coordinates": [[552.6, -97.0], [541.7, -97.0]]}},
{"type": "Feature", "properties": {"level": "platform", "type": "wall", "platform": "4", "color": "#525252", "source": "PCIP Phase 1 Appendix A, sheet A-021, July 2019, PDF page 31"}, "geometry": {"type": "LineString", "coordinates": [[552.6, -53.0], [541.7, -53.0]]}},
{"type": "Feature", "properties": {"level": "platform", "type": "wall", "platform": "8", "color": "#525252", "source": "PCIP Phase 1 Appendix A, sheet A-021, July 2019, PDF page 31"}, "geometry": {"type": "LineString", "coordinates": [[541.8, 129.2], [541.7, 129.2], [533.6, 129.2], [533.6, 130.0], [534.2, 130.0], [534.2, 129.8], [541.7, 129.8]]}},
{"type": "Feature", "properties": {"level": "platform", "type": "wall", "platform": "8", "color": "#525252", "source": "PCIP Phase 1 Appendix A, sheet A-021, July 2019, PDF page 31"}, "geometry": {"type": "LineString", "coordinates": [[553.0, 129.5], [554.4, 129.5], [554.4, 129.2], [541.8, 129.2]]}},
{"type": "Feature", "properties": {"level": "platform", "type": "wall", "platform": "8", "color": "#525252", "source": "PCIP Phase 1 Appendix A, sheet A-021, July 2019, PDF page 31"}, "geometry": {"type": "LineString", "coordinates": [[541.8, 129.2], [542.3, 131.1]]}},
{"type": "Feature", "properties": {"level": "platform", "type": "wall", "platform": "8", "color": "#525252", "source": "PCIP Phase 1 Appendix A, sheet A-021, July 2019, PDF page 31"}, "geometry": {"type": "LineString", "coordinates": [[542.3, 131.5], [542.7, 133.4]]}},
{"type": "Feature", "properties": {"level": "platform", "type": "wall", "platform": "8", "color": "#525252", "source": "PCIP Phase 1 Appendix A, sheet A-021, July 2019, PDF page 31"}, "geometry": {"type": "LineString", "coordinates": [[542.9, 134.1], [533.6, 134.1], [533.6, 133.0], [534.2, 133.0], [534.2, 133.4], [542.7, 133.4]]}},
{"type": "Feature", "properties": {"level": "platform", "type": "wall", "platform": "8", "color": "#525252", "source": "PCIP Phase 1 Appendix A, sheet A-021, July 2019, PDF page 31"}, "geometry": {"type": "LineString", "coordinates": [[553.0, 133.9], [554.4, 133.9], [554.4, 134.2], [543.0, 134.1], [542.9, 134.1]]}},
{"type": "Feature", "properties": {"level": "platform", "type": "wall", "platform": "8", "color": "#525252", "source": "PCIP Phase 1 Appendix A, sheet A-021, July 2019, PDF page 31"}, "geometry": {"type": "LineString", "coordinates": [[542.9, 134.1], [543.1, 135.1]]}},
{"type": "Feature", "properties": {"level": "platform", "type": "wall", "platform": "2", "color": "#525252", "source": "PCIP Phase 1 Appendix A, sheet A-021, July 2019, PDF page 31"}, "geometry": {"type": "LineString", "coordinates": [[551.2, -139.5], [552.7, -139.5]]}},
{"type": "Feature", "properties": {"level": "platform", "type": "wall", "platform": "2", "color": "#525252", "source": "PCIP Phase 1 Appendix A, sheet A-021, July 2019, PDF page 31"}, "geometry": {"type": "LineString", "coordinates": [[551.2, -139.5], [551.2, -134.3]]}},
{"type": "Feature", "properties": {"level": "platform", "type": "wall", "platform": "2", "color": "#525252", "source": "PCIP Phase 1 Appendix A, sheet A-021, July 2019, PDF page 31"}, "geometry": {"type": "LineString", "coordinates": [[551.2, -134.3], [553.8, -134.3]]}},
{"type": "Feature", "properties": {"level": "platform", "type": "wall", "platform": "1", "color": "#525252", "source": "PCIP Phase 1 Appendix A, sheet A-021, July 2019, PDF page 31"}, "geometry": {"type": "LineString", "coordinates": [[552.6, -184.7], [553.4, -181.7], [554.4, -181.3], [552.4, -181.1]]}},
{"type": "Feature", "properties": {"level": "platform", "type": "wall", "platform": "3", "color": "#525252", "source": "PCIP Phase 1 Appendix A, sheet A-021, July 2019, PDF page 31"}, "geometry": {"type": "LineString", "coordinates": [[552.6, -97.0], [553.1, -94.0], [554.4, -93.6], [552.4, -93.3]]}},
{"type": "Feature", "properties": {"level": "platform", "type": "wall", "platform": "4", "color": "#525252", "source": "PCIP Phase 1 Appendix A, sheet A-021, July 2019, PDF page 31"}, "geometry": {"type": "LineString", "coordinates": [[552.6, -53.0], [553.4, -50.0], [554.4, -49.6], [552.4, -49.3]]}},
{"type": "Feature", "properties": {"level": "platform", "type": "wall", "platform": "3", "color": "#525252", "source": "PCIP Phase 1 Appendix A, sheet A-021, July 2019, PDF page 31"}, "geometry": {"type": "LineString", "coordinates": [[553.9, -91.0], [554.7, -91.0], [554.7, -97.0], [552.6, -97.0]]}},
{"type": "Feature", "properties": {"level": "platform", "type": "wall", "platform": "1", "color": "#525252", "source": "PCIP Phase 1 Appendix A, sheet A-021, July 2019, PDF page 31"}, "geometry": {"type": "LineString", "coordinates": [[553.9, -178.7], [554.7, -178.7], [554.7, -184.7], [552.6, -184.7]]}},
{"type": "Feature", "properties": {"level": "platform", "type": "wall", "platform": "2", "color": "#525252", "source": "PCIP Phase 1 Appendix A, sheet A-021, July 2019, PDF page 31"}, "geometry": {"type": "LineString", "coordinates": [[553.9, -133.9], [554.7, -133.9], [554.7, -139.9], [552.6, -139.9]]}},
{"type": "Feature", "properties": {"level": "platform", "type": "wall", "platform": "4", "color": "#525252", "source": "PCIP Phase 1 Appendix A, sheet A-021, July 2019, PDF page 31"}, "geometry": {"type": "LineString", "coordinates": [[553.9, -47.0], [554.7, -47.0], [554.7, -53.0], [552.6, -53.0]]}},
{"type": "Feature", "properties": {"level": "platform", "type": "wall", "platform": "2", "color": "#525252", "source": "PCIP Phase 1 Appendix A, sheet A-021, July 2019, PDF page 31"}, "geometry": {"type": "LineString", "coordinates": [[552.7, -139.5], [553.4, -136.9], [554.4, -136.5], [552.4, -136.2], [553.6, -135.8], [553.9, -133.9]]}},
{"type": "Feature", "properties": {"level": "platform", "type": "wall", "platform": "3", "color": "#525252", "source": "PCIP Phase 1 Appendix A, sheet A-021, July 2019, PDF page 31"}, "geometry": {"type": "LineString", "coordinates": [[553.4, -92.9], [553.9, -91.0]]}},
{"type": "Feature", "properties": {"level": "platform", "type": "wall", "platform": "1", "color": "#525252", "source": "PCIP Phase 1 Appendix A, sheet A-021, July 2019, PDF page 31"}, "geometry": {"type": "LineString", "coordinates": [[553.6, -180.6], [553.9, -178.7]]}},
{"type": "Feature", "properties": {"level": "platform", "type": "wall", "platform": "4", "color": "#525252", "source": "PCIP Phase 1 Appendix A, sheet A-021, July 2019, PDF page 31"}, "geometry": {"type": "LineString", "coordinates": [[553.6, -48.9], [553.9, -47.0]]}},
{"type": "Feature", "properties": {"level": "platform", "type": "wall", "platform": "5", "color": "#525252", "source": "PCIP Phase 1 Appendix A, sheet A-021, July 2019, PDF page 31"}, "geometry": {"type": "LineString", "coordinates": [[573.7, 1.7], [565.6, 1.7], [565.6, 3.4], [566.2, 3.4]]}},
{"type": "Feature", "properties": {"level": "platform", "type": "wall", "platform": "5", "color": "#525252", "source": "PCIP Phase 1 Appendix A, sheet A-021, July 2019, PDF page 31"}, "geometry": {"type": "LineString", "coordinates": [[566.2, 6.4], [565.6, 6.4], [565.6, 8.8], [573.7, 8.9]]}},
{"type": "Feature", "properties": {"level": "platform", "type": "wall", "platform": "5", "color": "#525252", "source": "PCIP Phase 1 Appendix A, sheet A-021, July 2019, PDF page 31"}, "geometry": {"type": "LineString", "coordinates": [[573.7, 1.7], [581.3, 1.7], [581.3, 4.0]]}},
{"type": "Feature", "properties": {"level": "platform", "type": "wall", "platform": "5", "color": "#525252", "source": "PCIP Phase 1 Appendix A, sheet A-021, July 2019, PDF page 31"}, "geometry": {"type": "LineString", "coordinates": [[573.7, 2.3], [580.7, 2.3], [580.7, 4.2], [581.3, 4.2]]}},
{"type": "Feature", "properties": {"level": "platform", "type": "wall", "platform": "5", "color": "#525252", "source": "PCIP Phase 1 Appendix A, sheet A-021, July 2019, PDF page 31"}, "geometry": {"type": "LineString", "coordinates": [[573.7, 8.1], [573.7, 2.3]]}},
{"type": "Feature", "properties": {"level": "platform", "type": "wall", "platform": "5", "color": "#525252", "source": "PCIP Phase 1 Appendix A, sheet A-021, July 2019, PDF page 31"}, "geometry": {"type": "LineString", "coordinates": [[573.7, 8.1], [580.7, 8.3], [580.7, 7.3], [581.3, 7.3]]}},
{"type": "Feature", "properties": {"level": "platform", "type": "wall", "platform": "5", "color": "#525252", "source": "PCIP Phase 1 Appendix A, sheet A-021, July 2019, PDF page 31"}, "geometry": {"type": "LineString", "coordinates": [[573.7, 8.9], [581.3, 8.9], [581.3, 7.3]]}},
{"type": "Feature", "properties": {"level": "platform", "type": "wall", "platform": "7", "color": "#525252", "source": "PCIP Phase 1 Appendix A, sheet A-021, July 2019, PDF page 31"}, "geometry": {"type": "LineString", "coordinates": [[595.4, 90.3], [595.9, 90.3], [596.0, 90.3], [596.0, 83.0], [576.6, 83.0]]}},
{"type": "Feature", "properties": {"level": "platform", "type": "wall", "platform": "7", "color": "#525252", "source": "PCIP Phase 1 Appendix A, sheet A-021, July 2019, PDF page 31"}, "geometry": {"type": "LineString", "coordinates": [[584.1, 89.0], [578.5, 89.0], [578.5, 85.6], [577.9, 85.4]]}},
{"type": "Feature", "properties": {"level": "platform", "type": "wall", "platform": "5", "color": "#525252", "source": "PCIP Phase 1 Appendix A, sheet A-021, July 2019, PDF page 31"}, "geometry": {"type": "LineString", "coordinates": [[581.3, 4.0], [583.5, 6.4]]}},
{"type": "Feature", "properties": {"level": "platform", "type": "wall", "platform": "5", "color": "#525252", "source": "PCIP Phase 1 Appendix A, sheet A-021, July 2019, PDF page 31"}, "geometry": {"type": "LineString", "coordinates": [[583.5, 6.4], [581.3, 4.2]]}},
{"type": "Feature", "properties": {"level": "platform", "type": "wall", "platform": "5", "color": "#525252", "source": "PCIP Phase 1 Appendix A, sheet A-021, July 2019, PDF page 31"}, "geometry": {"type": "LineString", "coordinates": [[583.5, 6.4], [583.2, 6.6], [583.1, 6.6], [583.1, 6.8], [582.8, 6.8], [582.6, 7.0], [581.9, 7.0], [581.9, 7.3], [581.3, 7.3]]}},
{"type": "Feature", "properties": {"level": "platform", "type": "wall", "platform": "5", "color": "#525252", "source": "PCIP Phase 1 Appendix A, sheet A-021, July 2019, PDF page 31"}, "geometry": {"type": "LineString", "coordinates": [[584.5, -4.7], [584.1, -7.3]]}},
{"type": "Feature", "properties": {"level": "platform", "type": "wall", "platform": "7", "color": "#525252", "source": "PCIP Phase 1 Appendix A, sheet A-021, July 2019, PDF page 31"}, "geometry": {"type": "LineString", "coordinates": [[584.1, 88.6], [579.2, 88.3], [579.2, 83.6], [585.8, 83.6], [585.8, 88.3]]}},
{"type": "Feature", "properties": {"level": "platform", "type": "wall", "platform": "5", "color": "#525252", "source": "PCIP Phase 1 Appendix A, sheet A-021, July 2019, PDF page 31"}, "geometry": {"type": "LineString", "coordinates": [[584.7, -3.9], [583.7, -4.0], [585.8, -4.5]]}},
{"type": "Feature", "properties": {"level": "platform", "type": "wall", "platform": "7", "color": "#525252", "source": "PCIP Phase 1 Appendix A, sheet A-021, July 2019, PDF page 31"}, "geometry": {"type": "LineString", "coordinates": [[586.0, 89.6], [591.8, 89.8], [591.8, 90.3], [592.5, 90.3]]}},
{"type": "Feature", "properties": {"level": "platform", "type": "wall", "platform": "6", "color": "#525252", "source": "PCIP Phase 1 Appendix A, sheet A-021, July 2019, PDF page 31"}, "geometry": {"type": "LineString", "coordinates": [[600.7, 44.6], [591.3, 44.6], [591.3, 46.7], [592.0, 46.7]]}},
{"type": "Feature", "properties": {"level": "platform", "type": "wall", "platform": "6", "color": "#525252", "source": "PCIP Phase 1 Appendix A, sheet A-021, July 2019, PDF page 31"}, "geometry": {"type": "LineString", "coordinates": [[592.0, 49.7], [591.3, 49.7], [591.3, 51.7], [600.7, 51.7]]}},
{"type": "Feature", "properties": {"level": "platform", "type": "wall", "platform": "7", "color": "#525252", "source": "PCIP Phase 1 Appendix A, sheet A-021, July 2019, PDF page 31"}, "geometry": {"type": "LineString", "coordinates": [[595.4, 90.3], [595.4, 90.7], [595.2, 91.0], [595.2, 91.4], [595.0, 91.6], [595.0, 92.0], [594.8, 92.2], [594.5, 92.4], [594.1, 92.6], [593.9, 92.9], [593.7, 93.0], [593.2, 93.3], [592.5, 93.3], [592.5, 90.3]]}},
{"type": "Feature", "properties": {"level": "platform", "type": "wall", "platform": "7", "color": "#525252", "source": "PCIP Phase 1 Appendix A, sheet A-021, July 2019, PDF page 31"}, "geometry": {"type": "LineString", "coordinates": [[592.5, 90.3], [592.5, 89.2], [586.5, 89.2], [586.5, 83.6], [595.4, 83.6], [595.4, 90.3]]}},
{"type": "Feature", "properties": {"level": "platform", "type": "wall", "platform": "6", "color": "#525252", "source": "PCIP Phase 1 Appendix A, sheet A-021, July 2019, PDF page 31"}, "geometry": {"type": "LineString", "coordinates": [[600.7, 44.6], [605.4, 44.6]]}},
{"type": "Feature", "properties": {"level": "platform", "type": "wall", "platform": "6", "color": "#525252", "source": "PCIP Phase 1 Appendix A, sheet A-021, July 2019, PDF page 31"}, "geometry": {"type": "LineString", "coordinates": [[607.3, 51.7], [607.3, 51.0], [607.8, 51.0], [607.8, 49.3], [607.8, 45.2], [600.7, 45.2]]}},
{"type": "Feature", "properties": {"level": "platform", "type": "wall", "platform": "6", "color": "#525252", "source": "PCIP Phase 1 Appendix A, sheet A-021, July 2019, PDF page 31"}, "geometry": {"type": "LineString", "coordinates": [[600.7, 51.0], [600.7, 45.2]]}},
{"type": "Feature", "properties": {"level": "platform", "type": "wall", "platform": "6", "color": "#525252", "source": "PCIP Phase 1 Appendix A, sheet A-021, July 2019, PDF page 31"}, "geometry": {"type": "LineString", "coordinates": [[600.7, 51.0], [604.4, 51.0], [604.4, 51.7]]}},
{"type": "Feature", "properties": {"level": "platform", "type": "wall", "platform": "6", "color": "#525252", "source": "PCIP Phase 1 Appendix A, sheet A-021, July 2019, PDF page 31"}, "geometry": {"type": "LineString", "coordinates": [[604.4, 51.7], [600.7, 51.7]]}},
{"type": "Feature", "properties": {"level": "platform", "type": "wall", "platform": "6", "color": "#525252", "source": "PCIP Phase 1 Appendix A, sheet A-021, July 2019, PDF page 31"}, "geometry": {"type": "LineString", "coordinates": [[606.5, 53.8], [604.4, 51.7]]}},
{"type": "Feature", "properties": {"level": "platform", "type": "wall", "platform": "6", "color": "#525252", "source": "PCIP Phase 1 Appendix A, sheet A-021, July 2019, PDF page 31"}, "geometry": {"type": "LineString", "coordinates": [[605.4, 44.6], [605.4, 39.5]]}},
{"type": "Feature", "properties": {"level": "platform", "type": "wall", "platform": "6", "color": "#525252", "source": "PCIP Phase 1 Appendix A, sheet A-021, July 2019, PDF page 31"}, "geometry": {"type": "LineString", "coordinates": [[608.4, 38.8], [591.3, 38.8], [591.3, 39.5], [605.4, 39.5]]}},
{"type": "Feature", "properties": {"level": "platform", "type": "wall", "platform": "6", "color": "#525252", "source": "PCIP Phase 1 Appendix A, sheet A-021, July 2019, PDF page 31"}, "geometry": {"type": "LineString", "coordinates": [[606.3, 39.5], [607.3, 39.5]]}},
{"type": "Feature", "properties": {"level": "platform", "type": "wall", "platform": "6", "color": "#525252", "source": "PCIP Phase 1 Appendix A, sheet A-021, July 2019, PDF page 31"}, "geometry": {"type": "LineString", "coordinates": [[606.3, 44.6], [606.3, 39.5]]}},
{"type": "Feature", "properties": {"level": "platform", "type": "wall", "platform": "6", "color": "#525252", "source": "PCIP Phase 1 Appendix A, sheet A-021, July 2019, PDF page 31"}, "geometry": {"type": "LineString", "coordinates": [[606.3, 44.6], [607.3, 44.6]]}},
{"type": "Feature", "properties": {"level": "platform", "type": "wall", "platform": "1", "color": "#525252", "source": "PCIP Phase 1 Appendix A, sheet A-021, July 2019, PDF page 31"}, "geometry": {"type": "LineString", "coordinates": [[608.6, -183.9], [606.5, -186.0]]}},
{"type": "Feature", "properties": {"level": "platform", "type": "wall", "platform": "1", "color": "#525252", "source": "PCIP Phase 1 Appendix A, sheet A-021, July 2019, PDF page 31"}, "geometry": {"type": "LineString", "coordinates": [[606.5, -186.0], [606.3, -186.0], [608.6, -183.9]]}},
{"type": "Feature", "properties": {"level": "platform", "type": "wall", "platform": "1", "color": "#525252", "source": "PCIP Phase 1 Appendix A, sheet A-021, July 2019, PDF page 31"}, "geometry": {"type": "LineString", "coordinates": [[606.5, -186.0], [606.5, -186.2], [606.7, -186.2], [606.7, -186.4], [607.2, -186.4], [607.2, -186.6], [607.6, -186.6], [607.6, -186.8], [608.6, -186.8]]}},
{"type": "Feature", "properties": {"level": "platform", "type": "wall", "platform": "6", "color": "#525252", "source": "PCIP Phase 1 Appendix A, sheet A-021, July 2019, PDF page 31"}, "geometry": {"type": "LineString", "coordinates": [[606.9, 53.6], [606.9, 53.2], [607.2, 53.2], [607.2, 52.7], [607.3, 52.5], [607.3, 51.7]]}},
{"type": "Feature", "properties": {"level": "platform", "type": "wall", "platform": "6", "color": "#525252", "source": "PCIP Phase 1 Appendix A, sheet A-021, July 2019, PDF page 31"}, "geometry": {"type": "LineString", "coordinates": [[607.3, 39.5], [608.4, 39.5]]}},
{"type": "Feature", "properties": {"level": "platform", "type": "wall", "platform": "6", "color": "#525252", "source": "PCIP Phase 1 Appendix A, sheet A-021, July 2019, PDF page 31"}, "geometry": {"type": "LineString", "coordinates": [[607.3, 44.6], [607.3, 39.5]]}},
{"type": "Feature", "properties": {"level": "platform", "type": "wall", "platform": "6", "color": "#525252", "source": "PCIP Phase 1 Appendix A, sheet A-021, July 2019, PDF page 31"}, "geometry": {"type": "LineString", "coordinates": [[607.3, 44.6], [608.4, 44.6]]}},
{"type": "Feature", "properties": {"level": "platform", "type": "wall", "platform": "6", "color": "#525252", "source": "PCIP Phase 1 Appendix A, sheet A-021, July 2019, PDF page 31"}, "geometry": {"type": "LineString", "coordinates": [[608.4, 51.7], [607.3, 51.7]]}},
{"type": "Feature", "properties": {"level": "platform", "type": "wall", "platform": "6", "color": "#525252", "source": "PCIP Phase 1 Appendix A, sheet A-021, July 2019, PDF page 31"}, "geometry": {"type": "LineString", "coordinates": [[608.4, 39.1], [610.1, 39.5], [611.9, 40.4], [613.1, 41.8], [613.9, 43.5], [614.2, 45.4]]}},
{"type": "Feature", "properties": {"level": "platform", "type": "wall", "platform": "6", "color": "#525252", "source": "PCIP Phase 1 Appendix A, sheet A-021, July 2019, PDF page 31"}, "geometry": {"type": "LineString", "coordinates": [[608.4, 44.6], [608.4, 39.5]]}},
{"type": "Feature", "properties": {"level": "platform", "type": "wall", "platform": "6", "color": "#525252", "source": "PCIP Phase 1 Appendix A, sheet A-021, July 2019, PDF page 31"}, "geometry": {"type": "LineString", "coordinates": [[608.4, 44.6], [608.4, 49.3], [608.4, 51.0]]}},
{"type": "Feature", "properties": {"level": "platform", "type": "wall", "platform": "6", "color": "#525252", "source": "PCIP Phase 1 Appendix A, sheet A-021, July 2019, PDF page 31"}, "geometry": {"type": "LineString", "coordinates": [[608.4, 51.0], [625.5, 51.0]]}},
{"type": "Feature", "properties": {"level": "platform", "type": "wall", "platform": "6", "color": "#525252", "source": "PCIP Phase 1 Appendix A, sheet A-021, July 2019, PDF page 31"}, "geometry": {"type": "LineString", "coordinates": [[626.1, 45.2], [626.1, 51.7], [608.4, 51.7]]}},
{"type": "Feature", "properties": {"level": "platform", "type": "wall", "platform": "1", "color": "#525252", "source": "PCIP Phase 1 Appendix A, sheet A-021, July 2019, PDF page 31"}, "geometry": {"type": "LineString", "coordinates": [[617.0, -186.2], [617.0, -188.0], [609.2, -188.0], [609.2, -186.8], [608.6, -186.8]]}},
{"type": "Feature", "properties": {"level": "platform", "type": "wall", "platform": "1", "color": "#525252", "source": "PCIP Phase 1 Appendix A, sheet A-021, July 2019, PDF page 31"}, "geometry": {"type": "LineString", "coordinates": [[608.6, -186.8], [608.6, -188.6], [617.6, -188.6], [617.6, -181.5], [608.6, -181.5], [608.6, -183.9]]}},
{"type": "Feature", "properties": {"level": "platform", "type": "wall", "platform": "1", "color": "#525252", "source": "PCIP Phase 1 Appendix A, sheet A-021, July 2019, PDF page 31"}, "geometry": {"type": "LineString", "coordinates": [[617.0, -184.0], [617.0, -182.1], [609.2, -182.1], [609.2, -183.9], [608.6, -183.9]]}},
{"type": "Feature", "properties": {"level": "platform", "type": "wall", "platform": "6", "color": "#525252", "source": "PCIP Phase 1 Appendix A, sheet A-021, July 2019, PDF page 31"}, "geometry": {"type": "LineString", "coordinates": [[608.6, 39.7], [610.6, 40.4], [612.3, 41.6], [613.1, 43.3], [613.5, 45.2]]}},
{"type": "Feature", "properties": {"level": "platform", "type": "wall", "platform": "5", "color": "#525252", "source": "PCIP Phase 1 Appendix A, sheet A-021, July 2019, PDF page 31"}, "geometry": {"type": "LineString", "coordinates": [[613.1, -1.4], [613.3, -1.4], [613.3, -1.5], [613.5, -1.5], [613.5, -1.7], [613.9, -1.7], [613.9, -2.0], [614.2, -2.0], [614.2, -2.1], [615.3, -2.1]]}},
{"type": "Feature", "properties": {"level": "platform", "type": "wall", "platform": "5", "color": "#525252", "source": "PCIP Phase 1 Appendix A, sheet A-021, July 2019, PDF page 31"}, "geometry": {"type": "LineString", "coordinates": [[613.1, -1.4], [615.4, 0.8]]}},
{"type": "Feature", "properties": {"level": "platform", "type": "wall", "platform": "5", "color": "#525252", "source": "PCIP Phase 1 Appendix A, sheet A-021, July 2019, PDF page 31"}, "geometry": {"type": "LineString", "coordinates": [[615.4, 0.8], [615.3, 0.8], [613.1, -1.4]]}},
{"type": "Feature", "properties": {"level": "platform", "type": "wall", "platform": "2", "color": "#525252", "source": "PCIP Phase 1 Appendix A, sheet A-021, July 2019, PDF page 31"}, "geometry": {"type": "LineString", "coordinates": [[614.8, -139.0], [617.0, -136.9]]}},
{"type": "Feature", "properties": {"level": "platform", "type": "wall", "platform": "2", "color": "#525252", "source": "PCIP Phase 1 Appendix A, sheet A-021, July 2019, PDF page 31"}, "geometry": {"type": "LineString", "coordinates": [[617.0, -136.7], [614.8, -139.0]]}},
{"type": "Feature", "properties": {"level": "platform", "type": "wall", "platform": "2", "color": "#525252", "source": "PCIP Phase 1 Appendix A, sheet A-021, July 2019, PDF page 31"}, "geometry": {"type": "LineString", "coordinates": [[614.8, -139.0], [615.0, -139.3], [615.3, -139.5], [615.7, -139.5], [615.7, -139.6], [616.3, -139.6], [616.3, -139.9], [617.0, -139.9]]}},
{"type": "Feature", "properties": {"level": "platform", "type": "wall", "platform": "5", "color": "#525252", "source": "PCIP Phase 1 Appendix A, sheet A-021, July 2019, PDF page 31"}, "geometry": {"type": "LineString", "coordinates": [[633.3, -3.9], [625.1, -3.9], [625.1, -4.5], [623.9, -4.5], [623.9, -3.9], [615.4, -3.9], [615.4, -2.1], [616.1, -2.1], [616.1, -3.3], [624.2, -3.3], [624.2, 3.6], [616.1, 3.6], [616.1, 0.8], [615.4, 0.8]]}},
{"type": "Feature", "properties": {"level": "platform", "type": "wall", "platform": "5", "color": "#525252", "source": "PCIP Phase 1 Appendix A, sheet A-021, July 2019, PDF page 31"}, "geometry": {"type": "LineString", "coordinates": [[615.4, 0.8], [615.4, 4.2], [623.9, 4.2], [623.9, 4.7], [625.1, 4.7], [625.1, 4.2], [633.3, 4.2]]}},
{"type": "Feature", "properties": {"level": "platform", "type": "wall", "platform": "1", "color": "#525252", "source": "PCIP Phase 1 Appendix A, sheet A-021, July 2019, PDF page 31"}, "geometry": {"type": "LineString", "coordinates": [[617.0, -184.0], [617.0, -186.2]]}},
{"type": "Feature", "properties": {"level": "platform", "type": "wall", "platform": "1", "color": "#525252", "source": "PCIP Phase 1 Appendix A, sheet A-021, July 2019, PDF page 31"}, "geometry": {"type": "LineString", "coordinates": [[617.0, -184.0], [616.3, -184.0], [616.3, -186.2], [617.0, -186.2]]}},
{"type": "Feature", "properties": {"level": "platform", "type": "wall", "platform": "2", "color": "#525252", "source": "PCIP Phase 1 Appendix A, sheet A-021, July 2019, PDF page 31"}, "geometry": {"type": "LineString", "coordinates": [[624.6, -140.9], [617.6, -140.9], [617.6, -139.9], [617.0, -139.9]]}},
{"type": "Feature", "properties": {"level": "platform", "type": "wall", "platform": "2", "color": "#525252", "source": "PCIP Phase 1 Appendix A, sheet A-021, July 2019, PDF page 31"}, "geometry": {"type": "LineString", "coordinates": [[617.0, -139.9], [617.0, -141.5], [624.6, -141.5]]}},
{"type": "Feature", "properties": {"level": "platform", "type": "wall", "platform": "2", "color": "#525252", "source": "PCIP Phase 1 Appendix A, sheet A-021, July 2019, PDF page 31"}, "geometry": {"type": "LineString", "coordinates": [[624.6, -135.2], [617.6, -135.2], [617.6, -136.9], [617.0, -136.9]]}},
{"type": "Feature", "properties": {"level": "platform", "type": "wall", "platform": "2", "color": "#525252", "source": "PCIP Phase 1 Appendix A, sheet A-021, July 2019, PDF page 31"}, "geometry": {"type": "LineString", "coordinates": [[624.6, -134.3], [617.0, -134.3], [617.0, -136.7]]}},
{"type": "Feature", "properties": {"level": "platform", "type": "wall", "platform": "11", "color": "#525252", "source": "PCIP Phase 1 Appendix A, sheet A-021, July 2019, PDF page 31"}, "geometry": {"type": "LineString", "coordinates": [[637.2, 275.6], [618.6, 275.6]]}},
{"type": "Feature", "properties": {"level": "platform", "type": "wall", "platform": "11", "color": "#525252", "source": "PCIP Phase 1 Appendix A, sheet A-021, July 2019, PDF page 31"}, "geometry": {"type": "LineString", "coordinates": [[620.4, 276.1], [618.6, 275.6]]}},
{"type": "Feature", "properties": {"level": "platform", "type": "wall", "platform": "11", "color": "#525252", "source": "PCIP Phase 1 Appendix A, sheet A-021, July 2019, PDF page 31"}, "geometry": {"type": "LineString", "coordinates": [[637.2, 275.4], [618.5, 275.4], [618.5, 275.6], [618.6, 275.6]]}},
{"type": "Feature", "properties": {"level": "platform", "type": "wall", "platform": "11", "color": "#525252", "source": "PCIP Phase 1 Appendix A, sheet A-021, July 2019, PDF page 31"}, "geometry": {"type": "LineString", "coordinates": [[618.6, 279.6], [620.4, 279.2]]}},
{"type": "Feature", "properties": {"level": "platform", "type": "wall", "platform": "11", "color": "#525252", "source": "PCIP Phase 1 Appendix A, sheet A-021, July 2019, PDF page 31"}, "geometry": {"type": "LineString", "coordinates": [[637.9, 279.6], [619.1, 279.6]]}},
{"type": "Feature", "properties": {"level": "platform", "type": "wall", "platform": "11", "color": "#525252", "source": "PCIP Phase 1 Appendix A, sheet A-021, July 2019, PDF page 31"}, "geometry": {"type": "LineString", "coordinates": [[619.1, 279.7], [638.0, 279.9]]}},
{"type": "Feature", "properties": {"level": "platform", "type": "wall", "platform": "11", "color": "#525252", "source": "PCIP Phase 1 Appendix A, sheet A-021, July 2019, PDF page 31"}, "geometry": {"type": "LineString", "coordinates": [[619.1, 279.7], [619.1, 280.5], [638.0, 280.5]]}},
{"type": "Feature", "properties": {"level": "platform", "type": "wall", "platform": "4", "color": "#525252", "source": "PCIP Phase 1 Appendix A, sheet A-021, July 2019, PDF page 31"}, "geometry": {"type": "LineString", "coordinates": [[624.2, -47.2], [623.6, -47.2], [623.6, -50.5], [632.9, -50.2]]}},
{"type": "Feature", "properties": {"level": "platform", "type": "wall", "platform": "4", "color": "#525252", "source": "PCIP Phase 1 Appendix A, sheet A-021, July 2019, PDF page 31"}, "geometry": {"type": "LineString", "coordinates": [[632.9, -42.3], [623.6, -42.3], [623.6, -44.2], [624.2, -44.2]]}},
{"type": "Feature", "properties": {"level": "platform", "type": "wall", "platform": "3", "color": "#525252", "source": "PCIP Phase 1 Appendix A, sheet A-021, July 2019, PDF page 31"}, "geometry": {"type": "LineString", "coordinates": [[632.9, -95.5], [632.9, -96.1], [623.8, -96.1], [623.8, -94.6], [624.4, -94.6]]}},
{"type": "Feature", "properties": {"level": "platform", "type": "wall", "platform": "3", "color": "#525252", "source": "PCIP Phase 1 Appendix A, sheet A-021, July 2019, PDF page 31"}, "geometry": {"type": "LineString", "coordinates": [[624.4, -91.4], [623.8, -91.4], [623.8, -88.0], [632.9, -88.0]]}},
{"type": "Feature", "properties": {"level": "platform", "type": "wall", "platform": "2", "color": "#525252", "source": "PCIP Phase 1 Appendix A, sheet A-021, July 2019, PDF page 31"}, "geometry": {"type": "LineString", "coordinates": [[632.1, -139.0], [632.7, -139.0], [632.7, -141.5], [624.6, -141.5]]}},
{"type": "Feature", "properties": {"level": "platform", "type": "wall", "platform": "2", "color": "#525252", "source": "PCIP Phase 1 Appendix A, sheet A-021, July 2019, PDF page 31"}, "geometry": {"type": "LineString", "coordinates": [[624.6, -140.9], [624.6, -135.2]]}},
{"type": "Feature", "properties": {"level": "platform", "type": "wall", "platform": "2", "color": "#525252", "source": "PCIP Phase 1 Appendix A, sheet A-021, July 2019, PDF page 31"}, "geometry": {"type": "LineString", "coordinates": [[624.6, -134.3], [632.7, -134.3], [632.7, -136.1], [632.1, -136.1]]}},
{"type": "Feature", "properties": {"level": "platform", "type": "wall", "platform": "1", "color": "#525252", "source": "PCIP Phase 1 Appendix A, sheet A-021, July 2019, PDF page 31"}, "geometry": {"type": "LineString", "coordinates": [[625.3, -188.0], [625.3, -182.1]]}},
{"type": "Feature", "properties": {"level": "platform", "type": "wall", "platform": "1", "color": "#525252", "source": "PCIP Phase 1 Appendix A, sheet A-021, July 2019, PDF page 31"}, "geometry": {"type": "LineString", "coordinates": [[625.3, -188.0], [624.6, -188.0], [624.6, -189.2], [626.0, -189.2], [626.0, -188.6]]}},
{"type": "Feature", "properties": {"level": "platform", "type": "wall", "platform": "1", "color": "#525252", "source": "PCIP Phase 1 Appendix A, sheet A-021, July 2019, PDF page 31"}, "geometry": {"type": "LineString", "coordinates": [[626.0, -188.6], [625.3, -188.6], [625.3, -188.0]]}},
{"type": "Feature", "properties": {"level": "platform", "type": "wall", "platform": "1", "color": "#525252", "source": "PCIP Phase 1 Appendix A, sheet A-021, July 2019, PDF page 31"}, "geometry": {"type": "LineString", "coordinates": [[625.3, -182.1], [625.3, -181.5], [626.0, -181.5]]}},
{"type": "Feature", "properties": {"level": "platform", "type": "wall", "platform": "1", "color": "#525252", "source": "PCIP Phase 1 Appendix A, sheet A-021, July 2019, PDF page 31"}, "geometry": {"type": "LineString", "coordinates": [[625.3, -182.1], [624.6, -182.1], [624.6, -180.6], [626.0, -180.6], [626.0, -181.5]]}},
{"type": "Feature", "properties": {"level": "platform", "type": "wall", "platform": "1", "color": "#525252", "source": "PCIP Phase 1 Appendix A, sheet A-021, July 2019, PDF page 31"}, "geometry": {"type": "LineString", "coordinates": [[632.7, -188.6], [626.0, -188.6]]}},
{"type": "Feature", "properties": {"level": "platform", "type": "wall", "platform": "1", "color": "#525252", "source": "PCIP Phase 1 Appendix A, sheet A-021, July 2019, PDF page 31"}, "geometry": {"type": "LineString", "coordinates": [[626.0, -181.5], [632.7, -181.5]]}},
{"type": "Feature", "properties": {"level": "platform", "type": "enclosure", "platform": "8", "color": "#525252", "source": "PCIP Phase 1 Appendix A, sheet A-021, July 2019, PDF page 31"}, "geometry": {"type": "Polygon", "coordinates": [[[626.1, 130.2], [626.0, 130.2], [626.0, 130.0], [644.7, 130.2], [626.1, 130.2]]]}},
{"type": "Feature", "properties": {"level": "platform", "type": "wall", "platform": "8", "color": "#525252", "source": "PCIP Phase 1 Appendix A, sheet A-021, July 2019, PDF page 31"}, "geometry": {"type": "LineString", "coordinates": [[627.9, 130.7], [626.1, 130.2]]}},
{"type": "Feature", "properties": {"level": "platform", "type": "wall", "platform": "8", "color": "#525252", "source": "PCIP Phase 1 Appendix A, sheet A-021, July 2019, PDF page 31"}, "geometry": {"type": "LineString", "coordinates": [[626.1, 134.2], [645.4, 134.2]]}},
{"type": "Feature", "properties": {"level": "platform", "type": "wall", "platform": "8", "color": "#525252", "source": "PCIP Phase 1 Appendix A, sheet A-021, July 2019, PDF page 31"}, "geometry": {"type": "LineString", "coordinates": [[626.1, 134.2], [626.0, 134.2], [626.0, 134.5], [626.7, 134.5]]}},
{"type": "Feature", "properties": {"level": "platform", "type": "wall", "platform": "8", "color": "#525252", "source": "PCIP Phase 1 Appendix A, sheet A-021, July 2019, PDF page 31"}, "geometry": {"type": "LineString", "coordinates": [[626.1, 134.2], [627.9, 133.9]]}},
{"type": "Feature", "properties": {"level": "platform", "type": "wall", "platform": "8", "color": "#525252", "source": "PCIP Phase 1 Appendix A, sheet A-021, July 2019, PDF page 31"}, "geometry": {"type": "LineString", "coordinates": [[626.7, 134.5], [645.5, 134.5]]}},
{"type": "Feature", "properties": {"level": "platform", "type": "wall", "platform": "8", "color": "#525252", "source": "PCIP Phase 1 Appendix A, sheet A-021, July 2019, PDF page 31"}, "geometry": {"type": "LineString", "coordinates": [[626.7, 134.5], [626.7, 135.1], [645.5, 135.1]]}},
{"type": "Feature", "properties": {"level": "platform", "type": "wall", "platform": "7", "color": "#525252", "source": "PCIP Phase 1 Appendix A, sheet A-021, July 2019, PDF page 31"}, "geometry": {"type": "LineString", "coordinates": [[629.3, 85.6], [653.2, 85.6]]}},
{"type": "Feature", "properties": {"level": "platform", "type": "wall", "platform": "7", "color": "#525252", "source": "PCIP Phase 1 Appendix A, sheet A-021, July 2019, PDF page 31"}, "geometry": {"type": "LineString", "coordinates": [[629.3, 85.6], [631.3, 86.0], [653.2, 86.0]]}},
{"type": "Feature", "properties": {"level": "platform", "type": "wall", "platform": "7", "color": "#525252", "source": "PCIP Phase 1 Appendix A, sheet A-021, July 2019, PDF page 31"}, "geometry": {"type": "LineString", "coordinates": [[629.3, 85.6], [629.1, 85.6], [629.1, 85.4], [653.2, 85.4]]}},
{"type": "Feature", "properties": {"level": "platform", "type": "wall", "platform": "7", "color": "#525252", "source": "PCIP Phase 1 Appendix A, sheet A-021, July 2019, PDF page 31"}, "geometry": {"type": "LineString", "coordinates": [[653.2, 88.2], [629.3, 88.2]]}},
{"type": "Feature", "properties": {"level": "platform", "type": "wall", "platform": "7", "color": "#525252", "source": "PCIP Phase 1 Appendix A, sheet A-021, July 2019, PDF page 31"}, "geometry": {"type": "LineString", "coordinates": [[630.0, 88.3], [629.1, 88.3], [629.1, 88.2], [629.3, 88.2]]}},
{"type": "Feature", "properties": {"level": "platform", "type": "wall", "platform": "7", "color": "#525252", "source": "PCIP Phase 1 Appendix A, sheet A-021, July 2019, PDF page 31"}, "geometry": {"type": "LineString", "coordinates": [[653.2, 87.7], [631.3, 87.7], [629.3, 88.2]]}},
{"type": "Feature", "properties": {"level": "platform", "type": "wall", "platform": "7", "color": "#525252", "source": "PCIP Phase 1 Appendix A, sheet A-021, July 2019, PDF page 31"}, "geometry": {"type": "LineString", "coordinates": [[653.2, 88.3], [647.9, 88.3], [630.0, 88.3]]}},
{"type": "Feature", "properties": {"level": "platform", "type": "wall", "platform": "7", "color": "#525252", "source": "PCIP Phase 1 Appendix A, sheet A-021, July 2019, PDF page 31"}, "geometry": {"type": "LineString", "coordinates": [[630.0, 88.3], [630.0, 89.0], [647.7, 89.0], [647.9, 89.0], [653.9, 89.0], [653.9, 88.3]]}},
{"type": "Feature", "properties": {"level": "platform", "type": "wall", "platform": "5", "color": "#525252", "source": "PCIP Phase 1 Appendix A, sheet A-021, July 2019, PDF page 31"}, "geometry": {"type": "LineString", "coordinates": [[631.7, -0.5], [632.3, -0.5], [632.3, -3.3], [635.1, -3.3]]}},
{"type": "Feature", "properties": {"level": "platform", "type": "wall", "platform": "5", "color": "#525252", "source": "PCIP Phase 1 Appendix A, sheet A-021, July 2019, PDF page 31"}, "geometry": {"type": "LineString", "coordinates": [[633.3, 3.6], [632.3, 3.6], [632.3, 2.7], [631.7, 2.7]]}},
{"type": "Feature", "properties": {"level": "platform", "type": "wall", "platform": "1", "color": "#525252", "source": "PCIP Phase 1 Appendix A, sheet A-021, July 2019, PDF page 31"}, "geometry": {"type": "LineString", "coordinates": [[633.6, -187.7], [633.6, -188.6], [632.7, -188.6]]}},
{"type": "Feature", "properties": {"level": "platform", "type": "wall", "platform": "1", "color": "#525252", "source": "PCIP Phase 1 Appendix A, sheet A-021, July 2019, PDF page 31"}, "geometry": {"type": "LineString", "coordinates": [[632.7, -188.6], [632.7, -189.9], [634.8, -189.9], [634.8, -187.7], [633.6, -187.7]]}},
{"type": "Feature", "properties": {"level": "platform", "type": "wall", "platform": "1", "color": "#525252", "source": "PCIP Phase 1 Appendix A, sheet A-021, July 2019, PDF page 31"}, "geometry": {"type": "LineString", "coordinates": [[632.7, -186.0], [633.6, -186.0], [633.6, -187.7]]}},
{"type": "Feature", "properties": {"level": "platform", "type": "wall", "platform": "1", "color": "#525252", "source": "PCIP Phase 1 Appendix A, sheet A-021, July 2019, PDF page 31"}, "geometry": {"type": "LineString", "coordinates": [[633.6, -182.4], [633.6, -183.0], [632.7, -183.0]]}},
{"type": "Feature", "properties": {"level": "platform", "type": "wall", "platform": "1", "color": "#525252", "source": "PCIP Phase 1 Appendix A, sheet A-021, July 2019, PDF page 31"}, "geometry": {"type": "LineString", "coordinates": [[632.7, -181.5], [633.6, -181.5], [633.6, -182.4]]}},
{"type": "Feature", "properties": {"level": "platform", "type": "wall", "platform": "1", "color": "#525252", "source": "PCIP Phase 1 Appendix A, sheet A-021, July 2019, PDF page 31"}, "geometry": {"type": "LineString", "coordinates": [[632.7, -181.5], [632.7, -180.5], [634.8, -180.5], [634.8, -182.4], [633.6, -182.4]]}},
{"type": "Feature", "properties": {"level": "platform", "type": "wall", "platform": "3", "color": "#525252", "source": "PCIP Phase 1 Appendix A, sheet A-021, July 2019, PDF page 31"}, "geometry": {"type": "LineString", "coordinates": [[632.9, -95.5], [640.7, -95.5], [640.7, -92.7]]}},
{"type": "Feature", "properties": {"level": "platform", "type": "wall", "platform": "3", "color": "#525252", "source": "PCIP Phase 1 Appendix A, sheet A-021, July 2019, PDF page 31"}, "geometry": {"type": "LineString", "coordinates": [[632.9, -94.9], [640.0, -94.9], [640.0, -92.7], [640.7, -92.7]]}},
{"type": "Feature", "properties": {"level": "platform", "type": "wall", "platform": "3", "color": "#525252", "source": "PCIP Phase 1 Appendix A, sheet A-021, July 2019, PDF page 31"}, "geometry": {"type": "LineString", "coordinates": [[632.9, -88.0], [632.9, -94.9]]}},
{"type": "Feature", "properties": {"level": "platform", "type": "wall", "platform": "3", "color": "#525252", "source": "PCIP Phase 1 Appendix A, sheet A-021, July 2019, PDF page 31"}, "geometry": {"type": "LineString", "coordinates": [[632.9, -88.0], [640.7, -88.0], [640.7, -89.7]]}},
{"type": "Feature", "properties": {"level": "platform", "type": "wall", "platform": "4", "color": "#525252", "source": "PCIP Phase 1 Appendix A, sheet A-021, July 2019, PDF page 31"}, "geometry": {"type": "LineString", "coordinates": [[632.9, -50.2], [640.7, -50.2], [640.7, -48.7]]}},
{"type": "Feature", "properties": {"level": "platform", "type": "wall", "platform": "4", "color": "#525252", "source": "PCIP Phase 1 Appendix A, sheet A-021, July 2019, PDF page 31"}, "geometry": {"type": "LineString", "coordinates": [[632.9, -50.2], [632.9, -43.0]]}},
{"type": "Feature", "properties": {"level": "platform", "type": "wall", "platform": "4", "color": "#525252", "source": "PCIP Phase 1 Appendix A, sheet A-021, July 2019, PDF page 31"}, "geometry": {"type": "LineString", "coordinates": [[632.9, -43.0], [640.0, -43.0], [640.0, -45.8], [640.7, -45.8]]}},
{"type": "Feature", "properties": {"level": "platform", "type": "wall", "platform": "4", "color": "#525252", "source": "PCIP Phase 1 Appendix A, sheet A-021, July 2019, PDF page 31"}, "geometry": {"type": "LineString", "coordinates": [[632.9, -42.3], [640.7, -42.3], [640.7, -45.5]]}},
{"type": "Feature", "properties": {"level": "platform", "type": "wall", "platform": "5", "color": "#525252", "source": "PCIP Phase 1 Appendix A, sheet A-021, July 2019, PDF page 31"}, "geometry": {"type": "LineString", "coordinates": [[633.3, 4.2], [633.3, 5.1], [634.8, 5.1], [634.8, 3.6], [633.3, 3.6]]}},
{"type": "Feature", "properties": {"level": "platform", "type": "wall", "platform": "3", "color": "#525252", "source": "PCIP Phase 1 Appendix A, sheet A-021, July 2019, PDF page 31"}, "geometry": {"type": "LineString", "coordinates": [[635.3, -88.6], [640.0, -88.6], [640.0, -89.7], [640.7, -89.7]]}},
{"type": "Feature", "properties": {"level": "platform", "type": "wall", "platform": "4", "color": "#525252", "source": "PCIP Phase 1 Appendix A, sheet A-021, July 2019, PDF page 31"}, "geometry": {"type": "LineString", "coordinates": [[635.3, -49.6], [640.0, -49.6], [640.0, -48.7], [640.7, -48.7]]}},
{"type": "Feature", "properties": {"level": "platform", "type": "wall", "platform": "11", "color": "#525252", "source": "PCIP Phase 1 Appendix A, sheet A-021, July 2019, PDF page 31"}, "geometry": {"type": "LineString", "coordinates": [[637.2, 275.4], [637.4, 277.1], [638.7, 277.6], [636.6, 278.0]]}},
{"type": "Feature", "properties": {"level": "platform", "type": "wall", "platform": "11", "color": "#525252", "source": "PCIP Phase 1 Appendix A, sheet A-021, July 2019, PDF page 31"}, "geometry": {"type": "LineString", "coordinates": [[637.0, 274.3], [637.2, 275.4]]}},
{"type": "Feature", "properties": {"level": "platform", "type": "wall", "platform": "11", "color": "#525252", "source": "PCIP Phase 1 Appendix A, sheet A-021, July 2019, PDF page 31"}, "geometry": {"type": "LineString", "coordinates": [[637.6, 278.2], [638.3, 280.7]]}},
{"type": "Feature", "properties": {"level": "platform", "type": "wall", "platform": "3", "color": "#525252", "source": "PCIP Phase 1 Appendix A, sheet A-021, July 2019, PDF page 31"}, "geometry": {"type": "LineString", "coordinates": [[640.7, -92.7], [643.0, -90.5], [642.7, -90.5]]}},
{"type": "Feature", "properties": {"level": "platform", "type": "wall", "platform": "3", "color": "#525252", "source": "PCIP Phase 1 Appendix A, sheet A-021, July 2019, PDF page 31"}, "geometry": {"type": "LineString", "coordinates": [[642.7, -90.5], [640.7, -92.7]]}},
{"type": "Feature", "properties": {"level": "platform", "type": "wall", "platform": "3", "color": "#525252", "source": "PCIP Phase 1 Appendix A, sheet A-021, July 2019, PDF page 31"}, "geometry": {"type": "LineString", "coordinates": [[642.7, -90.5], [642.7, -90.3], [642.6, -90.3], [642.6, -90.2], [642.1, -90.2], [642.1, -89.9], [641.7, -89.9], [641.7, -89.7], [640.7, -89.7]]}},
{"type": "Feature", "properties": {"level": "platform", "type": "wall", "platform": "4", "color": "#525252", "source": "PCIP Phase 1 Appendix A, sheet A-021, July 2019, PDF page 31"}, "geometry": {"type": "LineString", "coordinates": [[642.7, -47.8], [642.6, -47.8], [642.6, -48.1], [642.3, -48.1], [642.3, -48.3], [641.9, -48.3], [641.9, -48.5], [641.3, -48.5], [641.3, -48.7], [640.7, -48.7]]}},
{"type": "Feature", "properties": {"level": "platform", "type": "wall", "platform": "4", "color": "#525252", "source": "PCIP Phase 1 Appendix A, sheet A-021, July 2019, PDF page 31"}, "geometry": {"type": "LineString", "coordinates": [[640.7, -45.8], [642.7, -47.8]]}},
{"type": "Feature", "properties": {"level": "platform", "type": "wall", "platform": "4", "color": "#525252", "source": "PCIP Phase 1 Appendix A, sheet A-021, July 2019, PDF page 31"}, "geometry": {"type": "LineString", "coordinates": [[640.7, -45.5], [642.7, -47.7], [642.7, -47.8]]}},
{"type": "Feature", "properties": {"level": "platform", "type": "wall", "platform": "8", "color": "#525252", "source": "PCIP Phase 1 Appendix A, sheet A-021, July 2019, PDF page 31"}, "geometry": {"type": "LineString", "coordinates": [[644.9, 131.7], [646.1, 131.9], [644.0, 132.3]]}},
{"type": "Feature", "properties": {"level": "platform", "type": "wall", "platform": "8", "color": "#525252", "source": "PCIP Phase 1 Appendix A, sheet A-021, July 2019, PDF page 31"}, "geometry": {"type": "LineString", "coordinates": [[645.1, 133.0], [645.4, 134.2]]}},
{"type": "Feature", "properties": {"level": "platform", "type": "wall", "platform": "8", "color": "#525252", "source": "PCIP Phase 1 Appendix A, sheet A-021, July 2019, PDF page 31"}, "geometry": {"type": "LineString", "coordinates": [[645.5, 134.5], [645.8, 135.5]]}},
{"type": "Feature", "properties": {"level": "platform", "type": "wall", "platform": "7", "color": "#525252", "source": "PCIP Phase 1 Appendix A, sheet A-021, July 2019, PDF page 31"}, "geometry": {"type": "LineString", "coordinates": [[660.1, 91.6], [660.1, 91.6], [646.1, 91.6], [646.1, 92.0]]}},
{"type": "Feature", "properties": {"level": "platform", "type": "wall", "platform": "7", "color": "#525252", "source": "PCIP Phase 1 Appendix A, sheet A-021, July 2019, PDF page 31"}, "geometry": {"type": "LineString", "coordinates": [[646.1, 96.9], [646.1, 97.3], [659.0, 97.3]]}},
{"type": "Feature", "properties": {"level": "platform", "type": "wall", "platform": "9", "color": "#525252", "source": "PCIP Phase 1 Appendix A, sheet A-021, July 2019, PDF page 31"}, "geometry": {"type": "LineString", "coordinates": [[663.8, 180.6], [650.8, 180.6]]}},
{"type": "Feature", "properties": {"level": "platform", "type": "wall", "platform": "9", "color": "#525252", "source": "PCIP Phase 1 Appendix A, sheet A-021, July 2019, PDF page 31"}, "geometry": {"type": "LineString", "coordinates": [[664.8, 184.9], [650.8, 184.9], [650.8, 184.5]]}},
{"type": "Feature", "properties": {"level": "platform", "type": "wall", "platform": "7", "color": "#525252", "source": "PCIP Phase 1 Appendix A, sheet A-021, July 2019, PDF page 31"}, "geometry": {"type": "LineString", "coordinates": [[653.2, 86.0], [653.2, 87.7]]}},
{"type": "Feature", "properties": {"level": "platform", "type": "wall", "platform": "7", "color": "#525252", "source": "PCIP Phase 1 Appendix A, sheet A-021, July 2019, PDF page 31"}, "geometry": {"type": "LineString", "coordinates": [[653.9, 85.4], [665.2, 85.4], [665.2, 85.6], [664.9, 85.6]]}},
{"type": "Feature", "properties": {"level": "platform", "type": "wall", "platform": "7", "color": "#525252", "source": "PCIP Phase 1 Appendix A, sheet A-021, July 2019, PDF page 31"}, "geometry": {"type": "LineString", "coordinates": [[653.9, 85.6], [664.9, 85.6]]}},
{"type": "Feature", "properties": {"level": "platform", "type": "wall", "platform": "7", "color": "#525252", "source": "PCIP Phase 1 Appendix A, sheet A-021, July 2019, PDF page 31"}, "geometry": {"type": "LineString", "coordinates": [[653.9, 86.0], [663.0, 86.0], [664.9, 85.6]]}},
{"type": "Feature", "properties": {"level": "platform", "type": "wall", "platform": "7", "color": "#525252", "source": "PCIP Phase 1 Appendix A, sheet A-021, July 2019, PDF page 31"}, "geometry": {"type": "LineString", "coordinates": [[653.9, 87.7], [653.9, 86.0]]}},
{"type": "Feature", "properties": {"level": "platform", "type": "wall", "platform": "7", "color": "#525252", "source": "PCIP Phase 1 Appendix A, sheet A-021, July 2019, PDF page 31"}, "geometry": {"type": "LineString", "coordinates": [[653.9, 87.7], [663.0, 87.7], [664.9, 88.2]]}},
{"type": "Feature", "properties": {"level": "platform", "type": "wall", "platform": "7", "color": "#525252", "source": "PCIP Phase 1 Appendix A, sheet A-021, July 2019, PDF page 31"}, "geometry": {"type": "LineString", "coordinates": [[664.9, 88.2], [653.9, 88.2]]}},
{"type": "Feature", "properties": {"level": "platform", "type": "wall", "platform": "7", "color": "#525252", "source": "PCIP Phase 1 Appendix A, sheet A-021, July 2019, PDF page 31"}, "geometry": {"type": "LineString", "coordinates": [[664.9, 88.2], [665.2, 88.2], [665.2, 88.3], [653.9, 88.3]]}},
{"type": "Feature", "properties": {"level": "platform", "type": "wall", "platform": "10", "color": "#525252", "source": "PCIP Phase 1 Appendix A, sheet A-021, July 2019, PDF page 31"}, "geometry": {"type": "LineString", "coordinates": [[655.4, 229.1], [656.4, 229.1]]}},
{"type": "Feature", "properties": {"level": "platform", "type": "wall", "platform": "10", "color": "#525252", "source": "PCIP Phase 1 Appendix A, sheet A-021, July 2019, PDF page 31"}, "geometry": {"type": "LineString", "coordinates": [[674.8, 229.5], [650.0, 229.5], [650.0, 229.1], [655.4, 229.1]]}},
{"type": "Feature", "properties": {"level": "platform", "type": "wall", "platform": "10", "color": "#525252", "source": "PCIP Phase 1 Appendix A, sheet A-021, July 2019, PDF page 31"}, "geometry": {"type": "LineString", "coordinates": [[655.5, 211.4], [655.4, 229.1]]}},
{"type": "Feature", "properties": {"level": "platform", "type": "wall", "platform": "10", "color": "#525252", "source": "PCIP Phase 1 Appendix A, sheet A-021, July 2019, PDF page 31"}, "geometry": {"type": "LineString", "coordinates": [[672.6, 210.9], [650.0, 210.9], [650.0, 211.4], [655.5, 211.4]]}},
{"type": "Feature", "properties": {"level": "platform", "type": "wall", "platform": "10", "color": "#525252", "source": "PCIP Phase 1 Appendix A, sheet A-021, July 2019, PDF page 31"}, "geometry": {"type": "LineString", "coordinates": [[656.4, 211.4], [657.4, 211.4]]}},
{"type": "Feature", "properties": {"level": "platform", "type": "wall", "platform": "10", "color": "#525252", "source": "PCIP Phase 1 Appendix A, sheet A-021, July 2019, PDF page 31"}, "geometry": {"type": "LineString", "coordinates": [[656.4, 211.4], [656.4, 229.1]]}},
{"type": "Feature", "properties": {"level": "platform", "type": "wall", "platform": "10", "color": "#525252", "source": "PCIP Phase 1 Appendix A, sheet A-021, July 2019, PDF page 31"}, "geometry": {"type": "LineString", "coordinates": [[656.4, 229.1], [657.4, 229.1]]}},
{"type": "Feature", "properties": {"level": "platform", "type": "wall", "platform": "10", "color": "#525252", "source": "PCIP Phase 1 Appendix A, sheet A-021, July 2019, PDF page 31"}, "geometry": {"type": "LineString", "coordinates": [[657.4, 211.4], [658.6, 211.4]]}},
{"type": "Feature", "properties": {"level": "platform", "type": "wall", "platform": "10", "color": "#525252", "source": "PCIP Phase 1 Appendix A, sheet A-021, July 2019, PDF page 31"}, "geometry": {"type": "LineString", "coordinates": [[657.4, 211.4], [657.4, 229.1]]}},
{"type": "Feature", "properties": {"level": "platform", "type": "wall", "platform": "3", "color": "#525252", "source": "PCIP Phase 1 Appendix A, sheet A-021, July 2019, PDF page 31"}, "geometry": {"type": "LineString", "coordinates": [[658.1, -91.0], [669.0, -91.0], [669.0, -85.2], [680.3, -85.2]]}},
{"type": "Feature", "properties": {"level": "platform", "type": "wall", "platform": "10", "color": "#525252", "source": "PCIP Phase 1 Appendix A, sheet A-021, July 2019, PDF page 31"}, "geometry": {"type": "LineString", "coordinates": [[658.3, 229.1], [659.4, 229.1]]}},
{"type": "Feature", "properties": {"level": "platform", "type": "wall", "platform": "10", "color": "#525252", "source": "PCIP Phase 1 Appendix A, sheet A-021, July 2019, PDF page 31"}, "geometry": {"type": "LineString", "coordinates": [[658.6, 211.4], [658.3, 229.1]]}},
{"type": "Feature", "properties": {"level": "platform", "type": "wall", "platform": "7", "color": "#525252", "source": "PCIP Phase 1 Appendix A, sheet A-021, July 2019, PDF page 31"}, "geometry": {"type": "LineString", "coordinates": [[658.7, 98.4], [659.0, 97.3]]}},
{"type": "Feature", "properties": {"level": "platform", "type": "wall", "platform": "7", "color": "#525252", "source": "PCIP Phase 1 Appendix A, sheet A-021, July 2019, PDF page 31"}, "geometry": {"type": "LineString", "coordinates": [[659.0, 97.3], [659.0, 97.3], [659.2, 97.3], [665.2, 97.3], [665.2, 96.1]]}},
{"type": "Feature", "properties": {"level": "platform", "type": "wall", "platform": "7", "color": "#525252", "source": "PCIP Phase 1 Appendix A, sheet A-021, July 2019, PDF page 31"}, "geometry": {"type": "LineString", "coordinates": [[659.0, 97.3], [659.6, 94.5]]}},
{"type": "Feature", "properties": {"level": "platform", "type": "wall", "platform": "2", "color": "#525252", "source": "PCIP Phase 1 Appendix A, sheet A-021, July 2019, PDF page 31"}, "geometry": {"type": "LineString", "coordinates": [[685.0, -134.8], [659.0, -134.8]]}},
{"type": "Feature", "properties": {"level": "platform", "type": "wall", "platform": "1", "color": "#525252", "source": "PCIP Phase 1 Appendix A, sheet A-021, July 2019, PDF page 31"}, "geometry": {"type": "LineString", "coordinates": [[682.4, -186.2], [659.2, -186.2]]}},
{"type": "Feature", "properties": {"level": "platform", "type": "wall", "platform": "1", "color": "#525252", "source": "PCIP Phase 1 Appendix A, sheet A-021, July 2019, PDF page 31"}, "geometry": {"type": "LineString", "coordinates": [[665.8, -186.0], [659.0, -186.0], [659.0, -186.2], [659.2, -186.2]]}},
{"type": "Feature", "properties": {"level": "platform", "type": "wall", "platform": "1", "color": "#525252", "source": "PCIP Phase 1 Appendix A, sheet A-021, July 2019, PDF page 31"}, "geometry": {"type": "LineString", "coordinates": [[661.5, -186.6], [660.9, -186.6], [659.2, -186.2]]}},
{"type": "Feature", "properties": {"level": "platform", "type": "wall", "platform": "2", "color": "#525252", "source": "PCIP Phase 1 Appendix A, sheet A-021, July 2019, PDF page 31"}, "geometry": {"type": "LineString", "coordinates": [[659.2, -138.4], [685.0, -138.4]]}},
{"type": "Feature", "properties": {"level": "platform", "type": "wall", "platform": "2", "color": "#525252", "source": "PCIP Phase 1 Appendix A, sheet A-021, July 2019, PDF page 31"}, "geometry": {"type": "LineString", "coordinates": [[659.2, -138.4], [660.9, -138.0], [685.0, -138.0]]}},
{"type": "Feature", "properties": {"level": "platform", "type": "wall", "platform": "1", "color": "#525252", "source": "PCIP Phase 1 Appendix A, sheet A-021, July 2019, PDF page 31"}, "geometry": {"type": "LineString", "coordinates": [[659.2, -188.3], [683.0, -188.1]]}},
{"type": "Feature", "properties": {"level": "platform", "type": "wall", "platform": "1", "color": "#525252", "source": "PCIP Phase 1 Appendix A, sheet A-021, July 2019, PDF page 31"}, "geometry": {"type": "LineString", "coordinates": [[659.2, -188.3], [660.9, -188.0], [661.5, -188.0]]}},
{"type": "Feature", "properties": {"level": "platform", "type": "wall", "platform": "1", "color": "#525252", "source": "PCIP Phase 1 Appendix A, sheet A-021, July 2019, PDF page 31"}, "geometry": {"type": "LineString", "coordinates": [[683.1, -188.3], [659.0, -188.6], [659.0, -188.3], [659.2, -188.3]]}},
{"type": "Feature", "properties": {"level": "platform", "type": "wall", "platform": "10", "color": "#525252", "source": "PCIP Phase 1 Appendix A, sheet A-021, July 2019, PDF page 31"}, "geometry": {"type": "LineString", "coordinates": [[659.4, 211.4], [660.5, 211.4]]}},
{"type": "Feature", "properties": {"level": "platform", "type": "wall", "platform": "10", "color": "#525252", "source": "PCIP Phase 1 Appendix A, sheet A-021, July 2019, PDF page 31"}, "geometry": {"type": "LineString", "coordinates": [[659.4, 211.4], [659.4, 229.1]]}},
{"type": "Feature", "properties": {"level": "platform", "type": "wall", "platform": "10", "color": "#525252", "source": "PCIP Phase 1 Appendix A, sheet A-021, July 2019, PDF page 31"}, "geometry": {"type": "LineString", "coordinates": [[659.4, 229.1], [660.5, 229.1]]}},
{"type": "Feature", "properties": {"level": "platform", "type": "wall", "platform": "1", "color": "#525252", "source": "PCIP Phase 1 Appendix A, sheet A-021, July 2019, PDF page 31"}, "geometry": {"type": "LineString", "coordinates": [[680.9, -178.7], [686.2, -178.7], [686.2, -189.0], [659.6, -189.2], [659.6, -188.6]]}},
{"type": "Feature", "properties": {"level": "platform", "type": "wall", "platform": "2", "color": "#525252", "source": "PCIP Phase 1 Appendix A, sheet A-021, July 2019, PDF page 31"}, "geometry": {"type": "LineString", "coordinates": [[659.6, -138.6], [678.4, -138.6], [685.0, -138.6], [685.0, -138.4]]}},
{"type": "Feature", "properties": {"level": "platform", "type": "wall", "platform": "2", "color": "#525252", "source": "PCIP Phase 1 Appendix A, sheet A-021, July 2019, PDF page 31"}, "geometry": {"type": "LineString", "coordinates": [[659.6, -138.6], [659.6, -139.3], [678.8, -139.3], [685.9, -139.3], [685.8, -138.4]]}},
{"type": "Feature", "properties": {"level": "platform", "type": "wall", "platform": "2", "color": "#525252", "source": "PCIP Phase 1 Appendix A, sheet A-021, July 2019, PDF page 31"}, "geometry": {"type": "LineString", "coordinates": [[659.6, -134.6], [659.6, -133.9], [677.5, -133.9], [685.6, -133.9], [685.7, -134.8]]}},
{"type": "Feature", "properties": {"level": "platform", "type": "wall", "platform": "5", "color": "#525252", "source": "PCIP Phase 1 Appendix A, sheet A-021, July 2019, PDF page 31"}, "geometry": {"type": "LineString", "coordinates": [[705.0, -1.7], [659.6, -1.7]]}},
{"type": "Feature", "properties": {"level": "platform", "type": "wall", "platform": "5", "color": "#525252", "source": "PCIP Phase 1 Appendix A, sheet A-021, July 2019, PDF page 31"}, "geometry": {"type": "LineString", "coordinates": [[705.0, -1.7], [706.3, -1.7], [706.3, -1.5], [659.6, -1.5]]}},
{"type": "Feature", "properties": {"level": "platform", "type": "wall", "platform": "4", "color": "#525252", "source": "PCIP Phase 1 Appendix A, sheet A-021, July 2019, PDF page 31"}, "geometry": {"type": "LineString", "coordinates": [[659.8, -46.1], [686.1, -46.1]]}},
{"type": "Feature", "properties": {"level": "platform", "type": "wall", "platform": "4", "color": "#525252", "source": "PCIP Phase 1 Appendix A, sheet A-021, July 2019, PDF page 31"}, "geometry": {"type": "LineString", "coordinates": [[659.8, -45.9], [686.1, -45.9]]}},
{"type": "Feature", "properties": {"level": "platform", "type": "wall", "platform": "4", "color": "#525252", "source": "PCIP Phase 1 Appendix A, sheet A-021, July 2019, PDF page 31"}, "geometry": {"type": "LineString", "coordinates": [[686.1, -42.3], [659.8, -42.3]]}},
{"type": "Feature", "properties": {"level": "platform", "type": "wall", "platform": "5", "color": "#525252", "source": "PCIP Phase 1 Appendix A, sheet A-021, July 2019, PDF page 31"}, "geometry": {"type": "LineString", "coordinates": [[659.8, -5.6], [706.3, -5.4], [705.0, -5.4]]}},
{"type": "Feature", "properties": {"level": "platform", "type": "wall", "platform": "5", "color": "#525252", "source": "PCIP Phase 1 Appendix A, sheet A-021, July 2019, PDF page 31"}, "geometry": {"type": "LineString", "coordinates": [[659.8, -5.4], [705.0, -5.4]]}},
{"type": "Feature", "properties": {"level": "platform", "type": "wall", "platform": "7", "color": "#525252", "source": "PCIP Phase 1 Appendix A, sheet A-021, July 2019, PDF page 31"}, "geometry": {"type": "LineString", "coordinates": [[659.8, 93.5], [660.1, 91.6]]}},
{"type": "Feature", "properties": {"level": "platform", "type": "wall", "platform": "7", "color": "#525252", "source": "PCIP Phase 1 Appendix A, sheet A-021, July 2019, PDF page 31"}, "geometry": {"type": "LineString", "coordinates": [[665.2, 91.6], [660.1, 91.6]]}},
{"type": "Feature", "properties": {"level": "platform", "type": "wall", "platform": "10", "color": "#525252", "source": "PCIP Phase 1 Appendix A, sheet A-021, July 2019, PDF page 31"}, "geometry": {"type": "LineString", "coordinates": [[660.5, 211.4], [661.5, 211.4]]}},
{"type": "Feature", "properties": {"level": "platform", "type": "wall", "platform": "10", "color": "#525252", "source": "PCIP Phase 1 Appendix A, sheet A-021, July 2019, PDF page 31"}, "geometry": {"type": "LineString", "coordinates": [[660.5, 211.4], [660.5, 229.1]]}},
{"type": "Feature", "properties": {"level": "platform", "type": "wall", "platform": "10", "color": "#525252", "source": "PCIP Phase 1 Appendix A, sheet A-021, July 2019, PDF page 31"}, "geometry": {"type": "LineString", "coordinates": [[660.5, 229.1], [661.5, 229.1]]}},
{"type": "Feature", "properties": {"level": "platform", "type": "wall", "platform": "2", "color": "#525252", "source": "PCIP Phase 1 Appendix A, sheet A-021, July 2019, PDF page 31"}, "geometry": {"type": "LineString", "coordinates": [[685.0, -135.2], [660.9, -135.2]]}},
{"type": "Feature", "properties": {"level": "platform", "type": "wall", "platform": "1", "color": "#525252", "source": "PCIP Phase 1 Appendix A, sheet A-021, July 2019, PDF page 31"}, "geometry": {"type": "LineString", "coordinates": [[661.5, -188.0], [661.5, -186.6]]}},
{"type": "Feature", "properties": {"level": "platform", "type": "wall", "platform": "10", "color": "#525252", "source": "PCIP Phase 1 Appendix A, sheet A-021, July 2019, PDF page 31"}, "geometry": {"type": "LineString", "coordinates": [[661.5, 211.4], [661.5, 229.1]]}},
{"type": "Feature", "properties": {"level": "platform", "type": "wall", "platform": "4", "color": "#525252", "source": "PCIP Phase 1 Appendix A, sheet A-021, July 2019, PDF page 31"}, "geometry": {"type": "LineString", "coordinates": [[661.7, -45.5], [686.1, -45.5]]}},
{"type": "Feature", "properties": {"level": "platform", "type": "wall", "platform": "4", "color": "#525252", "source": "PCIP Phase 1 Appendix A, sheet A-021, July 2019, PDF page 31"}, "geometry": {"type": "LineString", "coordinates": [[686.1, -42.6], [661.7, -42.7]]}},
{"type": "Feature", "properties": {"level": "platform", "type": "wall", "platform": "5", "color": "#525252", "source": "PCIP Phase 1 Appendix A, sheet A-021, July 2019, PDF page 31"}, "geometry": {"type": "LineString", "coordinates": [[661.7, -4.9], [704.2, -4.9], [705.0, -5.4]]}},
{"type": "Feature", "properties": {"level": "platform", "type": "wall", "platform": "5", "color": "#525252", "source": "PCIP Phase 1 Appendix A, sheet A-021, July 2019, PDF page 31"}, "geometry": {"type": "LineString", "coordinates": [[705.0, -1.7], [704.2, -2.1], [661.7, -2.1]]}},
{"type": "Feature", "properties": {"level": "platform", "type": "wall", "platform": "8", "color": "#525252", "source": "PCIP Phase 1 Appendix A, sheet A-021, July 2019, PDF page 31"}, "geometry": {"type": "LineString", "coordinates": [[662.7, 136.8], [663.0, 138.9], [664.1, 139.4], [662.0, 139.6]]}},
{"type": "Feature", "properties": {"level": "platform", "type": "wall", "platform": "1", "color": "#525252", "source": "PCIP Phase 1 Appendix A, sheet A-021, July 2019, PDF page 31"}, "geometry": {"type": "LineString", "coordinates": [[662.4, -188.0], [663.4, -188.0]]}},
{"type": "Feature", "properties": {"level": "platform", "type": "wall", "platform": "1", "color": "#525252", "source": "PCIP Phase 1 Appendix A, sheet A-021, July 2019, PDF page 31"}, "geometry": {"type": "LineString", "coordinates": [[662.4, -188.0], [662.4, -186.6]]}},
{"type": "Feature", "properties": {"level": "platform", "type": "wall", "platform": "1", "color": "#525252", "source": "PCIP Phase 1 Appendix A, sheet A-021, July 2019, PDF page 31"}, "geometry": {"type": "LineString", "coordinates": [[663.4, -186.6], [662.4, -186.6]]}},
{"type": "Feature", "properties": {"level": "platform", "type": "wall", "platform": "8", "color": "#525252", "source": "PCIP Phase 1 Appendix A, sheet A-021, July 2019, PDF page 31"}, "geometry": {"type": "LineString", "coordinates": [[662.4, 135.4], [662.7, 136.8]]}},
{"type": "Feature", "properties": {"level": "platform", "type": "wall", "platform": "10", "color": "#525252", "source": "PCIP Phase 1 Appendix A, sheet A-021, July 2019, PDF page 31"}, "geometry": {"type": "LineString", "coordinates": [[662.4, 211.4], [667.5, 211.4]]}},
{"type": "Feature", "properties": {"level": "platform", "type": "wall", "platform": "10", "color": "#525252", "source": "PCIP Phase 1 Appendix A, sheet A-021, July 2019, PDF page 31"}, "geometry": {"type": "LineString", "coordinates": [[662.4, 211.4], [662.4, 229.1]]}},
{"type": "Feature", "properties": {"level": "platform", "type": "wall", "platform": "10", "color": "#525252", "source": "PCIP Phase 1 Appendix A, sheet A-021, July 2019, PDF page 31"}, "geometry": {"type": "LineString", "coordinates": [[662.4, 229.1], [667.5, 229.1]]}},
{"type": "Feature", "properties": {"level": "platform", "type": "wall", "platform": "8", "color": "#525252", "source": "PCIP Phase 1 Appendix A, sheet A-021, July 2019, PDF page 31"}, "geometry": {"type": "LineString", "coordinates": [[662.6, 136.1], [668.8, 136.1], [668.8, 138.1], [668.1, 138.1], [668.1, 136.8], [662.7, 136.8]]}},
{"type": "Feature", "properties": {"level": "platform", "type": "wall", "platform": "8", "color": "#525252", "source": "PCIP Phase 1 Appendix A, sheet A-021, July 2019, PDF page 31"}, "geometry": {"type": "LineString", "coordinates": [[663.0, 140.1], [663.5, 142.2]]}},
{"type": "Feature", "properties": {"level": "platform", "type": "wall", "platform": "9", "color": "#525252", "source": "PCIP Phase 1 Appendix A, sheet A-021, July 2019, PDF page 31"}, "geometry": {"type": "LineString", "coordinates": [[664.0, 181.2], [664.1, 181.9], [665.4, 182.3], [663.3, 182.6]]}},
{"type": "Feature", "properties": {"level": "platform", "type": "wall", "platform": "1", "color": "#525252", "source": "PCIP Phase 1 Appendix A, sheet A-021, July 2019, PDF page 31"}, "geometry": {"type": "LineString", "coordinates": [[663.4, -188.0], [664.5, -188.0]]}},
{"type": "Feature", "properties": {"level": "platform", "type": "wall", "platform": "1", "color": "#525252", "source": "PCIP Phase 1 Appendix A, sheet A-021, July 2019, PDF page 31"}, "geometry": {"type": "LineString", "coordinates": [[663.4, -188.0], [663.4, -186.6]]}},
{"type": "Feature", "properties": {"level": "platform", "type": "wall", "platform": "1", "color": "#525252", "source": "PCIP Phase 1 Appendix A, sheet A-021, July 2019, PDF page 31"}, "geometry": {"type": "LineString", "coordinates": [[664.5, -186.6], [663.4, -186.6]]}},
{"type": "Feature", "properties": {"level": "platform", "type": "wall", "platform": "9", "color": "#525252", "source": "PCIP Phase 1 Appendix A, sheet A-021, July 2019, PDF page 31"}, "geometry": {"type": "LineString", "coordinates": [[663.4, 178.0], [663.8, 180.6]]}},
{"type": "Feature", "properties": {"level": "platform", "type": "wall", "platform": "8", "color": "#525252", "source": "PCIP Phase 1 Appendix A, sheet A-021, July 2019, PDF page 31"}, "geometry": {"type": "LineString", "coordinates": [[663.5, 142.2], [668.1, 142.2], [668.1, 141.1], [668.8, 141.1]]}},
{"type": "Feature", "properties": {"level": "platform", "type": "wall", "platform": "8", "color": "#525252", "source": "PCIP Phase 1 Appendix A, sheet A-021, July 2019, PDF page 31"}, "geometry": {"type": "LineString", "coordinates": [[663.5, 142.2], [663.9, 143.5]]}},
{"type": "Feature", "properties": {"level": "platform", "type": "wall", "platform": "8", "color": "#525252", "source": "PCIP Phase 1 Appendix A, sheet A-021, July 2019, PDF page 31"}, "geometry": {"type": "LineString", "coordinates": [[668.8, 141.1], [668.8, 142.8], [663.7, 142.8]]}},
{"type": "Feature", "properties": {"level": "platform", "type": "wall", "platform": "9", "color": "#525252", "source": "PCIP Phase 1 Appendix A, sheet A-021, July 2019, PDF page 31"}, "geometry": {"type": "LineString", "coordinates": [[663.8, 180.6], [671.4, 180.6], [671.4, 184.9], [664.8, 184.9]]}},
{"type": "Feature", "properties": {"level": "platform", "type": "wall", "platform": "9", "color": "#525252", "source": "PCIP Phase 1 Appendix A, sheet A-021, July 2019, PDF page 31"}, "geometry": {"type": "LineString", "coordinates": [[664.6, 184.2], [670.7, 184.2], [670.7, 181.2], [664.0, 181.2]]}},
{"type": "Feature", "properties": {"level": "platform", "type": "wall", "platform": "9", "color": "#525252", "source": "PCIP Phase 1 Appendix A, sheet A-021, July 2019, PDF page 31"}, "geometry": {"type": "LineString", "coordinates": [[664.3, 182.9], [664.6, 184.2]]}},
{"type": "Feature", "properties": {"level": "platform", "type": "wall", "platform": "1", "color": "#525252", "source": "PCIP Phase 1 Appendix A, sheet A-021, July 2019, PDF page 31"}, "geometry": {"type": "LineString", "coordinates": [[664.5, -188.0], [664.5, -186.6]]}},
{"type": "Feature", "properties": {"level": "platform", "type": "wall", "platform": "1", "color": "#525252", "source": "PCIP Phase 1 Appendix A, sheet A-021, July 2019, PDF page 31"}, "geometry": {"type": "LineString", "coordinates": [[665.4, -188.0], [666.4, -188.0]]}},
{"type": "Feature", "properties": {"level": "platform", "type": "wall", "platform": "1", "color": "#525252", "source": "PCIP Phase 1 Appendix A, sheet A-021, July 2019, PDF page 31"}, "geometry": {"type": "LineString", "coordinates": [[665.4, -188.0], [665.4, -186.6]]}},
{"type": "Feature", "properties": {"level": "platform", "type": "wall", "platform": "1", "color": "#525252", "source": "PCIP Phase 1 Appendix A, sheet A-021, July 2019, PDF page 31"}, "geometry": {"type": "LineString", "coordinates": [[666.4, -186.6], [665.4, -186.6]]}},
{"type": "Feature", "properties": {"level": "platform", "type": "wall", "platform": "1", "color": "#525252", "source": "PCIP Phase 1 Appendix A, sheet A-021, July 2019, PDF page 31"}, "geometry": {"type": "LineString", "coordinates": [[682.3, -186.0], [665.8, -186.0]]}},
{"type": "Feature", "properties": {"level": "platform", "type": "wall", "platform": "1", "color": "#525252", "source": "PCIP Phase 1 Appendix A, sheet A-021, July 2019, PDF page 31"}, "geometry": {"type": "LineString", "coordinates": [[665.8, -186.0], [665.8, -182.8]]}},
{"type": "Feature", "properties": {"level": "platform", "type": "wall", "platform": "1", "color": "#525252", "source": "PCIP Phase 1 Appendix A, sheet A-021, July 2019, PDF page 31"}, "geometry": {"type": "LineString", "coordinates": [[665.8, -182.8], [681.5, -182.8]]}},
{"type": "Feature", "properties": {"level": "platform", "type": "wall", "platform": "1", "color": "#525252", "source": "PCIP Phase 1 Appendix A, sheet A-021, July 2019, PDF page 31"}, "geometry": {"type": "LineString", "coordinates": [[665.8, -182.8], [665.8, -182.6], [681.5, -182.6]]}},
{"type": "Feature", "properties": {"level": "platform", "type": "wall", "platform": "1", "color": "#525252", "source": "PCIP Phase 1 Appendix A, sheet A-021, July 2019, PDF page 31"}, "geometry": {"type": "LineString", "coordinates": [[665.8, -179.3], [681.0, -179.3]]}},
{"type": "Feature", "properties": {"level": "platform", "type": "wall", "platform": "1", "color": "#525252", "source": "PCIP Phase 1 Appendix A, sheet A-021, July 2019, PDF page 31"}, "geometry": {"type": "LineString", "coordinates": [[665.8, -179.3], [665.8, -178.7], [680.9, -178.7]]}},
{"type": "Feature", "properties": {"level": "platform", "type": "wall", "platform": "1", "color": "#525252", "source": "PCIP Phase 1 Appendix A, sheet A-021, July 2019, PDF page 31"}, "geometry": {"type": "LineString", "coordinates": [[680.9, -179.6], [665.8, -179.6], [665.8, -179.3]]}},
{"type": "Feature", "properties": {"level": "platform", "type": "wall", "platform": "1", "color": "#525252", "source": "PCIP Phase 1 Appendix A, sheet A-021, July 2019, PDF page 31"}, "geometry": {"type": "LineString", "coordinates": [[666.4, -188.0], [667.5, -188.0]]}},
{"type": "Feature", "properties": {"level": "platform", "type": "wall", "platform": "1", "color": "#525252", "source": "PCIP Phase 1 Appendix A, sheet A-021, July 2019, PDF page 31"}, "geometry": {"type": "LineString", "coordinates": [[666.4, -188.0], [666.4, -186.6]]}},
{"type": "Feature", "properties": {"level": "platform", "type": "wall", "platform": "1", "color": "#525252", "source": "PCIP Phase 1 Appendix A, sheet A-021, July 2019, PDF page 31"}, "geometry": {"type": "LineString", "coordinates": [[667.5, -186.6], [666.4, -186.6]]}},
{"type": "Feature", "properties": {"level": "platform", "type": "wall", "platform": "1", "color": "#525252", "source": "PCIP Phase 1 Appendix A, sheet A-021, July 2019, PDF page 31"}, "geometry": {"type": "LineString", "coordinates": [[667.5, -188.0], [668.6, -188.0]]}},
{"type": "Feature", "properties": {"level": "platform", "type": "wall", "platform": "1", "color": "#525252", "source": "PCIP Phase 1 Appendix A, sheet A-021, July 2019, PDF page 31"}, "geometry": {"type": "LineString", "coordinates": [[667.5, -188.0], [667.5, -186.6]]}},
{"type": "Feature", "properties": {"level": "platform", "type": "wall", "platform": "1", "color": "#525252", "source": "PCIP Phase 1 Appendix A, sheet A-021, July 2019, PDF page 31"}, "geometry": {"type": "LineString", "coordinates": [[668.6, -186.6], [667.5, -186.6]]}},
{"type": "Feature", "properties": {"level": "platform", "type": "wall", "platform": "10", "color": "#525252", "source": "PCIP Phase 1 Appendix A, sheet A-021, July 2019, PDF page 31"}, "geometry": {"type": "LineString", "coordinates": [[667.5, 211.4], [667.5, 229.1]]}},
{"type": "Feature", "properties": {"level": "platform", "type": "wall", "platform": "3", "color": "#525252", "source": "PCIP Phase 1 Appendix A, sheet A-021, July 2019, PDF page 31"}, "geometry": {"type": "LineString", "coordinates": [[668.3, -87.8], [668.3, -84.6], [680.3, -84.6], [680.3, -85.2]]}},
{"type": "Feature", "properties": {"level": "platform", "type": "wall", "platform": "10", "color": "#525252", "source": "PCIP Phase 1 Appendix A, sheet A-021, July 2019, PDF page 31"}, "geometry": {"type": "LineString", "coordinates": [[668.3, 211.4], [669.4, 211.4]]}},
{"type": "Feature", "properties": {"level": "platform", "type": "wall", "platform": "10", "color": "#525252", "source": "PCIP Phase 1 Appendix A, sheet A-021, July 2019, PDF page 31"}, "geometry": {"type": "LineString", "coordinates": [[668.3, 211.4], [668.3, 229.1]]}},
{"type": "Feature", "properties": {"level": "platform", "type": "wall", "platform": "10", "color": "#525252", "source": "PCIP Phase 1 Appendix A, sheet A-021, July 2019, PDF page 31"}, "geometry": {"type": "LineString", "coordinates": [[668.3, 229.1], [669.4, 229.1]]}},
{"type": "Feature", "properties": {"level": "platform", "type": "wall", "platform": "1", "color": "#525252", "source": "PCIP Phase 1 Appendix A, sheet A-021, July 2019, PDF page 31"}, "geometry": {"type": "LineString", "coordinates": [[668.6, -188.0], [668.6, -186.6]]}},
{"type": "Feature", "properties": {"level": "platform", "type": "wall", "platform": "1", "color": "#525252", "source": "PCIP Phase 1 Appendix A, sheet A-021, July 2019, PDF page 31"}, "geometry": {"type": "LineString", "coordinates": [[669.4, -188.0], [670.5, -188.0]]}},
{"type": "Feature", "properties": {"level": "platform", "type": "wall", "platform": "1", "color": "#525252", "source": "PCIP Phase 1 Appendix A, sheet A-021, July 2019, PDF page 31"}, "geometry": {"type": "LineString", "coordinates": [[669.4, -188.0], [669.4, -186.6]]}},
{"type": "Feature", "properties": {"level": "platform", "type": "wall", "platform": "1", "color": "#525252", "source": "PCIP Phase 1 Appendix A, sheet A-021, July 2019, PDF page 31"}, "geometry": {"type": "LineString", "coordinates": [[670.5, -186.6], [669.4, -186.6]]}},
{"type": "Feature", "properties": {"level": "platform", "type": "wall", "platform": "10", "color": "#525252", "source": "PCIP Phase 1 Appendix A, sheet A-021, July 2019, PDF page 31"}, "geometry": {"type": "LineString", "coordinates": [[669.4, 211.4], [670.5, 211.4]]}},
{"type": "Feature", "properties": {"level": "platform", "type": "wall", "platform": "10", "color": "#525252", "source": "PCIP Phase 1 Appendix A, sheet A-021, July 2019, PDF page 31"}, "geometry": {"type": "LineString", "coordinates": [[669.4, 211.4], [669.4, 229.1]]}},
{"type": "Feature", "properties": {"level": "platform", "type": "wall", "platform": "10", "color": "#525252", "source": "PCIP Phase 1 Appendix A, sheet A-021, July 2019, PDF page 31"}, "geometry": {"type": "LineString", "coordinates": [[669.4, 229.1], [670.5, 229.1]]}},
{"type": "Feature", "properties": {"level": "platform", "type": "wall", "platform": "1", "color": "#525252", "source": "PCIP Phase 1 Appendix A, sheet A-021, July 2019, PDF page 31"}, "geometry": {"type": "LineString", "coordinates": [[670.5, -188.0], [671.5, -188.0]]}},
{"type": "Feature", "properties": {"level": "platform", "type": "wall", "platform": "1", "color": "#525252", "source": "PCIP Phase 1 Appendix A, sheet A-021, July 2019, PDF page 31"}, "geometry": {"type": "LineString", "coordinates": [[670.5, -188.0], [670.5, -186.6]]}},
{"type": "Feature", "properties": {"level": "platform", "type": "wall", "platform": "1", "color": "#525252", "source": "PCIP Phase 1 Appendix A, sheet A-021, July 2019, PDF page 31"}, "geometry": {"type": "LineString", "coordinates": [[671.5, -186.6], [670.5, -186.6]]}},
{"type": "Feature", "properties": {"level": "platform", "type": "wall", "platform": "10", "color": "#525252", "source": "PCIP Phase 1 Appendix A, sheet A-021, July 2019, PDF page 31"}, "geometry": {"type": "LineString", "coordinates": [[670.5, 211.4], [671.5, 211.4]]}},
{"type": "Feature", "properties": {"level": "platform", "type": "wall", "platform": "10", "color": "#525252", "source": "PCIP Phase 1 Appendix A, sheet A-021, July 2019, PDF page 31"}, "geometry": {"type": "LineString", "coordinates": [[670.5, 211.4], [670.5, 229.1]]}},
{"type": "Feature", "properties": {"level": "platform", "type": "wall", "platform": "10", "color": "#525252", "source": "PCIP Phase 1 Appendix A, sheet A-021, July 2019, PDF page 31"}, "geometry": {"type": "LineString", "coordinates": [[671.4, 229.1], [672.4, 229.1]]}},
{"type": "Feature", "properties": {"level": "platform", "type": "wall", "platform": "10", "color": "#525252", "source": "PCIP Phase 1 Appendix A, sheet A-021, July 2019, PDF page 31"}, "geometry": {"type": "LineString", "coordinates": [[671.5, 211.4], [671.4, 229.1]]}},
{"type": "Feature", "properties": {"level": "platform", "type": "wall", "platform": "1", "color": "#525252", "source": "PCIP Phase 1 Appendix A, sheet A-021, July 2019, PDF page 31"}, "geometry": {"type": "LineString", "coordinates": [[671.5, -188.0], [671.5, -186.6]]}},
{"type": "Feature", "properties": {"level": "platform", "type": "wall", "platform": "6", "color": "#525252", "source": "PCIP Phase 1 Appendix A, sheet A-021, July 2019, PDF page 31"}, "geometry": {"type": "LineString", "coordinates": [[671.8, 42.3], [690.9, 42.3]]}},
{"type": "Feature", "properties": {"level": "platform", "type": "wall", "platform": "6", "color": "#525252", "source": "PCIP Phase 1 Appendix A, sheet A-021, July 2019, PDF page 31"}, "geometry": {"type": "LineString", "coordinates": [[671.8, 42.3], [673.4, 42.7]]}},
{"type": "Feature", "properties": {"level": "platform", "type": "wall", "platform": "6", "color": "#525252", "source": "PCIP Phase 1 Appendix A, sheet A-021, July 2019, PDF page 31"}, "geometry": {"type": "LineString", "coordinates": [[671.8, 42.3], [671.5, 42.3], [671.5, 42.0], [672.2, 42.0]]}},
{"type": "Feature", "properties": {"level": "platform", "type": "wall", "platform": "6", "color": "#525252", "source": "PCIP Phase 1 Appendix A, sheet A-021, July 2019, PDF page 31"}, "geometry": {"type": "LineString", "coordinates": [[690.3, 45.7], [671.8, 45.7]]}},
{"type": "Feature", "properties": {"level": "platform", "type": "wall", "platform": "6", "color": "#525252", "source": "PCIP Phase 1 Appendix A, sheet A-021, July 2019, PDF page 31"}, "geometry": {"type": "LineString", "coordinates": [[691.1, 42.0], [691.2, 42.0], [695.6, 42.0], [695.6, 45.8], [690.3, 45.8], [690.1, 45.8], [671.5, 45.8], [671.5, 45.7], [671.8, 45.7]]}},
{"type": "Feature", "properties": {"level": "platform", "type": "wall", "platform": "6", "color": "#525252", "source": "PCIP Phase 1 Appendix A, sheet A-021, July 2019, PDF page 31"}, "geometry": {"type": "LineString", "coordinates": [[673.4, 45.2], [671.8, 45.7]]}},
{"type": "Feature", "properties": {"level": "platform", "type": "wall", "platform": "6", "color": "#525252", "source": "PCIP Phase 1 Appendix A, sheet A-021, July 2019, PDF page 31"}, "geometry": {"type": "LineString", "coordinates": [[672.2, 42.0], [691.1, 42.0]]}},
{"type": "Feature", "properties": {"level": "platform", "type": "wall", "platform": "6", "color": "#525252", "source": "PCIP Phase 1 Appendix A, sheet A-021, July 2019, PDF page 31"}, "geometry": {"type": "LineString", "coordinates": [[672.2, 42.0], [672.2, 41.4], [691.2, 41.4]]}},
{"type": "Feature", "properties": {"level": "platform", "type": "wall", "platform": "1", "color": "#525252", "source": "PCIP Phase 1 Appendix A, sheet A-021, July 2019, PDF page 31"}, "geometry": {"type": "LineString", "coordinates": [[672.4, -188.0], [673.4, -188.0]]}},
{"type": "Feature", "properties": {"level": "platform", "type": "wall", "platform": "1", "color": "#525252", "source": "PCIP Phase 1 Appendix A, sheet A-021, July 2019, PDF page 31"}, "geometry": {"type": "LineString", "coordinates": [[672.4, -188.0], [672.4, -186.6]]}},
{"type": "Feature", "properties": {"level": "platform", "type": "wall", "platform": "1", "color": "#525252", "source": "PCIP Phase 1 Appendix A, sheet A-021, July 2019, PDF page 31"}, "geometry": {"type": "LineString", "coordinates": [[673.4, -186.6], [672.4, -186.6]]}},
{"type": "Feature", "properties": {"level": "platform", "type": "wall", "platform": "10", "color": "#525252", "source": "PCIP Phase 1 Appendix A, sheet A-021, July 2019, PDF page 31"}, "geometry": {"type": "LineString", "coordinates": [[672.4, 211.4], [672.4, 229.1]]}},
{"type": "Feature", "properties": {"level": "platform", "type": "wall", "platform": "10", "color": "#525252", "source": "PCIP Phase 1 Appendix A, sheet A-021, July 2019, PDF page 31"}, "geometry": {"type": "LineString", "coordinates": [[672.4, 229.1], [673.4, 229.1]]}},
{"type": "Feature", "properties": {"level": "platform", "type": "wall", "platform": "10", "color": "#525252", "source": "PCIP Phase 1 Appendix A, sheet A-021, July 2019, PDF page 31"}, "geometry": {"type": "LineString", "coordinates": [[672.6, 210.1], [672.9, 212.2]]}},
{"type": "Feature", "properties": {"level": "platform", "type": "wall", "platform": "10", "color": "#525252", "source": "PCIP Phase 1 Appendix A, sheet A-021, July 2019, PDF page 31"}, "geometry": {"type": "LineString", "coordinates": [[672.9, 212.2], [689.0, 212.2], [689.0, 232.9], [687.5, 232.9]]}},
{"type": "Feature", "properties": {"level": "platform", "type": "wall", "platform": "10", "color": "#525252", "source": "PCIP Phase 1 Appendix A, sheet A-021, July 2019, PDF page 31"}, "geometry": {"type": "LineString", "coordinates": [[672.9, 212.2], [673.9, 219.6], [674.9, 219.9]]}},
{"type": "Feature", "properties": {"level": "platform", "type": "wall", "platform": "1", "color": "#525252", "source": "PCIP Phase 1 Appendix A, sheet A-021, July 2019, PDF page 31"}, "geometry": {"type": "LineString", "coordinates": [[673.4, -188.0], [674.6, -188.0]]}},
{"type": "Feature", "properties": {"level": "platform", "type": "wall", "platform": "1", "color": "#525252", "source": "PCIP Phase 1 Appendix A, sheet A-021, July 2019, PDF page 31"}, "geometry": {"type": "LineString", "coordinates": [[673.4, -188.0], [673.4, -186.6]]}},
{"type": "Feature", "properties": {"level": "platform", "type": "wall", "platform": "1", "color": "#525252", "source": "PCIP Phase 1 Appendix A, sheet A-021, July 2019, PDF page 31"}, "geometry": {"type": "LineString", "coordinates": [[674.6, -186.6], [673.4, -186.6]]}},
{"type": "Feature", "properties": {"level": "platform", "type": "wall", "platform": "10", "color": "#525252", "source": "PCIP Phase 1 Appendix A, sheet A-021, July 2019, PDF page 31"}, "geometry": {"type": "LineString", "coordinates": [[673.4, 216.7], [673.4, 220.2]]}},
{"type": "Feature", "properties": {"level": "platform", "type": "wall", "platform": "10", "color": "#525252", "source": "PCIP Phase 1 Appendix A, sheet A-021, July 2019, PDF page 31"}, "geometry": {"type": "LineString", "coordinates": [[673.4, 220.2], [672.8, 220.3], [673.4, 220.4]]}},
{"type": "Feature", "properties": {"level": "platform", "type": "wall", "platform": "10", "color": "#525252", "source": "PCIP Phase 1 Appendix A, sheet A-021, July 2019, PDF page 31"}, "geometry": {"type": "LineString", "coordinates": [[674.9, 219.9], [673.4, 220.2]]}},
{"type": "Feature", "properties": {"level": "platform", "type": "wall", "platform": "10", "color": "#525252", "source": "PCIP Phase 1 Appendix A, sheet A-021, July 2019, PDF page 31"}, "geometry": {"type": "LineString", "coordinates": [[673.4, 220.4], [674.1, 220.5], [674.5, 225.4]]}},
{"type": "Feature", "properties": {"level": "platform", "type": "wall", "platform": "10", "color": "#525252", "source": "PCIP Phase 1 Appendix A, sheet A-021, July 2019, PDF page 31"}, "geometry": {"type": "LineString", "coordinates": [[673.4, 220.4], [673.4, 229.1]]}},
{"type": "Feature", "properties": {"level": "platform", "type": "wall", "platform": "10", "color": "#525252", "source": "PCIP Phase 1 Appendix A, sheet A-021, July 2019, PDF page 31"}, "geometry": {"type": "LineString", "coordinates": [[673.9, 212.9], [673.9, 219.2], [674.6, 219.2]]}},
{"type": "Feature", "properties": {"level": "platform", "type": "wall", "platform": "10", "color": "#525252", "source": "PCIP Phase 1 Appendix A, sheet A-021, July 2019, PDF page 31"}, "geometry": {"type": "LineString", "coordinates": [[674.9, 219.9], [673.9, 219.9]]}},
{"type": "Feature", "properties": {"level": "platform", "type": "wall", "platform": "10", "color": "#525252", "source": "PCIP Phase 1 Appendix A, sheet A-021, July 2019, PDF page 31"}, "geometry": {"type": "LineString", "coordinates": [[674.5, 225.4], [674.3, 229.1]]}},
{"type": "Feature", "properties": {"level": "platform", "type": "wall", "platform": "10", "color": "#525252", "source": "PCIP Phase 1 Appendix A, sheet A-021, July 2019, PDF page 31"}, "geometry": {"type": "LineString", "coordinates": [[674.5, 225.4], [674.8, 229.5]]}},
{"type": "Feature", "properties": {"level": "platform", "type": "wall", "platform": "10", "color": "#525252", "source": "PCIP Phase 1 Appendix A, sheet A-021, July 2019, PDF page 31"}, "geometry": {"type": "LineString", "coordinates": [[674.6, 224.4], [674.5, 225.4]]}},
{"type": "Feature", "properties": {"level": "platform", "type": "wall", "platform": "1", "color": "#525252", "source": "PCIP Phase 1 Appendix A, sheet A-021, July 2019, PDF page 31"}, "geometry": {"type": "LineString", "coordinates": [[674.6, -188.0], [674.6, -186.6]]}},
{"type": "Feature", "properties": {"level": "platform", "type": "wall", "platform": "10", "color": "#525252", "source": "PCIP Phase 1 Appendix A, sheet A-021, July 2019, PDF page 31"}, "geometry": {"type": "LineString", "coordinates": [[674.6, 212.9], [688.4, 212.9], [688.4, 219.2]]}},
{"type": "Feature", "properties": {"level": "platform", "type": "wall", "platform": "10", "color": "#525252", "source": "PCIP Phase 1 Appendix A, sheet A-021, July 2019, PDF page 31"}, "geometry": {"type": "LineString", "coordinates": [[674.6, 212.9], [674.6, 219.2]]}},
{"type": "Feature", "properties": {"level": "platform", "type": "wall", "platform": "10", "color": "#525252", "source": "PCIP Phase 1 Appendix A, sheet A-021, July 2019, PDF page 31"}, "geometry": {"type": "LineString", "coordinates": [[688.4, 219.2], [674.6, 219.2]]}},
{"type": "Feature", "properties": {"level": "platform", "type": "wall", "platform": "10", "color": "#525252", "source": "PCIP Phase 1 Appendix A, sheet A-021, July 2019, PDF page 31"}, "geometry": {"type": "LineString", "coordinates": [[680.9, 231.0], [680.9, 229.5], [674.9, 229.5], [674.8, 229.5]]}},
{"type": "Feature", "properties": {"level": "platform", "type": "wall", "platform": "10", "color": "#525252", "source": "PCIP Phase 1 Appendix A, sheet A-021, July 2019, PDF page 31"}, "geometry": {"type": "LineString", "coordinates": [[674.8, 229.5], [674.9, 230.8]]}},
{"type": "Feature", "properties": {"level": "platform", "type": "wall", "platform": "10", "color": "#525252", "source": "PCIP Phase 1 Appendix A, sheet A-021, July 2019, PDF page 31"}, "geometry": {"type": "LineString", "coordinates": [[688.4, 219.9], [674.9, 219.9]]}},
{"type": "Feature", "properties": {"level": "platform", "type": "wall", "platform": "10", "color": "#525252", "source": "PCIP Phase 1 Appendix A, sheet A-021, July 2019, PDF page 31"}, "geometry": {"type": "LineString", "coordinates": [[681.5, 231.0], [681.5, 228.9], [674.9, 228.9]]}},
{"type": "Feature", "properties": {"level": "platform", "type": "wall", "platform": "1", "color": "#525252", "source": "PCIP Phase 1 Appendix A, sheet A-021, July 2019, PDF page 31"}, "geometry": {"type": "LineString", "coordinates": [[675.4, -188.0], [676.5, -188.0]]}},
{"type": "Feature", "properties": {"level": "platform", "type": "wall", "platform": "1", "color": "#525252", "source": "PCIP Phase 1 Appendix A, sheet A-021, July 2019, PDF page 31"}, "geometry": {"type": "LineString", "coordinates": [[675.4, -188.0], [675.4, -186.6]]}},
{"type": "Feature", "properties": {"level": "platform", "type": "wall", "platform": "1", "color": "#525252", "source": "PCIP Phase 1 Appendix A, sheet A-021, July 2019, PDF page 31"}, "geometry": {"type": "LineString", "coordinates": [[676.5, -186.6], [675.4, -186.6]]}},
{"type": "Feature", "properties": {"level": "platform", "type": "wall", "platform": "1", "color": "#525252", "source": "PCIP Phase 1 Appendix A, sheet A-021, July 2019, PDF page 31"}, "geometry": {"type": "LineString", "coordinates": [[676.5, -188.0], [677.5, -188.0]]}},
{"type": "Feature", "properties": {"level": "platform", "type": "wall", "platform": "1", "color": "#525252", "source": "PCIP Phase 1 Appendix A, sheet A-021, July 2019, PDF page 31"}, "geometry": {"type": "LineString", "coordinates": [[676.5, -188.0], [676.5, -186.6]]}},
{"type": "Feature", "properties": {"level": "platform", "type": "wall", "platform": "1", "color": "#525252", "source": "PCIP Phase 1 Appendix A, sheet A-021, July 2019, PDF page 31"}, "geometry": {"type": "LineString", "coordinates": [[677.5, -186.6], [676.5, -186.6]]}},
{"type": "Feature", "properties": {"level": "platform", "type": "wall", "platform": "1", "color": "#525252", "source": "PCIP Phase 1 Appendix A, sheet A-021, July 2019, PDF page 31"}, "geometry": {"type": "LineString", "coordinates": [[677.5, -188.0], [677.5, -186.6]]}},
{"type": "Feature", "properties": {"level": "platform", "type": "wall", "platform": "1", "color": "#525252", "source": "PCIP Phase 1 Appendix A, sheet A-021, July 2019, PDF page 31"}, "geometry": {"type": "LineString", "coordinates": [[678.4, -188.0], [679.4, -188.0]]}},
{"type": "Feature", "properties": {"level": "platform", "type": "wall", "platform": "1", "color": "#525252", "source": "PCIP Phase 1 Appendix A, sheet A-021, July 2019, PDF page 31"}, "geometry": {"type": "LineString", "coordinates": [[678.4, -188.0], [678.4, -186.6]]}},
{"type": "Feature", "properties": {"level": "platform", "type": "wall", "platform": "1", "color": "#525252", "source": "PCIP Phase 1 Appendix A, sheet A-021, July 2019, PDF page 31"}, "geometry": {"type": "LineString", "coordinates": [[679.4, -186.6], [678.4, -186.6]]}},
{"type": "Feature", "properties": {"level": "platform", "type": "wall", "platform": "1", "color": "#525252", "source": "PCIP Phase 1 Appendix A, sheet A-021, July 2019, PDF page 31"}, "geometry": {"type": "LineString", "coordinates": [[679.4, -188.0], [680.5, -188.0]]}},
{"type": "Feature", "properties": {"level": "platform", "type": "wall", "platform": "1", "color": "#525252", "source": "PCIP Phase 1 Appendix A, sheet A-021, July 2019, PDF page 31"}, "geometry": {"type": "LineString", "coordinates": [[679.4, -188.0], [679.4, -186.6]]}},
{"type": "Feature", "properties": {"level": "platform", "type": "wall", "platform": "1", "color": "#525252", "source": "PCIP Phase 1 Appendix A, sheet A-021, July 2019, PDF page 31"}, "geometry": {"type": "LineString", "coordinates": [[680.5, -186.6], [679.4, -186.6]]}},
{"type": "Feature", "properties": {"level": "platform", "type": "wall", "platform": "3", "color": "#525252", "source": "PCIP Phase 1 Appendix A, sheet A-021, July 2019, PDF page 31"}, "geometry": {"type": "LineString", "coordinates": [[680.3, -88.9], [698.4, -88.9]]}},
{"type": "Feature", "properties": {"level": "platform", "type": "wall", "platform": "3", "color": "#525252", "source": "PCIP Phase 1 Appendix A, sheet A-021, July 2019, PDF page 31"}, "geometry": {"type": "LineString", "coordinates": [[680.3, -88.9], [680.3, -85.2]]}},
{"type": "Feature", "properties": {"level": "platform", "type": "enclosure", "platform": "3", "color": "#525252", "source": "PCIP Phase 1 Appendix A, sheet A-021, July 2019, PDF page 31"}, "geometry": {"type": "Polygon", "coordinates": [[[680.3, -88.9], [673.0, -88.9], [673.0, -92.7], [670.9, -94.9], [658.1, -94.9], [658.1, -95.5], [671.4, -95.5], [677.1, -89.5], [680.3, -89.5], [680.3, -88.9]]]}},
{"type": "Feature", "properties": {"level": "platform", "type": "wall", "platform": "3", "color": "#525252", "source": "PCIP Phase 1 Appendix A, sheet A-021, July 2019, PDF page 31"}, "geometry": {"type": "LineString", "coordinates": [[680.3, -85.2], [701.0, -85.2]]}},
{"type": "Feature", "properties": {"level": "platform", "type": "wall", "platform": "1", "color": "#525252", "source": "PCIP Phase 1 Appendix A, sheet A-021, July 2019, PDF page 31"}, "geometry": {"type": "LineString", "coordinates": [[680.5, -188.0], [681.5, -188.0]]}},
{"type": "Feature", "properties": {"level": "platform", "type": "wall", "platform": "1", "color": "#525252", "source": "PCIP Phase 1 Appendix A, sheet A-021, July 2019, PDF page 31"}, "geometry": {"type": "LineString", "coordinates": [[680.5, -188.0], [680.5, -186.6]]}},
{"type": "Feature", "properties": {"level": "platform", "type": "wall", "platform": "1", "color": "#525252", "source": "PCIP Phase 1 Appendix A, sheet A-021, July 2019, PDF page 31"}, "geometry": {"type": "LineString", "coordinates": [[681.5, -186.6], [680.5, -186.6]]}},
{"type": "Feature", "properties": {"level": "platform", "type": "wall", "platform": "1", "color": "#525252", "source": "PCIP Phase 1 Appendix A, sheet A-021, July 2019, PDF page 31"}, "geometry": {"type": "LineString", "coordinates": [[681.0, -179.3], [685.6, -179.3], [685.6, -188.3], [683.1, -188.3]]}},
{"type": "Feature", "properties": {"level": "platform", "type": "wall", "platform": "1", "color": "#525252", "source": "PCIP Phase 1 Appendix A, sheet A-021, July 2019, PDF page 31"}, "geometry": {"type": "LineString", "coordinates": [[681.0, -179.3], [681.8, -183.7], [682.8, -184.0], [680.8, -184.3], [682.0, -184.7], [682.3, -186.0]]}},
{"type": "Feature", "properties": {"level": "platform", "type": "wall", "platform": "1", "color": "#525252", "source": "PCIP Phase 1 Appendix A, sheet A-021, July 2019, PDF page 31"}, "geometry": {"type": "LineString", "coordinates": [[681.5, -188.0], [681.5, -186.6]]}},
{"type": "Feature", "properties": {"level": "platform", "type": "wall", "platform": "1", "color": "#525252", "source": "PCIP Phase 1 Appendix A, sheet A-021, July 2019, PDF page 31"}, "geometry": {"type": "LineString", "coordinates": [[682.3, -186.0], [683.0, -188.1]]}},
{"type": "Feature", "properties": {"level": "platform", "type": "wall", "platform": "1", "color": "#525252", "source": "PCIP Phase 1 Appendix A, sheet A-021, July 2019, PDF page 31"}, "geometry": {"type": "LineString", "coordinates": [[682.4, -188.0], [682.4, -186.6]]}},
{"type": "Feature", "properties": {"level": "platform", "type": "wall", "platform": "10", "color": "#525252", "source": "PCIP Phase 1 Appendix A, sheet A-021, July 2019, PDF page 31"}, "geometry": {"type": "LineString", "coordinates": [[682.8, 232.3], [684.6, 232.3], [684.6, 232.9], [682.8, 232.9]]}},
{"type": "Feature", "properties": {"level": "platform", "type": "wall", "platform": "2", "color": "#525252", "source": "PCIP Phase 1 Appendix A, sheet A-021, July 2019, PDF page 31"}, "geometry": {"type": "LineString", "coordinates": [[685.0, -138.0], [685.0, -135.2]]}},
{"type": "Feature", "properties": {"level": "platform", "type": "wall", "platform": "2", "color": "#525252", "source": "PCIP Phase 1 Appendix A, sheet A-021, July 2019, PDF page 31"}, "geometry": {"type": "LineString", "coordinates": [[704.4, -134.8], [685.7, -134.8]]}},
{"type": "Feature", "properties": {"level": "platform", "type": "wall", "platform": "2", "color": "#525252", "source": "PCIP Phase 1 Appendix A, sheet A-021, July 2019, PDF page 31"}, "geometry": {"type": "LineString", "coordinates": [[696.3, -135.2], [685.7, -135.2]]}},
{"type": "Feature", "properties": {"level": "platform", "type": "wall", "platform": "2", "color": "#525252", "source": "PCIP Phase 1 Appendix A, sheet A-021, July 2019, PDF page 31"}, "geometry": {"type": "LineString", "coordinates": [[685.7, -135.2], [685.8, -138.0]]}},
{"type": "Feature", "properties": {"level": "platform", "type": "wall", "platform": "2", "color": "#525252", "source": "PCIP Phase 1 Appendix A, sheet A-021, July 2019, PDF page 31"}, "geometry": {"type": "LineString", "coordinates": [[685.8, -138.0], [696.5, -138.0]]}},
{"type": "Feature", "properties": {"level": "platform", "type": "wall", "platform": "2", "color": "#525252", "source": "PCIP Phase 1 Appendix A, sheet A-021, July 2019, PDF page 31"}, "geometry": {"type": "LineString", "coordinates": [[685.8, -138.4], [692.8, -138.4]]}},
{"type": "Feature", "properties": {"level": "platform", "type": "wall", "platform": "4", "color": "#525252", "source": "PCIP Phase 1 Appendix A, sheet A-021, July 2019, PDF page 31"}, "geometry": {"type": "LineString", "coordinates": [[705.0, -45.9], [706.3, -45.9], [706.3, -46.1], [686.1, -46.1]]}},
{"type": "Feature", "properties": {"level": "platform", "type": "wall", "platform": "4", "color": "#525252", "source": "PCIP Phase 1 Appendix A, sheet A-021, July 2019, PDF page 31"}, "geometry": {"type": "LineString", "coordinates": [[686.1, -45.9], [705.0, -45.9]]}},
{"type": "Feature", "properties": {"level": "platform", "type": "wall", "platform": "4", "color": "#525252", "source": "PCIP Phase 1 Appendix A, sheet A-021, July 2019, PDF page 31"}, "geometry": {"type": "LineString", "coordinates": [[686.1, -45.5], [704.2, -45.5], [705.0, -45.9]]}},
{"type": "Feature", "properties": {"level": "platform", "type": "wall", "platform": "4", "color": "#525252", "source": "PCIP Phase 1 Appendix A, sheet A-021, July 2019, PDF page 31"}, "geometry": {"type": "LineString", "coordinates": [[686.1, -45.5], [686.1, -42.6]]}},
{"type": "Feature", "properties": {"level": "platform", "type": "wall", "platform": "4", "color": "#525252", "source": "PCIP Phase 1 Appendix A, sheet A-021, July 2019, PDF page 31"}, "geometry": {"type": "LineString", "coordinates": [[705.0, -42.3], [704.2, -42.5], [686.1, -42.6]]}},
{"type": "Feature", "properties": {"level": "platform", "type": "wall", "platform": "4", "color": "#525252", "source": "PCIP Phase 1 Appendix A, sheet A-021, July 2019, PDF page 31"}, "geometry": {"type": "LineString", "coordinates": [[705.0, -42.3], [686.1, -42.3]]}},
{"type": "Feature", "properties": {"level": "platform", "type": "wall", "platform": "4", "color": "#525252", "source": "PCIP Phase 1 Appendix A, sheet A-021, July 2019, PDF page 31"}, "geometry": {"type": "LineString", "coordinates": [[686.1, -42.1], [706.3, -42.1], [706.3, -42.3], [705.0, -42.3]]}},
{"type": "Feature", "properties": {"level": "platform", "type": "enclosure", "platform": "4", "color": "#525252", "source": "PCIP Phase 1 Appendix A, sheet A-021, July 2019, PDF page 31"}, "geometry": {"type": "Polygon", "coordinates": [[[686.1, -42.1], [686.1, -41.2], [650.0, -41.5], [650.0, -42.1], [686.1, -42.1]]]}},
{"type": "Feature", "properties": {"level": "platform", "type": "wall", "platform": "10", "color": "#525252", "source": "PCIP Phase 1 Appendix A, sheet A-021, July 2019, PDF page 31"}, "geometry": {"type": "LineString", "coordinates": [[688.4, 219.9], [688.4, 232.3], [687.5, 232.3], [687.5, 232.9]]}},
{"type": "Feature", "properties": {"level": "platform", "type": "wall", "platform": "6", "color": "#525252", "source": "PCIP Phase 1 Appendix A, sheet A-021, July 2019, PDF page 31"}, "geometry": {"type": "LineString", "coordinates": [[690.5, 44.6], [691.8, 44.2], [689.7, 43.9]]}},
{"type": "Feature", "properties": {"level": "platform", "type": "wall", "platform": "6", "color": "#525252", "source": "PCIP Phase 1 Appendix A, sheet A-021, July 2019, PDF page 31"}, "geometry": {"type": "LineString", "coordinates": [[690.1, 46.5], [696.3, 46.5], [696.3, 41.4], [691.2, 41.4]]}},
{"type": "Feature", "properties": {"level": "platform", "type": "wall", "platform": "6", "color": "#525252", "source": "PCIP Phase 1 Appendix A, sheet A-021, July 2019, PDF page 31"}, "geometry": {"type": "LineString", "coordinates": [[690.8, 43.5], [691.1, 42.0]]}},
{"type": "Feature", "properties": {"level": "platform", "type": "wall", "platform": "2", "color": "#525252", "source": "PCIP Phase 1 Appendix A, sheet A-021, July 2019, PDF page 31"}, "geometry": {"type": "LineString", "coordinates": [[692.8, -142.4], [703.7, -142.4]]}},
{"type": "Feature", "properties": {"level": "platform", "type": "wall", "platform": "2", "color": "#525252", "source": "PCIP Phase 1 Appendix A, sheet A-021, July 2019, PDF page 31"}, "geometry": {"type": "LineString", "coordinates": [[692.8, -142.4], [692.1, -142.4], [703.7, -142.2]]}},
{"type": "Feature", "properties": {"level": "platform", "type": "wall", "platform": "2", "color": "#525252", "source": "PCIP Phase 1 Appendix A, sheet A-021, July 2019, PDF page 31"}, "geometry": {"type": "LineString", "coordinates": [[692.8, -142.4], [692.8, -143.3], [710.0, -143.1], [710.0, -138.4], [704.4, -138.4], [692.8, -138.4]]}},
{"type": "Feature", "properties": {"level": "platform", "type": "wall", "platform": "2", "color": "#525252", "source": "PCIP Phase 1 Appendix A, sheet A-021, July 2019, PDF page 31"}, "geometry": {"type": "LineString", "coordinates": [[702.9, -139.0], [692.8, -139.0]]}},
{"type": "Feature", "properties": {"level": "platform", "type": "wall", "platform": "11", "color": "#525252", "source": "PCIP Phase 1 Appendix A, sheet A-021, July 2019, PDF page 31"}, "geometry": {"type": "LineString", "coordinates": [[694.7, 281.1], [710.6, 281.1], [710.6, 280.7], [696.9, 280.7]]}},
{"type": "Feature", "properties": {"level": "platform", "type": "wall", "platform": "11", "color": "#525252", "source": "PCIP Phase 1 Appendix A, sheet A-021, July 2019, PDF page 31"}, "geometry": {"type": "LineString", "coordinates": [[694.8, 280.5], [688.6, 280.5], [688.6, 279.6], [688.0, 279.6], [688.0, 281.1], [694.7, 281.1]]}},
{"type": "Feature", "properties": {"level": "platform", "type": "wall", "platform": "11", "color": "#525252", "source": "PCIP Phase 1 Appendix A, sheet A-021, July 2019, PDF page 31"}, "geometry": {"type": "LineString", "coordinates": [[696.1, 280.7], [694.8, 280.7]]}},
{"type": "Feature", "properties": {"level": "platform", "type": "wall", "platform": "11", "color": "#525252", "source": "PCIP Phase 1 Appendix A, sheet A-021, July 2019, PDF page 31"}, "geometry": {"type": "LineString", "coordinates": [[696.1, 279.0], [695.0, 279.2], [694.8, 280.5]]}},
{"type": "Feature", "properties": {"level": "platform", "type": "wall", "platform": "11", "color": "#525252", "source": "PCIP Phase 1 Appendix A, sheet A-021, July 2019, PDF page 31"}, "geometry": {"type": "LineString", "coordinates": [[695.8, 274.5], [688.0, 274.5], [688.0, 276.7], [688.6, 276.7], [688.6, 275.2], [695.6, 275.2]]}},
{"type": "Feature", "properties": {"level": "platform", "type": "wall", "platform": "11", "color": "#525252", "source": "PCIP Phase 1 Appendix A, sheet A-021, July 2019, PDF page 31"}, "geometry": {"type": "LineString", "coordinates": [[695.7, 274.9], [695.2, 278.3], [694.0, 278.6], [696.1, 279.0]]}},
{"type": "Feature", "properties": {"level": "platform", "type": "wall", "platform": "11", "color": "#525252", "source": "PCIP Phase 1 Appendix A, sheet A-021, July 2019, PDF page 31"}, "geometry": {"type": "LineString", "coordinates": [[697.1, 274.9], [710.6, 274.9], [710.6, 274.5], [695.8, 274.5]]}},
{"type": "Feature", "properties": {"level": "platform", "type": "wall", "platform": "11", "color": "#525252", "source": "PCIP Phase 1 Appendix A, sheet A-021, July 2019, PDF page 31"}, "geometry": {"type": "LineString", "coordinates": [[697.1, 274.9], [696.1, 274.9]]}},
{"type": "Feature", "properties": {"level": "platform", "type": "wall", "platform": "11", "color": "#525252", "source": "PCIP Phase 1 Appendix A, sheet A-021, July 2019, PDF page 31"}, "geometry": {"type": "LineString", "coordinates": [[696.1, 274.9], [696.1, 279.0]]}},
{"type": "Feature", "properties": {"level": "platform", "type": "wall", "platform": "11", "color": "#525252", "source": "PCIP Phase 1 Appendix A, sheet A-021, July 2019, PDF page 31"}, "geometry": {"type": "LineString", "coordinates": [[696.1, 279.0], [696.1, 280.7]]}},
{"type": "Feature", "properties": {"level": "platform", "type": "wall", "platform": "2", "color": "#525252", "source": "PCIP Phase 1 Appendix A, sheet A-021, July 2019, PDF page 31"}, "geometry": {"type": "LineString", "coordinates": [[697.4, -135.2], [696.3, -135.2]]}},
{"type": "Feature", "properties": {"level": "platform", "type": "wall", "platform": "2", "color": "#525252", "source": "PCIP Phase 1 Appendix A, sheet A-021, July 2019, PDF page 31"}, "geometry": {"type": "LineString", "coordinates": [[696.5, -138.0], [696.3, -135.2]]}},
{"type": "Feature", "properties": {"level": "platform", "type": "wall", "platform": "11", "color": "#525252", "source": "PCIP Phase 1 Appendix A, sheet A-021, July 2019, PDF page 31"}, "geometry": {"type": "LineString", "coordinates": [[697.1, 274.9], [696.9, 280.7]]}},
{"type": "Feature", "properties": {"level": "platform", "type": "wall", "platform": "2", "color": "#525252", "source": "PCIP Phase 1 Appendix A, sheet A-021, July 2019, PDF page 31"}, "geometry": {"type": "LineString", "coordinates": [[697.4, -138.0], [698.4, -138.0]]}},
{"type": "Feature", "properties": {"level": "platform", "type": "wall", "platform": "2", "color": "#525252", "source": "PCIP Phase 1 Appendix A, sheet A-021, July 2019, PDF page 31"}, "geometry": {"type": "LineString", "coordinates": [[697.4, -138.0], [697.4, -135.2]]}},
{"type": "Feature", "properties": {"level": "platform", "type": "wall", "platform": "2", "color": "#525252", "source": "PCIP Phase 1 Appendix A, sheet A-021, July 2019, PDF page 31"}, "geometry": {"type": "LineString", "coordinates": [[698.4, -135.2], [697.4, -135.2]]}},
{"type": "Feature", "properties": {"level": "platform", "type": "wall", "platform": "2", "color": "#525252", "source": "PCIP Phase 1 Appendix A, sheet A-021, July 2019, PDF page 31"}, "geometry": {"type": "LineString", "coordinates": [[698.4, -138.0], [699.5, -138.0]]}},
{"type": "Feature", "properties": {"level": "platform", "type": "wall", "platform": "2", "color": "#525252", "source": "PCIP Phase 1 Appendix A, sheet A-021, July 2019, PDF page 31"}, "geometry": {"type": "LineString", "coordinates": [[698.4, -138.0], [698.4, -135.2]]}},
{"type": "Feature", "properties": {"level": "platform", "type": "wall", "platform": "2", "color": "#525252", "source": "PCIP Phase 1 Appendix A, sheet A-021, July 2019, PDF page 31"}, "geometry": {"type": "LineString", "coordinates": [[699.5, -135.2], [698.4, -135.2]]}},
{"type": "Feature", "properties": {"level": "platform", "type": "wall", "platform": "2", "color": "#525252", "source": "PCIP Phase 1 Appendix A, sheet A-021, July 2019, PDF page 31"}, "geometry": {"type": "LineString", "coordinates": [[699.5, -138.0], [699.5, -135.2]]}},
{"type": "Feature", "properties": {"level": "platform", "type": "wall", "platform": "2", "color": "#525252", "source": "PCIP Phase 1 Appendix A, sheet A-021, July 2019, PDF page 31"}, "geometry": {"type": "LineString", "coordinates": [[700.3, -138.0], [704.4, -138.0]]}},
{"type": "Feature", "properties": {"level": "platform", "type": "wall", "platform": "2", "color": "#525252", "source": "PCIP Phase 1 Appendix A, sheet A-021, July 2019, PDF page 31"}, "geometry": {"type": "LineString", "coordinates": [[700.3, -138.0], [700.3, -135.2]]}},
{"type": "Feature", "properties": {"level": "platform", "type": "wall", "platform": "2", "color": "#525252", "source": "PCIP Phase 1 Appendix A, sheet A-021, July 2019, PDF page 31"}, "geometry": {"type": "LineString", "coordinates": [[704.4, -135.2], [700.3, -135.2]]}},
{"type": "Feature", "properties": {"level": "platform", "type": "wall", "platform": "3", "color": "#525252", "source": "PCIP Phase 1 Appendix A, sheet A-021, July 2019, PDF page 31"}, "geometry": {"type": "LineString", "coordinates": [[701.0, -88.9], [701.0, -85.2]]}},
{"type": "Feature", "properties": {"level": "platform", "type": "wall", "platform": "3", "color": "#525252", "source": "PCIP Phase 1 Appendix A, sheet A-021, July 2019, PDF page 31"}, "geometry": {"type": "LineString", "coordinates": [[701.0, -85.2], [702.1, -85.2]]}},
{"type": "Feature", "properties": {"level": "platform", "type": "wall", "platform": "3", "color": "#525252", "source": "PCIP Phase 1 Appendix A, sheet A-021, July 2019, PDF page 31"}, "geometry": {"type": "LineString", "coordinates": [[702.1, -89.0], [702.1, -85.2]]}},
{"type": "Feature", "properties": {"level": "platform", "type": "wall", "platform": "2", "color": "#525252", "source": "PCIP Phase 1 Appendix A, sheet A-021, July 2019, PDF page 31"}, "geometry": {"type": "LineString", "coordinates": [[703.7, -142.4], [709.3, -142.4], [709.3, -139.0], [702.9, -139.0]]}},
{"type": "Feature", "properties": {"level": "platform", "type": "wall", "platform": "2", "color": "#525252", "source": "PCIP Phase 1 Appendix A, sheet A-021, July 2019, PDF page 31"}, "geometry": {"type": "LineString", "coordinates": [[702.9, -139.0], [703.4, -140.1], [703.5, -140.1]]}},
{"type": "Feature", "properties": {"level": "platform", "type": "wall", "platform": "3", "color": "#525252", "source": "PCIP Phase 1 Appendix A, sheet A-021, July 2019, PDF page 31"}, "geometry": {"type": "LineString", "coordinates": [[702.9, -89.3], [702.9, -85.2]]}},
{"type": "Feature", "properties": {"level": "platform", "type": "wall", "platform": "2", "color": "#525252", "source": "PCIP Phase 1 Appendix A, sheet A-021, July 2019, PDF page 31"}, "geometry": {"type": "LineString", "coordinates": [[703.5, -140.1], [704.4, -140.3], [703.5, -140.5]]}},
{"type": "Feature", "properties": {"level": "platform", "type": "wall", "platform": "2", "color": "#525252", "source": "PCIP Phase 1 Appendix A, sheet A-021, July 2019, PDF page 31"}, "geometry": {"type": "LineString", "coordinates": [[703.5, -140.5], [702.2, -140.8], [703.5, -140.8], [703.7, -142.2]]}},
{"type": "Feature", "properties": {"level": "platform", "type": "wall", "platform": "3", "color": "#525252", "source": "PCIP Phase 1 Appendix A, sheet A-021, July 2019, PDF page 31"}, "geometry": {"type": "LineString", "coordinates": [[703.7, -89.3], [703.7, -85.2]]}},
{"type": "Feature", "properties": {"level": "platform", "type": "wall", "platform": "3", "color": "#525252", "source": "PCIP Phase 1 Appendix A, sheet A-021, July 2019, PDF page 31"}, "geometry": {"type": "LineString", "coordinates": [[703.7, -85.2], [704.9, -85.2]]}},
{"type": "Feature", "properties": {"level": "platform", "type": "wall", "platform": "3", "color": "#525252", "source": "PCIP Phase 1 Appendix A, sheet A-021, July 2019, PDF page 31"}, "geometry": {"type": "LineString", "coordinates": [[704.9, -89.5], [704.9, -85.2]]}},
{"type": "Feature", "properties": {"level": "platform", "type": "wall", "platform": "3", "color": "#525252", "source": "PCIP Phase 1 Appendix A, sheet A-021, July 2019, PDF page 31"}, "geometry": {"type": "LineString", "coordinates": [[705.7, -89.7], [705.7, -85.2]]}},
{"type": "Feature", "properties": {"level": "platform", "type": "wall", "platform": "3", "color": "#525252", "source": "PCIP Phase 1 Appendix A, sheet A-021, July 2019, PDF page 31"}, "geometry": {"type": "LineString", "coordinates": [[706.5, -89.9], [706.5, -85.2]]}},
{"type": "Feature", "properties": {"level": "platform", "type": "wall", "platform": "3", "color": "#525252", "source": "PCIP Phase 1 Appendix A, sheet A-021, July 2019, PDF page 31"}, "geometry": {"type": "LineString", "coordinates": [[707.6, -90.2], [707.6, -85.2]]}},
{"type": "Feature", "properties": {"level": "platform", "type": "wall", "platform": "5", "color": "#525252", "source": "PCIP Phase 1 Appendix A, sheet A-021, July 2019, PDF page 31"}, "geometry": {"type": "LineString", "coordinates": [[753.5, -4.7], [746.0, -4.7]]}},
{"type": "Feature", "properties": {"level": "platform", "type": "wall", "platform": "5", "color": "#525252", "source": "PCIP Phase 1 Appendix A, sheet A-021, July 2019, PDF page 31"}, "geometry": {"type": "LineString", "coordinates": [[746.0, -4.5], [745.4, -4.5], [745.4, -5.6], [767.6, -5.4], [767.6, -0.7], [745.4, -0.7], [745.4, -1.5], [746.0, -1.5]]}},
{"type": "Feature", "properties": {"level": "platform", "type": "wall", "platform": "5", "color": "#525252", "source": "PCIP Phase 1 Appendix A, sheet A-021, July 2019, PDF page 31"}, "geometry": {"type": "LineString", "coordinates": [[747.7, -2.1], [747.7, -2.0], [747.5, -2.0], [747.5, -1.7], [746.9, -1.7], [746.6, -1.5], [746.0, -1.5]]}},
{"type": "Feature", "properties": {"level": "platform", "type": "wall", "platform": "5", "color": "#525252", "source": "PCIP Phase 1 Appendix A, sheet A-021, July 2019, PDF page 31"}, "geometry": {"type": "LineString", "coordinates": [[746.0, -1.5], [746.0, -1.4], [753.2, -1.4]]}},
{"type": "Feature", "properties": {"level": "platform", "type": "wall", "platform": "5", "color": "#525252", "source": "PCIP Phase 1 Appendix A, sheet A-021, July 2019, PDF page 31"}, "geometry": {"type": "LineString", "coordinates": [[753.2, -1.4], [764.5, -1.4]]}},
{"type": "Feature", "properties": {"level": "platform", "type": "wall", "platform": "5", "color": "#525252", "source": "PCIP Phase 1 Appendix A, sheet A-021, July 2019, PDF page 31"}, "geometry": {"type": "LineString", "coordinates": [[763.3, -4.7], [753.5, -4.7]]}},
{"type": "Feature", "properties": {"level": "platform", "type": "wall", "platform": "1", "color": "#525252", "source": "PCIP Phase 1 Appendix A, sheet A-021, July 2019, PDF page 31"}, "geometry": {"type": "LineString", "coordinates": [[759.4, -177.4], [760.7, -177.4]]}},
{"type": "Feature", "properties": {"level": "platform", "type": "wall", "platform": "1", "color": "#525252", "source": "PCIP Phase 1 Appendix A, sheet A-021, July 2019, PDF page 31"}, "geometry": {"type": "LineString", "coordinates": [[759.4, -177.4], [782.0, -177.3]]}},
{"type": "Feature", "properties": {"level": "platform", "type": "wall", "platform": "2", "color": "#525252", "source": "PCIP Phase 1 Appendix A, sheet A-021, July 2019, PDF page 31"}, "geometry": {"type": "LineString", "coordinates": [[759.4, -133.4], [760.3, -133.9], [781.8, -133.8]]}},
{"type": "Feature", "properties": {"level": "platform", "type": "wall", "platform": "2", "color": "#525252", "source": "PCIP Phase 1 Appendix A, sheet A-021, July 2019, PDF page 31"}, "geometry": {"type": "LineString", "coordinates": [[781.8, -137.0], [759.4, -137.1]]}},
{"type": "Feature", "properties": {"level": "platform", "type": "wall", "platform": "2", "color": "#525252", "source": "PCIP Phase 1 Appendix A, sheet A-021, July 2019, PDF page 31"}, "geometry": {"type": "LineString", "coordinates": [[781.8, -136.6], [760.3, -136.7], [759.4, -137.1]]}},
{"type": "Feature", "properties": {"level": "platform", "type": "wall", "platform": "2", "color": "#525252", "source": "PCIP Phase 1 Appendix A, sheet A-021, July 2019, PDF page 31"}, "geometry": {"type": "LineString", "coordinates": [[781.8, -137.1], [758.2, -137.3], [758.2, -137.1], [759.4, -137.1]]}},
{"type": "Feature", "properties": {"level": "platform", "type": "wall", "platform": "1", "color": "#525252", "source": "PCIP Phase 1 Appendix A, sheet A-021, July 2019, PDF page 31"}, "geometry": {"type": "LineString", "coordinates": [[782.0, -181.1], [760.7, -181.1]]}},
{"type": "Feature", "properties": {"level": "platform", "type": "wall", "platform": "1", "color": "#525252", "source": "PCIP Phase 1 Appendix A, sheet A-021, July 2019, PDF page 31"}, "geometry": {"type": "LineString", "coordinates": [[760.7, -181.1], [759.4, -181.1], [759.4, -181.3], [782.0, -181.3]]}},
{"type": "Feature", "properties": {"level": "platform", "type": "wall", "platform": "1", "color": "#525252", "source": "PCIP Phase 1 Appendix A, sheet A-021, July 2019, PDF page 31"}, "geometry": {"type": "LineString", "coordinates": [[760.7, -177.4], [782.0, -177.4]]}},
{"type": "Feature", "properties": {"level": "platform", "type": "wall", "platform": "1", "color": "#525252", "source": "PCIP Phase 1 Appendix A, sheet A-021, July 2019, PDF page 31"}, "geometry": {"type": "LineString", "coordinates": [[761.6, -178.1], [760.7, -177.4]]}},
{"type": "Feature", "properties": {"level": "platform", "type": "wall", "platform": "10", "color": "#525252", "source": "PCIP Phase 1 Appendix A, sheet A-021, July 2019, PDF page 31"}, "geometry": {"type": "LineString", "coordinates": [[761.0, 204.9], [767.9, 204.9]]}},
{"type": "Feature", "properties": {"level": "platform", "type": "wall", "platform": "10", "color": "#525252", "source": "PCIP Phase 1 Appendix A, sheet A-021, July 2019, PDF page 31"}, "geometry": {"type": "LineString", "coordinates": [[768.0, 205.8], [761.0, 205.8]]}},
{"type": "Feature", "properties": {"level": "platform", "type": "wall", "platform": "2", "color": "#525252", "source": "PCIP Phase 1 Appendix A, sheet A-021, July 2019, PDF page 31"}, "geometry": {"type": "LineString", "coordinates": [[762.9, -138.1], [762.9, -142.8], [775.7, -142.8]]}},
{"type": "Feature", "properties": {"level": "platform", "type": "wall", "platform": "1", "color": "#525252", "source": "PCIP Phase 1 Appendix A, sheet A-021, July 2019, PDF page 31"}, "geometry": {"type": "LineString", "coordinates": [[827.7, -188.1], [827.7, -190.3], [763.3, -190.3]]}},
{"type": "Feature", "properties": {"level": "platform", "type": "wall", "platform": "1", "color": "#525252", "source": "PCIP Phase 1 Appendix A, sheet A-021, July 2019, PDF page 31"}, "geometry": {"type": "LineString", "coordinates": [[763.3, -189.9], [827.5, -190.0], [827.5, -188.0]]}},
{"type": "Feature", "properties": {"level": "platform", "type": "wall", "platform": "1", "color": "#525252", "source": "PCIP Phase 1 Appendix A, sheet A-021, July 2019, PDF page 31"}, "geometry": {"type": "LineString", "coordinates": [[763.3, -186.0], [823.4, -186.0], [823.4, -185.8]]}},
{"type": "Feature", "properties": {"level": "platform", "type": "wall", "platform": "1", "color": "#525252", "source": "PCIP Phase 1 Appendix A, sheet A-021, July 2019, PDF page 31"}, "geometry": {"type": "LineString", "coordinates": [[823.4, -185.8], [763.3, -185.8]]}},
{"type": "Feature", "properties": {"level": "platform", "type": "wall", "platform": "5", "color": "#525252", "source": "PCIP Phase 1 Appendix A, sheet A-021, July 2019, PDF page 31"}, "geometry": {"type": "LineString", "coordinates": [[764.5, -1.4], [766.9, -1.4], [766.9, -4.7], [763.3, -4.7]]}},
{"type": "Feature", "properties": {"level": "platform", "type": "wall", "platform": "5", "color": "#525252", "source": "PCIP Phase 1 Appendix A, sheet A-021, July 2019, PDF page 31"}, "geometry": {"type": "LineString", "coordinates": [[763.3, -4.7], [763.9, -3.7], [765.0, -3.3], [763.3, -3.0]]}},
{"type": "Feature", "properties": {"level": "platform", "type": "wall", "platform": "5", "color": "#525252", "source": "PCIP Phase 1 Appendix A, sheet A-021, July 2019, PDF page 31"}, "geometry": {"type": "LineString", "coordinates": [[764.1, -2.8], [764.5, -1.4]]}},
{"type": "Feature", "properties": {"level": "platform", "type": "wall", "platform": "10", "color": "#525252", "source": "PCIP Phase 1 Appendix A, sheet A-021, July 2019, PDF page 31"}, "geometry": {"type": "LineString", "coordinates": [[767.7, 203.9], [767.9, 204.9]]}},
{"type": "Feature", "properties": {"level": "platform", "type": "wall", "platform": "10", "color": "#525252", "source": "PCIP Phase 1 Appendix A, sheet A-021, July 2019, PDF page 31"}, "geometry": {"type": "LineString", "coordinates": [[768.2, 206.7], [768.4, 207.7], [769.7, 207.9], [767.6, 208.2], [768.6, 208.6], [769.0, 210.2]]}},
{"type": "Feature", "properties": {"level": "platform", "type": "wall", "platform": "10", "color": "#525252", "source": "PCIP Phase 1 Appendix A, sheet A-021, July 2019, PDF page 31"}, "geometry": {"type": "LineString", "coordinates": [[768.3, 204.9], [768.2, 206.7]]}},
{"type": "Feature", "properties": {"level": "platform", "type": "wall", "platform": "10", "color": "#525252", "source": "PCIP Phase 1 Appendix A, sheet A-021, July 2019, PDF page 31"}, "geometry": {"type": "LineString", "coordinates": [[768.3, 204.9], [779.7, 205.1]]}},
{"type": "Feature", "properties": {"level": "platform", "type": "wall", "platform": "10", "color": "#525252", "source": "PCIP Phase 1 Appendix A, sheet A-021, July 2019, PDF page 31"}, "geometry": {"type": "LineString", "coordinates": [[769.0, 210.2], [759.0, 210.2], [759.0, 209.2], [759.7, 209.2], [759.7, 209.4], [768.8, 209.6]]}},
{"type": "Feature", "properties": {"level": "platform", "type": "wall", "platform": "6", "color": "#525252", "source": "PCIP Phase 1 Appendix A, sheet A-021, July 2019, PDF page 31"}, "geometry": {"type": "LineString", "coordinates": [[771.8, 43.8], [771.8, 43.5], [771.4, 43.5], [771.4, 43.3], [771.0, 43.3], [771.0, 43.1], [769.9, 43.1]]}},
{"type": "Feature", "properties": {"level": "platform", "type": "wall", "platform": "6", "color": "#525252", "source": "PCIP Phase 1 Appendix A, sheet A-021, July 2019, PDF page 31"}, "geometry": {"type": "LineString", "coordinates": [[769.9, 43.1], [769.2, 43.1], [769.2, 42.0], [794.2, 42.0], [794.2, 47.6], [769.2, 47.6], [769.2, 46.5], [769.9, 46.5]]}},
{"type": "Feature", "properties": {"level": "platform", "type": "wall", "platform": "6", "color": "#525252", "source": "PCIP Phase 1 Appendix A, sheet A-021, July 2019, PDF page 31"}, "geometry": {"type": "LineString", "coordinates": [[785.8, 47.0], [793.6, 47.0], [793.6, 42.9], [769.9, 42.7], [769.9, 43.1]]}},
{"type": "Feature", "properties": {"level": "platform", "type": "wall", "platform": "6", "color": "#525252", "source": "PCIP Phase 1 Appendix A, sheet A-021, July 2019, PDF page 31"}, "geometry": {"type": "LineString", "coordinates": [[769.9, 46.5], [772.0, 43.9]]}},
{"type": "Feature", "properties": {"level": "platform", "type": "wall", "platform": "6", "color": "#525252", "source": "PCIP Phase 1 Appendix A, sheet A-021, July 2019, PDF page 31"}, "geometry": {"type": "LineString", "coordinates": [[769.9, 46.7], [769.9, 47.0], [774.8, 47.0]]}},
{"type": "Feature", "properties": {"level": "platform", "type": "wall", "platform": "6", "color": "#525252", "source": "PCIP Phase 1 Appendix A, sheet A-021, July 2019, PDF page 31"}, "geometry": {"type": "LineString", "coordinates": [[772.0, 43.9], [769.9, 46.7]]}},
{"type": "Feature", "properties": {"level": "platform", "type": "wall", "platform": "6", "color": "#525252", "source": "PCIP Phase 1 Appendix A, sheet A-021, July 2019, PDF page 31"}, "geometry": {"type": "LineString", "coordinates": [[774.8, 42.9], [774.8, 43.3], [784.2, 43.3]]}},
{"type": "Feature", "properties": {"level": "platform", "type": "wall", "platform": "6", "color": "#525252", "source": "PCIP Phase 1 Appendix A, sheet A-021, July 2019, PDF page 31"}, "geometry": {"type": "LineString", "coordinates": [[774.8, 47.0], [785.8, 47.0]]}},
{"type": "Feature", "properties": {"level": "platform", "type": "wall", "platform": "6", "color": "#525252", "source": "PCIP Phase 1 Appendix A, sheet A-021, July 2019, PDF page 31"}, "geometry": {"type": "LineString", "coordinates": [[774.8, 47.0], [774.8, 46.5], [784.2, 46.5]]}},
{"type": "Feature", "properties": {"level": "platform", "type": "wall", "platform": "2", "color": "#525252", "source": "PCIP Phase 1 Appendix A, sheet A-021, July 2019, PDF page 31"}, "geometry": {"type": "LineString", "coordinates": [[775.7, -142.8], [802.1, -142.7]]}},
{"type": "Feature", "properties": {"level": "platform", "type": "wall", "platform": "2", "color": "#525252", "source": "PCIP Phase 1 Appendix A, sheet A-021, July 2019, PDF page 31"}, "geometry": {"type": "LineString", "coordinates": [[775.7, -138.1], [775.7, -142.8]]}},
{"type": "Feature", "properties": {"level": "platform", "type": "wall", "platform": "2", "color": "#525252", "source": "PCIP Phase 1 Appendix A, sheet A-021, July 2019, PDF page 31"}, "geometry": {"type": "LineString", "coordinates": [[788.6, -137.1], [781.8, -137.1]]}},
{"type": "Feature", "properties": {"level": "platform", "type": "wall", "platform": "2", "color": "#525252", "source": "PCIP Phase 1 Appendix A, sheet A-021, July 2019, PDF page 31"}, "geometry": {"type": "LineString", "coordinates": [[808.3, -136.9], [781.8, -137.0]]}},
{"type": "Feature", "properties": {"level": "platform", "type": "wall", "platform": "2", "color": "#525252", "source": "PCIP Phase 1 Appendix A, sheet A-021, July 2019, PDF page 31"}, "geometry": {"type": "LineString", "coordinates": [[806.4, -136.5], [781.8, -136.6]]}},
{"type": "Feature", "properties": {"level": "platform", "type": "wall", "platform": "2", "color": "#525252", "source": "PCIP Phase 1 Appendix A, sheet A-021, July 2019, PDF page 31"}, "geometry": {"type": "LineString", "coordinates": [[781.8, -136.6], [781.8, -133.8]]}},
{"type": "Feature", "properties": {"level": "platform", "type": "wall", "platform": "2", "color": "#525252", "source": "PCIP Phase 1 Appendix A, sheet A-021, July 2019, PDF page 31"}, "geometry": {"type": "LineString", "coordinates": [[781.8, -133.8], [806.4, -133.7], [808.0, -133.3]]}},
{"type": "Feature", "properties": {"level": "platform", "type": "wall", "platform": "2", "color": "#525252", "source": "PCIP Phase 1 Appendix A, sheet A-021, July 2019, PDF page 31"}, "geometry": {"type": "LineString", "coordinates": [[781.8, -133.4], [808.0, -133.3]]}},
{"type": "Feature", "properties": {"level": "platform", "type": "wall", "platform": "2", "color": "#525252", "source": "PCIP Phase 1 Appendix A, sheet A-021, July 2019, PDF page 31"}, "geometry": {"type": "LineString", "coordinates": [[781.8, -133.4], [758.2, -133.4], [758.2, -133.0], [781.8, -133.0]]}},
{"type": "Feature", "properties": {"level": "platform", "type": "wall", "platform": "2", "color": "#525252", "source": "PCIP Phase 1 Appendix A, sheet A-021, July 2019, PDF page 31"}, "geometry": {"type": "LineString", "coordinates": [[781.8, -133.0], [807.7, -133.0]]}},
{"type": "Feature", "properties": {"level": "platform", "type": "wall", "platform": "2", "color": "#525252", "source": "PCIP Phase 1 Appendix A, sheet A-021, July 2019, PDF page 31"}, "geometry": {"type": "LineString", "coordinates": [[781.8, -133.0], [781.8, -132.4], [789.7, -132.4], [807.7, -132.4], [807.7, -133.0]]}},
{"type": "Feature", "properties": {"level": "platform", "type": "wall", "platform": "1", "color": "#525252", "source": "PCIP Phase 1 Appendix A, sheet A-021, July 2019, PDF page 31"}, "geometry": {"type": "LineString", "coordinates": [[808.3, -181.1], [808.5, -181.1], [808.5, -181.3], [782.0, -181.3]]}},
{"type": "Feature", "properties": {"level": "platform", "type": "wall", "platform": "1", "color": "#525252", "source": "PCIP Phase 1 Appendix A, sheet A-021, July 2019, PDF page 31"}, "geometry": {"type": "LineString", "coordinates": [[808.3, -181.1], [782.0, -181.1]]}},
{"type": "Feature", "properties": {"level": "platform", "type": "wall", "platform": "1", "color": "#525252", "source": "PCIP Phase 1 Appendix A, sheet A-021, July 2019, PDF page 31"}, "geometry": {"type": "LineString", "coordinates": [[782.0, -181.1], [782.0, -177.4]]}},
{"type": "Feature", "properties": {"level": "platform", "type": "wall", "platform": "1", "color": "#525252", "source": "PCIP Phase 1 Appendix A, sheet A-021, July 2019, PDF page 31"}, "geometry": {"type": "LineString", "coordinates": [[782.0, -177.4], [808.3, -177.4]]}},
{"type": "Feature", "properties": {"level": "platform", "type": "wall", "platform": "1", "color": "#525252", "source": "PCIP Phase 1 Appendix A, sheet A-021, July 2019, PDF page 31"}, "geometry": {"type": "LineString", "coordinates": [[782.0, -177.3], [808.5, -177.2], [808.5, -177.4], [808.3, -177.4]]}},
{"type": "Feature", "properties": {"level": "platform", "type": "wall", "platform": "1", "color": "#525252", "source": "PCIP Phase 1 Appendix A, sheet A-021, July 2019, PDF page 31"}, "geometry": {"type": "LineString", "coordinates": [[782.0, -177.3], [782.0, -176.6], [789.9, -176.6], [807.8, -176.6], [807.8, -177.2]]}},
{"type": "Feature", "properties": {"level": "platform", "type": "wall", "platform": "6", "color": "#525252", "source": "PCIP Phase 1 Appendix A, sheet A-021, July 2019, PDF page 31"}, "geometry": {"type": "LineString", "coordinates": [[782.4, 44.2], [783.7, 44.8], [782.4, 45.2]]}},
{"type": "Feature", "properties": {"level": "platform", "type": "wall", "platform": "6", "color": "#525252", "source": "PCIP Phase 1 Appendix A, sheet A-021, July 2019, PDF page 31"}, "geometry": {"type": "LineString", "coordinates": [[784.2, 43.3], [784.2, 46.5]]}},
{"type": "Feature", "properties": {"level": "platform", "type": "wall", "platform": "6", "color": "#525252", "source": "PCIP Phase 1 Appendix A, sheet A-021, July 2019, PDF page 31"}, "geometry": {"type": "LineString", "coordinates": [[784.2, 46.5], [785.8, 46.5]]}},
{"type": "Feature", "properties": {"level": "platform", "type": "wall", "platform": "6", "color": "#525252", "source": "PCIP Phase 1 Appendix A, sheet A-021, July 2019, PDF page 31"}, "geometry": {"type": "LineString", "coordinates": [[784.6, 42.9], [785.2, 43.9], [786.3, 44.2], [784.6, 44.8], [785.5, 45.1], [785.8, 46.5]]}},
{"type": "Feature", "properties": {"level": "platform", "type": "wall", "platform": "2", "color": "#525252", "source": "PCIP Phase 1 Appendix A, sheet A-021, July 2019, PDF page 31"}, "geometry": {"type": "LineString", "coordinates": [[816.6, -139.0], [815.9, -139.0], [815.9, -142.7], [802.1, -142.7]]}},
{"type": "Feature", "properties": {"level": "platform", "type": "wall", "platform": "2", "color": "#525252", "source": "PCIP Phase 1 Appendix A, sheet A-021, July 2019, PDF page 31"}, "geometry": {"type": "LineString", "coordinates": [[802.1, -142.7], [802.1, -138.1]]}},
{"type": "Feature", "properties": {"level": "platform", "type": "wall", "platform": "2", "color": "#525252", "source": "PCIP Phase 1 Appendix A, sheet A-021, July 2019, PDF page 31"}, "geometry": {"type": "LineString", "coordinates": [[804.0, -142.7], [803.0, -142.7]]}},
{"type": "Feature", "properties": {"level": "platform", "type": "wall", "platform": "2", "color": "#525252", "source": "PCIP Phase 1 Appendix A, sheet A-021, July 2019, PDF page 31"}, "geometry": {"type": "LineString", "coordinates": [[803.0, -142.7], [803.0, -138.4]]}},
{"type": "Feature", "properties": {"level": "platform", "type": "wall", "platform": "2", "color": "#525252", "source": "PCIP Phase 1 Appendix A, sheet A-021, July 2019, PDF page 31"}, "geometry": {"type": "LineString", "coordinates": [[805.1, -142.7], [804.0, -142.7]]}},
{"type": "Feature", "properties": {"level": "platform", "type": "wall", "platform": "2", "color": "#525252", "source": "PCIP Phase 1 Appendix A, sheet A-021, July 2019, PDF page 31"}, "geometry": {"type": "LineString", "coordinates": [[804.0, -142.7], [804.0, -138.4]]}},
{"type": "Feature", "properties": {"level": "platform", "type": "wall", "platform": "2", "color": "#525252", "source": "PCIP Phase 1 Appendix A, sheet A-021, July 2019, PDF page 31"}, "geometry": {"type": "LineString", "coordinates": [[805.1, -142.7], [805.1, -138.4]]}},
{"type": "Feature", "properties": {"level": "platform", "type": "wall", "platform": "2", "color": "#525252", "source": "PCIP Phase 1 Appendix A, sheet A-021, July 2019, PDF page 31"}, "geometry": {"type": "LineString", "coordinates": [[807.0, -138.1], [807.0, -142.7], [805.9, -142.7]]}},
{"type": "Feature", "properties": {"level": "platform", "type": "wall", "platform": "2", "color": "#525252", "source": "PCIP Phase 1 Appendix A, sheet A-021, July 2019, PDF page 31"}, "geometry": {"type": "LineString", "coordinates": [[805.9, -142.7], [805.9, -138.4]]}},
{"type": "Feature", "properties": {"level": "platform", "type": "wall", "platform": "1", "color": "#525252", "source": "PCIP Phase 1 Appendix A, sheet A-021, July 2019, PDF page 31"}, "geometry": {"type": "LineString", "coordinates": [[808.3, -181.1], [806.5, -180.6]]}},
{"type": "Feature", "properties": {"level": "platform", "type": "wall", "platform": "1", "color": "#525252", "source": "PCIP Phase 1 Appendix A, sheet A-021, July 2019, PDF page 31"}, "geometry": {"type": "LineString", "coordinates": [[806.5, -177.9], [808.3, -177.4]]}},
{"type": "Feature", "properties": {"level": "platform", "type": "wall", "platform": "2", "color": "#525252", "source": "PCIP Phase 1 Appendix A, sheet A-021, July 2019, PDF page 31"}, "geometry": {"type": "LineString", "coordinates": [[807.7, -133.0], [808.3, -133.0], [808.3, -133.3], [808.0, -133.3]]}},
{"type": "Feature", "properties": {"level": "platform", "type": "wall", "platform": "2", "color": "#525252", "source": "PCIP Phase 1 Appendix A, sheet A-021, July 2019, PDF page 31"}, "geometry": {"type": "LineString", "coordinates": [[816.6, -133.0], [815.9, -133.0], [808.9, -133.0], [808.9, -138.1]]}},
{"type": "Feature", "properties": {"level": "platform", "type": "wall", "platform": "2", "color": "#525252", "source": "PCIP Phase 1 Appendix A, sheet A-021, July 2019, PDF page 31"}, "geometry": {"type": "LineString", "coordinates": [[836.5, -138.4], [836.5, -139.0], [816.6, -139.0]]}},
{"type": "Feature", "properties": {"level": "platform", "type": "wall", "platform": "2", "color": "#525252", "source": "PCIP Phase 1 Appendix A, sheet A-021, July 2019, PDF page 31"}, "geometry": {"type": "LineString", "coordinates": [[836.5, -138.4], [816.6, -138.4]]}},
{"type": "Feature", "properties": {"level": "platform", "type": "wall", "platform": "2", "color": "#525252", "source": "PCIP Phase 1 Appendix A, sheet A-021, July 2019, PDF page 31"}, "geometry": {"type": "LineString", "coordinates": [[818.1, -138.1], [816.6, -138.1]]}},
{"type": "Feature", "properties": {"level": "platform", "type": "wall", "platform": "2", "color": "#525252", "source": "PCIP Phase 1 Appendix A, sheet A-021, July 2019, PDF page 31"}, "geometry": {"type": "LineString", "coordinates": [[816.6, -138.1], [816.6, -133.9]]}},
{"type": "Feature", "properties": {"level": "platform", "type": "wall", "platform": "2", "color": "#525252", "source": "PCIP Phase 1 Appendix A, sheet A-021, July 2019, PDF page 31"}, "geometry": {"type": "LineString", "coordinates": [[816.6, -133.9], [819.0, -133.9]]}},
{"type": "Feature", "properties": {"level": "platform", "type": "wall", "platform": "2", "color": "#525252", "source": "PCIP Phase 1 Appendix A, sheet A-021, July 2019, PDF page 31"}, "geometry": {"type": "LineString", "coordinates": [[816.6, -133.9], [836.5, -133.7]]}},
{"type": "Feature", "properties": {"level": "platform", "type": "wall", "platform": "2", "color": "#525252", "source": "PCIP Phase 1 Appendix A, sheet A-021, July 2019, PDF page 31"}, "geometry": {"type": "LineString", "coordinates": [[816.6, -133.0], [836.5, -133.0], [836.5, -133.7]]}},
{"type": "Feature", "properties": {"level": "platform", "type": "wall", "platform": "2", "color": "#525252", "source": "PCIP Phase 1 Appendix A, sheet A-021, July 2019, PDF page 31"}, "geometry": {"type": "LineString", "coordinates": [[818.1, -138.1], [818.1, -134.1]]}},
{"type": "Feature", "properties": {"level": "platform", "type": "wall", "platform": "2", "color": "#525252", "source": "PCIP Phase 1 Appendix A, sheet A-021, July 2019, PDF page 31"}, "geometry": {"type": "LineString", "coordinates": [[820.0, -138.1], [819.0, -138.1]]}},
{"type": "Feature", "properties": {"level": "platform", "type": "wall", "platform": "2", "color": "#525252", "source": "PCIP Phase 1 Appendix A, sheet A-021, July 2019, PDF page 31"}, "geometry": {"type": "LineString", "coordinates": [[819.0, -138.1], [819.0, -133.9]]}},
{"type": "Feature", "properties": {"level": "platform", "type": "wall", "platform": "2", "color": "#525252", "source": "PCIP Phase 1 Appendix A, sheet A-021, July 2019, PDF page 31"}, "geometry": {"type": "LineString", "coordinates": [[819.0, -133.9], [820.0, -133.9]]}},
{"type": "Feature", "properties": {"level": "platform", "type": "wall", "platform": "2", "color": "#525252", "source": "PCIP Phase 1 Appendix A, sheet A-021, July 2019, PDF page 31"}, "geometry": {"type": "LineString", "coordinates": [[821.1, -138.1], [820.0, -138.1]]}},
{"type": "Feature", "properties": {"level": "platform", "type": "wall", "platform": "2", "color": "#525252", "source": "PCIP Phase 1 Appendix A, sheet A-021, July 2019, PDF page 31"}, "geometry": {"type": "LineString", "coordinates": [[820.0, -138.1], [820.0, -133.9]]}},
{"type": "Feature", "properties": {"level": "platform", "type": "wall", "platform": "2", "color": "#525252", "source": "PCIP Phase 1 Appendix A, sheet A-021, July 2019, PDF page 31"}, "geometry": {"type": "LineString", "coordinates": [[820.0, -133.9], [822.1, -133.9]]}},
{"type": "Feature", "properties": {"level": "platform", "type": "wall", "platform": "2", "color": "#525252", "source": "PCIP Phase 1 Appendix A, sheet A-021, July 2019, PDF page 31"}, "geometry": {"type": "LineString", "coordinates": [[822.1, -138.1], [821.1, -138.1]]}},
{"type": "Feature", "properties": {"level": "platform", "type": "wall", "platform": "2", "color": "#525252", "source": "PCIP Phase 1 Appendix A, sheet A-021, July 2019, PDF page 31"}, "geometry": {"type": "LineString", "coordinates": [[821.1, -138.1], [821.1, -134.1]]}},
{"type": "Feature", "properties": {"level": "platform", "type": "wall", "platform": "2", "color": "#525252", "source": "PCIP Phase 1 Appendix A, sheet A-021, July 2019, PDF page 31"}, "geometry": {"type": "LineString", "coordinates": [[822.1, -138.1], [822.1, -133.9]]}},
{"type": "Feature", "properties": {"level": "platform", "type": "wall", "platform": "2", "color": "#525252", "source": "PCIP Phase 1 Appendix A, sheet A-021, July 2019, PDF page 31"}, "geometry": {"type": "LineString", "coordinates": [[824.0, -138.1], [823.0, -138.1]]}},
{"type": "Feature", "properties": {"level": "platform", "type": "wall", "platform": "2", "color": "#525252", "source": "PCIP Phase 1 Appendix A, sheet A-021, July 2019, PDF page 31"}, "geometry": {"type": "LineString", "coordinates": [[823.0, -138.1], [823.0, -133.9]]}},
{"type": "Feature", "properties": {"level": "platform", "type": "wall", "platform": "2", "color": "#525252", "source": "PCIP Phase 1 Appendix A, sheet A-021, July 2019, PDF page 31"}, "geometry": {"type": "LineString", "coordinates": [[823.0, -133.9], [824.0, -133.9]]}},
{"type": "Feature", "properties": {"level": "platform", "type": "wall", "platform": "1", "color": "#525252", "source": "PCIP Phase 1 Appendix A, sheet A-021, July 2019, PDF page 31"}, "geometry": {"type": "LineString", "coordinates": [[823.4, -185.8], [823.4, -183.9]]}},
{"type": "Feature", "properties": {"level": "platform", "type": "wall", "platform": "1", "color": "#525252", "source": "PCIP Phase 1 Appendix A, sheet A-021, July 2019, PDF page 31"}, "geometry": {"type": "LineString", "coordinates": [[823.4, -183.9], [846.9, -183.9]]}},
{"type": "Feature", "properties": {"level": "platform", "type": "wall", "platform": "1", "color": "#525252", "source": "PCIP Phase 1 Appendix A, sheet A-021, July 2019, PDF page 31"}, "geometry": {"type": "LineString", "coordinates": [[823.4, -183.9], [823.4, -183.7], [827.9, -183.7]]}},
{"type": "Feature", "properties": {"level": "platform", "type": "wall", "platform": "2", "color": "#525252", "source": "PCIP Phase 1 Appendix A, sheet A-021, July 2019, PDF page 31"}, "geometry": {"type": "LineString", "coordinates": [[824.0, -138.1], [836.5, -138.1], [836.5, -138.4]]}},
{"type": "Feature", "properties": {"level": "platform", "type": "wall", "platform": "2", "color": "#525252", "source": "PCIP Phase 1 Appendix A, sheet A-021, July 2019, PDF page 31"}, "geometry": {"type": "LineString", "coordinates": [[824.0, -138.1], [824.0, -133.9]]}},
{"type": "Feature", "properties": {"level": "platform", "type": "wall", "platform": "2", "color": "#525252", "source": "PCIP Phase 1 Appendix A, sheet A-021, July 2019, PDF page 31"}, "geometry": {"type": "LineString", "coordinates": [[824.0, -133.9], [836.5, -133.9], [836.5, -133.7]]}},
{"type": "Feature", "properties": {"level": "platform", "type": "wall", "platform": "10", "color": "#525252", "source": "PCIP Phase 1 Appendix A, sheet A-021, July 2019, PDF page 31"}, "geometry": {"type": "LineString", "coordinates": [[886.6, 222.4], [886.6, 214.8], [858.0, 214.8]]}},
{"type": "Feature", "properties": {"level": "platform", "type": "wall", "platform": "10", "color": "#525252", "source": "PCIP Phase 1 Appendix A, sheet A-021, July 2019, PDF page 31"}, "geometry": {"type": "LineString", "coordinates": [[881.9, 225.0], [877.2, 225.0]]}},
{"type": "Feature", "properties": {"level": "platform", "type": "wall", "platform": "10", "color": "#525252", "source": "PCIP Phase 1 Appendix A, sheet A-021, July 2019, PDF page 31"}, "geometry": {"type": "LineString", "coordinates": [[886.6, 224.2], [877.2, 225.8], [877.2, 225.0]]}},
{"type": "Feature", "properties": {"level": "platform", "type": "wall", "platform": "10", "color": "#525252", "source": "PCIP Phase 1 Appendix A, sheet A-021, July 2019, PDF page 31"}, "geometry": {"type": "LineString", "coordinates": [[886.6, 224.2], [877.3, 224.2]]}},
{"type": "Feature", "properties": {"level": "platform", "type": "wall", "platform": "10", "color": "#525252", "source": "PCIP Phase 1 Appendix A, sheet A-021, July 2019, PDF page 31"}, "geometry": {"type": "LineString", "coordinates": [[886.6, 223.3], [877.3, 223.3]]}},
{"type": "Feature", "properties": {"level": "platform", "type": "wall", "platform": "10", "color": "#525252", "source": "PCIP Phase 1 Appendix A, sheet A-021, July 2019, PDF page 31"}, "geometry": {"type": "LineString", "coordinates": [[877.3, 223.3], [877.4, 222.4], [886.6, 222.4]]}},
{"type": "Feature", "properties": {"level": "platform", "type": "wall", "platform": "11", "color": "#525252", "source": "PCIP Phase 1 Appendix A, sheet A-021, July 2019, PDF page 31"}, "geometry": {"type": "LineString", "coordinates": [[888.2, 275.2], [886.6, 275.2], [886.6, 274.3]]}},
{"type": "Feature", "properties": {"level": "platform", "type": "wall", "platform": "11", "color": "#525252", "source": "PCIP Phase 1 Appendix A, sheet A-021, July 2019, PDF page 31"}, "geometry": {"type": "LineString", "coordinates": [[888.0, 281.0], [886.6, 281.0], [886.6, 281.6], [897.4, 281.6], [918.2, 281.6], [926.9, 281.6], [926.9, 281.0], [924.5, 281.0]]}},
{"type": "Feature", "properties": {"level": "platform", "type": "wall", "platform": "11", "color": "#525252", "source": "PCIP Phase 1 Appendix A, sheet A-021, July 2019, PDF page 31"}, "geometry": {"type": "LineString", "coordinates": [[894.8, 276.1], [897.9, 278.2], [896.6, 278.2], [897.4, 281.4]]}},
{"type": "Feature", "properties": {"level": "platform", "type": "wall", "platform": "11", "color": "#525252", "source": "PCIP Phase 1 Appendix A, sheet A-021, July 2019, PDF page 31"}, "geometry": {"type": "LineString", "coordinates": [[896.0, 274.3], [916.4, 274.5], [921.7, 274.5]]}},
{"type": "Feature", "properties": {"level": "platform", "type": "wall", "platform": "11", "color": "#525252", "source": "PCIP Phase 1 Appendix A, sheet A-021, July 2019, PDF page 31"}, "geometry": {"type": "LineString", "coordinates": [[916.8, 275.2], [916.7, 275.2], [896.0, 275.2]]}},
{"type": "Feature", "properties": {"level": "platform", "type": "wall", "platform": "11", "color": "#525252", "source": "PCIP Phase 1 Appendix A, sheet A-021, July 2019, PDF page 31"}, "geometry": {"type": "LineString", "coordinates": [[918.3, 281.0], [897.4, 281.0]]}},
{"type": "Feature", "properties": {"level": "platform", "type": "wall", "platform": "11", "color": "#525252", "source": "PCIP Phase 1 Appendix A, sheet A-021, July 2019, PDF page 31"}, "geometry": {"type": "LineString", "coordinates": [[916.8, 275.2], [917.0, 276.4], [916.0, 276.4], [918.3, 277.9]]}},
{"type": "Feature", "properties": {"level": "platform", "type": "wall", "platform": "11", "color": "#525252", "source": "PCIP Phase 1 Appendix A, sheet A-021, July 2019, PDF page 31"}, "geometry": {"type": "LineString", "coordinates": [[917.5, 277.3], [917.5, 275.2]]}},
{"type": "Feature", "properties": {"level": "platform", "type": "wall", "platform": "11", "color": "#525252", "source": "PCIP Phase 1 Appendix A, sheet A-021, July 2019, PDF page 31"}, "geometry": {"type": "LineString", "coordinates": [[918.3, 277.9], [918.3, 275.2]]}},
{"type": "Feature", "properties": {"level": "platform", "type": "wall", "platform": "11", "color": "#525252", "source": "PCIP Phase 1 Appendix A, sheet A-021, July 2019, PDF page 31"}, "geometry": {"type": "LineString", "coordinates": [[918.3, 280.4], [918.3, 278.2]]}},
{"type": "Feature", "properties": {"level": "platform", "type": "wall", "platform": "11", "color": "#525252", "source": "PCIP Phase 1 Appendix A, sheet A-021, July 2019, PDF page 31"}, "geometry": {"type": "LineString", "coordinates": [[918.3, 278.2], [917.7, 278.2], [918.3, 280.4]]}},
{"type": "Feature", "properties": {"level": "platform", "type": "wall", "platform": "11", "color": "#525252", "source": "PCIP Phase 1 Appendix A, sheet A-021, July 2019, PDF page 31"}, "geometry": {"type": "LineString", "coordinates": [[919.2, 281.0], [919.2, 275.2]]}},
{"type": "Feature", "properties": {"level": "platform", "type": "wall", "platform": "11", "color": "#525252", "source": "PCIP Phase 1 Appendix A, sheet A-021, July 2019, PDF page 31"}, "geometry": {"type": "LineString", "coordinates": [[920.1, 281.0], [920.1, 275.2]]}},
{"type": "Feature", "properties": {"level": "platform", "type": "wall", "platform": "11", "color": "#525252", "source": "PCIP Phase 1 Appendix A, sheet A-021, July 2019, PDF page 31"}, "geometry": {"type": "LineString", "coordinates": [[920.9, 281.0], [920.9, 275.2]]}},
{"type": "Feature", "properties": {"level": "platform", "type": "wall", "platform": "11", "color": "#525252", "source": "PCIP Phase 1 Appendix A, sheet A-021, July 2019, PDF page 31"}, "geometry": {"type": "LineString", "coordinates": [[922.9, 275.2], [921.7, 275.2]]}},
{"type": "Feature", "properties": {"level": "platform", "type": "wall", "platform": "11", "color": "#525252", "source": "PCIP Phase 1 Appendix A, sheet A-021, July 2019, PDF page 31"}, "geometry": {"type": "LineString", "coordinates": [[921.7, 281.0], [921.7, 275.2]]}},
{"type": "Feature", "properties": {"level": "platform", "type": "wall", "platform": "11", "color": "#525252", "source": "PCIP Phase 1 Appendix A, sheet A-021, July 2019, PDF page 31"}, "geometry": {"type": "LineString", "coordinates": [[923.6, 281.0], [922.6, 281.0]]}},
{"type": "Feature", "properties": {"level": "platform", "type": "wall", "platform": "11", "color": "#525252", "source": "PCIP Phase 1 Appendix A, sheet A-021, July 2019, PDF page 31"}, "geometry": {"type": "LineString", "coordinates": [[922.6, 281.0], [922.9, 275.2]]}},
{"type": "Feature", "properties": {"level": "platform", "type": "wall", "platform": "11", "color": "#525252", "source": "PCIP Phase 1 Appendix A, sheet A-021, July 2019, PDF page 31"}, "geometry": {"type": "LineString", "coordinates": [[923.6, 281.0], [923.6, 275.2]]}},
{"type": "Feature", "properties": {"level": "platform", "type": "wall", "platform": "11", "color": "#525252", "source": "PCIP Phase 1 Appendix A, sheet A-021, July 2019, PDF page 31"}, "geometry": {"type": "LineString", "coordinates": [[923.9, 274.5], [926.9, 274.5], [926.9, 275.2], [924.5, 275.2]]}},
{"type": "Feature", "properties": {"level": "platform", "type": "wall", "platform": "11", "color": "#525252", "source": "PCIP Phase 1 Appendix A, sheet A-021, July 2019, PDF page 31"}, "geometry": {"type": "LineString", "coordinates": [[924.5, 281.0], [924.5, 275.2]]}},
{"type": "Feature", "properties": {"level": "platform", "type": "enclosure", "platform": "6", "color": "#525252", "source": "PCIP Phase 1 Appendix A, sheet A-021, July 2019, PDF page 31"}, "geometry": {"type": "Polygon", "coordinates": [[[-8.9, 47.9], [-8.5, 47.9], [-8.5, 48.3], [-8.9, 48.3], [-8.9, 47.9]]]}},
{"type": "Feature", "properties": {"level": "platform", "type": "enclosure", "platform": "6", "color": "#525252", "source": "PCIP Phase 1 Appendix A, sheet A-021, July 2019, PDF page 31"}, "geometry": {"type": "Polygon", "coordinates": [[[15.3, 48.4], [15.3, 47.9], [15.8, 47.9], [15.8, 48.4], [15.8, 48.4], [15.3, 48.4]]]}},
{"type": "Feature", "properties": {"level": "platform", "type": "enclosure", "platform": "7", "color": "#525252", "source": "PCIP Phase 1 Appendix A, sheet A-021, July 2019, PDF page 31"}, "geometry": {"type": "Polygon", "coordinates": [[[15.3, 86.2], [15.3, 85.8], [15.8, 85.8], [15.8, 86.2], [15.8, 86.2], [15.3, 86.2]]]}},
{"type": "Feature", "properties": {"level": "platform", "type": "enclosure", "platform": "10", "color": "#525252", "source": "PCIP Phase 1 Appendix A, sheet A-021, July 2019, PDF page 31"}, "geometry": {"type": "Polygon", "coordinates": [[[70.7, 212.0], [129.6, 212.0], [129.6, 219.5], [129.2, 219.5], [129.2, 212.4], [71.3, 212.4], [71.3, 219.5], [70.7, 219.5], [70.7, 212.0]]]}},
{"type": "Feature", "properties": {"level": "platform", "type": "enclosure", "platform": "10", "color": "#525252", "source": "PCIP Phase 1 Appendix A, sheet A-021, July 2019, PDF page 31"}, "geometry": {"type": "Polygon", "coordinates": [[[70.7, 222.4], [71.3, 222.4], [71.3, 229.5], [129.2, 229.5], [129.2, 222.4], [129.6, 222.4], [129.6, 230.1], [70.7, 229.9], [70.7, 222.4]]]}},
{"type": "Feature", "properties": {"level": "platform", "type": "enclosure", "platform": "10", "color": "#525252", "source": "PCIP Phase 1 Appendix A, sheet A-021, July 2019, PDF page 31"}, "geometry": {"type": "Polygon", "coordinates": [[[143.2, 212.0], [216.1, 212.0], [216.1, 219.6], [215.7, 219.6], [215.7, 212.6], [143.7, 212.4], [143.7, 229.5], [215.7, 229.7], [215.7, 222.7], [216.1, 222.7], [216.1, 230.1], [143.2, 230.1], [143.2, 212.0]]]}},
{"type": "Feature", "properties": {"level": "platform", "type": "enclosure", "platform": "11", "color": "#525252", "source": "PCIP Phase 1 Appendix A, sheet A-021, July 2019, PDF page 31"}, "geometry": {"type": "Polygon", "coordinates": [[[481.1, 274.1], [488.2, 274.1], [488.2, 277.3], [487.5, 277.3], [487.5, 274.8], [481.7, 274.8], [481.7, 282.7], [487.5, 282.7], [487.5, 280.3], [488.2, 280.3], [488.2, 283.3], [481.1, 283.3], [481.1, 274.1]]]}},
{"type": "Feature", "properties": {"level": "platform", "type": "enclosure", "platform": "8", "color": "#525252", "source": "PCIP Phase 1 Appendix A, sheet A-021, July 2019, PDF page 31"}, "geometry": {"type": "Polygon", "coordinates": [[[483.5, 139.6], [483.6, 130.8], [492.4, 130.8], [492.4, 133.8], [491.7, 133.8], [491.7, 131.7], [484.2, 131.7], [484.2, 138.9], [491.7, 138.9], [491.7, 136.8], [492.4, 136.8], [492.4, 139.6], [483.5, 139.6]]]}},
{"type": "Feature", "properties": {"level": "platform", "type": "enclosure", "platform": "9", "color": "#525252", "source": "PCIP Phase 1 Appendix A, sheet A-021, July 2019, PDF page 31"}, "geometry": {"type": "Polygon", "coordinates": [[[483.5, 178.0], [492.4, 178.0], [492.4, 180.6], [491.7, 180.6], [491.7, 178.6], [484.1, 178.6], [484.1, 185.5], [491.7, 185.5], [491.7, 183.6], [492.4, 183.6], [492.4, 186.1], [483.5, 186.1], [483.5, 178.0]]]}},
{"type": "Feature", "properties": {"level": "platform", "type": "enclosure", "platform": "10", "color": "#525252", "source": "PCIP Phase 1 Appendix A, sheet A-021, July 2019, PDF page 31"}, "geometry": {"type": "Polygon", "coordinates": [[[483.5, 214.9], [492.2, 214.9], [492.2, 218.3], [491.6, 218.3], [491.6, 215.6], [484.1, 215.6], [484.1, 223.0], [491.6, 223.0], [491.6, 221.4], [492.2, 221.4], [492.2, 223.7], [483.5, 223.7], [483.5, 214.9]]]}},
{"type": "Feature", "properties": {"level": "platform", "type": "enclosure", "platform": "7", "color": "#525252", "source": "PCIP Phase 1 Appendix A, sheet A-021, July 2019, PDF page 31"}, "geometry": {"type": "Polygon", "coordinates": [[[483.6, 84.8], [492.4, 84.8], [492.4, 87.5], [491.7, 87.5], [491.7, 85.4], [484.2, 85.4], [484.2, 92.6], [491.7, 92.6], [491.7, 90.5], [492.4, 90.5], [492.4, 93.3], [483.6, 93.3], [483.6, 84.8]]]}},
{"type": "Feature", "properties": {"level": "platform", "type": "enclosure", "platform": "10", "color": "#525252", "source": "PCIP Phase 1 Appendix A, sheet A-021, July 2019, PDF page 31"}, "geometry": {"type": "Polygon", "coordinates": [[[792.5, 212.9], [793.1, 212.9], [793.1, 223.5], [803.2, 223.5], [803.2, 213.5], [796.4, 213.5], [796.4, 212.9], [803.8, 212.9], [803.8, 224.2], [792.5, 224.2], [792.5, 212.9]]]}},
{"type": "Feature", "properties": {"level": "platform", "type": "wall", "platform": "9", "color": "#545252", "source": "PCIP Phase 1 Appendix A, sheet A-021, July 2019, PDF page 31"}, "geometry": {"type": "LineString", "coordinates": [[-70.8, 177.0], [-79.2, 177.0], [-79.2, 184.6], [-119.2, 184.5]]}},
{"type": "Feature", "properties": {"level": "platform", "type": "wall", "platform": "8", "color": "#545252", "source": "PCIP Phase 1 Appendix A, sheet A-021, July 2019, PDF page 31"}, "geometry": {"type": "LineString", "coordinates": [[-70.8, 130.0], [-80.1, 130.0], [-80.1, 140.1]]}},
{"type": "Feature", "properties": {"level": "platform", "type": "wall", "platform": "6", "color": "#545252", "source": "PCIP Phase 1 Appendix A, sheet A-021, July 2019, PDF page 31"}, "geometry": {"type": "LineString", "coordinates": [[-70.7, 40.1], [-80.1, 40.1], [-80.1, 50.2], [-70.8, 50.2]]}},
{"type": "Feature", "properties": {"level": "platform", "type": "wall", "platform": "7", "color": "#545252", "source": "PCIP Phase 1 Appendix A, sheet A-021, July 2019, PDF page 31"}, "geometry": {"type": "LineString", "coordinates": [[-70.8, 84.5], [-80.1, 84.5], [-80.1, 94.7], [-70.8, 94.7]]}},
{"type": "Feature", "properties": {"level": "platform", "type": "wall", "platform": "5", "color": "#545252", "source": "PCIP Phase 1 Appendix A, sheet A-021, July 2019, PDF page 31"}, "geometry": {"type": "LineString", "coordinates": [[-70.1, -5.9], [-80.1, -5.9], [-80.1, 4.4], [-70.7, 4.4]]}},
{"type": "Feature", "properties": {"level": "platform", "type": "wall", "platform": "4", "color": "#545252", "source": "PCIP Phase 1 Appendix A, sheet A-021, July 2019, PDF page 31"}, "geometry": {"type": "LineString", "coordinates": [[-63.9, -53.4], [-70.1, -53.4], [-70.1, -51.4], [-80.1, -51.4], [-80.1, -41.1], [-70.1, -41.1]]}},
{"type": "Feature", "properties": {"level": "platform", "type": "wall", "platform": "3", "color": "#545252", "source": "PCIP Phase 1 Appendix A, sheet A-021, July 2019, PDF page 31"}, "geometry": {"type": "LineString", "coordinates": [[5.4, -97.1], [-18.3, -97.1], [-18.3, -99.7], [-70.1, -99.8], [-70.1, -96.6], [-79.1, -96.6], [-79.1, -86.2], [-68.8, -86.0]]}},
{"type": "Feature", "properties": {"level": "platform", "type": "wall", "platform": "7", "color": "#545252", "source": "PCIP Phase 1 Appendix A, sheet A-021, July 2019, PDF page 31"}, "geometry": {"type": "LineString", "coordinates": [[5.3, 84.7], [-18.4, 84.7]]}},
{"type": "Feature", "properties": {"level": "platform", "type": "wall", "platform": "8", "color": "#545252", "source": "PCIP Phase 1 Appendix A, sheet A-021, July 2019, PDF page 31"}, "geometry": {"type": "LineString", "coordinates": [[-18.4, 141.9], [5.3, 142.0]]}},
{"type": "Feature", "properties": {"level": "platform", "type": "wall", "platform": "9", "color": "#545252", "source": "PCIP Phase 1 Appendix A, sheet A-021, July 2019, PDF page 31"}, "geometry": {"type": "LineString", "coordinates": [[-18.4, 186.2], [-13.4, 186.2], [-13.4, 173.5], [-18.4, 173.5]]}},
{"type": "Feature", "properties": {"level": "platform", "type": "wall", "platform": "10", "color": "#545252", "source": "PCIP Phase 1 Appendix A, sheet A-021, July 2019, PDF page 31"}, "geometry": {"type": "LineString", "coordinates": [[-18.4, 231.2], [-13.1, 231.2], [-13.1, 213.2], [-18.4, 213.2]]}},
{"type": "Feature", "properties": {"level": "platform", "type": "wall", "platform": "4", "color": "#545252", "source": "PCIP Phase 1 Appendix A, sheet A-021, July 2019, PDF page 31"}, "geometry": {"type": "LineString", "coordinates": [[-18.3, -41.8], [5.4, -41.8]]}},
{"type": "Feature", "properties": {"level": "platform", "type": "wall", "platform": "5", "color": "#545252", "source": "PCIP Phase 1 Appendix A, sheet A-021, July 2019, PDF page 31"}, "geometry": {"type": "LineString", "coordinates": [[5.4, -4.3], [-18.3, -4.3]]}},
{"type": "Feature", "properties": {"level": "platform", "type": "wall", "platform": "6", "color": "#545252", "source": "PCIP Phase 1 Appendix A, sheet A-021, July 2019, PDF page 31"}, "geometry": {"type": "LineString", "coordinates": [[-18.3, 49.6], [5.3, 49.6]]}},
{"type": "Feature", "properties": {"level": "platform", "type": "wall", "platform": "11", "color": "#545252", "source": "PCIP Phase 1 Appendix A, sheet A-021, July 2019, PDF page 31"}, "geometry": {"type": "LineString", "coordinates": [[-5.1, 283.3], [-3.3, 283.3]]}},
{"type": "Feature", "properties": {"level": "platform", "type": "wall", "platform": "10", "color": "#545252", "source": "PCIP Phase 1 Appendix A, sheet A-021, July 2019, PDF page 31"}, "geometry": {"type": "LineString", "coordinates": [[291.7, 206.6], [280.9, 206.6], [280.9, 206.9], [279.5, 206.9], [279.5, 214.6], [280.9, 214.6], [280.9, 215.6], [281.3, 215.6]]}},
{"type": "Feature", "properties": {"level": "platform", "type": "wall", "platform": "10", "color": "#545252", "source": "PCIP Phase 1 Appendix A, sheet A-021, July 2019, PDF page 31"}, "geometry": {"type": "LineString", "coordinates": [[281.3, 215.6], [280.4, 216.0], [280.3, 219.2], [281.3, 219.4], [281.3, 219.6], [280.9, 219.6], [280.9, 220.3], [291.7, 220.3]]}},
{"type": "Feature", "properties": {"level": "platform", "type": "wall", "platform": "11", "color": "#545252", "source": "PCIP Phase 1 Appendix A, sheet A-021, July 2019, PDF page 31"}, "geometry": {"type": "LineString", "coordinates": [[289.0, 269.3], [288.5, 269.3], [288.5, 268.9], [272.9, 268.9], [272.9, 272.2], [366.3, 272.2]]}},
{"type": "Feature", "properties": {"level": "platform", "type": "wall", "platform": "9", "color": "#545252", "source": "PCIP Phase 1 Appendix A, sheet A-021, July 2019, PDF page 31"}, "geometry": {"type": "LineString", "coordinates": [[290.9, 177.9], [290.9, 185.3], [291.7, 185.3]]}},
{"type": "Feature", "properties": {"level": "platform", "type": "wall", "platform": "3", "color": "#545252", "source": "PCIP Phase 1 Appendix A, sheet A-021, July 2019, PDF page 31"}, "geometry": {"type": "LineString", "coordinates": [[291.1, -97.1], [291.1, -96.7], [290.4, -96.7], [290.4, -91.0], [291.1, -91.0], [291.1, -90.5]]}},
{"type": "Feature", "properties": {"level": "platform", "type": "wall", "platform": "8", "color": "#545252", "source": "PCIP Phase 1 Appendix A, sheet A-021, July 2019, PDF page 31"}, "geometry": {"type": "LineString", "coordinates": [[291.9, 132.8], [291.1, 133.2], [291.1, 136.2], [291.9, 136.6]]}},
{"type": "Feature", "properties": {"level": "platform", "type": "wall", "platform": "6", "color": "#545252", "source": "PCIP Phase 1 Appendix A, sheet A-021, July 2019, PDF page 31"}, "geometry": {"type": "LineString", "coordinates": [[292.6, 39.1], [293.0, 39.1], [293.0, 41.1], [290.0, 41.1], [290.0, 42.0], [292.1, 42.0]]}},
{"type": "Feature", "properties": {"level": "platform", "type": "wall", "platform": "6", "color": "#545252", "source": "PCIP Phase 1 Appendix A, sheet A-021, July 2019, PDF page 31"}, "geometry": {"type": "LineString", "coordinates": [[292.1, 42.1], [291.2, 42.4], [291.2, 45.5], [292.1, 45.8]]}},
{"type": "Feature", "properties": {"level": "platform", "type": "wall", "platform": "7", "color": "#545252", "source": "PCIP Phase 1 Appendix A, sheet A-021, July 2019, PDF page 31"}, "geometry": {"type": "LineString", "coordinates": [[292.1, 86.4], [291.1, 86.7], [291.1, 89.8], [292.1, 90.1], [292.1, 90.3], [292.6, 90.3]]}},
{"type": "Feature", "properties": {"level": "platform", "type": "wall", "platform": "4", "color": "#545252", "source": "PCIP Phase 1 Appendix A, sheet A-021, July 2019, PDF page 31"}, "geometry": {"type": "LineString", "coordinates": [[292.2, -48.5], [291.3, -48.2], [291.3, -45.1], [292.2, -44.8]]}},
{"type": "Feature", "properties": {"level": "platform", "type": "wall", "platform": "5", "color": "#545252", "source": "PCIP Phase 1 Appendix A, sheet A-021, July 2019, PDF page 31"}, "geometry": {"type": "LineString", "coordinates": [[292.2, -1.3], [291.2, -0.9], [291.2, 2.1], [292.2, 2.5]]}},
{"type": "Feature", "properties": {"level": "platform", "type": "wall", "platform": "1", "color": "#545252", "source": "PCIP Phase 1 Appendix A, sheet A-021, July 2019, PDF page 31"}, "geometry": {"type": "LineString", "coordinates": [[351.3, -180.3], [352.0, -180.3], [352.0, -187.6], [326.8, -187.6], [326.8, -180.7], [315.5, -180.7], [315.6, -187.6], [292.3, -187.6], [292.3, -187.3], [289.4, -187.3], [289.4, -182.4], [292.3, -182.4], [292.3, -182.0]]}},
{"type": "Feature", "properties": {"level": "platform", "type": "wall", "platform": "2", "color": "#545252", "source": "PCIP Phase 1 Appendix A, sheet A-021, July 2019, PDF page 31"}, "geometry": {"type": "LineString", "coordinates": [[292.3, -142.6], [292.3, -142.2], [289.4, -142.2], [289.4, -137.5], [292.3, -137.5], [292.3, -137.0]]}},
{"type": "Feature", "properties": {"level": "platform", "type": "wall", "platform": "1", "color": "#545252", "source": "PCIP Phase 1 Appendix A, sheet A-021, July 2019, PDF page 31"}, "geometry": {"type": "LineString", "coordinates": [[292.9, -182.0], [292.9, -179.4]]}},
{"type": "Feature", "properties": {"level": "platform", "type": "wall", "platform": "7", "color": "#545252", "source": "PCIP Phase 1 Appendix A, sheet A-021, July 2019, PDF page 31"}, "geometry": {"type": "LineString", "coordinates": [[351.3, 85.0], [351.3, 85.3], [416.3, 85.5], [416.3, 84.9], [348.7, 84.9]]}},
{"type": "Feature", "properties": {"level": "platform", "type": "wall", "platform": "7", "color": "#545252", "source": "PCIP Phase 1 Appendix A, sheet A-021, July 2019, PDF page 31"}, "geometry": {"type": "LineString", "coordinates": [[348.7, 99.4], [353.9, 99.4], [353.9, 92.9], [350.7, 92.9]]}},
{"type": "Feature", "properties": {"level": "platform", "type": "wall", "platform": "6", "color": "#545252", "source": "PCIP Phase 1 Appendix A, sheet A-021, July 2019, PDF page 31"}, "geometry": {"type": "LineString", "coordinates": [[350.9, 42.0], [348.8, 42.0]]}},
{"type": "Feature", "properties": {"level": "platform", "type": "wall", "platform": "6", "color": "#545252", "source": "PCIP Phase 1 Appendix A, sheet A-021, July 2019, PDF page 31"}, "geometry": {"type": "LineString", "coordinates": [[477.9, 50.7], [406.0, 50.6], [406.0, 49.2], [348.8, 49.0]]}},
{"type": "Feature", "properties": {"level": "platform", "type": "wall", "platform": "4", "color": "#545252", "source": "PCIP Phase 1 Appendix A, sheet A-021, July 2019, PDF page 31"}, "geometry": {"type": "LineString", "coordinates": [[348.9, -44.4], [349.4, -44.4], [349.5, -49.2], [348.9, -49.2]]}},
{"type": "Feature", "properties": {"level": "platform", "type": "wall", "platform": "5", "color": "#545252", "source": "PCIP Phase 1 Appendix A, sheet A-021, July 2019, PDF page 31"}, "geometry": {"type": "LineString", "coordinates": [[353.1, 5.4], [350.2, 5.4], [350.2, 6.3], [348.9, 6.3], [348.9, 4.0]]}},
{"type": "Feature", "properties": {"level": "platform", "type": "wall", "platform": "2", "color": "#545252", "source": "PCIP Phase 1 Appendix A, sheet A-021, July 2019, PDF page 31"}, "geometry": {"type": "LineString", "coordinates": [[349.0, -132.2], [339.9, -132.2], [339.9, -136.8], [340.5, -136.8], [340.5, -142.4], [339.8, -142.4], [339.8, -145.2], [349.3, -145.2]]}},
{"type": "Feature", "properties": {"level": "platform", "type": "wall", "platform": "3", "color": "#545252", "source": "PCIP Phase 1 Appendix A, sheet A-021, July 2019, PDF page 31"}, "geometry": {"type": "LineString", "coordinates": [[349.0, -90.2], [344.4, -90.2], [344.4, -87.4], [339.4, -87.4], [339.4, -91.0], [340.5, -91.0], [340.5, -96.6], [339.4, -96.6], [339.5, -100.6], [344.4, -100.6], [344.4, -97.7], [349.0, -97.7]]}},
{"type": "Feature", "properties": {"level": "platform", "type": "wall", "platform": "10", "color": "#545252", "source": "PCIP Phase 1 Appendix A, sheet A-021, July 2019, PDF page 31"}, "geometry": {"type": "LineString", "coordinates": [[349.8, 219.6], [349.8, 219.2], [387.2, 219.2], [387.2, 217.9], [355.5, 217.9], [355.5, 217.1], [355.1, 217.1], [355.1, 216.9], [355.9, 216.7], [355.9, 213.6], [355.1, 213.3], [355.1, 213.1], [355.5, 213.1], [355.5, 212.3], [349.3, 212.3]]}},
{"type": "Feature", "properties": {"level": "platform", "type": "wall", "platform": "10", "color": "#545252", "source": "PCIP Phase 1 Appendix A, sheet A-021, July 2019, PDF page 31"}, "geometry": {"type": "LineString", "coordinates": [[349.3, 229.4], [349.8, 229.4], [349.8, 219.6]]}},
{"type": "Feature", "properties": {"level": "platform", "type": "wall", "platform": "9", "color": "#545252", "source": "PCIP Phase 1 Appendix A, sheet A-021, July 2019, PDF page 31"}, "geometry": {"type": "LineString", "coordinates": [[392.9, 185.2], [393.3, 185.2], [393.3, 179.1], [384.5, 179.1], [384.5, 185.8], [349.5, 185.8], [349.5, 185.2], [349.8, 185.2], [349.8, 179.1]]}},
{"type": "Feature", "properties": {"level": "platform", "type": "wall", "platform": "5", "color": "#545252", "source": "PCIP Phase 1 Appendix A, sheet A-021, July 2019, PDF page 31"}, "geometry": {"type": "LineString", "coordinates": [[350.3, 4.0], [350.3, -2.4]]}},
{"type": "Feature", "properties": {"level": "platform", "type": "wall", "platform": "8", "color": "#545252", "source": "PCIP Phase 1 Appendix A, sheet A-021, July 2019, PDF page 31"}, "geometry": {"type": "LineString", "coordinates": [[391.8, 137.6], [406.8, 137.7], [406.8, 137.4], [391.8, 137.4], [391.8, 137.2], [392.3, 137.2], [392.3, 132.4], [391.8, 132.4], [391.8, 132.2], [406.8, 132.3], [406.8, 132.0], [350.7, 132.0]]}},
{"type": "Feature", "properties": {"level": "platform", "type": "wall", "platform": "8", "color": "#545252", "source": "PCIP Phase 1 Appendix A, sheet A-021, July 2019, PDF page 31"}, "geometry": {"type": "LineString", "coordinates": [[350.7, 132.2], [384.4, 132.2], [384.4, 132.4], [383.8, 132.4], [383.8, 137.2], [384.4, 137.2], [384.4, 137.4], [350.7, 137.3]]}},
{"type": "Feature", "properties": {"level": "platform", "type": "wall", "platform": "8", "color": "#545252", "source": "PCIP Phase 1 Appendix A, sheet A-021, July 2019, PDF page 31"}, "geometry": {"type": "LineString", "coordinates": [[350.7, 137.6], [385.2, 137.6], [385.2, 139.6], [368.7, 139.6], [368.7, 138.2]]}},
{"type": "Feature", "properties": {"level": "platform", "type": "wall", "platform": "6", "color": "#545252", "source": "PCIP Phase 1 Appendix A, sheet A-021, July 2019, PDF page 31"}, "geometry": {"type": "LineString", "coordinates": [[350.9, 46.5], [352.3, 46.5], [352.3, 42.4], [350.9, 42.4], [350.9, 42.0]]}},
{"type": "Feature", "properties": {"level": "platform", "type": "enclosure", "platform": "6", "color": "#545252", "source": "PCIP Phase 1 Appendix A, sheet A-021, July 2019, PDF page 31"}, "geometry": {"type": "Polygon", "coordinates": [[[351.0, 42.0], [361.1, 42.1], [361.1, 42.3], [351.0, 42.3], [351.0, 42.0]]]}},
{"type": "Feature", "properties": {"level": "platform", "type": "wall", "platform": "7", "color": "#545252", "source": "PCIP Phase 1 Appendix A, sheet A-021, July 2019, PDF page 31"}, "geometry": {"type": "LineString", "coordinates": [[351.2, 91.8], [351.2, 90.3], [352.2, 90.3], [352.2, 85.5], [351.2, 85.5], [351.2, 85.0]]}},
{"type": "Feature", "properties": {"level": "platform", "type": "wall", "platform": "1", "color": "#545252", "source": "PCIP Phase 1 Appendix A, sheet A-021, July 2019, PDF page 31"}, "geometry": {"type": "LineString", "coordinates": [[391.1, -187.1], [384.7, -187.1], [384.7, -179.5], [351.3, -179.7]]}},
{"type": "Feature", "properties": {"level": "platform", "type": "wall", "platform": "6", "color": "#545252", "source": "PCIP Phase 1 Appendix A, sheet A-021, July 2019, PDF page 31"}, "geometry": {"type": "LineString", "coordinates": [[570.2, 44.9], [560.2, 44.9], [560.2, 50.4], [560.4, 50.4], [560.4, 50.8], [553.2, 50.8], [553.2, 51.8], [525.1, 51.7], [525.1, 50.7], [477.9, 50.7]]}},
{"type": "Feature", "properties": {"level": "platform", "type": "wall", "platform": "6", "color": "#545252", "source": "PCIP Phase 1 Appendix A, sheet A-021, July 2019, PDF page 31"}, "geometry": {"type": "LineString", "coordinates": [[483.9, 51.0], [483.8, 50.8], [477.9, 50.8], [477.9, 50.7]]}},
{"type": "Feature", "properties": {"level": "platform", "type": "wall", "platform": "6", "color": "#545252", "source": "PCIP Phase 1 Appendix A, sheet A-021, July 2019, PDF page 31"}, "geometry": {"type": "LineString", "coordinates": [[477.9, 50.7], [477.9, 44.5], [483.7, 44.5]]}},
{"type": "Feature", "properties": {"level": "platform", "type": "wall", "platform": "7", "color": "#545252", "source": "PCIP Phase 1 Appendix A, sheet A-021, July 2019, PDF page 31"}, "geometry": {"type": "LineString", "coordinates": [[492.1, 84.6], [483.9, 84.6]]}},
{"type": "Feature", "properties": {"level": "platform", "type": "wall", "platform": "1", "color": "#545252", "source": "PCIP Phase 1 Appendix A, sheet A-021, July 2019, PDF page 31"}, "geometry": {"type": "LineString", "coordinates": [[488.4, -177.0], [488.4, -179.3], [507.5, -179.3], [507.5, -193.4], [511.9, -193.4], [517.0, -193.3], [517.3, -193.3], [517.3, -176.7], [517.4, -176.5], [525.5, -176.5], [525.5, -185.2], [525.6, -185.3], [533.5, -185.3]]}},
{"type": "Feature", "properties": {"level": "platform", "type": "wall", "platform": "2", "color": "#545252", "source": "PCIP Phase 1 Appendix A, sheet A-021, July 2019, PDF page 31"}, "geometry": {"type": "LineString", "coordinates": [[506.9, -133.4], [488.9, -133.4], [488.9, -140.1]]}},
{"type": "Feature", "properties": {"level": "platform", "type": "wall", "platform": "2", "color": "#545252", "source": "PCIP Phase 1 Appendix A, sheet A-021, July 2019, PDF page 31"}, "geometry": {"type": "LineString", "coordinates": [[489.2, -141.6], [489.2, -141.9], [489.4, -142.0], [489.5, -142.2], [489.6, -142.5], [489.6, -142.7], [489.7, -142.9], [489.9, -143.1], [490.0, -143.4], [490.2, -143.5], [490.3, -143.8], [490.5, -144.0], [490.8, -144.2], [490.9, -144.4], [491.0, -144.5]]}},
{"type": "Feature", "properties": {"level": "platform", "type": "wall", "platform": "2", "color": "#545252", "source": "PCIP Phase 1 Appendix A, sheet A-021, July 2019, PDF page 31"}, "geometry": {"type": "LineString", "coordinates": [[491.1, -144.6], [491.3, -144.8], [491.6, -144.9], [491.9, -145.2], [492.1, -145.4], [492.4, -145.5], [492.8, -145.7], [493.0, -145.8], [493.4, -145.9], [493.7, -146.0], [494.2, -146.2], [494.4, -146.2], [494.8, -146.2], [507.0, -146.2]]}},
{"type": "Feature", "properties": {"level": "platform", "type": "wall", "platform": "4", "color": "#545252", "source": "PCIP Phase 1 Appendix A, sheet A-021, July 2019, PDF page 31"}, "geometry": {"type": "LineString", "coordinates": [[507.0, -46.5], [498.6, -46.5]]}},
{"type": "Feature", "properties": {"level": "platform", "type": "wall", "platform": "4", "color": "#545252", "source": "PCIP Phase 1 Appendix A, sheet A-021, July 2019, PDF page 31"}, "geometry": {"type": "LineString", "coordinates": [[503.3, -53.1], [504.0, -53.6], [504.3, -53.8], [507.0, -53.8]]}},
{"type": "Feature", "properties": {"level": "platform", "type": "wall", "platform": "3", "color": "#545252", "source": "PCIP Phase 1 Appendix A, sheet A-021, July 2019, PDF page 31"}, "geometry": {"type": "LineString", "coordinates": [[507.0, -83.9], [504.8, -83.9], [504.8, -90.3], [498.4, -90.3], [498.4, -97.6], [506.9, -97.6]]}},
{"type": "Feature", "properties": {"level": "platform", "type": "wall", "platform": "5", "color": "#545252", "source": "PCIP Phase 1 Appendix A, sheet A-021, July 2019, PDF page 31"}, "geometry": {"type": "LineString", "coordinates": [[507.8, 8.5], [507.6, 8.3], [498.4, 8.3], [498.4, 1.1], [507.0, 1.1]]}},
{"type": "Feature", "properties": {"level": "platform", "type": "wall", "platform": "11", "color": "#545252", "source": "PCIP Phase 1 Appendix A, sheet A-021, July 2019, PDF page 31"}, "geometry": {"type": "LineString", "coordinates": [[520.6, 274.7], [492.1, 274.7], [520.6, 274.8]]}},
{"type": "Feature", "properties": {"level": "platform", "type": "wall", "platform": "8", "color": "#545252", "source": "PCIP Phase 1 Appendix A, sheet A-021, July 2019, PDF page 31"}, "geometry": {"type": "LineString", "coordinates": [[523.2, 129.5], [520.7, 130.6]]}},
{"type": "Feature", "properties": {"level": "platform", "type": "wall", "platform": "9", "color": "#545252", "source": "PCIP Phase 1 Appendix A, sheet A-021, July 2019, PDF page 31"}, "geometry": {"type": "LineString", "coordinates": [[520.7, 185.3], [528.3, 185.3], [528.3, 179.7], [520.7, 179.7]]}},
{"type": "Feature", "properties": {"level": "platform", "type": "wall", "platform": "10", "color": "#545252", "source": "PCIP Phase 1 Appendix A, sheet A-021, July 2019, PDF page 31"}, "geometry": {"type": "LineString", "coordinates": [[520.7, 216.0], [528.3, 216.0], [528.3, 205.8], [520.7, 205.8]]}},
{"type": "Feature", "properties": {"level": "platform", "type": "wall", "platform": "7", "color": "#545252", "source": "PCIP Phase 1 Appendix A, sheet A-021, July 2019, PDF page 31"}, "geometry": {"type": "LineString", "coordinates": [[520.8, 90.8], [523.9, 90.8], [523.9, 85.1], [520.9, 85.1], [520.9, 80.1], [549.4, 80.2], [549.4, 81.2], [587.2, 81.2], [587.2, 84.9]]}},
{"type": "Feature", "properties": {"level": "platform", "type": "wall", "platform": "8", "color": "#545252", "source": "PCIP Phase 1 Appendix A, sheet A-021, July 2019, PDF page 31"}, "geometry": {"type": "LineString", "coordinates": [[523.2, 129.5], [520.8, 129.5]]}},
{"type": "Feature", "properties": {"level": "platform", "type": "wall", "platform": "8", "color": "#545252", "source": "PCIP Phase 1 Appendix A, sheet A-021, July 2019, PDF page 31"}, "geometry": {"type": "LineString", "coordinates": [[520.8, 134.2], [528.5, 134.2], [528.5, 129.5], [523.2, 129.5]]}},
{"type": "Feature", "properties": {"level": "platform", "type": "wall", "platform": "8", "color": "#545252", "source": "PCIP Phase 1 Appendix A, sheet A-021, July 2019, PDF page 31"}, "geometry": {"type": "LineString", "coordinates": [[528.2, 127.1], [524.4, 129.0], [523.2, 129.5]]}},
{"type": "Feature", "properties": {"level": "platform", "type": "wall", "platform": "4", "color": "#545252", "source": "PCIP Phase 1 Appendix A, sheet A-021, July 2019, PDF page 31"}, "geometry": {"type": "LineString", "coordinates": [[533.3, -53.6], [541.9, -53.6], [542.0, -53.4], [542.0, -46.5], [533.1, -46.5]]}},
{"type": "Feature", "properties": {"level": "platform", "type": "wall", "platform": "3", "color": "#545252", "source": "PCIP Phase 1 Appendix A, sheet A-021, July 2019, PDF page 31"}, "geometry": {"type": "LineString", "coordinates": [[533.4, -97.6], [541.9, -97.6], [541.9, -90.5], [541.9, -90.3], [533.3, -90.3]]}},
{"type": "Feature", "properties": {"level": "platform", "type": "wall", "platform": "2", "color": "#545252", "source": "PCIP Phase 1 Appendix A, sheet A-021, July 2019, PDF page 31"}, "geometry": {"type": "LineString", "coordinates": [[541.9, -133.2], [533.4, -133.2]]}},
{"type": "Feature", "properties": {"level": "platform", "type": "wall", "platform": "2", "color": "#545252", "source": "PCIP Phase 1 Appendix A, sheet A-021, July 2019, PDF page 31"}, "geometry": {"type": "LineString", "coordinates": [[533.5, -147.3], [533.4, -143.5], [533.4, -140.5], [541.9, -140.5], [542.0, -140.3], [542.0, -133.3]]}},
{"type": "Feature", "properties": {"level": "platform", "type": "wall", "platform": "5", "color": "#545252", "source": "PCIP Phase 1 Appendix A, sheet A-021, July 2019, PDF page 31"}, "geometry": {"type": "LineString", "coordinates": [[554.4, -8.0], [554.7, -7.3], [554.7, -7.1], [565.4, -7.1], [565.4, 8.9], [591.2, 8.9], [591.3, 9.1]]}},
{"type": "Feature", "properties": {"level": "platform", "type": "wall", "platform": "7", "color": "#545252", "source": "PCIP Phase 1 Appendix A, sheet A-021, July 2019, PDF page 31"}, "geometry": {"type": "LineString", "coordinates": [[587.2, 84.9], [560.4, 84.9], [560.2, 85.0], [560.0, 85.5], [559.8, 86.4], [559.3, 88.4], [558.0, 92.3], [556.4, 96.2], [554.6, 100.0]]}},
{"type": "Feature", "properties": {"level": "platform", "type": "wall", "platform": "7", "color": "#545252", "source": "PCIP Phase 1 Appendix A, sheet A-021, July 2019, PDF page 31"}, "geometry": {"type": "LineString", "coordinates": [[591.2, 84.9], [587.2, 84.9]]}},
{"type": "Feature", "properties": {"level": "platform", "type": "wall", "platform": "7", "color": "#545252", "source": "PCIP Phase 1 Appendix A, sheet A-021, July 2019, PDF page 31"}, "geometry": {"type": "LineString", "coordinates": [[587.2, 84.9], [587.2, 88.4], [594.7, 88.4], [594.7, 81.4], [602.4, 80.6], [689.3, 80.8], [689.3, 85.1], [686.0, 85.1], [685.9, 96.7], [689.3, 96.7]]}},
{"type": "Feature", "properties": {"level": "platform", "type": "wall", "platform": "11", "color": "#545252", "source": "PCIP Phase 1 Appendix A, sheet A-021, July 2019, PDF page 31"}, "geometry": {"type": "LineString", "coordinates": [[658.3, 270.8], [658.3, 272.8], [887.9, 273.1], [887.9, 271.3], [888.9, 271.3]]}},
{"type": "Feature", "properties": {"level": "platform", "type": "wall", "platform": "9", "color": "#545252", "source": "PCIP Phase 1 Appendix A, sheet A-021, July 2019, PDF page 31"}, "geometry": {"type": "LineString", "coordinates": [[689.2, 179.8], [685.9, 179.8], [685.9, 184.8], [689.2, 184.8], [689.2, 190.4], [685.1, 190.4]]}},
{"type": "Feature", "properties": {"level": "platform", "type": "wall", "platform": "10", "color": "#545252", "source": "PCIP Phase 1 Appendix A, sheet A-021, July 2019, PDF page 31"}, "geometry": {"type": "LineString", "coordinates": [[689.1, 210.0], [685.8, 210.0], [685.8, 229.8], [689.1, 230.0], [689.1, 240.0]]}},
{"type": "Feature", "properties": {"level": "platform", "type": "wall", "platform": "8", "color": "#545252", "source": "PCIP Phase 1 Appendix A, sheet A-021, July 2019, PDF page 31"}, "geometry": {"type": "LineString", "coordinates": [[689.2, 130.0], [685.9, 130.0], [685.9, 141.3], [689.2, 141.3]]}},
{"type": "Feature", "properties": {"level": "platform", "type": "wall", "platform": "2", "color": "#545252", "source": "PCIP Phase 1 Appendix A, sheet A-021, July 2019, PDF page 31"}, "geometry": {"type": "LineString", "coordinates": [[710.1, -146.2], [716.0, -146.2]]}},
{"type": "Feature", "properties": {"level": "platform", "type": "wall", "platform": "4", "color": "#545252", "source": "PCIP Phase 1 Appendix A, sheet A-021, July 2019, PDF page 31"}, "geometry": {"type": "LineString", "coordinates": [[715.9, -35.9], [714.1, -35.9]]}},
{"type": "Feature", "properties": {"level": "platform", "type": "wall", "platform": "5", "color": "#545252", "source": "PCIP Phase 1 Appendix A, sheet A-021, July 2019, PDF page 31"}, "geometry": {"type": "LineString", "coordinates": [[715.7, 4.9], [720.3, 4.9], [720.3, 7.8], [731.0, 7.8], [731.1, 7.2], [731.7, 7.1], [731.7, 5.0], [733.6, 5.0], [733.6, 7.1], [734.3, 6.9], [734.3, 7.8], [750.5, 7.8], [750.6, 4.7], [753.3, 4.7]]}},
{"type": "Feature", "properties": {"level": "platform", "type": "wall", "platform": "1", "color": "#545252", "source": "PCIP Phase 1 Appendix A, sheet A-021, July 2019, PDF page 31"}, "geometry": {"type": "LineString", "coordinates": [[751.1, -174.5], [749.5, -174.5], [749.5, -193.4], [716.0, -193.5]]}},
{"type": "Feature", "properties": {"level": "platform", "type": "wall", "platform": "6", "color": "#545252", "source": "PCIP Phase 1 Appendix A, sheet A-021, July 2019, PDF page 31"}, "geometry": {"type": "LineString", "coordinates": [[716.7, 41.1], [712.6, 41.1], [712.6, 48.9], [716.7, 48.9]]}},
{"type": "Feature", "properties": {"level": "platform", "type": "wall", "platform": "8", "color": "#545252", "source": "PCIP Phase 1 Appendix A, sheet A-021, July 2019, PDF page 31"}, "geometry": {"type": "LineString", "coordinates": [[740.0, 132.8], [740.0, 132.1], [738.7, 132.1], [738.7, 132.8], [738.4, 132.8], [738.4, 132.5], [738.1, 130.7], [738.1, 130.2], [735.3, 130.2], [735.3, 130.7], [734.9, 132.5], [734.9, 132.8], [734.6, 132.8], [734.6, 132.0], [734.0, 132.0]]}},
{"type": "Feature", "properties": {"level": "platform", "type": "wall", "platform": "8", "color": "#545252", "source": "PCIP Phase 1 Appendix A, sheet A-021, July 2019, PDF page 31"}, "geometry": {"type": "LineString", "coordinates": [[758.4, 131.4], [758.0, 131.4], [758.0, 131.6], [757.7, 131.6], [757.7, 131.4], [753.7, 131.4], [753.7, 131.6], [753.3, 131.6], [753.3, 131.4], [752.8, 131.4], [752.8, 132.1], [748.5, 132.1], [748.5, 132.8], [748.3, 132.8], [748.3, 132.5], [747.8, 130.8], [747.8, 130.2], [745.0, 130.2], [745.0, 130.8], [744.7, 132.5], [744.7, 132.8], [744.4, 132.8], [744.4, 132.0], [743.1, 132.1], [743.1, 132.8], [742.9, 132.8], [742.9, 132.6], [742.5, 130.8], [742.5, 130.2], [740.6, 130.2], [740.6, 130.8], [740.2, 132.6], [740.2, 132.8]]}},
{"type": "Feature", "properties": {"level": "platform", "type": "wall", "platform": "2", "color": "#545252", "source": "PCIP Phase 1 Appendix A, sheet A-021, July 2019, PDF page 31"}, "geometry": {"type": "LineString", "coordinates": [[749.3, -146.0], [757.7, -146.0]]}},
{"type": "Feature", "properties": {"level": "platform", "type": "wall", "platform": "4", "color": "#545252", "source": "PCIP Phase 1 Appendix A, sheet A-021, July 2019, PDF page 31"}, "geometry": {"type": "LineString", "coordinates": [[753.3, -40.9], [753.3, -38.8], [750.7, -38.8]]}},
{"type": "Feature", "properties": {"level": "platform", "type": "wall", "platform": "6", "color": "#545252", "source": "PCIP Phase 1 Appendix A, sheet A-021, July 2019, PDF page 31"}, "geometry": {"type": "LineString", "coordinates": [[757.9, 53.1], [755.7, 53.1], [755.7, 47.4], [759.8, 47.4], [759.8, 43.8], [755.7, 43.7], [755.7, 38.0], [757.9, 38.0]]}},
{"type": "Feature", "properties": {"level": "platform", "type": "wall", "platform": "10", "color": "#545252", "source": "PCIP Phase 1 Appendix A, sheet A-021, July 2019, PDF page 31"}, "geometry": {"type": "LineString", "coordinates": [[889.1, 238.2], [886.4, 238.2], [886.4, 236.2], [877.1, 236.2], [877.1, 238.2], [849.7, 238.1], [833.2, 236.3], [830.1, 235.9], [823.8, 235.2], [788.3, 231.3], [774.2, 229.7], [769.2, 229.2], [763.9, 228.7], [760.8, 228.3], [759.0, 228.0], [758.3, 228.0]]}},
{"type": "Feature", "properties": {"level": "platform", "type": "wall", "platform": "9", "color": "#545252", "source": "PCIP Phase 1 Appendix A, sheet A-021, July 2019, PDF page 31"}, "geometry": {"type": "LineString", "coordinates": [[761.4, 181.0], [777.5, 181.0]]}},
{"type": "Feature", "properties": {"level": "platform", "type": "wall", "platform": "diagonal", "color": "#545454", "source": "PCIP Phase 1 Appendix A, sheet A-021, July 2019, PDF page 31"}, "geometry": {"type": "LineString", "coordinates": [[-211.0, -129.3], [-214.2, -128.8], [-217.3, -128.5], [-220.4, -128.0], [-223.6, -127.7], [-226.3, -127.3], [-228.9, -126.9], [-231.6, -126.6], [-234.5, -126.0], [-237.3, -125.6], [-240.2, -125.2], [-243.3, -124.6], [-246.1, -124.2], [-249.0, -123.8], [-251.9, -123.3], [-254.7, -122.8], [-257.4, -122.4], [-260.0, -121.9], [-262.7, -121.4], [-265.9, -120.9], [-268.9, -120.3], [-271.9, -119.8], [-275.0, -119.1], [-278.1, -118.6], [-281.2, -117.9], [-284.3, -117.2], [-287.4, -116.5], [-290.5, -115.7], [-293.5, -115.1], [-296.2, -114.4], [-298.9, -113.8], [-301.6, -113.2], [-304.8, -112.5], [-308.1, -111.8], [-311.4, -111.0], [-314.7, -110.4], [-317.9, -109.6]]}},
{"type": "Feature", "properties": {"level": "platform", "type": "wall", "platform": "3", "color": "#545454", "source": "PCIP Phase 1 Appendix A, sheet A-021, July 2019, PDF page 31"}, "geometry": {"type": "LineString", "coordinates": [[-69.1, -93.7], [-68.9, -93.7], [-67.9, -93.7]]}},
{"type": "Feature", "properties": {"level": "platform", "type": "wall", "platform": "3", "color": "#545454", "source": "PCIP Phase 1 Appendix A, sheet A-021, July 2019, PDF page 31"}, "geometry": {"type": "LineString", "coordinates": [[-68.9, -90.1], [-67.9, -90.1]]}},
{"type": "Feature", "properties": {"level": "platform", "type": "wall", "platform": "3", "color": "#545454", "source": "PCIP Phase 1 Appendix A, sheet A-021, July 2019, PDF page 31"}, "geometry": {"type": "LineString", "coordinates": [[-67.9, -90.1], [-67.9, -93.7]]}},
{"type": "Feature", "properties": {"level": "platform", "type": "wall", "platform": "3", "color": "#545454", "source": "PCIP Phase 1 Appendix A, sheet A-021, July 2019, PDF page 31"}, "geometry": {"type": "LineString", "coordinates": [[-67.9, -93.7], [-67.9, -95.0], [-77.4, -95.0], [-77.4, -88.1], [-67.9, -88.1], [-67.9, -90.1]]}},
{"type": "Feature", "properties": {"level": "platform", "type": "wall", "platform": "10", "color": "#545454", "source": "PCIP Phase 1 Appendix A, sheet A-021, July 2019, PDF page 31"}, "geometry": {"type": "LineString", "coordinates": [[220.7, 201.7], [864.9, 202.9], [964.4, 218.9]]}},
{"type": "Feature", "properties": {"level": "platform", "type": "wall", "platform": "9", "color": "#545454", "source": "PCIP Phase 1 Appendix A, sheet A-021, July 2019, PDF page 31"}, "geometry": {"type": "LineString", "coordinates": [[664.2, 177.8], [881.3, 178.1]]}},
{"type": "Feature", "properties": {"level": "platform", "type": "wall", "platform": "4", "color": "#787878", "source": "PCIP Phase 1 Appendix A, sheet A-021, July 2019, PDF page 31"}, "geometry": {"type": "LineString", "coordinates": [[-321.4, -42.4], [-321.4, -41.9], [-319.9, -41.9], [-319.9, -43.4], [-320.3, -43.4]]}},
{"type": "Feature", "properties": {"level": "platform", "type": "wall", "platform": "4", "color": "#787878", "source": "PCIP Phase 1 Appendix A, sheet A-021, July 2019, PDF page 31"}, "geometry": {"type": "LineString", "coordinates": [[-321.4, -42.4], [-322.2, -42.4], [-322.2, -44.4], [-320.3, -44.4], [-320.3, -43.4]]}},
{"type": "Feature", "properties": {"level": "platform", "type": "wall", "platform": "4", "color": "#787878", "source": "PCIP Phase 1 Appendix A, sheet A-021, July 2019, PDF page 31"}, "geometry": {"type": "LineString", "coordinates": [[-321.4, -42.4], [-321.4, -43.4], [-320.3, -43.4]]}},
{"type": "Feature", "properties": {"level": "platform", "type": "wall", "platform": "4", "color": "#787878", "source": "PCIP Phase 1 Appendix A, sheet A-021, July 2019, PDF page 31"}, "geometry": {"type": "LineString", "coordinates": [[-321.4, -42.4], [-320.2, -42.5], [-320.3, -43.4]]}},
{"type": "Feature", "properties": {"level": "platform", "type": "wall", "platform": "diagonal", "color": "#787878", "source": "PCIP Phase 1 Appendix A, sheet A-021, July 2019, PDF page 31"}, "geometry": {"type": "LineString", "coordinates": [[-245.3, -165.2], [-246.6, -165.2]]}},
{"type": "Feature", "properties": {"level": "platform", "type": "wall", "platform": "diagonal", "color": "#787878", "source": "PCIP Phase 1 Appendix A, sheet A-021, July 2019, PDF page 31"}, "geometry": {"type": "LineString", "coordinates": [[-224.0, -168.9], [-225.3, -168.9]]}},
{"type": "Feature", "properties": {"level": "platform", "type": "wall", "platform": "7", "color": "#787878", "source": "PCIP Phase 1 Appendix A, sheet A-021, July 2019, PDF page 31"}, "geometry": {"type": "LineString", "coordinates": [[-98.3, 88.2], [-98.4, 90.1], [-100.4, 90.1], [-100.3, 88.1], [-98.2, 88.2]]}},
{"type": "Feature", "properties": {"level": "platform", "type": "wall", "platform": "9", "color": "#787878", "source": "PCIP Phase 1 Appendix A, sheet A-021, July 2019, PDF page 31"}, "geometry": {"type": "LineString", "coordinates": [[-79.0, 185.3], [-80.9, 185.3], [-81.0, 183.3], [-79.0, 183.3]]}},
{"type": "Feature", "properties": {"level": "platform", "type": "wall", "platform": "4", "color": "#787878", "source": "PCIP Phase 1 Appendix A, sheet A-021, July 2019, PDF page 31"}, "geometry": {"type": "LineString", "coordinates": [[-59.0, -45.1], [-61.5, -45.1], [-61.5, -43.2], [-59.0, -43.2]]}},
{"type": "Feature", "properties": {"level": "platform", "type": "wall", "platform": "8", "color": "#787878", "source": "PCIP Phase 1 Appendix A, sheet A-021, July 2019, PDF page 31"}, "geometry": {"type": "LineString", "coordinates": [[-41.9, 132.2], [-39.9, 132.2]]}},
{"type": "Feature", "properties": {"level": "platform", "type": "wall", "platform": "8", "color": "#787878", "source": "PCIP Phase 1 Appendix A, sheet A-021, July 2019, PDF page 31"}, "geometry": {"type": "LineString", "coordinates": [[-41.9, 132.2], [-41.9, 134.9], [-40.0, 134.9], [-39.9, 132.2]]}},
{"type": "Feature", "properties": {"level": "platform", "type": "wall", "platform": "3", "color": "#787878", "source": "PCIP Phase 1 Appendix A, sheet A-021, July 2019, PDF page 31"}, "geometry": {"type": "LineString", "coordinates": [[-39.7, -98.2], [-39.7, -95.5], [-41.8, -95.5], [-41.8, -98.3]]}},
{"type": "Feature", "properties": {"level": "platform", "type": "wall", "platform": "5", "color": "#787878", "source": "PCIP Phase 1 Appendix A, sheet A-021, July 2019, PDF page 31"}, "geometry": {"type": "LineString", "coordinates": [[-22.2, -0.2], [-22.2, 1.0]]}},
{"type": "Feature", "properties": {"level": "platform", "type": "wall", "platform": "5", "color": "#787878", "source": "PCIP Phase 1 Appendix A, sheet A-021, July 2019, PDF page 31"}, "geometry": {"type": "LineString", "coordinates": [[-22.2, -0.2], [-23.1, -0.2], [-23.1, 1.0], [-22.2, 1.0]]}},
{"type": "Feature", "properties": {"level": "platform", "type": "wall", "platform": "5", "color": "#787878", "source": "PCIP Phase 1 Appendix A, sheet A-021, July 2019, PDF page 31"}, "geometry": {"type": "LineString", "coordinates": [[-22.2, 1.0], [-22.2, 1.2], [-20.3, 1.2], [-20.3, -0.7], [-22.2, -0.7], [-22.2, -0.2]]}},
{"type": "Feature", "properties": {"level": "platform", "type": "wall", "platform": "9", "color": "#787878", "source": "PCIP Phase 1 Appendix A, sheet A-021, July 2019, PDF page 31"}, "geometry": {"type": "LineString", "coordinates": [[-21.0, 177.2], [-21.0, 178.1], [-21.1, 178.1]]}},
{"type": "Feature", "properties": {"level": "platform", "type": "wall", "platform": "9", "color": "#787878", "source": "PCIP Phase 1 Appendix A, sheet A-021, July 2019, PDF page 31"}, "geometry": {"type": "LineString", "coordinates": [[-21.0, 177.2], [-22.0, 177.2], [-22.0, 178.1], [-21.1, 178.1]]}},
{"type": "Feature", "properties": {"level": "platform", "type": "wall", "platform": "9", "color": "#787878", "source": "PCIP Phase 1 Appendix A, sheet A-021, July 2019, PDF page 31"}, "geometry": {"type": "LineString", "coordinates": [[24.2, 186.8], [24.2, 187.3], [23.4, 187.3], [23.4, 186.8]]}},
{"type": "Feature", "properties": {"level": "platform", "type": "wall", "platform": "9", "color": "#787878", "source": "PCIP Phase 1 Appendix A, sheet A-021, July 2019, PDF page 31"}, "geometry": {"type": "LineString", "coordinates": [[23.4, 187.8], [23.4, 187.3], [24.2, 187.3], [24.2, 187.8]]}},
{"type": "Feature", "properties": {"level": "platform", "type": "wall", "platform": "9", "color": "#787878", "source": "PCIP Phase 1 Appendix A, sheet A-021, July 2019, PDF page 31"}, "geometry": {"type": "LineString", "coordinates": [[24.2, 175.8], [24.2, 176.2], [23.5, 176.2], [23.5, 175.8], [23.3, 175.8], [23.3, 176.8], [23.5, 176.8], [23.5, 176.4], [24.2, 176.4], [24.2, 176.8]]}},
{"type": "Feature", "properties": {"level": "platform", "type": "wall", "platform": "3", "color": "#787878", "source": "PCIP Phase 1 Appendix A, sheet A-021, July 2019, PDF page 31"}, "geometry": {"type": "LineString", "coordinates": [[26.6, -100.4], [26.6, -99.9], [25.9, -99.9], [25.9, -100.4], [25.7, -100.4], [25.7, -99.4], [25.9, -99.4], [25.9, -99.8], [26.6, -99.8], [26.6, -99.4]]}},
{"type": "Feature", "properties": {"level": "platform", "type": "wall", "platform": "11", "color": "#787878", "source": "PCIP Phase 1 Appendix A, sheet A-021, July 2019, PDF page 31"}, "geometry": {"type": "LineString", "coordinates": [[28.9, 269.9], [28.9, 271.4]]}},
{"type": "Feature", "properties": {"level": "platform", "type": "wall", "platform": "9", "color": "#787878", "source": "PCIP Phase 1 Appendix A, sheet A-021, July 2019, PDF page 31"}, "geometry": {"type": "LineString", "coordinates": [[30.4, 181.9], [28.9, 181.9]]}},
{"type": "Feature", "properties": {"level": "platform", "type": "wall", "platform": "10", "color": "#787878", "source": "PCIP Phase 1 Appendix A, sheet A-021, July 2019, PDF page 31"}, "geometry": {"type": "LineString", "coordinates": [[30.4, 204.8], [28.9, 204.8]]}},
{"type": "Feature", "properties": {"level": "platform", "type": "wall", "platform": "11", "color": "#787878", "source": "PCIP Phase 1 Appendix A, sheet A-021, July 2019, PDF page 31"}, "geometry": {"type": "LineString", "coordinates": [[30.4, 270.7], [28.9, 270.7]]}},
{"type": "Feature", "properties": {"level": "platform", "type": "wall", "platform": "7", "color": "#787878", "source": "PCIP Phase 1 Appendix A, sheet A-021, July 2019, PDF page 31"}, "geometry": {"type": "LineString", "coordinates": [[30.5, 89.3], [29.0, 89.3]]}},
{"type": "Feature", "properties": {"level": "platform", "type": "wall", "platform": "8", "color": "#787878", "source": "PCIP Phase 1 Appendix A, sheet A-021, July 2019, PDF page 31"}, "geometry": {"type": "LineString", "coordinates": [[30.5, 135.6], [29.0, 135.6]]}},
{"type": "Feature", "properties": {"level": "platform", "type": "wall", "platform": "4", "color": "#787878", "source": "PCIP Phase 1 Appendix A, sheet A-021, July 2019, PDF page 31"}, "geometry": {"type": "LineString", "coordinates": [[30.7, -46.2], [29.2, -46.2]]}},
{"type": "Feature", "properties": {"level": "platform", "type": "wall", "platform": "5", "color": "#787878", "source": "PCIP Phase 1 Appendix A, sheet A-021, July 2019, PDF page 31"}, "geometry": {"type": "LineString", "coordinates": [[30.7, 0.2], [29.2, 0.2]]}},
{"type": "Feature", "properties": {"level": "platform", "type": "wall", "platform": "6", "color": "#787878", "source": "PCIP Phase 1 Appendix A, sheet A-021, July 2019, PDF page 31"}, "geometry": {"type": "LineString", "coordinates": [[30.7, 44.7], [29.2, 44.7]]}},
{"type": "Feature", "properties": {"level": "platform", "type": "wall", "platform": "9", "color": "#787878", "source": "PCIP Phase 1 Appendix A, sheet A-021, July 2019, PDF page 31"}, "geometry": {"type": "LineString", "coordinates": [[30.2, 186.8], [30.2, 187.3], [29.5, 187.3], [29.5, 186.8]]}},
{"type": "Feature", "properties": {"level": "platform", "type": "wall", "platform": "9", "color": "#787878", "source": "PCIP Phase 1 Appendix A, sheet A-021, July 2019, PDF page 31"}, "geometry": {"type": "LineString", "coordinates": [[29.5, 187.8], [29.5, 187.3], [30.2, 187.3], [30.2, 187.8]]}},
{"type": "Feature", "properties": {"level": "platform", "type": "wall", "platform": "9", "color": "#787878", "source": "PCIP Phase 1 Appendix A, sheet A-021, July 2019, PDF page 31"}, "geometry": {"type": "LineString", "coordinates": [[30.2, 175.8], [30.2, 176.2], [29.5, 176.2], [29.5, 175.8], [29.4, 175.8], [29.4, 176.8], [29.5, 176.8], [29.5, 176.4], [30.2, 176.4], [30.2, 176.8]]}},
{"type": "Feature", "properties": {"level": "platform", "type": "wall", "platform": "11", "color": "#787878", "source": "PCIP Phase 1 Appendix A, sheet A-021, July 2019, PDF page 31"}, "geometry": {"type": "LineString", "coordinates": [[40.3, 270.7], [38.9, 270.7]]}},
{"type": "Feature", "properties": {"level": "platform", "type": "wall", "platform": "9", "color": "#787878", "source": "PCIP Phase 1 Appendix A, sheet A-021, July 2019, PDF page 31"}, "geometry": {"type": "LineString", "coordinates": [[40.4, 181.9], [38.9, 181.9]]}},
{"type": "Feature", "properties": {"level": "platform", "type": "wall", "platform": "10", "color": "#787878", "source": "PCIP Phase 1 Appendix A, sheet A-021, July 2019, PDF page 31"}, "geometry": {"type": "LineString", "coordinates": [[40.4, 205.0], [38.9, 205.0]]}},
{"type": "Feature", "properties": {"level": "platform", "type": "wall", "platform": "7", "color": "#787878", "source": "PCIP Phase 1 Appendix A, sheet A-021, July 2019, PDF page 31"}, "geometry": {"type": "LineString", "coordinates": [[40.6, 89.4], [39.1, 89.4]]}},
{"type": "Feature", "properties": {"level": "platform", "type": "wall", "platform": "4", "color": "#787878", "source": "PCIP Phase 1 Appendix A, sheet A-021, July 2019, PDF page 31"}, "geometry": {"type": "LineString", "coordinates": [[40.7, -46.1], [39.2, -46.1]]}},
{"type": "Feature", "properties": {"level": "platform", "type": "wall", "platform": "6", "color": "#787878", "source": "PCIP Phase 1 Appendix A, sheet A-021, July 2019, PDF page 31"}, "geometry": {"type": "LineString", "coordinates": [[40.7, 44.7], [39.2, 44.7]]}},
{"type": "Feature", "properties": {"level": "platform", "type": "wall", "platform": "8", "color": "#787878", "source": "PCIP Phase 1 Appendix A, sheet A-021, July 2019, PDF page 31"}, "geometry": {"type": "LineString", "coordinates": [[40.7, 135.6], [39.2, 135.6]]}},
{"type": "Feature", "properties": {"level": "platform", "type": "wall", "platform": "5", "color": "#787878", "source": "PCIP Phase 1 Appendix A, sheet A-021, July 2019, PDF page 31"}, "geometry": {"type": "LineString", "coordinates": [[40.8, 0.2], [39.3, 0.2]]}},
{"type": "Feature", "properties": {"level": "platform", "type": "wall", "platform": "9", "color": "#787878", "source": "PCIP Phase 1 Appendix A, sheet A-021, July 2019, PDF page 31"}, "geometry": {"type": "LineString", "coordinates": [[40.2, 175.8], [40.2, 176.3], [39.5, 176.3], [39.5, 175.8]]}},
{"type": "Feature", "properties": {"level": "platform", "type": "wall", "platform": "9", "color": "#787878", "source": "PCIP Phase 1 Appendix A, sheet A-021, July 2019, PDF page 31"}, "geometry": {"type": "LineString", "coordinates": [[39.5, 176.8], [39.5, 176.4], [40.2, 176.4], [40.2, 176.8]]}},
{"type": "Feature", "properties": {"level": "platform", "type": "wall", "platform": "9", "color": "#787878", "source": "PCIP Phase 1 Appendix A, sheet A-021, July 2019, PDF page 31"}, "geometry": {"type": "LineString", "coordinates": [[40.2, 186.8], [40.2, 187.3], [39.5, 187.3], [39.5, 186.8]]}},
{"type": "Feature", "properties": {"level": "platform", "type": "wall", "platform": "9", "color": "#787878", "source": "PCIP Phase 1 Appendix A, sheet A-021, July 2019, PDF page 31"}, "geometry": {"type": "LineString", "coordinates": [[39.5, 187.8], [39.5, 187.3], [40.2, 187.3], [40.2, 187.8], [40.3, 187.8], [40.3, 186.8]]}},
{"type": "Feature", "properties": {"level": "platform", "type": "wall", "platform": "9", "color": "#787878", "source": "PCIP Phase 1 Appendix A, sheet A-021, July 2019, PDF page 31"}, "geometry": {"type": "LineString", "coordinates": [[50.5, 181.7], [49.0, 181.7]]}},
{"type": "Feature", "properties": {"level": "platform", "type": "wall", "platform": "10", "color": "#787878", "source": "PCIP Phase 1 Appendix A, sheet A-021, July 2019, PDF page 31"}, "geometry": {"type": "LineString", "coordinates": [[50.5, 205.0], [49.0, 205.0]]}},
{"type": "Feature", "properties": {"level": "platform", "type": "wall", "platform": "11", "color": "#787878", "source": "PCIP Phase 1 Appendix A, sheet A-021, July 2019, PDF page 31"}, "geometry": {"type": "LineString", "coordinates": [[50.5, 270.8], [49.0, 270.7]]}},
{"type": "Feature", "properties": {"level": "platform", "type": "wall", "platform": "7", "color": "#787878", "source": "PCIP Phase 1 Appendix A, sheet A-021, July 2019, PDF page 31"}, "geometry": {"type": "LineString", "coordinates": [[50.6, 89.4], [49.1, 89.4]]}},
{"type": "Feature", "properties": {"level": "platform", "type": "wall", "platform": "8", "color": "#787878", "source": "PCIP Phase 1 Appendix A, sheet A-021, July 2019, PDF page 31"}, "geometry": {"type": "LineString", "coordinates": [[50.6, 135.6], [49.1, 135.6]]}},
{"type": "Feature", "properties": {"level": "platform", "type": "wall", "platform": "4", "color": "#787878", "source": "PCIP Phase 1 Appendix A, sheet A-021, July 2019, PDF page 31"}, "geometry": {"type": "LineString", "coordinates": [[50.7, -46.1], [49.2, -46.1]]}},
{"type": "Feature", "properties": {"level": "platform", "type": "wall", "platform": "5", "color": "#787878", "source": "PCIP Phase 1 Appendix A, sheet A-021, July 2019, PDF page 31"}, "geometry": {"type": "LineString", "coordinates": [[50.7, 0.1], [49.2, 0.1]]}},
{"type": "Feature", "properties": {"level": "platform", "type": "wall", "platform": "6", "color": "#787878", "source": "PCIP Phase 1 Appendix A, sheet A-021, July 2019, PDF page 31"}, "geometry": {"type": "LineString", "coordinates": [[50.7, 44.7], [49.2, 44.7]]}},
{"type": "Feature", "properties": {"level": "platform", "type": "wall", "platform": "3", "color": "#787878", "source": "PCIP Phase 1 Appendix A, sheet A-021, July 2019, PDF page 31"}, "geometry": {"type": "LineString", "coordinates": [[50.8, -96.8], [49.3, -96.8]]}},
{"type": "Feature", "properties": {"level": "platform", "type": "wall", "platform": "3", "color": "#787878", "source": "PCIP Phase 1 Appendix A, sheet A-021, July 2019, PDF page 31"}, "geometry": {"type": "LineString", "coordinates": [[50.8, -97.6], [50.9, -96.1]]}},
{"type": "Feature", "properties": {"level": "platform", "type": "wall", "platform": "3", "color": "#787878", "source": "PCIP Phase 1 Appendix A, sheet A-021, July 2019, PDF page 31"}, "geometry": {"type": "LineString", "coordinates": [[51.5, -89.3], [51.5, -88.3]]}},
{"type": "Feature", "properties": {"level": "platform", "type": "wall", "platform": "3", "color": "#787878", "source": "PCIP Phase 1 Appendix A, sheet A-021, July 2019, PDF page 31"}, "geometry": {"type": "LineString", "coordinates": [[52.3, -89.3], [52.3, -88.9], [51.6, -88.9], [51.6, -89.3]]}},
{"type": "Feature", "properties": {"level": "platform", "type": "wall", "platform": "3", "color": "#787878", "source": "PCIP Phase 1 Appendix A, sheet A-021, July 2019, PDF page 31"}, "geometry": {"type": "LineString", "coordinates": [[51.6, -88.3], [51.6, -88.7], [52.3, -88.7], [52.3, -88.3]]}},
{"type": "Feature", "properties": {"level": "platform", "type": "wall", "platform": "3", "color": "#787878", "source": "PCIP Phase 1 Appendix A, sheet A-021, July 2019, PDF page 31"}, "geometry": {"type": "LineString", "coordinates": [[52.3, -100.4], [52.3, -99.9], [51.6, -99.9], [51.6, -100.4], [51.5, -100.4], [51.5, -99.4], [51.6, -99.4], [51.6, -99.7], [52.3, -99.7], [52.3, -99.4]]}},
{"type": "Feature", "properties": {"level": "platform", "type": "wall", "platform": "3", "color": "#787878", "source": "PCIP Phase 1 Appendix A, sheet A-021, July 2019, PDF page 31"}, "geometry": {"type": "LineString", "coordinates": [[52.4, -88.3], [52.4, -89.3]]}},
{"type": "Feature", "properties": {"level": "platform", "type": "wall", "platform": "9", "color": "#787878", "source": "PCIP Phase 1 Appendix A, sheet A-021, July 2019, PDF page 31"}, "geometry": {"type": "LineString", "coordinates": [[60.4, 181.9], [58.9, 181.9]]}},
{"type": "Feature", "properties": {"level": "platform", "type": "wall", "platform": "11", "color": "#787878", "source": "PCIP Phase 1 Appendix A, sheet A-021, July 2019, PDF page 31"}, "geometry": {"type": "LineString", "coordinates": [[60.4, 270.8], [58.9, 270.8]]}},
{"type": "Feature", "properties": {"level": "platform", "type": "wall", "platform": "8", "color": "#787878", "source": "PCIP Phase 1 Appendix A, sheet A-021, July 2019, PDF page 31"}, "geometry": {"type": "LineString", "coordinates": [[60.5, 135.6], [59.0, 135.6]]}},
{"type": "Feature", "properties": {"level": "platform", "type": "wall", "platform": "10", "color": "#787878", "source": "PCIP Phase 1 Appendix A, sheet A-021, July 2019, PDF page 31"}, "geometry": {"type": "LineString", "coordinates": [[60.5, 205.1], [59.0, 205.1]]}},
{"type": "Feature", "properties": {"level": "platform", "type": "wall", "platform": "10", "color": "#787878", "source": "PCIP Phase 1 Appendix A, sheet A-021, July 2019, PDF page 31"}, "geometry": {"type": "LineString", "coordinates": [[60.5, 226.9], [59.0, 226.9]]}},
{"type": "Feature", "properties": {"level": "platform", "type": "wall", "platform": "7", "color": "#787878", "source": "PCIP Phase 1 Appendix A, sheet A-021, July 2019, PDF page 31"}, "geometry": {"type": "LineString", "coordinates": [[60.6, 89.4], [59.1, 89.5]]}},
{"type": "Feature", "properties": {"level": "platform", "type": "wall", "platform": "4", "color": "#787878", "source": "PCIP Phase 1 Appendix A, sheet A-021, July 2019, PDF page 31"}, "geometry": {"type": "LineString", "coordinates": [[60.7, -46.1], [59.2, -46.1]]}},
{"type": "Feature", "properties": {"level": "platform", "type": "wall", "platform": "5", "color": "#787878", "source": "PCIP Phase 1 Appendix A, sheet A-021, July 2019, PDF page 31"}, "geometry": {"type": "LineString", "coordinates": [[60.7, 0.2], [59.2, 0.2]]}},
{"type": "Feature", "properties": {"level": "platform", "type": "wall", "platform": "6", "color": "#787878", "source": "PCIP Phase 1 Appendix A, sheet A-021, July 2019, PDF page 31"}, "geometry": {"type": "LineString", "coordinates": [[60.7, 44.7], [59.2, 44.7]]}},
{"type": "Feature", "properties": {"level": "platform", "type": "wall", "platform": "3", "color": "#787878", "source": "PCIP Phase 1 Appendix A, sheet A-021, July 2019, PDF page 31"}, "geometry": {"type": "LineString", "coordinates": [[60.9, -96.8], [59.3, -96.8]]}},
{"type": "Feature", "properties": {"level": "platform", "type": "wall", "platform": "3", "color": "#787878", "source": "PCIP Phase 1 Appendix A, sheet A-021, July 2019, PDF page 31"}, "geometry": {"type": "LineString", "coordinates": [[61.5, -100.4], [61.5, -99.2]]}},
{"type": "Feature", "properties": {"level": "platform", "type": "wall", "platform": "3", "color": "#787878", "source": "PCIP Phase 1 Appendix A, sheet A-021, July 2019, PDF page 31"}, "geometry": {"type": "LineString", "coordinates": [[61.5, -89.3], [61.5, -88.3]]}},
{"type": "Feature", "properties": {"level": "platform", "type": "wall", "platform": "3", "color": "#787878", "source": "PCIP Phase 1 Appendix A, sheet A-021, July 2019, PDF page 31"}, "geometry": {"type": "LineString", "coordinates": [[62.3, -100.4], [62.3, -99.9], [61.6, -99.9], [61.6, -100.4]]}},
{"type": "Feature", "properties": {"level": "platform", "type": "wall", "platform": "3", "color": "#787878", "source": "PCIP Phase 1 Appendix A, sheet A-021, July 2019, PDF page 31"}, "geometry": {"type": "LineString", "coordinates": [[61.6, -99.2], [61.6, -99.7], [62.3, -99.7], [62.3, -99.2]]}},
{"type": "Feature", "properties": {"level": "platform", "type": "wall", "platform": "3", "color": "#787878", "source": "PCIP Phase 1 Appendix A, sheet A-021, July 2019, PDF page 31"}, "geometry": {"type": "LineString", "coordinates": [[61.6, -88.3], [61.6, -88.7], [62.3, -88.7], [62.3, -88.3], [62.4, -88.3], [62.4, -89.3], [62.3, -89.3], [62.3, -88.9], [61.6, -88.9], [61.6, -89.3]]}},
{"type": "Feature", "properties": {"level": "platform", "type": "wall", "platform": "3", "color": "#787878", "source": "PCIP Phase 1 Appendix A, sheet A-021, July 2019, PDF page 31"}, "geometry": {"type": "LineString", "coordinates": [[62.4, -99.2], [62.4, -100.4]]}},
{"type": "Feature", "properties": {"level": "platform", "type": "wall", "platform": "11", "color": "#787878", "source": "PCIP Phase 1 Appendix A, sheet A-021, July 2019, PDF page 31"}, "geometry": {"type": "LineString", "coordinates": [[70.4, 270.8], [68.9, 270.8]]}},
{"type": "Feature", "properties": {"level": "platform", "type": "wall", "platform": "9", "color": "#787878", "source": "PCIP Phase 1 Appendix A, sheet A-021, July 2019, PDF page 31"}, "geometry": {"type": "LineString", "coordinates": [[70.4, 181.9], [69.0, 181.9]]}},
{"type": "Feature", "properties": {"level": "platform", "type": "wall", "platform": "10", "color": "#787878", "source": "PCIP Phase 1 Appendix A, sheet A-021, July 2019, PDF page 31"}, "geometry": {"type": "LineString", "coordinates": [[70.4, 204.8], [69.0, 204.8]]}},
{"type": "Feature", "properties": {"level": "platform", "type": "wall", "platform": "8", "color": "#787878", "source": "PCIP Phase 1 Appendix A, sheet A-021, July 2019, PDF page 31"}, "geometry": {"type": "LineString", "coordinates": [[70.5, 135.6], [69.0, 135.6]]}},
{"type": "Feature", "properties": {"level": "platform", "type": "wall", "platform": "6", "color": "#787878", "source": "PCIP Phase 1 Appendix A, sheet A-021, July 2019, PDF page 31"}, "geometry": {"type": "LineString", "coordinates": [[70.6, 44.7], [69.1, 44.7]]}},
{"type": "Feature", "properties": {"level": "platform", "type": "wall", "platform": "7", "color": "#787878", "source": "PCIP Phase 1 Appendix A, sheet A-021, July 2019, PDF page 31"}, "geometry": {"type": "LineString", "coordinates": [[70.6, 89.4], [69.1, 89.4]]}},
{"type": "Feature", "properties": {"level": "platform", "type": "wall", "platform": "4", "color": "#787878", "source": "PCIP Phase 1 Appendix A, sheet A-021, July 2019, PDF page 31"}, "geometry": {"type": "LineString", "coordinates": [[70.8, -46.1], [69.2, -46.1]]}},
{"type": "Feature", "properties": {"level": "platform", "type": "wall", "platform": "5", "color": "#787878", "source": "PCIP Phase 1 Appendix A, sheet A-021, July 2019, PDF page 31"}, "geometry": {"type": "LineString", "coordinates": [[70.8, 0.2], [69.2, 0.2]]}},
{"type": "Feature", "properties": {"level": "platform", "type": "wall", "platform": "3", "color": "#787878", "source": "PCIP Phase 1 Appendix A, sheet A-021, July 2019, PDF page 31"}, "geometry": {"type": "LineString", "coordinates": [[70.9, -96.7], [69.3, -96.7]]}},
{"type": "Feature", "properties": {"level": "platform", "type": "wall", "platform": "3", "color": "#787878", "source": "PCIP Phase 1 Appendix A, sheet A-021, July 2019, PDF page 31"}, "geometry": {"type": "LineString", "coordinates": [[71.5, -100.4], [71.5, -99.2]]}},
{"type": "Feature", "properties": {"level": "platform", "type": "wall", "platform": "3", "color": "#787878", "source": "PCIP Phase 1 Appendix A, sheet A-021, July 2019, PDF page 31"}, "geometry": {"type": "LineString", "coordinates": [[71.6, -99.2], [71.6, -99.7], [72.3, -99.7], [72.3, -99.2], [72.4, -99.2], [72.4, -100.4], [72.3, -100.4], [72.3, -99.9], [71.6, -99.9], [71.6, -100.4]]}},
{"type": "Feature", "properties": {"level": "platform", "type": "wall", "platform": "9", "color": "#787878", "source": "PCIP Phase 1 Appendix A, sheet A-021, July 2019, PDF page 31"}, "geometry": {"type": "LineString", "coordinates": [[80.4, 181.9], [79.0, 181.9]]}},
{"type": "Feature", "properties": {"level": "platform", "type": "wall", "platform": "10", "color": "#787878", "source": "PCIP Phase 1 Appendix A, sheet A-021, July 2019, PDF page 31"}, "geometry": {"type": "LineString", "coordinates": [[80.4, 204.8], [79.0, 204.8]]}},
{"type": "Feature", "properties": {"level": "platform", "type": "wall", "platform": "7", "color": "#787878", "source": "PCIP Phase 1 Appendix A, sheet A-021, July 2019, PDF page 31"}, "geometry": {"type": "LineString", "coordinates": [[80.5, 89.4], [79.0, 89.4]]}},
{"type": "Feature", "properties": {"level": "platform", "type": "wall", "platform": "8", "color": "#787878", "source": "PCIP Phase 1 Appendix A, sheet A-021, July 2019, PDF page 31"}, "geometry": {"type": "LineString", "coordinates": [[80.5, 135.7], [79.0, 135.7]]}},
{"type": "Feature", "properties": {"level": "platform", "type": "wall", "platform": "11", "color": "#787878", "source": "PCIP Phase 1 Appendix A, sheet A-021, July 2019, PDF page 31"}, "geometry": {"type": "LineString", "coordinates": [[80.5, 270.8], [79.0, 270.8]]}},
{"type": "Feature", "properties": {"level": "platform", "type": "wall", "platform": "5", "color": "#787878", "source": "PCIP Phase 1 Appendix A, sheet A-021, July 2019, PDF page 31"}, "geometry": {"type": "LineString", "coordinates": [[80.7, 0.1], [79.1, 0.2]]}},
{"type": "Feature", "properties": {"level": "platform", "type": "wall", "platform": "6", "color": "#787878", "source": "PCIP Phase 1 Appendix A, sheet A-021, July 2019, PDF page 31"}, "geometry": {"type": "LineString", "coordinates": [[80.7, 44.7], [79.1, 44.7]]}},
{"type": "Feature", "properties": {"level": "platform", "type": "wall", "platform": "3", "color": "#787878", "source": "PCIP Phase 1 Appendix A, sheet A-021, July 2019, PDF page 31"}, "geometry": {"type": "LineString", "coordinates": [[80.8, -96.8], [79.3, -96.7]]}},
{"type": "Feature", "properties": {"level": "platform", "type": "wall", "platform": "4", "color": "#787878", "source": "PCIP Phase 1 Appendix A, sheet A-021, July 2019, PDF page 31"}, "geometry": {"type": "LineString", "coordinates": [[80.8, -46.0], [79.3, -46.0]]}},
{"type": "Feature", "properties": {"level": "platform", "type": "wall", "platform": "9", "color": "#787878", "source": "PCIP Phase 1 Appendix A, sheet A-021, July 2019, PDF page 31"}, "geometry": {"type": "LineString", "coordinates": [[79.4, 186.8], [79.4, 187.9]]}},
{"type": "Feature", "properties": {"level": "platform", "type": "wall", "platform": "9", "color": "#787878", "source": "PCIP Phase 1 Appendix A, sheet A-021, July 2019, PDF page 31"}, "geometry": {"type": "LineString", "coordinates": [[80.3, 186.8], [80.3, 187.3], [79.5, 187.3], [79.5, 186.8]]}},
{"type": "Feature", "properties": {"level": "platform", "type": "wall", "platform": "9", "color": "#787878", "source": "PCIP Phase 1 Appendix A, sheet A-021, July 2019, PDF page 31"}, "geometry": {"type": "LineString", "coordinates": [[79.5, 187.9], [79.5, 187.5], [80.3, 187.5], [80.3, 187.9]]}},
{"type": "Feature", "properties": {"level": "platform", "type": "wall", "platform": "9", "color": "#787878", "source": "PCIP Phase 1 Appendix A, sheet A-021, July 2019, PDF page 31"}, "geometry": {"type": "LineString", "coordinates": [[80.3, 175.8], [80.3, 176.3], [79.6, 176.3], [79.6, 175.8], [79.4, 175.8], [79.4, 176.9], [79.6, 176.9], [79.6, 176.5], [80.3, 176.5], [80.3, 176.9]]}},
{"type": "Feature", "properties": {"level": "platform", "type": "wall", "platform": "9", "color": "#787878", "source": "PCIP Phase 1 Appendix A, sheet A-021, July 2019, PDF page 31"}, "geometry": {"type": "LineString", "coordinates": [[80.3, 176.9], [80.3, 175.8]]}},
{"type": "Feature", "properties": {"level": "platform", "type": "wall", "platform": "9", "color": "#787878", "source": "PCIP Phase 1 Appendix A, sheet A-021, July 2019, PDF page 31"}, "geometry": {"type": "LineString", "coordinates": [[80.3, 187.9], [80.3, 186.8]]}},
{"type": "Feature", "properties": {"level": "platform", "type": "wall", "platform": "9", "color": "#787878", "source": "PCIP Phase 1 Appendix A, sheet A-021, July 2019, PDF page 31"}, "geometry": {"type": "LineString", "coordinates": [[90.4, 181.9], [88.9, 181.9]]}},
{"type": "Feature", "properties": {"level": "platform", "type": "wall", "platform": "8", "color": "#787878", "source": "PCIP Phase 1 Appendix A, sheet A-021, July 2019, PDF page 31"}, "geometry": {"type": "LineString", "coordinates": [[90.4, 135.7], [89.0, 135.7]]}},
{"type": "Feature", "properties": {"level": "platform", "type": "wall", "platform": "10", "color": "#787878", "source": "PCIP Phase 1 Appendix A, sheet A-021, July 2019, PDF page 31"}, "geometry": {"type": "LineString", "coordinates": [[90.4, 205.0], [89.0, 205.0]]}},
{"type": "Feature", "properties": {"level": "platform", "type": "wall", "platform": "11", "color": "#787878", "source": "PCIP Phase 1 Appendix A, sheet A-021, July 2019, PDF page 31"}, "geometry": {"type": "LineString", "coordinates": [[90.4, 270.8], [89.0, 270.8]]}},
{"type": "Feature", "properties": {"level": "platform", "type": "wall", "platform": "7", "color": "#787878", "source": "PCIP Phase 1 Appendix A, sheet A-021, July 2019, PDF page 31"}, "geometry": {"type": "LineString", "coordinates": [[90.6, 89.5], [89.1, 89.5]]}},
{"type": "Feature", "properties": {"level": "platform", "type": "wall", "platform": "4", "color": "#787878", "source": "PCIP Phase 1 Appendix A, sheet A-021, July 2019, PDF page 31"}, "geometry": {"type": "LineString", "coordinates": [[90.7, -46.1], [89.2, -46.1]]}},
{"type": "Feature", "properties": {"level": "platform", "type": "wall", "platform": "5", "color": "#787878", "source": "PCIP Phase 1 Appendix A, sheet A-021, July 2019, PDF page 31"}, "geometry": {"type": "LineString", "coordinates": [[90.7, 0.2], [89.2, 0.2]]}},
{"type": "Feature", "properties": {"level": "platform", "type": "wall", "platform": "6", "color": "#787878", "source": "PCIP Phase 1 Appendix A, sheet A-021, July 2019, PDF page 31"}, "geometry": {"type": "LineString", "coordinates": [[90.7, 44.7], [89.2, 44.7]]}},
{"type": "Feature", "properties": {"level": "platform", "type": "wall", "platform": "3", "color": "#787878", "source": "PCIP Phase 1 Appendix A, sheet A-021, July 2019, PDF page 31"}, "geometry": {"type": "LineString", "coordinates": [[90.8, -96.7], [89.3, -96.7]]}},
{"type": "Feature", "properties": {"level": "platform", "type": "wall", "platform": "9", "color": "#787878", "source": "PCIP Phase 1 Appendix A, sheet A-021, July 2019, PDF page 31"}, "geometry": {"type": "LineString", "coordinates": [[89.4, 175.8], [89.4, 176.9]]}},
{"type": "Feature", "properties": {"level": "platform", "type": "wall", "platform": "9", "color": "#787878", "source": "PCIP Phase 1 Appendix A, sheet A-021, July 2019, PDF page 31"}, "geometry": {"type": "LineString", "coordinates": [[89.4, 186.8], [89.4, 187.9]]}},
{"type": "Feature", "properties": {"level": "platform", "type": "wall", "platform": "9", "color": "#787878", "source": "PCIP Phase 1 Appendix A, sheet A-021, July 2019, PDF page 31"}, "geometry": {"type": "LineString", "coordinates": [[90.3, 175.8], [90.3, 176.3], [89.5, 176.3], [89.5, 175.8]]}},
{"type": "Feature", "properties": {"level": "platform", "type": "wall", "platform": "9", "color": "#787878", "source": "PCIP Phase 1 Appendix A, sheet A-021, July 2019, PDF page 31"}, "geometry": {"type": "LineString", "coordinates": [[89.5, 176.9], [89.5, 176.5], [90.3, 176.5], [90.3, 176.9]]}},
{"type": "Feature", "properties": {"level": "platform", "type": "wall", "platform": "9", "color": "#787878", "source": "PCIP Phase 1 Appendix A, sheet A-021, July 2019, PDF page 31"}, "geometry": {"type": "LineString", "coordinates": [[89.5, 187.9], [89.5, 187.5], [90.2, 187.5], [90.2, 187.9], [90.4, 187.9], [90.4, 186.8], [90.2, 186.8], [90.2, 187.3], [89.5, 187.3], [89.5, 186.8]]}},
{"type": "Feature", "properties": {"level": "platform", "type": "wall", "platform": "9", "color": "#787878", "source": "PCIP Phase 1 Appendix A, sheet A-021, July 2019, PDF page 31"}, "geometry": {"type": "LineString", "coordinates": [[90.4, 176.9], [90.4, 175.8]]}},
{"type": "Feature", "properties": {"level": "platform", "type": "wall", "platform": "8", "color": "#787878", "source": "PCIP Phase 1 Appendix A, sheet A-021, July 2019, PDF page 31"}, "geometry": {"type": "LineString", "coordinates": [[90.4, 134.9], [90.6, 136.5]]}},
{"type": "Feature", "properties": {"level": "platform", "type": "wall", "platform": "5", "color": "#787878", "source": "PCIP Phase 1 Appendix A, sheet A-021, July 2019, PDF page 31"}, "geometry": {"type": "LineString", "coordinates": [[90.7, -0.5], [90.8, 1.0]]}},
{"type": "Feature", "properties": {"level": "platform", "type": "wall", "platform": "10", "color": "#787878", "source": "PCIP Phase 1 Appendix A, sheet A-021, July 2019, PDF page 31"}, "geometry": {"type": "LineString", "coordinates": [[100.4, 205.0], [98.9, 205.0]]}},
{"type": "Feature", "properties": {"level": "platform", "type": "wall", "platform": "11", "color": "#787878", "source": "PCIP Phase 1 Appendix A, sheet A-021, July 2019, PDF page 31"}, "geometry": {"type": "LineString", "coordinates": [[100.4, 270.8], [98.9, 270.8]]}},
{"type": "Feature", "properties": {"level": "platform", "type": "wall", "platform": "8", "color": "#787878", "source": "PCIP Phase 1 Appendix A, sheet A-021, July 2019, PDF page 31"}, "geometry": {"type": "LineString", "coordinates": [[100.5, 135.6], [99.1, 135.6]]}},
{"type": "Feature", "properties": {"level": "platform", "type": "wall", "platform": "9", "color": "#787878", "source": "PCIP Phase 1 Appendix A, sheet A-021, July 2019, PDF page 31"}, "geometry": {"type": "LineString", "coordinates": [[100.5, 181.9], [99.1, 181.9]]}},
{"type": "Feature", "properties": {"level": "platform", "type": "wall", "platform": "6", "color": "#787878", "source": "PCIP Phase 1 Appendix A, sheet A-021, July 2019, PDF page 31"}, "geometry": {"type": "LineString", "coordinates": [[99.1, 44.1], [99.2, 45.6]]}},
{"type": "Feature", "properties": {"level": "platform", "type": "wall", "platform": "7", "color": "#787878", "source": "PCIP Phase 1 Appendix A, sheet A-021, July 2019, PDF page 31"}, "geometry": {"type": "LineString", "coordinates": [[100.6, 89.4], [99.1, 89.4]]}},
{"type": "Feature", "properties": {"level": "platform", "type": "wall", "platform": "4", "color": "#787878", "source": "PCIP Phase 1 Appendix A, sheet A-021, July 2019, PDF page 31"}, "geometry": {"type": "LineString", "coordinates": [[100.7, -46.0], [99.2, -46.0]]}},
{"type": "Feature", "properties": {"level": "platform", "type": "wall", "platform": "5", "color": "#787878", "source": "PCIP Phase 1 Appendix A, sheet A-021, July 2019, PDF page 31"}, "geometry": {"type": "LineString", "coordinates": [[100.7, 0.1], [99.2, 0.2]]}},
{"type": "Feature", "properties": {"level": "platform", "type": "wall", "platform": "6", "color": "#787878", "source": "PCIP Phase 1 Appendix A, sheet A-021, July 2019, PDF page 31"}, "geometry": {"type": "LineString", "coordinates": [[100.7, 44.9], [99.2, 44.9]]}},
{"type": "Feature", "properties": {"level": "platform", "type": "wall", "platform": "3", "color": "#787878", "source": "PCIP Phase 1 Appendix A, sheet A-021, July 2019, PDF page 31"}, "geometry": {"type": "LineString", "coordinates": [[100.8, -96.7], [99.3, -96.7]]}},
{"type": "Feature", "properties": {"level": "platform", "type": "wall", "platform": "2", "color": "#787878", "source": "PCIP Phase 1 Appendix A, sheet A-021, July 2019, PDF page 31"}, "geometry": {"type": "LineString", "coordinates": [[100.9, -134.1], [99.4, -134.1]]}},
{"type": "Feature", "properties": {"level": "platform", "type": "wall", "platform": "3", "color": "#787878", "source": "PCIP Phase 1 Appendix A, sheet A-021, July 2019, PDF page 31"}, "geometry": {"type": "LineString", "coordinates": [[102.4, -100.2], [102.4, -99.8], [101.6, -99.8], [101.6, -100.2]]}},
{"type": "Feature", "properties": {"level": "platform", "type": "wall", "platform": "3", "color": "#787878", "source": "PCIP Phase 1 Appendix A, sheet A-021, July 2019, PDF page 31"}, "geometry": {"type": "LineString", "coordinates": [[101.6, -99.2], [101.6, -99.7], [102.4, -99.7], [102.4, -99.2]]}},
{"type": "Feature", "properties": {"level": "platform", "type": "wall", "platform": "3", "color": "#787878", "source": "PCIP Phase 1 Appendix A, sheet A-021, July 2019, PDF page 31"}, "geometry": {"type": "LineString", "coordinates": [[102.4, -89.2], [102.4, -88.8], [101.6, -88.8], [101.6, -89.2]]}},
{"type": "Feature", "properties": {"level": "platform", "type": "wall", "platform": "3", "color": "#787878", "source": "PCIP Phase 1 Appendix A, sheet A-021, July 2019, PDF page 31"}, "geometry": {"type": "LineString", "coordinates": [[101.6, -88.3], [101.6, -88.7], [102.4, -88.7], [102.4, -88.3]]}},
{"type": "Feature", "properties": {"level": "platform", "type": "wall", "platform": "11", "color": "#787878", "source": "PCIP Phase 1 Appendix A, sheet A-021, July 2019, PDF page 31"}, "geometry": {"type": "LineString", "coordinates": [[110.4, 270.9], [108.8, 270.9]]}},
{"type": "Feature", "properties": {"level": "platform", "type": "wall", "platform": "8", "color": "#787878", "source": "PCIP Phase 1 Appendix A, sheet A-021, July 2019, PDF page 31"}, "geometry": {"type": "LineString", "coordinates": [[110.4, 135.7], [109.0, 135.7]]}},
{"type": "Feature", "properties": {"level": "platform", "type": "wall", "platform": "10", "color": "#787878", "source": "PCIP Phase 1 Appendix A, sheet A-021, July 2019, PDF page 31"}, "geometry": {"type": "LineString", "coordinates": [[110.4, 205.0], [109.0, 205.0]]}},
{"type": "Feature", "properties": {"level": "platform", "type": "wall", "platform": "9", "color": "#787878", "source": "PCIP Phase 1 Appendix A, sheet A-021, July 2019, PDF page 31"}, "geometry": {"type": "LineString", "coordinates": [[110.5, 181.9], [109.1, 181.9]]}},
{"type": "Feature", "properties": {"level": "platform", "type": "wall", "platform": "6", "color": "#787878", "source": "PCIP Phase 1 Appendix A, sheet A-021, July 2019, PDF page 31"}, "geometry": {"type": "LineString", "coordinates": [[110.6, 44.9], [109.1, 44.9]]}},
{"type": "Feature", "properties": {"level": "platform", "type": "wall", "platform": "7", "color": "#787878", "source": "PCIP Phase 1 Appendix A, sheet A-021, July 2019, PDF page 31"}, "geometry": {"type": "LineString", "coordinates": [[110.6, 89.4], [109.1, 89.4]]}},
{"type": "Feature", "properties": {"level": "platform", "type": "wall", "platform": "3", "color": "#787878", "source": "PCIP Phase 1 Appendix A, sheet A-021, July 2019, PDF page 31"}, "geometry": {"type": "LineString", "coordinates": [[110.7, -96.8], [109.2, -96.7]]}},
{"type": "Feature", "properties": {"level": "platform", "type": "wall", "platform": "4", "color": "#787878", "source": "PCIP Phase 1 Appendix A, sheet A-021, July 2019, PDF page 31"}, "geometry": {"type": "LineString", "coordinates": [[110.7, -46.0], [109.2, -46.0]]}},
{"type": "Feature", "properties": {"level": "platform", "type": "wall", "platform": "5", "color": "#787878", "source": "PCIP Phase 1 Appendix A, sheet A-021, July 2019, PDF page 31"}, "geometry": {"type": "LineString", "coordinates": [[110.7, 0.2], [109.2, 0.2]]}},
{"type": "Feature", "properties": {"level": "platform", "type": "wall", "platform": "2", "color": "#787878", "source": "PCIP Phase 1 Appendix A, sheet A-021, July 2019, PDF page 31"}, "geometry": {"type": "LineString", "coordinates": [[110.9, -134.1], [109.3, -134.1]]}},
{"type": "Feature", "properties": {"level": "platform", "type": "wall", "platform": "1", "color": "#787878", "source": "PCIP Phase 1 Appendix A, sheet A-021, July 2019, PDF page 31"}, "geometry": {"type": "LineString", "coordinates": [[111.0, -178.5], [109.5, -178.3]]}},
{"type": "Feature", "properties": {"level": "platform", "type": "wall", "platform": "1", "color": "#787878", "source": "PCIP Phase 1 Appendix A, sheet A-021, July 2019, PDF page 31"}, "geometry": {"type": "LineString", "coordinates": [[111.0, -179.2], [111.1, -177.7]]}},
{"type": "Feature", "properties": {"level": "platform", "type": "wall", "platform": "3", "color": "#787878", "source": "PCIP Phase 1 Appendix A, sheet A-021, July 2019, PDF page 31"}, "geometry": {"type": "LineString", "coordinates": [[112.4, -100.2], [112.4, -99.8], [111.6, -99.8], [111.6, -100.2]]}},
{"type": "Feature", "properties": {"level": "platform", "type": "wall", "platform": "3", "color": "#787878", "source": "PCIP Phase 1 Appendix A, sheet A-021, July 2019, PDF page 31"}, "geometry": {"type": "LineString", "coordinates": [[111.6, -99.2], [111.6, -99.7], [112.4, -99.7], [112.4, -99.2]]}},
{"type": "Feature", "properties": {"level": "platform", "type": "wall", "platform": "3", "color": "#787878", "source": "PCIP Phase 1 Appendix A, sheet A-021, July 2019, PDF page 31"}, "geometry": {"type": "LineString", "coordinates": [[111.6, -88.3], [111.6, -88.7], [112.3, -88.7], [112.3, -88.3], [112.4, -88.3], [112.4, -89.2], [112.3, -89.2], [112.3, -88.8], [111.6, -88.8], [111.6, -89.2]]}},
{"type": "Feature", "properties": {"level": "platform", "type": "wall", "platform": "11", "color": "#787878", "source": "PCIP Phase 1 Appendix A, sheet A-021, July 2019, PDF page 31"}, "geometry": {"type": "LineString", "coordinates": [[120.4, 270.9], [118.9, 270.9]]}},
{"type": "Feature", "properties": {"level": "platform", "type": "wall", "platform": "10", "color": "#787878", "source": "PCIP Phase 1 Appendix A, sheet A-021, July 2019, PDF page 31"}, "geometry": {"type": "LineString", "coordinates": [[120.5, 205.0], [119.0, 205.0]]}},
{"type": "Feature", "properties": {"level": "platform", "type": "wall", "platform": "8", "color": "#787878", "source": "PCIP Phase 1 Appendix A, sheet A-021, July 2019, PDF page 31"}, "geometry": {"type": "LineString", "coordinates": [[120.5, 135.7], [119.1, 135.7]]}},
{"type": "Feature", "properties": {"level": "platform", "type": "wall", "platform": "9", "color": "#787878", "source": "PCIP Phase 1 Appendix A, sheet A-021, July 2019, PDF page 31"}, "geometry": {"type": "LineString", "coordinates": [[120.5, 181.9], [119.1, 181.9]]}},
{"type": "Feature", "properties": {"level": "platform", "type": "wall", "platform": "7", "color": "#787878", "source": "PCIP Phase 1 Appendix A, sheet A-021, July 2019, PDF page 31"}, "geometry": {"type": "LineString", "coordinates": [[120.6, 89.5], [119.1, 89.5]]}},
{"type": "Feature", "properties": {"level": "platform", "type": "wall", "platform": "5", "color": "#787878", "source": "PCIP Phase 1 Appendix A, sheet A-021, July 2019, PDF page 31"}, "geometry": {"type": "LineString", "coordinates": [[120.6, 0.2], [119.1, 0.2]]}},
{"type": "Feature", "properties": {"level": "platform", "type": "wall", "platform": "6", "color": "#787878", "source": "PCIP Phase 1 Appendix A, sheet A-021, July 2019, PDF page 31"}, "geometry": {"type": "LineString", "coordinates": [[120.6, 44.9], [119.1, 44.9]]}},
{"type": "Feature", "properties": {"level": "platform", "type": "wall", "platform": "3", "color": "#787878", "source": "PCIP Phase 1 Appendix A, sheet A-021, July 2019, PDF page 31"}, "geometry": {"type": "LineString", "coordinates": [[120.8, -96.7], [119.2, -96.7]]}},
{"type": "Feature", "properties": {"level": "platform", "type": "wall", "platform": "4", "color": "#787878", "source": "PCIP Phase 1 Appendix A, sheet A-021, July 2019, PDF page 31"}, "geometry": {"type": "LineString", "coordinates": [[120.8, -45.8], [119.2, -45.8]]}},
{"type": "Feature", "properties": {"level": "platform", "type": "wall", "platform": "1", "color": "#787878", "source": "PCIP Phase 1 Appendix A, sheet A-021, July 2019, PDF page 31"}, "geometry": {"type": "LineString", "coordinates": [[119.4, -180.0], [119.6, -178.6]]}},
{"type": "Feature", "properties": {"level": "platform", "type": "wall", "platform": "2", "color": "#787878", "source": "PCIP Phase 1 Appendix A, sheet A-021, July 2019, PDF page 31"}, "geometry": {"type": "LineString", "coordinates": [[120.9, -134.1], [119.4, -134.1]]}},
{"type": "Feature", "properties": {"level": "platform", "type": "wall", "platform": "1", "color": "#787878", "source": "PCIP Phase 1 Appendix A, sheet A-021, July 2019, PDF page 31"}, "geometry": {"type": "LineString", "coordinates": [[120.9, -179.5], [119.5, -179.3]]}},
{"type": "Feature", "properties": {"level": "platform", "type": "column", "platform": "10", "color": "#787878", "source": "PCIP Phase 1 Appendix A, sheet A-021, July 2019, PDF page 31"}, "geometry": {"type": "Polygon", "coordinates": [[[120.2, 225.9], [120.2, 225.4], [120.5, 225.4], [120.5, 226.9], [120.3, 226.9], [120.3, 226.3], [119.5, 226.3], [119.5, 226.9], [119.1, 226.9], [119.1, 225.4], [119.5, 225.4], [119.5, 225.9], [120.2, 225.9]]]}},
{"type": "Feature", "properties": {"level": "platform", "type": "wall", "platform": "1", "color": "#787878", "source": "PCIP Phase 1 Appendix A, sheet A-021, July 2019, PDF page 31"}, "geometry": {"type": "LineString", "coordinates": [[120.9, -180.3], [121.0, -178.8]]}},
{"type": "Feature", "properties": {"level": "platform", "type": "wall", "platform": "11", "color": "#787878", "source": "PCIP Phase 1 Appendix A, sheet A-021, July 2019, PDF page 31"}, "geometry": {"type": "LineString", "coordinates": [[130.5, 270.9], [128.8, 270.8]]}},
{"type": "Feature", "properties": {"level": "platform", "type": "wall", "platform": "9", "color": "#787878", "source": "PCIP Phase 1 Appendix A, sheet A-021, July 2019, PDF page 31"}, "geometry": {"type": "LineString", "coordinates": [[130.5, 181.9], [129.0, 181.9]]}},
{"type": "Feature", "properties": {"level": "platform", "type": "wall", "platform": "10", "color": "#787878", "source": "PCIP Phase 1 Appendix A, sheet A-021, July 2019, PDF page 31"}, "geometry": {"type": "LineString", "coordinates": [[130.5, 205.0], [129.0, 205.0]]}},
{"type": "Feature", "properties": {"level": "platform", "type": "wall", "platform": "7", "color": "#787878", "source": "PCIP Phase 1 Appendix A, sheet A-021, July 2019, PDF page 31"}, "geometry": {"type": "LineString", "coordinates": [[130.5, 89.5], [129.1, 89.5]]}},
{"type": "Feature", "properties": {"level": "platform", "type": "wall", "platform": "8", "color": "#787878", "source": "PCIP Phase 1 Appendix A, sheet A-021, July 2019, PDF page 31"}, "geometry": {"type": "LineString", "coordinates": [[130.5, 135.7], [129.1, 135.7]]}},
{"type": "Feature", "properties": {"level": "platform", "type": "wall", "platform": "4", "color": "#787878", "source": "PCIP Phase 1 Appendix A, sheet A-021, July 2019, PDF page 31"}, "geometry": {"type": "LineString", "coordinates": [[130.7, -46.0], [129.2, -46.0]]}},
{"type": "Feature", "properties": {"level": "platform", "type": "wall", "platform": "5", "color": "#787878", "source": "PCIP Phase 1 Appendix A, sheet A-021, July 2019, PDF page 31"}, "geometry": {"type": "LineString", "coordinates": [[130.7, 0.2], [129.2, 0.2]]}},
{"type": "Feature", "properties": {"level": "platform", "type": "wall", "platform": "6", "color": "#787878", "source": "PCIP Phase 1 Appendix A, sheet A-021, July 2019, PDF page 31"}, "geometry": {"type": "LineString", "coordinates": [[130.7, 44.9], [129.2, 44.9]]}},
{"type": "Feature", "properties": {"level": "platform", "type": "wall", "platform": "2", "color": "#787878", "source": "PCIP Phase 1 Appendix A, sheet A-021, July 2019, PDF page 31"}, "geometry": {"type": "LineString", "coordinates": [[130.8, -134.1], [129.3, -134.1]]}},
{"type": "Feature", "properties": {"level": "platform", "type": "wall", "platform": "3", "color": "#787878", "source": "PCIP Phase 1 Appendix A, sheet A-021, July 2019, PDF page 31"}, "geometry": {"type": "LineString", "coordinates": [[130.8, -96.6], [129.3, -96.6]]}},
{"type": "Feature", "properties": {"level": "platform", "type": "wall", "platform": "1", "color": "#787878", "source": "PCIP Phase 1 Appendix A, sheet A-021, July 2019, PDF page 31"}, "geometry": {"type": "LineString", "coordinates": [[130.9, -180.6], [129.5, -180.4]]}},
{"type": "Feature", "properties": {"level": "platform", "type": "column", "platform": "5", "color": "#787878", "source": "PCIP Phase 1 Appendix A, sheet A-021, July 2019, PDF page 31"}, "geometry": {"type": "Polygon", "coordinates": [[[130.7, -0.4], [130.4, -1.8], [131.4, -2.1], [131.8, -0.7], [130.7, -0.4]]]}},
{"type": "Feature", "properties": {"level": "platform", "type": "wall", "platform": "6", "color": "#787878", "source": "PCIP Phase 1 Appendix A, sheet A-021, July 2019, PDF page 31"}, "geometry": {"type": "LineString", "coordinates": [[130.7, 44.9], [130.7, 45.6], [132.7, 47.2], [132.7, 45.9], [138.5, 45.9], [138.8, 45.8]]}},
{"type": "Feature", "properties": {"level": "platform", "type": "wall", "platform": "6", "color": "#787878", "source": "PCIP Phase 1 Appendix A, sheet A-021, July 2019, PDF page 31"}, "geometry": {"type": "LineString", "coordinates": [[138.8, 44.0], [138.5, 43.8], [132.6, 43.7], [132.6, 42.4], [130.7, 44.1], [130.7, 44.9]]}},
{"type": "Feature", "properties": {"level": "platform", "type": "wall", "platform": "1", "color": "#787878", "source": "PCIP Phase 1 Appendix A, sheet A-021, July 2019, PDF page 31"}, "geometry": {"type": "LineString", "coordinates": [[130.9, -181.3], [131.0, -179.9]]}},
{"type": "Feature", "properties": {"level": "platform", "type": "wall", "platform": "5", "color": "#787878", "source": "PCIP Phase 1 Appendix A, sheet A-021, July 2019, PDF page 31"}, "geometry": {"type": "LineString", "coordinates": [[138.7, -0.5], [138.7, -0.7], [137.8, -0.7], [137.8, 0.6], [138.8, 0.5]]}},
{"type": "Feature", "properties": {"level": "platform", "type": "wall", "platform": "5", "color": "#787878", "source": "PCIP Phase 1 Appendix A, sheet A-021, July 2019, PDF page 31"}, "geometry": {"type": "LineString", "coordinates": [[138.7, -0.5], [140.6, -0.7], [140.6, 1.3], [138.8, 1.3], [138.8, 0.5]]}},
{"type": "Feature", "properties": {"level": "platform", "type": "wall", "platform": "6", "color": "#787878", "source": "PCIP Phase 1 Appendix A, sheet A-021, July 2019, PDF page 31"}, "geometry": {"type": "LineString", "coordinates": [[138.8, 44.0], [140.1, 44.0], [139.9, 45.8], [138.8, 45.8]]}},
{"type": "Feature", "properties": {"level": "platform", "type": "wall", "platform": "6", "color": "#787878", "source": "PCIP Phase 1 Appendix A, sheet A-021, July 2019, PDF page 31"}, "geometry": {"type": "LineString", "coordinates": [[138.8, 44.0], [138.8, 45.8]]}},
{"type": "Feature", "properties": {"level": "platform", "type": "wall", "platform": "10", "color": "#787878", "source": "PCIP Phase 1 Appendix A, sheet A-021, July 2019, PDF page 31"}, "geometry": {"type": "LineString", "coordinates": [[141.9, 228.9], [140.1, 228.9], [140.1, 231.0], [141.9, 231.0], [141.9, 230.5]]}},
{"type": "Feature", "properties": {"level": "platform", "type": "wall", "platform": "3", "color": "#787878", "source": "PCIP Phase 1 Appendix A, sheet A-021, July 2019, PDF page 31"}, "geometry": {"type": "LineString", "coordinates": [[142.2, -86.6], [142.3, -88.5], [140.6, -88.5], [140.5, -86.7], [142.2, -86.5]]}},
{"type": "Feature", "properties": {"level": "platform", "type": "wall", "platform": "3", "color": "#787878", "source": "PCIP Phase 1 Appendix A, sheet A-021, July 2019, PDF page 31"}, "geometry": {"type": "LineString", "coordinates": [[167.8, -86.6], [167.8, -88.3], [165.6, -88.5], [165.6, -86.7], [167.8, -86.5]]}},
{"type": "Feature", "properties": {"level": "platform", "type": "wall", "platform": "7", "color": "#787878", "source": "PCIP Phase 1 Appendix A, sheet A-021, July 2019, PDF page 31"}, "geometry": {"type": "LineString", "coordinates": [[177.5, 84.8], [177.5, 83.3], [180.9, 83.3], [180.9, 84.8]]}},
{"type": "Feature", "properties": {"level": "platform", "type": "wall", "platform": "1", "color": "#787878", "source": "PCIP Phase 1 Appendix A, sheet A-021, July 2019, PDF page 31"}, "geometry": {"type": "LineString", "coordinates": [[185.3, -179.2], [187.0, -179.2], [187.0, -179.4]]}},
{"type": "Feature", "properties": {"level": "platform", "type": "enclosure", "platform": "8", "color": "#787878", "source": "PCIP Phase 1 Appendix A, sheet A-021, July 2019, PDF page 31"}, "geometry": {"type": "Polygon", "coordinates": [[[185.7, 132.4], [184.6, 132.4], [184.6, 130.9], [187.6, 130.9], [187.6, 132.5], [185.7, 132.4]]]}},
{"type": "Feature", "properties": {"level": "platform", "type": "wall", "platform": "8", "color": "#787878", "source": "PCIP Phase 1 Appendix A, sheet A-021, July 2019, PDF page 31"}, "geometry": {"type": "LineString", "coordinates": [[185.7, 139.1], [185.7, 132.4]]}},
{"type": "Feature", "properties": {"level": "platform", "type": "wall", "platform": "8", "color": "#787878", "source": "PCIP Phase 1 Appendix A, sheet A-021, July 2019, PDF page 31"}, "geometry": {"type": "LineString", "coordinates": [[185.7, 140.6], [187.6, 140.6], [187.6, 139.1], [185.7, 139.1]]}},
{"type": "Feature", "properties": {"level": "platform", "type": "wall", "platform": "8", "color": "#787878", "source": "PCIP Phase 1 Appendix A, sheet A-021, July 2019, PDF page 31"}, "geometry": {"type": "LineString", "coordinates": [[185.7, 140.6], [185.7, 139.1]]}},
{"type": "Feature", "properties": {"level": "platform", "type": "wall", "platform": "8", "color": "#787878", "source": "PCIP Phase 1 Appendix A, sheet A-021, July 2019, PDF page 31"}, "geometry": {"type": "LineString", "coordinates": [[185.7, 139.1], [184.6, 139.1], [184.6, 140.6], [185.7, 140.6]]}},
{"type": "Feature", "properties": {"level": "platform", "type": "enclosure", "platform": "5", "color": "#787878", "source": "PCIP Phase 1 Appendix A, sheet A-021, July 2019, PDF page 31"}, "geometry": {"type": "Polygon", "coordinates": [[[186.0, 3.5], [187.8, 3.5], [187.8, 5.0], [184.7, 5.0], [184.7, 3.5], [186.0, 3.5]]]}},
{"type": "Feature", "properties": {"level": "platform", "type": "wall", "platform": "5", "color": "#787878", "source": "PCIP Phase 1 Appendix A, sheet A-021, July 2019, PDF page 31"}, "geometry": {"type": "LineString", "coordinates": [[186.1, -3.0], [186.0, 3.5]]}},
{"type": "Feature", "properties": {"level": "platform", "type": "enclosure", "platform": "5", "color": "#787878", "source": "PCIP Phase 1 Appendix A, sheet A-021, July 2019, PDF page 31"}, "geometry": {"type": "Polygon", "coordinates": [[[186.1, -3.0], [184.7, -3.0], [184.7, -4.5], [186.1, -4.5], [187.9, -4.5], [187.9, -3.0], [186.1, -3.0]]]}},
{"type": "Feature", "properties": {"level": "platform", "type": "wall", "platform": "9", "color": "#787878", "source": "PCIP Phase 1 Appendix A, sheet A-021, July 2019, PDF page 31"}, "geometry": {"type": "LineString", "coordinates": [[210.9, 180.6], [209.6, 179.2], [210.7, 177.9], [212.1, 179.2]]}},
{"type": "Feature", "properties": {"level": "platform", "type": "wall", "platform": "9", "color": "#787878", "source": "PCIP Phase 1 Appendix A, sheet A-021, July 2019, PDF page 31"}, "geometry": {"type": "LineString", "coordinates": [[210.9, 180.6], [212.1, 179.2]]}},
{"type": "Feature", "properties": {"level": "platform", "type": "wall", "platform": "9", "color": "#787878", "source": "PCIP Phase 1 Appendix A, sheet A-021, July 2019, PDF page 31"}, "geometry": {"type": "LineString", "coordinates": [[210.9, 180.6], [213.6, 180.2]]}},
{"type": "Feature", "properties": {"level": "platform", "type": "wall", "platform": "9", "color": "#787878", "source": "PCIP Phase 1 Appendix A, sheet A-021, July 2019, PDF page 31"}, "geometry": {"type": "LineString", "coordinates": [[212.1, 179.2], [213.6, 179.2]]}},
{"type": "Feature", "properties": {"level": "platform", "type": "wall", "platform": "9", "color": "#787878", "source": "PCIP Phase 1 Appendix A, sheet A-021, July 2019, PDF page 31"}, "geometry": {"type": "LineString", "coordinates": [[213.6, 180.2], [216.9, 180.3], [217.1, 176.8], [213.6, 176.8], [213.6, 179.2]]}},
{"type": "Feature", "properties": {"level": "platform", "type": "wall", "platform": "3", "color": "#787878", "source": "PCIP Phase 1 Appendix A, sheet A-021, July 2019, PDF page 31"}, "geometry": {"type": "LineString", "coordinates": [[252.9, -93.6], [252.8, -93.7], [252.8, -94.3], [252.9, -94.4]]}},
{"type": "Feature", "properties": {"level": "platform", "type": "wall", "platform": "2", "color": "#787878", "source": "PCIP Phase 1 Appendix A, sheet A-021, July 2019, PDF page 31"}, "geometry": {"type": "LineString", "coordinates": [[390.7, -142.0], [390.7, -144.0], [392.7, -144.0], [392.7, -142.0]]}},
{"type": "Feature", "properties": {"level": "platform", "type": "wall", "platform": "9", "color": "#787878", "source": "PCIP Phase 1 Appendix A, sheet A-021, July 2019, PDF page 31"}, "geometry": {"type": "LineString", "coordinates": [[406.1, 184.0], [406.3, 185.8]]}},
{"type": "Feature", "properties": {"level": "platform", "type": "wall", "platform": "9", "color": "#787878", "source": "PCIP Phase 1 Appendix A, sheet A-021, July 2019, PDF page 31"}, "geometry": {"type": "LineString", "coordinates": [[406.8, 180.2], [407.3, 185.7]]}},
{"type": "Feature", "properties": {"level": "platform", "type": "wall", "platform": "9", "color": "#787878", "source": "PCIP Phase 1 Appendix A, sheet A-021, July 2019, PDF page 31"}, "geometry": {"type": "LineString", "coordinates": [[407.9, 180.1], [408.2, 185.7]]}},
{"type": "Feature", "properties": {"level": "platform", "type": "wall", "platform": "1", "color": "#787878", "source": "PCIP Phase 1 Appendix A, sheet A-021, July 2019, PDF page 31"}, "geometry": {"type": "LineString", "coordinates": [[527.7, -184.2], [525.6, -184.2]]}},
{"type": "Feature", "properties": {"level": "platform", "type": "wall", "platform": "6", "color": "#787878", "source": "PCIP Phase 1 Appendix A, sheet A-021, July 2019, PDF page 31"}, "geometry": {"type": "LineString", "coordinates": [[760.4, 45.6], [760.3, 45.4], [760.1, 45.3], [760.0, 45.1], [760.0, 44.5]]}},
{"type": "Feature", "properties": {"level": "platform", "type": "wall", "platform": "6", "color": "#787878", "source": "PCIP Phase 1 Appendix A, sheet A-021, July 2019, PDF page 31"}, "geometry": {"type": "LineString", "coordinates": [[761.5, 45.6], [761.3, 45.7], [761.2, 45.8], [760.9, 45.8], [760.6, 45.7], [760.4, 45.6]]}},
{"type": "Feature", "properties": {"level": "platform", "type": "enclosure", "platform": "diagonal", "color": "#787878", "source": "PCIP Phase 1 Appendix A, sheet A-021, July 2019, PDF page 31"}, "geometry": {"type": "Polygon", "coordinates": [[[-391.0, -116.6], [-388.3, -116.9], [-387.9, -115.1], [-390.6, -114.6], [-391.0, -116.6]]]}},
{"type": "Feature", "properties": {"level": "platform", "type": "column", "platform": "4", "color": "#787878", "source": "PCIP Phase 1 Appendix A, sheet A-021, July 2019, PDF page 31"}, "geometry": {"type": "Polygon", "coordinates": [[[-390.7, -40.2], [-390.6, -42.5], [-388.6, -42.5], [-388.6, -40.1], [-390.7, -40.2]]]}},
{"type": "Feature", "properties": {"level": "platform", "type": "column", "platform": "5", "color": "#787878", "source": "PCIP Phase 1 Appendix A, sheet A-021, July 2019, PDF page 31"}, "geometry": {"type": "Polygon", "coordinates": [[[-390.5, -1.3], [-388.6, -1.3], [-388.6, 0.7], [-390.5, 0.7], [-390.5, -1.3]]]}},
{"type": "Feature", "properties": {"level": "platform", "type": "column", "platform": "6", "color": "#787878", "source": "PCIP Phase 1 Appendix A, sheet A-021, July 2019, PDF page 31"}, "geometry": {"type": "Polygon", "coordinates": [[[-390.5, 43.5], [-388.8, 43.5], [-388.8, 45.1], [-390.5, 45.1], [-390.5, 43.5]]]}},
{"type": "Feature", "properties": {"level": "platform", "type": "column", "platform": "8", "color": "#787878", "source": "PCIP Phase 1 Appendix A, sheet A-021, July 2019, PDF page 31"}, "geometry": {"type": "Polygon", "coordinates": [[[-390.5, 128.3], [-388.9, 128.3], [-388.9, 130.0], [-390.5, 130.0], [-390.5, 128.3]]]}},
{"type": "Feature", "properties": {"level": "platform", "type": "column", "platform": "8", "color": "#787878", "source": "PCIP Phase 1 Appendix A, sheet A-021, July 2019, PDF page 31"}, "geometry": {"type": "Polygon", "coordinates": [[[-384.5, 129.6], [-382.8, 129.6], [-382.8, 131.4], [-384.5, 131.4], [-384.5, 129.6]]]}},
{"type": "Feature", "properties": {"level": "platform", "type": "column", "platform": "7", "color": "#787878", "source": "PCIP Phase 1 Appendix A, sheet A-021, July 2019, PDF page 31"}, "geometry": {"type": "Polygon", "coordinates": [[[-384.4, 88.0], [-382.7, 88.0], [-382.7, 89.7], [-384.4, 89.7], [-384.4, 88.0]]]}},
{"type": "Feature", "properties": {"level": "platform", "type": "column", "platform": "diagonal", "color": "#787878", "source": "PCIP Phase 1 Appendix A, sheet A-021, July 2019, PDF page 31"}, "geometry": {"type": "Polygon", "coordinates": [[[-384.4, -111.3], [-384.2, -113.2], [-382.3, -113.1], [-382.4, -111.2], [-384.4, -111.3]]]}},
{"type": "Feature", "properties": {"level": "platform", "type": "column", "platform": "5", "color": "#787878", "source": "PCIP Phase 1 Appendix A, sheet A-021, July 2019, PDF page 31"}, "geometry": {"type": "Polygon", "coordinates": [[[-384.4, -1.2], [-382.6, -1.2], [-382.6, 0.7], [-384.4, 0.7], [-384.4, -1.2]]]}},
{"type": "Feature", "properties": {"level": "platform", "type": "enclosure", "platform": "diagonal", "color": "#787878", "source": "PCIP Phase 1 Appendix A, sheet A-021, July 2019, PDF page 31"}, "geometry": {"type": "Polygon", "coordinates": [[[-359.8, -116.9], [-357.1, -116.9], [-357.1, -114.8], [-359.8, -114.8], [-359.8, -116.9]]]}},
{"type": "Feature", "properties": {"level": "platform", "type": "enclosure", "platform": "4", "color": "#787878", "source": "PCIP Phase 1 Appendix A, sheet A-021, July 2019, PDF page 31"}, "geometry": {"type": "Polygon", "coordinates": [[[-359.8, -44.4], [-357.1, -44.5], [-357.1, -42.5], [-359.8, -42.5], [-359.8, -44.4]]]}},
{"type": "Feature", "properties": {"level": "platform", "type": "column", "platform": "7", "color": "#787878", "source": "PCIP Phase 1 Appendix A, sheet A-021, July 2019, PDF page 31"}, "geometry": {"type": "Polygon", "coordinates": [[[-359.6, 88.2], [-357.9, 88.2], [-357.7, 89.8], [-359.5, 89.8], [-359.6, 88.2]]]}},
{"type": "Feature", "properties": {"level": "platform", "type": "column", "platform": "8", "color": "#787878", "source": "PCIP Phase 1 Appendix A, sheet A-021, July 2019, PDF page 31"}, "geometry": {"type": "Polygon", "coordinates": [[[-359.5, 129.7], [-357.7, 129.7], [-357.7, 131.4], [-359.5, 131.4], [-359.5, 129.7]]]}},
{"type": "Feature", "properties": {"level": "platform", "type": "column", "platform": "5", "color": "#787878", "source": "PCIP Phase 1 Appendix A, sheet A-021, July 2019, PDF page 31"}, "geometry": {"type": "Polygon", "coordinates": [[[-359.4, 0.6], [-359.2, -1.3], [-357.6, -1.3], [-357.6, 0.7], [-359.4, 0.6]]]}},
{"type": "Feature", "properties": {"level": "platform", "type": "enclosure", "platform": "7", "color": "#787878", "source": "PCIP Phase 1 Appendix A, sheet A-021, July 2019, PDF page 31"}, "geometry": {"type": "Polygon", "coordinates": [[[-352.8, 87.9], [-348.3, 87.9], [-348.3, 89.9], [-352.8, 89.9], [-352.8, 87.9]]]}},
{"type": "Feature", "properties": {"level": "platform", "type": "enclosure", "platform": "8", "color": "#787878", "source": "PCIP Phase 1 Appendix A, sheet A-021, July 2019, PDF page 31"}, "geometry": {"type": "Polygon", "coordinates": [[[-352.8, 129.5], [-348.6, 129.6], [-348.6, 131.5], [-352.8, 131.5], [-352.8, 129.5]]]}},
{"type": "Feature", "properties": {"level": "platform", "type": "enclosure", "platform": "4", "color": "#787878", "source": "PCIP Phase 1 Appendix A, sheet A-021, July 2019, PDF page 31"}, "geometry": {"type": "Polygon", "coordinates": [[[-352.5, -44.4], [-348.3, -44.6], [-348.3, -42.5], [-352.5, -42.5], [-352.5, -44.4]]]}},
{"type": "Feature", "properties": {"level": "platform", "type": "enclosure", "platform": "5", "color": "#787878", "source": "PCIP Phase 1 Appendix A, sheet A-021, July 2019, PDF page 31"}, "geometry": {"type": "Polygon", "coordinates": [[[-352.5, -1.3], [-348.1, -1.3], [-348.1, 0.7], [-352.5, 0.7], [-352.5, -1.3]]]}},
{"type": "Feature", "properties": {"level": "platform", "type": "enclosure", "platform": "diagonal", "color": "#787878", "source": "PCIP Phase 1 Appendix A, sheet A-021, July 2019, PDF page 31"}, "geometry": {"type": "Polygon", "coordinates": [[[-352.3, -143.0], [-348.1, -143.0], [-348.2, -141.0], [-352.3, -141.0], [-352.3, -143.0]]]}},
{"type": "Feature", "properties": {"level": "platform", "type": "enclosure", "platform": "diagonal", "color": "#787878", "source": "PCIP Phase 1 Appendix A, sheet A-021, July 2019, PDF page 31"}, "geometry": {"type": "Polygon", "coordinates": [[[-352.3, -116.7], [-348.1, -116.7], [-348.1, -114.8], [-352.3, -114.8], [-352.3, -116.7]]]}},
{"type": "Feature", "properties": {"level": "platform", "type": "enclosure", "platform": "4", "color": "#787878", "source": "PCIP Phase 1 Appendix A, sheet A-021, July 2019, PDF page 31"}, "geometry": {"type": "Polygon", "coordinates": [[[-322.8, -41.4], [-321.8, -41.4], [-321.8, -40.4], [-322.8, -40.4], [-322.8, -41.4]]]}},
{"type": "Feature", "properties": {"level": "platform", "type": "column", "platform": "8", "color": "#787878", "source": "PCIP Phase 1 Appendix A, sheet A-021, July 2019, PDF page 31"}, "geometry": {"type": "Polygon", "coordinates": [[[-322.6, 129.6], [-320.5, 129.6], [-320.5, 131.5], [-322.6, 131.5], [-322.6, 129.6]]]}},
{"type": "Feature", "properties": {"level": "platform", "type": "column", "platform": "diagonal", "color": "#787878", "source": "PCIP Phase 1 Appendix A, sheet A-021, July 2019, PDF page 31"}, "geometry": {"type": "Polygon", "coordinates": [[[-322.2, -141.0], [-322.2, -142.9], [-320.2, -142.9], [-320.2, -140.9], [-322.2, -141.0]]]}},
{"type": "Feature", "properties": {"level": "platform", "type": "enclosure", "platform": "4", "color": "#787878", "source": "PCIP Phase 1 Appendix A, sheet A-021, July 2019, PDF page 31"}, "geometry": {"type": "Polygon", "coordinates": [[[-308.6, -41.4], [-307.6, -41.4], [-307.6, -40.4], [-308.6, -40.4], [-308.6, -41.4]]]}},
{"type": "Feature", "properties": {"level": "platform", "type": "column", "platform": "diagonal", "color": "#787878", "source": "PCIP Phase 1 Appendix A, sheet A-021, July 2019, PDF page 31"}, "geometry": {"type": "Polygon", "coordinates": [[[-305.4, -143.0], [-303.4, -143.0], [-303.4, -141.0], [-305.4, -141.0], [-305.4, -143.0]]]}},
{"type": "Feature", "properties": {"level": "platform", "type": "column", "platform": "diagonal", "color": "#787878", "source": "PCIP Phase 1 Appendix A, sheet A-021, July 2019, PDF page 31"}, "geometry": {"type": "Polygon", "coordinates": [[[-305.4, -122.0], [-303.3, -122.0], [-303.3, -119.9], [-305.4, -119.9], [-305.4, -122.0]]]}},
{"type": "Feature", "properties": {"level": "platform", "type": "enclosure", "platform": "4", "color": "#787878", "source": "PCIP Phase 1 Appendix A, sheet A-021, July 2019, PDF page 31"}, "geometry": {"type": "Polygon", "coordinates": [[[-292.6, -41.4], [-291.6, -41.4], [-291.6, -40.4], [-292.6, -40.2], [-292.6, -41.4]]]}},
{"type": "Feature", "properties": {"level": "platform", "type": "column", "platform": "diagonal", "color": "#787878", "source": "PCIP Phase 1 Appendix A, sheet A-021, July 2019, PDF page 31"}, "geometry": {"type": "Polygon", "coordinates": [[[-286.0, -142.8], [-284.0, -142.8], [-284.0, -140.8], [-286.0, -140.8], [-286.0, -142.8]]]}},
{"type": "Feature", "properties": {"level": "platform", "type": "column", "platform": "diagonal", "color": "#787878", "source": "PCIP Phase 1 Appendix A, sheet A-021, July 2019, PDF page 31"}, "geometry": {"type": "Polygon", "coordinates": [[[-286.0, -124.0], [-284.0, -124.0], [-283.9, -122.1], [-285.9, -122.0], [-286.0, -124.0]]]}},
{"type": "Feature", "properties": {"level": "platform", "type": "enclosure", "platform": "4", "color": "#787878", "source": "PCIP Phase 1 Appendix A, sheet A-021, July 2019, PDF page 31"}, "geometry": {"type": "Polygon", "coordinates": [[[-276.0, -41.3], [-275.0, -41.3], [-275.0, -40.2], [-276.0, -40.2], [-276.0, -41.3]]]}},
{"type": "Feature", "properties": {"level": "platform", "type": "column", "platform": "diagonal", "color": "#787878", "source": "PCIP Phase 1 Appendix A, sheet A-021, July 2019, PDF page 31"}, "geometry": {"type": "Polygon", "coordinates": [[[-266.6, -145.0], [-264.6, -145.0], [-264.6, -143.0], [-266.6, -143.0], [-266.6, -145.0]]]}},
{"type": "Feature", "properties": {"level": "platform", "type": "column", "platform": "diagonal", "color": "#787878", "source": "PCIP Phase 1 Appendix A, sheet A-021, July 2019, PDF page 31"}, "geometry": {"type": "Polygon", "coordinates": [[[-266.5, -126.3], [-264.5, -126.3], [-264.5, -124.2], [-266.5, -124.2], [-266.5, -126.3]]]}},
{"type": "Feature", "properties": {"level": "platform", "type": "column", "platform": "diagonal", "color": "#787878", "source": "PCIP Phase 1 Appendix A, sheet A-021, July 2019, PDF page 31"}, "geometry": {"type": "Polygon", "coordinates": [[[-247.1, -147.3], [-245.0, -147.2], [-245.0, -145.3], [-247.1, -145.3], [-247.1, -147.3]]]}},
{"type": "Feature", "properties": {"level": "platform", "type": "column", "platform": "diagonal", "color": "#787878", "source": "PCIP Phase 1 Appendix A, sheet A-021, July 2019, PDF page 31"}, "geometry": {"type": "Polygon", "coordinates": [[[-247.1, -128.4], [-245.0, -128.4], [-245.0, -126.4], [-247.1, -126.4], [-247.1, -128.4]]]}},
{"type": "Feature", "properties": {"level": "platform", "type": "column", "platform": "diagonal", "color": "#787878", "source": "PCIP Phase 1 Appendix A, sheet A-021, July 2019, PDF page 31"}, "geometry": {"type": "Polygon", "coordinates": [[[-225.8, -149.6], [-223.8, -149.6], [-223.7, -147.6], [-225.8, -147.6], [-225.8, -149.6]]]}},
{"type": "Feature", "properties": {"level": "platform", "type": "column", "platform": "diagonal", "color": "#787878", "source": "PCIP Phase 1 Appendix A, sheet A-021, July 2019, PDF page 31"}, "geometry": {"type": "Polygon", "coordinates": [[[-225.8, -130.7], [-223.7, -130.7], [-223.7, -128.7], [-225.8, -128.7], [-225.8, -130.7]]]}},
{"type": "Feature", "properties": {"level": "platform", "type": "column", "platform": "8", "color": "#787878", "source": "PCIP Phase 1 Appendix A, sheet A-021, July 2019, PDF page 31"}, "geometry": {"type": "Polygon", "coordinates": [[[-204.8, 132.4], [-202.9, 132.4], [-202.8, 134.3], [-204.8, 134.4], [-204.8, 132.4]]]}},
{"type": "Feature", "properties": {"level": "platform", "type": "column", "platform": "4", "color": "#787878", "source": "PCIP Phase 1 Appendix A, sheet A-021, July 2019, PDF page 31"}, "geometry": {"type": "Polygon", "coordinates": [[[-204.6, -45.5], [-202.6, -45.5], [-202.6, -43.4], [-204.6, -43.4], [-204.6, -45.5]]]}},
{"type": "Feature", "properties": {"level": "platform", "type": "column", "platform": "8", "color": "#787878", "source": "PCIP Phase 1 Appendix A, sheet A-021, July 2019, PDF page 31"}, "geometry": {"type": "Polygon", "coordinates": [[[-183.5, 132.4], [-181.5, 132.4], [-181.5, 134.4], [-183.5, 134.4], [-183.5, 132.4]]]}},
{"type": "Feature", "properties": {"level": "platform", "type": "column", "platform": "3", "color": "#787878", "source": "PCIP Phase 1 Appendix A, sheet A-021, July 2019, PDF page 31"}, "geometry": {"type": "Polygon", "coordinates": [[[-183.4, -88.5], [-181.4, -88.5], [-181.4, -86.4], [-183.4, -86.4], [-183.4, -88.5]]]}},
{"type": "Feature", "properties": {"level": "platform", "type": "column", "platform": "4", "color": "#787878", "source": "PCIP Phase 1 Appendix A, sheet A-021, July 2019, PDF page 31"}, "geometry": {"type": "Polygon", "coordinates": [[[-183.4, -45.3], [-181.4, -45.3], [-181.4, -43.3], [-183.3, -43.3], [-183.4, -45.3]]]}},
{"type": "Feature", "properties": {"level": "platform", "type": "column", "platform": "9", "color": "#787878", "source": "PCIP Phase 1 Appendix A, sheet A-021, July 2019, PDF page 31"}, "geometry": {"type": "Polygon", "coordinates": [[[-162.4, 183.1], [-160.4, 183.1], [-160.4, 185.0], [-162.3, 185.2], [-162.4, 183.1]]]}},
{"type": "Feature", "properties": {"level": "platform", "type": "column", "platform": "8", "color": "#787878", "source": "PCIP Phase 1 Appendix A, sheet A-021, July 2019, PDF page 31"}, "geometry": {"type": "Polygon", "coordinates": [[[-162.3, 132.4], [-160.3, 132.4], [-160.3, 134.4], [-162.3, 134.4], [-162.3, 132.4]]]}},
{"type": "Feature", "properties": {"level": "platform", "type": "column", "platform": "3", "color": "#787878", "source": "PCIP Phase 1 Appendix A, sheet A-021, July 2019, PDF page 31"}, "geometry": {"type": "Polygon", "coordinates": [[[-162.1, -88.8], [-161.9, -90.9], [-160.0, -90.9], [-160.0, -88.8], [-162.1, -88.8]]]}},
{"type": "Feature", "properties": {"level": "platform", "type": "column", "platform": "8", "color": "#787878", "source": "PCIP Phase 1 Appendix A, sheet A-021, July 2019, PDF page 31"}, "geometry": {"type": "Polygon", "coordinates": [[[-141.1, 132.5], [-139.1, 132.5], [-139.1, 134.5], [-141.1, 134.5], [-141.1, 132.7], [-141.1, 132.5]]]}},
{"type": "Feature", "properties": {"level": "platform", "type": "column", "platform": "3", "color": "#787878", "source": "PCIP Phase 1 Appendix A, sheet A-021, July 2019, PDF page 31"}, "geometry": {"type": "Polygon", "coordinates": [[[-141.0, -93.0], [-138.6, -93.0], [-138.6, -91.1], [-141.0, -91.0], [-141.0, -93.0]]]}},
{"type": "Feature", "properties": {"level": "platform", "type": "column", "platform": "9", "color": "#787878", "source": "PCIP Phase 1 Appendix A, sheet A-021, July 2019, PDF page 31"}, "geometry": {"type": "Polygon", "coordinates": [[[-141.0, 183.1], [-139.0, 183.3], [-139.1, 185.2], [-141.0, 185.2], [-141.0, 183.1]]]}},
{"type": "Feature", "properties": {"level": "platform", "type": "column", "platform": "4", "color": "#787878", "source": "PCIP Phase 1 Appendix A, sheet A-021, July 2019, PDF page 31"}, "geometry": {"type": "Polygon", "coordinates": [[[-141.0, -45.2], [-139.0, -45.2], [-139.0, -43.3], [-141.0, -43.2], [-141.0, -45.2]]]}},
{"type": "Feature", "properties": {"level": "platform", "type": "column", "platform": "3", "color": "#787878", "source": "PCIP Phase 1 Appendix A, sheet A-021, July 2019, PDF page 31"}, "geometry": {"type": "Polygon", "coordinates": [[[-119.8, -95.5], [-117.3, -95.5], [-117.3, -93.5], [-119.8, -93.5], [-119.8, -95.5]]]}},
{"type": "Feature", "properties": {"level": "platform", "type": "column", "platform": "5", "color": "#787878", "source": "PCIP Phase 1 Appendix A, sheet A-021, July 2019, PDF page 31"}, "geometry": {"type": "Polygon", "coordinates": [[[-119.7, -0.9], [-117.7, -0.9], [-117.7, 1.1], [-119.7, 1.1], [-119.7, -0.9]]]}},
{"type": "Feature", "properties": {"level": "platform", "type": "column", "platform": "7", "color": "#787878", "source": "PCIP Phase 1 Appendix A, sheet A-021, July 2019, PDF page 31"}, "geometry": {"type": "Polygon", "coordinates": [[[-119.7, 88.2], [-117.8, 88.1], [-117.7, 90.1], [-119.7, 90.3], [-119.7, 88.2]]]}},
{"type": "Feature", "properties": {"level": "platform", "type": "column", "platform": "8", "color": "#787878", "source": "PCIP Phase 1 Appendix A, sheet A-021, July 2019, PDF page 31"}, "geometry": {"type": "Polygon", "coordinates": [[[-119.7, 132.5], [-117.8, 132.5], [-117.7, 134.4], [-119.7, 134.5], [-119.7, 132.5]]]}},
{"type": "Feature", "properties": {"level": "platform", "type": "column", "platform": "9", "color": "#787878", "source": "PCIP Phase 1 Appendix A, sheet A-021, July 2019, PDF page 31"}, "geometry": {"type": "Polygon", "coordinates": [[[-119.6, 185.3], [-119.5, 183.3], [-117.6, 183.3], [-117.6, 185.3], [-119.6, 185.3]]]}},
{"type": "Feature", "properties": {"level": "platform", "type": "column", "platform": "4", "color": "#787878", "source": "PCIP Phase 1 Appendix A, sheet A-021, July 2019, PDF page 31"}, "geometry": {"type": "Polygon", "coordinates": [[[-119.5, -45.3], [-117.6, -45.3], [-117.5, -43.4], [-119.5, -43.3], [-119.5, -45.3]]]}},
{"type": "Feature", "properties": {"level": "platform", "type": "column", "platform": "9", "color": "#787878", "source": "PCIP Phase 1 Appendix A, sheet A-021, July 2019, PDF page 31"}, "geometry": {"type": "Polygon", "coordinates": [[[-100.5, 183.3], [-98.5, 183.1], [-98.5, 185.2], [-100.4, 185.3], [-100.5, 183.3]]]}},
{"type": "Feature", "properties": {"level": "platform", "type": "column", "platform": "3", "color": "#787878", "source": "PCIP Phase 1 Appendix A, sheet A-021, July 2019, PDF page 31"}, "geometry": {"type": "Polygon", "coordinates": [[[-100.2, -95.4], [-97.7, -95.4], [-97.7, -93.4], [-100.2, -93.5], [-100.2, -95.4]]]}},
{"type": "Feature", "properties": {"level": "platform", "type": "column", "platform": "8", "color": "#787878", "source": "PCIP Phase 1 Appendix A, sheet A-021, July 2019, PDF page 31"}, "geometry": {"type": "Polygon", "coordinates": [[[-80.9, 132.5], [-78.8, 132.5], [-78.8, 134.5], [-80.9, 134.5], [-80.9, 132.5]]]}},
{"type": "Feature", "properties": {"level": "platform", "type": "column", "platform": "10", "color": "#787878", "source": "PCIP Phase 1 Appendix A, sheet A-021, July 2019, PDF page 31"}, "geometry": {"type": "Polygon", "coordinates": [[[-80.9, 219.8], [-79.0, 219.8], [-78.8, 221.7], [-80.9, 221.7], [-80.9, 219.8]]]}},
{"type": "Feature", "properties": {"level": "platform", "type": "column", "platform": "5", "color": "#787878", "source": "PCIP Phase 1 Appendix A, sheet A-021, July 2019, PDF page 31"}, "geometry": {"type": "Polygon", "coordinates": [[[-80.8, -0.8], [-78.8, -0.8], [-78.8, 1.2], [-80.8, 1.2], [-80.8, -0.8]]]}},
{"type": "Feature", "properties": {"level": "platform", "type": "column", "platform": "7", "color": "#787878", "source": "PCIP Phase 1 Appendix A, sheet A-021, July 2019, PDF page 31"}, "geometry": {"type": "Polygon", "coordinates": [[[-80.8, 88.2], [-78.8, 88.2], [-78.8, 90.1], [-80.8, 90.1], [-80.8, 88.2]]]}},
{"type": "Feature", "properties": {"level": "platform", "type": "column", "platform": "8", "color": "#787878", "source": "PCIP Phase 1 Appendix A, sheet A-021, July 2019, PDF page 31"}, "geometry": {"type": "Polygon", "coordinates": [[[-61.8, 134.5], [-61.7, 132.5], [-59.3, 132.5], [-59.3, 134.5], [-61.8, 134.5]]]}},
{"type": "Feature", "properties": {"level": "platform", "type": "column", "platform": "10", "color": "#787878", "source": "PCIP Phase 1 Appendix A, sheet A-021, July 2019, PDF page 31"}, "geometry": {"type": "Polygon", "coordinates": [[[-61.6, 221.7], [-61.5, 219.8], [-59.5, 219.8], [-59.5, 221.7], [-61.6, 221.7]]]}},
{"type": "Feature", "properties": {"level": "platform", "type": "column", "platform": "9", "color": "#787878", "source": "PCIP Phase 1 Appendix A, sheet A-021, July 2019, PDF page 31"}, "geometry": {"type": "Polygon", "coordinates": [[[-61.5, 183.3], [-59.4, 183.3], [-59.4, 185.3], [-61.5, 185.3], [-61.5, 183.3]]]}},
{"type": "Feature", "properties": {"level": "platform", "type": "enclosure", "platform": "9", "color": "#787878", "source": "PCIP Phase 1 Appendix A, sheet A-021, July 2019, PDF page 31"}, "geometry": {"type": "Polygon", "coordinates": [[[-47.7, 179.7], [-47.2, 179.7], [-47.2, 180.2], [-47.7, 180.2], [-47.7, 179.7]]]}},
{"type": "Feature", "properties": {"level": "platform", "type": "enclosure", "platform": "7", "color": "#787878", "source": "PCIP Phase 1 Appendix A, sheet A-021, July 2019, PDF page 31"}, "geometry": {"type": "Polygon", "coordinates": [[[-47.5, 93.3], [-47.1, 93.3], [-47.1, 93.7], [-47.5, 93.7], [-47.5, 93.3]]]}},
{"type": "Feature", "properties": {"level": "platform", "type": "enclosure", "platform": "8", "color": "#787878", "source": "PCIP Phase 1 Appendix A, sheet A-021, July 2019, PDF page 31"}, "geometry": {"type": "Polygon", "coordinates": [[[-45.0, 137.6], [-44.2, 137.6], [-44.2, 138.2], [-44.8, 138.4], [-45.0, 137.6]]]}},
{"type": "Feature", "properties": {"level": "platform", "type": "enclosure", "platform": "9", "color": "#787878", "source": "PCIP Phase 1 Appendix A, sheet A-021, July 2019, PDF page 31"}, "geometry": {"type": "Polygon", "coordinates": [[[-42.0, 185.7], [-42.0, 182.9], [-40.0, 183.0], [-40.0, 185.8], [-42.0, 185.7]]]}},
{"type": "Feature", "properties": {"level": "platform", "type": "column", "platform": "10", "color": "#787878", "source": "PCIP Phase 1 Appendix A, sheet A-021, July 2019, PDF page 31"}, "geometry": {"type": "Polygon", "coordinates": [[[-42.0, 219.8], [-40.1, 219.7], [-40.0, 221.7], [-42.0, 221.8], [-42.0, 219.8]]]}},
{"type": "Feature", "properties": {"level": "platform", "type": "enclosure", "platform": "4", "color": "#787878", "source": "PCIP Phase 1 Appendix A, sheet A-021, July 2019, PDF page 31"}, "geometry": {"type": "Polygon", "coordinates": [[[-41.9, -45.5], [-39.9, -45.5], [-39.9, -42.8], [-41.9, -42.8], [-41.9, -45.5]]]}},
{"type": "Feature", "properties": {"level": "platform", "type": "enclosure", "platform": "9", "color": "#787878", "source": "PCIP Phase 1 Appendix A, sheet A-021, July 2019, PDF page 31"}, "geometry": {"type": "Polygon", "coordinates": [[[-41.4, 177.2], [-40.5, 177.2], [-40.5, 178.1], [-41.4, 178.1], [-41.4, 177.2]]]}},
{"type": "Feature", "properties": {"level": "platform", "type": "enclosure", "platform": "7", "color": "#787878", "source": "PCIP Phase 1 Appendix A, sheet A-021, July 2019, PDF page 31"}, "geometry": {"type": "Polygon", "coordinates": [[[-41.4, 88.8], [-40.4, 88.8], [-40.4, 89.7], [-41.4, 89.7], [-41.4, 88.8]]]}},
{"type": "Feature", "properties": {"level": "platform", "type": "enclosure", "platform": "7", "color": "#787878", "source": "PCIP Phase 1 Appendix A, sheet A-021, July 2019, PDF page 31"}, "geometry": {"type": "Polygon", "coordinates": [[[-41.4, 93.2], [-41.3, 92.3], [-40.4, 92.3], [-40.4, 93.2], [-41.4, 93.2]]]}},
{"type": "Feature", "properties": {"level": "platform", "type": "enclosure", "platform": "8", "color": "#787878", "source": "PCIP Phase 1 Appendix A, sheet A-021, July 2019, PDF page 31"}, "geometry": {"type": "Polygon", "coordinates": [[[-41.4, 139.9], [-40.5, 139.9], [-40.5, 140.8], [-41.4, 140.8], [-41.4, 139.9]]]}},
{"type": "Feature", "properties": {"level": "platform", "type": "enclosure", "platform": "8", "color": "#787878", "source": "PCIP Phase 1 Appendix A, sheet A-021, July 2019, PDF page 31"}, "geometry": {"type": "Polygon", "coordinates": [[[-22.9, 132.8], [-20.3, 132.8], [-20.3, 134.8], [-22.9, 134.8], [-22.9, 132.8]]]}},
{"type": "Feature", "properties": {"level": "platform", "type": "column", "platform": "10", "color": "#787878", "source": "PCIP Phase 1 Appendix A, sheet A-021, July 2019, PDF page 31"}, "geometry": {"type": "Polygon", "coordinates": [[[-22.6, 203.8], [-20.6, 203.8], [-20.6, 205.7], [-22.6, 205.7], [-22.6, 203.8]]]}},
{"type": "Feature", "properties": {"level": "platform", "type": "column", "platform": "9", "color": "#787878", "source": "PCIP Phase 1 Appendix A, sheet A-021, July 2019, PDF page 31"}, "geometry": {"type": "Polygon", "coordinates": [[[-22.6, 183.3], [-20.6, 183.3], [-20.6, 185.3], [-22.5, 185.3], [-22.6, 183.3]]]}},
{"type": "Feature", "properties": {"level": "platform", "type": "column", "platform": "10", "color": "#787878", "source": "PCIP Phase 1 Appendix A, sheet A-021, July 2019, PDF page 31"}, "geometry": {"type": "Polygon", "coordinates": [[[-22.6, 229.9], [-20.6, 229.9], [-20.6, 232.0], [-22.6, 232.0], [-22.6, 229.9]]]}},
{"type": "Feature", "properties": {"level": "platform", "type": "column", "platform": "6", "color": "#787878", "source": "PCIP Phase 1 Appendix A, sheet A-021, July 2019, PDF page 31"}, "geometry": {"type": "Polygon", "coordinates": [[[-22.4, 43.7], [-20.5, 43.7], [-20.3, 45.7], [-22.4, 45.7], [-22.4, 43.7]]]}},
{"type": "Feature", "properties": {"level": "platform", "type": "column", "platform": "7", "color": "#787878", "source": "PCIP Phase 1 Appendix A, sheet A-021, July 2019, PDF page 31"}, "geometry": {"type": "Polygon", "coordinates": [[[-22.4, 88.2], [-20.3, 88.3], [-20.3, 90.3], [-22.4, 90.3], [-22.4, 88.2]]]}},
{"type": "Feature", "properties": {"level": "platform", "type": "enclosure", "platform": "8", "color": "#787878", "source": "PCIP Phase 1 Appendix A, sheet A-021, July 2019, PDF page 31"}, "geometry": {"type": "Polygon", "coordinates": [[[-22.0, 139.9], [-21.0, 139.9], [-21.0, 140.8], [-22.0, 140.8], [-22.0, 139.9]]]}},
{"type": "Feature", "properties": {"level": "platform", "type": "enclosure", "platform": "7", "color": "#787878", "source": "PCIP Phase 1 Appendix A, sheet A-021, July 2019, PDF page 31"}, "geometry": {"type": "Polygon", "coordinates": [[[-21.8, 92.3], [-20.8, 92.3], [-20.8, 93.2], [-21.8, 93.2], [-21.8, 92.3]]]}},
{"type": "Feature", "properties": {"level": "platform", "type": "enclosure", "platform": "10", "color": "#787878", "source": "PCIP Phase 1 Appendix A, sheet A-021, July 2019, PDF page 31"}, "geometry": {"type": "Polygon", "coordinates": [[[-15.5, 222.7], [-15.4, 222.0], [-14.8, 222.1], [-14.8, 222.7], [-15.5, 222.7]]]}},
{"type": "Feature", "properties": {"level": "platform", "type": "enclosure", "platform": "9", "color": "#787878", "source": "PCIP Phase 1 Appendix A, sheet A-021, July 2019, PDF page 31"}, "geometry": {"type": "Polygon", "coordinates": [[[-15.3, 179.7], [-14.8, 179.7], [-14.8, 180.2], [-15.3, 180.2], [-15.3, 179.7]]]}},
{"type": "Feature", "properties": {"level": "platform", "type": "column", "platform": "11", "color": "#787878", "source": "PCIP Phase 1 Appendix A, sheet A-021, July 2019, PDF page 31"}, "geometry": {"type": "Polygon", "coordinates": [[[-1.9, 270.8], [-0.3, 270.8], [-0.3, 272.7], [-1.9, 272.7], [-1.9, 270.8]]]}},
{"type": "Feature", "properties": {"level": "platform", "type": "column", "platform": "9", "color": "#787878", "source": "PCIP Phase 1 Appendix A, sheet A-021, July 2019, PDF page 31"}, "geometry": {"type": "Polygon", "coordinates": [[[22.8, 181.0], [24.8, 181.0], [24.8, 182.6], [22.8, 182.6], [22.8, 181.0]]]}},
{"type": "Feature", "properties": {"level": "platform", "type": "column", "platform": "7", "color": "#787878", "source": "PCIP Phase 1 Appendix A, sheet A-021, July 2019, PDF page 31"}, "geometry": {"type": "Polygon", "coordinates": [[[22.8, 88.4], [24.7, 88.4], [24.7, 90.3], [22.8, 90.3], [22.8, 88.4]]]}},
{"type": "Feature", "properties": {"level": "platform", "type": "column", "platform": "6", "color": "#787878", "source": "PCIP Phase 1 Appendix A, sheet A-021, July 2019, PDF page 31"}, "geometry": {"type": "Polygon", "coordinates": [[[22.9, 43.9], [24.8, 43.9], [24.8, 45.6], [22.9, 45.7], [22.9, 43.9]]]}},
{"type": "Feature", "properties": {"level": "platform", "type": "column", "platform": "8", "color": "#787878", "source": "PCIP Phase 1 Appendix A, sheet A-021, July 2019, PDF page 31"}, "geometry": {"type": "Polygon", "coordinates": [[[22.9, 134.7], [24.8, 134.7], [24.8, 136.5], [22.9, 136.5], [22.9, 134.7]]]}},
{"type": "Feature", "properties": {"level": "platform", "type": "column", "platform": "5", "color": "#787878", "source": "PCIP Phase 1 Appendix A, sheet A-021, July 2019, PDF page 31"}, "geometry": {"type": "Polygon", "coordinates": [[[23.1, -0.7], [24.8, -0.7], [24.8, 1.1], [23.1, 1.1], [23.1, -0.7]]]}},
{"type": "Feature", "properties": {"level": "platform", "type": "column", "platform": "4", "color": "#787878", "source": "PCIP Phase 1 Appendix A, sheet A-021, July 2019, PDF page 31"}, "geometry": {"type": "Polygon", "coordinates": [[[23.2, -47.0], [24.8, -47.0], [24.8, -45.1], [23.2, -45.1], [23.2, -47.0]]]}},
{"type": "Feature", "properties": {"level": "platform", "type": "column", "platform": "3", "color": "#787878", "source": "PCIP Phase 1 Appendix A, sheet A-021, July 2019, PDF page 31"}, "geometry": {"type": "Polygon", "coordinates": [[[23.3, -97.7], [25.0, -97.7], [24.8, -95.9], [23.3, -95.9], [23.3, -97.7]]]}},
{"type": "Feature", "properties": {"level": "platform", "type": "enclosure", "platform": "3", "color": "#787878", "source": "PCIP Phase 1 Appendix A, sheet A-021, July 2019, PDF page 31"}, "geometry": {"type": "Polygon", "coordinates": [[[25.7, -89.3], [25.9, -89.3], [25.9, -88.9], [26.5, -88.9], [26.5, -89.3], [26.7, -89.3], [26.7, -88.3], [26.5, -88.3], [26.5, -88.8], [25.9, -88.8], [25.9, -88.3], [25.7, -88.3], [25.7, -89.3]]]}},
{"type": "Feature", "properties": {"level": "platform", "type": "column", "platform": "10", "color": "#787878", "source": "PCIP Phase 1 Appendix A, sheet A-021, July 2019, PDF page 31"}, "geometry": {"type": "Polygon", "coordinates": [[[29.0, 225.1], [29.5, 225.1], [29.5, 225.8], [30.2, 225.8], [30.2, 225.1], [30.5, 225.1], [30.5, 226.8], [30.2, 226.8], [30.2, 226.1], [29.5, 226.1], [29.5, 226.8], [29.0, 226.8], [29.0, 225.1]]]}},
{"type": "Feature", "properties": {"level": "platform", "type": "column", "platform": "3", "color": "#787878", "source": "PCIP Phase 1 Appendix A, sheet A-021, July 2019, PDF page 31"}, "geometry": {"type": "Polygon", "coordinates": [[[29.5, -97.6], [29.8, -97.6], [29.8, -97.0], [30.5, -97.0], [30.5, -97.6], [30.9, -97.6], [30.9, -96.1], [30.5, -96.1], [30.5, -96.7], [29.8, -96.7], [29.8, -96.1], [29.5, -96.1], [29.5, -97.6]]]}},
{"type": "Feature", "properties": {"level": "platform", "type": "enclosure", "platform": "3", "color": "#787878", "source": "PCIP Phase 1 Appendix A, sheet A-021, July 2019, PDF page 31"}, "geometry": {"type": "Polygon", "coordinates": [[[29.7, -100.4], [29.9, -100.4], [29.9, -99.9], [30.5, -99.9], [30.5, -100.4], [30.8, -100.4], [30.8, -99.4], [30.5, -99.4], [30.5, -99.8], [29.9, -99.8], [29.9, -99.4], [29.7, -99.4], [29.7, -100.4]]]}},
{"type": "Feature", "properties": {"level": "platform", "type": "enclosure", "platform": "3", "color": "#787878", "source": "PCIP Phase 1 Appendix A, sheet A-021, July 2019, PDF page 31"}, "geometry": {"type": "Polygon", "coordinates": [[[29.7, -89.3], [29.9, -89.3], [29.9, -88.9], [30.5, -88.9], [30.5, -89.3], [30.7, -89.3], [30.7, -88.3], [30.5, -88.3], [30.5, -88.7], [29.9, -88.8], [29.9, -88.3], [29.7, -88.3], [29.7, -89.3]]]}},
{"type": "Feature", "properties": {"level": "platform", "type": "column", "platform": "10", "color": "#787878", "source": "PCIP Phase 1 Appendix A, sheet A-021, July 2019, PDF page 31"}, "geometry": {"type": "Polygon", "coordinates": [[[39.1, 225.3], [39.4, 225.3], [39.4, 225.8], [40.2, 225.8], [40.2, 225.3], [40.6, 225.3], [40.6, 226.8], [40.2, 226.8], [40.2, 226.1], [39.4, 226.1], [39.4, 226.8], [39.1, 226.8], [39.1, 225.3]]]}},
{"type": "Feature", "properties": {"level": "platform", "type": "column", "platform": "3", "color": "#787878", "source": "PCIP Phase 1 Appendix A, sheet A-021, July 2019, PDF page 31"}, "geometry": {"type": "Polygon", "coordinates": [[[41.2, -97.6], [41.6, -97.6], [41.6, -97.0], [42.2, -97.0], [42.2, -97.6], [42.7, -97.6], [42.7, -96.1], [42.2, -96.1], [42.2, -96.6], [41.6, -96.6], [41.6, -96.1], [41.2, -96.1], [41.2, -97.6]]]}},
{"type": "Feature", "properties": {"level": "platform", "type": "enclosure", "platform": "3", "color": "#787878", "source": "PCIP Phase 1 Appendix A, sheet A-021, July 2019, PDF page 31"}, "geometry": {"type": "Polygon", "coordinates": [[[41.5, -100.4], [41.6, -100.4], [41.6, -99.9], [42.2, -99.9], [42.2, -100.4], [42.5, -100.4], [42.5, -99.4], [42.2, -99.4], [42.2, -99.8], [41.6, -99.8], [41.6, -99.4], [41.5, -99.4], [41.5, -100.4]]]}},
{"type": "Feature", "properties": {"level": "platform", "type": "enclosure", "platform": "3", "color": "#787878", "source": "PCIP Phase 1 Appendix A, sheet A-021, July 2019, PDF page 31"}, "geometry": {"type": "Polygon", "coordinates": [[[41.5, -89.3], [41.6, -89.3], [41.6, -88.9], [42.2, -88.9], [42.2, -89.3], [42.4, -89.3], [42.4, -88.3], [42.2, -88.3], [42.2, -88.7], [41.6, -88.7], [41.6, -88.3], [41.5, -88.3], [41.5, -89.3]]]}},
{"type": "Feature", "properties": {"level": "platform", "type": "column", "platform": "10", "color": "#787878", "source": "PCIP Phase 1 Appendix A, sheet A-021, July 2019, PDF page 31"}, "geometry": {"type": "Polygon", "coordinates": [[[49.1, 225.3], [49.4, 225.3], [49.4, 225.8], [50.2, 225.8], [50.2, 225.3], [50.6, 225.3], [50.6, 226.8], [50.2, 226.8], [50.2, 226.3], [49.4, 226.3], [49.4, 226.8], [49.1, 226.8], [49.1, 225.3]]]}},
{"type": "Feature", "properties": {"level": "platform", "type": "enclosure", "platform": "9", "color": "#787878", "source": "PCIP Phase 1 Appendix A, sheet A-021, July 2019, PDF page 31"}, "geometry": {"type": "Polygon", "coordinates": [[[49.3, 186.8], [49.6, 186.8], [49.6, 187.3], [50.2, 187.3], [50.2, 186.8], [50.4, 186.8], [50.4, 187.8], [50.2, 187.8], [50.2, 187.3], [49.6, 187.3], [49.6, 187.8], [49.3, 187.8], [49.3, 186.8]]]}},
{"type": "Feature", "properties": {"level": "platform", "type": "enclosure", "platform": "9", "color": "#787878", "source": "PCIP Phase 1 Appendix A, sheet A-021, July 2019, PDF page 31"}, "geometry": {"type": "Polygon", "coordinates": [[[49.4, 175.8], [49.6, 175.8], [49.6, 176.3], [50.2, 176.3], [50.2, 175.8], [50.3, 175.8], [50.3, 176.8], [50.2, 176.8], [50.2, 176.4], [49.6, 176.4], [49.6, 176.8], [49.4, 176.8], [49.4, 175.8]]]}},
{"type": "Feature", "properties": {"level": "platform", "type": "enclosure", "platform": "9", "color": "#787878", "source": "PCIP Phase 1 Appendix A, sheet A-021, July 2019, PDF page 31"}, "geometry": {"type": "Polygon", "coordinates": [[[59.3, 175.8], [59.6, 175.8], [59.6, 176.3], [60.2, 176.3], [60.2, 175.8], [60.4, 175.8], [60.4, 176.8], [60.2, 176.8], [60.2, 176.4], [59.6, 176.4], [59.6, 176.8], [59.3, 176.8], [59.3, 175.8]]]}},
{"type": "Feature", "properties": {"level": "platform", "type": "enclosure", "platform": "9", "color": "#787878", "source": "PCIP Phase 1 Appendix A, sheet A-021, July 2019, PDF page 31"}, "geometry": {"type": "Polygon", "coordinates": [[[59.3, 186.8], [59.6, 186.8], [59.6, 187.3], [60.2, 187.3], [60.2, 186.8], [60.4, 186.8], [60.4, 187.8], [60.2, 187.8], [60.2, 187.5], [59.6, 187.5], [59.6, 187.8], [59.3, 187.8], [59.3, 186.8]]]}},
{"type": "Feature", "properties": {"level": "platform", "type": "column", "platform": "10", "color": "#787878", "source": "PCIP Phase 1 Appendix A, sheet A-021, July 2019, PDF page 31"}, "geometry": {"type": "Polygon", "coordinates": [[[69.0, 225.3], [69.5, 225.3], [69.5, 225.8], [70.3, 225.8], [70.3, 225.3], [70.5, 225.3], [70.5, 226.8], [70.3, 226.8], [70.3, 226.3], [69.5, 226.3], [69.5, 226.8], [69.0, 226.8], [69.0, 225.3]]]}},
{"type": "Feature", "properties": {"level": "platform", "type": "enclosure", "platform": "9", "color": "#787878", "source": "PCIP Phase 1 Appendix A, sheet A-021, July 2019, PDF page 31"}, "geometry": {"type": "Polygon", "coordinates": [[[69.4, 175.8], [69.6, 175.8], [69.6, 176.3], [70.2, 176.3], [70.2, 175.8], [70.4, 175.8], [70.4, 176.8], [70.2, 176.8], [70.2, 176.5], [69.6, 176.5], [69.6, 176.8], [69.4, 176.8], [69.4, 175.8]]]}},
{"type": "Feature", "properties": {"level": "platform", "type": "enclosure", "platform": "9", "color": "#787878", "source": "PCIP Phase 1 Appendix A, sheet A-021, July 2019, PDF page 31"}, "geometry": {"type": "Polygon", "coordinates": [[[69.4, 186.8], [69.6, 186.8], [69.6, 187.3], [70.2, 187.3], [70.2, 186.8], [70.3, 186.8], [70.3, 187.9], [70.2, 187.9], [70.2, 187.5], [69.6, 187.5], [69.6, 187.9], [69.4, 187.9], [69.4, 186.8]]]}},
{"type": "Feature", "properties": {"level": "platform", "type": "enclosure", "platform": "3", "color": "#787878", "source": "PCIP Phase 1 Appendix A, sheet A-021, July 2019, PDF page 31"}, "geometry": {"type": "Polygon", "coordinates": [[[71.4, -89.2], [71.6, -89.2], [71.6, -88.9], [72.3, -88.9], [72.3, -89.2], [72.4, -89.2], [72.4, -88.3], [72.3, -88.3], [72.3, -88.7], [71.6, -88.7], [71.6, -88.3], [71.4, -88.3], [71.4, -89.2]]]}},
{"type": "Feature", "properties": {"level": "platform", "type": "column", "platform": "10", "color": "#787878", "source": "PCIP Phase 1 Appendix A, sheet A-021, July 2019, PDF page 31"}, "geometry": {"type": "Polygon", "coordinates": [[[79.0, 225.3], [79.5, 225.3], [79.5, 225.8], [80.3, 225.8], [80.3, 225.3], [80.5, 225.3], [80.5, 226.8], [80.3, 226.8], [80.3, 226.3], [79.5, 226.3], [79.5, 226.8], [79.0, 226.8], [79.0, 225.3]]]}},
{"type": "Feature", "properties": {"level": "platform", "type": "column", "platform": "3", "color": "#787878", "source": "PCIP Phase 1 Appendix A, sheet A-021, July 2019, PDF page 31"}, "geometry": {"type": "Polygon", "coordinates": [[[81.4, -100.4], [81.7, -100.4], [81.7, -99.9], [82.3, -99.9], [82.3, -100.4], [82.5, -100.4], [82.5, -99.2], [82.3, -99.2], [82.3, -99.7], [81.7, -99.7], [81.7, -99.2], [81.4, -99.2], [81.4, -100.4]]]}},
{"type": "Feature", "properties": {"level": "platform", "type": "enclosure", "platform": "3", "color": "#787878", "source": "PCIP Phase 1 Appendix A, sheet A-021, July 2019, PDF page 31"}, "geometry": {"type": "Polygon", "coordinates": [[[81.4, -89.2], [81.7, -89.2], [81.7, -88.8], [82.3, -88.8], [82.3, -89.2], [82.5, -89.2], [82.5, -88.3], [82.3, -88.3], [82.3, -88.7], [81.7, -88.7], [81.7, -88.3], [81.4, -88.3], [81.4, -89.2]]]}},
{"type": "Feature", "properties": {"level": "platform", "type": "column", "platform": "10", "color": "#787878", "source": "PCIP Phase 1 Appendix A, sheet A-021, July 2019, PDF page 31"}, "geometry": {"type": "Polygon", "coordinates": [[[89.1, 225.3], [89.4, 225.3], [89.4, 225.8], [90.2, 225.8], [90.2, 225.3], [90.6, 225.3], [90.6, 226.8], [90.2, 226.8], [90.2, 226.3], [89.4, 226.3], [89.4, 226.8], [89.1, 226.8], [89.1, 225.3]]]}},
{"type": "Feature", "properties": {"level": "platform", "type": "enclosure", "platform": "3", "color": "#787878", "source": "PCIP Phase 1 Appendix A, sheet A-021, July 2019, PDF page 31"}, "geometry": {"type": "Polygon", "coordinates": [[[91.4, -100.2], [91.7, -100.2], [91.7, -99.9], [92.3, -99.9], [92.3, -100.2], [92.5, -100.2], [92.4, -99.2], [92.3, -99.2], [92.3, -99.7], [91.7, -99.7], [91.7, -99.2], [91.4, -99.2], [91.4, -100.2]]]}},
{"type": "Feature", "properties": {"level": "platform", "type": "enclosure", "platform": "3", "color": "#787878", "source": "PCIP Phase 1 Appendix A, sheet A-021, July 2019, PDF page 31"}, "geometry": {"type": "Polygon", "coordinates": [[[91.4, -89.2], [91.7, -89.2], [91.7, -88.8], [92.3, -88.8], [92.3, -89.2], [92.4, -89.2], [92.4, -88.3], [92.3, -88.3], [92.3, -88.7], [91.7, -88.7], [91.7, -88.3], [91.4, -88.3], [91.4, -89.2]]]}},
{"type": "Feature", "properties": {"level": "platform", "type": "column", "platform": "10", "color": "#787878", "source": "PCIP Phase 1 Appendix A, sheet A-021, July 2019, PDF page 31"}, "geometry": {"type": "Polygon", "coordinates": [[[99.1, 225.3], [99.4, 225.3], [99.4, 225.9], [100.2, 225.9], [100.2, 225.3], [100.6, 225.3], [100.6, 226.8], [100.2, 226.8], [100.2, 226.3], [99.4, 226.3], [99.4, 226.8], [99.1, 226.8], [99.1, 225.3]]]}},
{"type": "Feature", "properties": {"level": "platform", "type": "enclosure", "platform": "9", "color": "#787878", "source": "PCIP Phase 1 Appendix A, sheet A-021, July 2019, PDF page 31"}, "geometry": {"type": "Polygon", "coordinates": [[[99.3, 186.9], [99.6, 186.9], [99.6, 187.3], [100.2, 187.3], [100.2, 186.9], [100.4, 186.9], [100.4, 187.9], [100.2, 187.9], [100.2, 187.5], [99.6, 187.5], [99.6, 187.9], [99.3, 187.9], [99.3, 186.9]]]}},
{"type": "Feature", "properties": {"level": "platform", "type": "enclosure", "platform": "9", "color": "#787878", "source": "PCIP Phase 1 Appendix A, sheet A-021, July 2019, PDF page 31"}, "geometry": {"type": "Polygon", "coordinates": [[[99.4, 175.8], [99.6, 175.8], [99.6, 176.3], [100.2, 176.3], [100.2, 175.8], [100.4, 175.8], [100.4, 176.9], [100.2, 176.9], [100.2, 176.5], [99.6, 176.5], [99.6, 176.9], [99.4, 176.9], [99.4, 175.8]]]}},
{"type": "Feature", "properties": {"level": "platform", "type": "column", "platform": "10", "color": "#787878", "source": "PCIP Phase 1 Appendix A, sheet A-021, July 2019, PDF page 31"}, "geometry": {"type": "Polygon", "coordinates": [[[109.1, 225.3], [109.5, 225.3], [109.5, 225.9], [110.2, 225.9], [110.2, 225.3], [110.5, 225.3], [110.5, 226.8], [110.2, 226.8], [110.2, 226.3], [109.5, 226.3], [109.5, 226.8], [109.1, 226.8], [109.1, 225.3]]]}},
{"type": "Feature", "properties": {"level": "platform", "type": "enclosure", "platform": "9", "color": "#787878", "source": "PCIP Phase 1 Appendix A, sheet A-021, July 2019, PDF page 31"}, "geometry": {"type": "Polygon", "coordinates": [[[109.3, 175.8], [109.6, 175.8], [109.6, 176.3], [110.2, 176.3], [110.2, 175.9], [110.4, 175.9], [110.4, 176.9], [110.2, 176.9], [110.2, 176.5], [109.6, 176.5], [109.6, 176.9], [109.3, 176.9], [109.3, 175.8]]]}},
{"type": "Feature", "properties": {"level": "platform", "type": "enclosure", "platform": "9", "color": "#787878", "source": "PCIP Phase 1 Appendix A, sheet A-021, July 2019, PDF page 31"}, "geometry": {"type": "Polygon", "coordinates": [[[109.3, 186.9], [109.6, 186.9], [109.6, 187.3], [110.2, 187.3], [110.2, 186.9], [110.4, 186.9], [110.4, 187.9], [110.2, 187.9], [110.2, 187.5], [109.6, 187.5], [109.6, 187.9], [109.3, 187.9], [109.3, 186.9]]]}},
{"type": "Feature", "properties": {"level": "platform", "type": "enclosure", "platform": "9", "color": "#787878", "source": "PCIP Phase 1 Appendix A, sheet A-021, July 2019, PDF page 31"}, "geometry": {"type": "Polygon", "coordinates": [[[119.4, 175.9], [119.6, 175.9], [119.6, 176.4], [120.2, 176.4], [120.2, 175.9], [120.5, 175.9], [120.4, 176.9], [120.2, 176.9], [120.2, 176.5], [119.6, 176.5], [119.6, 176.9], [119.4, 176.9], [119.4, 175.9]]]}},
{"type": "Feature", "properties": {"level": "platform", "type": "enclosure", "platform": "9", "color": "#787878", "source": "PCIP Phase 1 Appendix A, sheet A-021, July 2019, PDF page 31"}, "geometry": {"type": "Polygon", "coordinates": [[[119.4, 186.9], [119.6, 186.9], [119.6, 187.3], [120.2, 187.3], [120.2, 186.9], [120.4, 186.9], [120.4, 187.9], [120.2, 187.9], [120.2, 187.5], [119.6, 187.5], [119.6, 187.9], [119.4, 187.9], [119.4, 186.9]]]}},
{"type": "Feature", "properties": {"level": "platform", "type": "enclosure", "platform": "3", "color": "#787878", "source": "PCIP Phase 1 Appendix A, sheet A-021, July 2019, PDF page 31"}, "geometry": {"type": "Polygon", "coordinates": [[[121.4, -100.2], [121.6, -100.2], [121.6, -99.8], [122.3, -99.8], [122.3, -100.2], [122.5, -100.2], [122.5, -99.2], [122.3, -99.2], [122.3, -99.7], [121.6, -99.7], [121.6, -99.2], [121.4, -99.2], [121.4, -100.2]]]}},
{"type": "Feature", "properties": {"level": "platform", "type": "enclosure", "platform": "3", "color": "#787878", "source": "PCIP Phase 1 Appendix A, sheet A-021, July 2019, PDF page 31"}, "geometry": {"type": "Polygon", "coordinates": [[[121.4, -89.2], [121.6, -89.2], [121.6, -88.8], [122.3, -88.8], [122.3, -89.2], [122.5, -89.2], [122.5, -88.3], [122.3, -88.3], [122.3, -88.6], [121.6, -88.6], [121.6, -88.3], [121.4, -88.3], [121.4, -89.2]]]}},
{"type": "Feature", "properties": {"level": "platform", "type": "column", "platform": "10", "color": "#787878", "source": "PCIP Phase 1 Appendix A, sheet A-021, July 2019, PDF page 31"}, "geometry": {"type": "Polygon", "coordinates": [[[136.5, 229.2], [138.4, 229.1], [138.4, 230.8], [136.5, 230.8], [136.5, 229.2]]]}},
{"type": "Feature", "properties": {"level": "platform", "type": "column", "platform": "10", "color": "#787878", "source": "PCIP Phase 1 Appendix A, sheet A-021, July 2019, PDF page 31"}, "geometry": {"type": "Polygon", "coordinates": [[[136.5, 204.2], [138.1, 204.1], [138.3, 205.7], [136.6, 205.8], [136.5, 204.2]]]}},
{"type": "Feature", "properties": {"level": "platform", "type": "column", "platform": "2", "color": "#787878", "source": "PCIP Phase 1 Appendix A, sheet A-021, July 2019, PDF page 31"}, "geometry": {"type": "Polygon", "coordinates": [[[136.9, -134.6], [138.7, -134.6], [138.7, -132.9], [136.9, -132.9], [136.9, -134.6]]]}},
{"type": "Feature", "properties": {"level": "platform", "type": "column", "platform": "7", "color": "#787878", "source": "PCIP Phase 1 Appendix A, sheet A-021, July 2019, PDF page 31"}, "geometry": {"type": "Polygon", "coordinates": [[[138.7, 88.5], [140.7, 88.5], [140.7, 90.3], [138.7, 90.3], [138.7, 88.5]]]}},
{"type": "Feature", "properties": {"level": "platform", "type": "column", "platform": "9", "color": "#787878", "source": "PCIP Phase 1 Appendix A, sheet A-021, July 2019, PDF page 31"}, "geometry": {"type": "Polygon", "coordinates": [[[139.4, 176.4], [141.9, 176.4], [141.9, 178.3], [139.4, 178.3], [139.4, 176.4]]]}},
{"type": "Feature", "properties": {"level": "platform", "type": "column", "platform": "10", "color": "#787878", "source": "PCIP Phase 1 Appendix A, sheet A-021, July 2019, PDF page 31"}, "geometry": {"type": "Polygon", "coordinates": [[[139.9, 204.3], [141.9, 204.3], [141.9, 205.7], [139.9, 205.7], [139.9, 204.3]]]}},
{"type": "Feature", "properties": {"level": "platform", "type": "enclosure", "platform": "1", "color": "#787878", "source": "PCIP Phase 1 Appendix A, sheet A-021, July 2019, PDF page 31"}, "geometry": {"type": "Polygon", "coordinates": [[[140.2, -183.1], [142.5, -183.2], [142.6, -181.3], [140.3, -181.3], [140.2, -183.1]]]}},
{"type": "Feature", "properties": {"level": "platform", "type": "column", "platform": "8", "color": "#787878", "source": "PCIP Phase 1 Appendix A, sheet A-021, July 2019, PDF page 31"}, "geometry": {"type": "Polygon", "coordinates": [[[140.2, 136.7], [140.3, 134.8], [142.0, 134.8], [142.0, 136.7], [140.2, 136.7]]]}},
{"type": "Feature", "properties": {"level": "platform", "type": "column", "platform": "2", "color": "#787878", "source": "PCIP Phase 1 Appendix A, sheet A-021, July 2019, PDF page 31"}, "geometry": {"type": "Polygon", "coordinates": [[[140.4, -133.0], [140.5, -134.8], [142.3, -134.7], [142.2, -132.9], [140.4, -133.0]]]}},
{"type": "Feature", "properties": {"level": "platform", "type": "column", "platform": "4", "color": "#787878", "source": "PCIP Phase 1 Appendix A, sheet A-021, July 2019, PDF page 31"}, "geometry": {"type": "Polygon", "coordinates": [[[140.4, -47.0], [142.1, -47.0], [142.1, -45.1], [140.4, -45.1], [140.4, -47.0]]]}},
{"type": "Feature", "properties": {"level": "platform", "type": "enclosure", "platform": "1", "color": "#787878", "source": "PCIP Phase 1 Appendix A, sheet A-021, July 2019, PDF page 31"}, "geometry": {"type": "Polygon", "coordinates": [[[154.9, -185.1], [157.3, -185.1], [157.3, -183.5], [154.9, -183.3], [154.9, -185.1]]]}},
{"type": "Feature", "properties": {"level": "platform", "type": "column", "platform": "9", "color": "#787878", "source": "PCIP Phase 1 Appendix A, sheet A-021, July 2019, PDF page 31"}, "geometry": {"type": "Polygon", "coordinates": [[[165.3, 176.5], [167.5, 176.5], [167.5, 178.2], [165.3, 178.3], [165.3, 176.5]]]}},
{"type": "Feature", "properties": {"level": "platform", "type": "enclosure", "platform": "10", "color": "#787878", "source": "PCIP Phase 1 Appendix A, sheet A-021, July 2019, PDF page 31"}, "geometry": {"type": "Polygon", "coordinates": [[[165.3, 204.7], [167.7, 204.7], [167.7, 206.1], [165.3, 206.0], [165.3, 204.7]]]}},
{"type": "Feature", "properties": {"level": "platform", "type": "column", "platform": "8", "color": "#787878", "source": "PCIP Phase 1 Appendix A, sheet A-021, July 2019, PDF page 31"}, "geometry": {"type": "Polygon", "coordinates": [[[165.3, 130.7], [167.2, 130.7], [167.2, 132.4], [165.3, 132.4], [165.3, 130.7]]]}},
{"type": "Feature", "properties": {"level": "platform", "type": "column", "platform": "8", "color": "#787878", "source": "PCIP Phase 1 Appendix A, sheet A-021, July 2019, PDF page 31"}, "geometry": {"type": "Polygon", "coordinates": [[[165.3, 138.9], [167.2, 138.9], [167.2, 140.6], [165.3, 140.6], [165.3, 138.9]]]}},
{"type": "Feature", "properties": {"level": "platform", "type": "column", "platform": "5", "color": "#787878", "source": "PCIP Phase 1 Appendix A, sheet A-021, July 2019, PDF page 31"}, "geometry": {"type": "Polygon", "coordinates": [[[165.4, -4.7], [167.3, -4.7], [167.3, -3.1], [165.4, -3.0], [165.4, -4.7]]]}},
{"type": "Feature", "properties": {"level": "platform", "type": "column", "platform": "5", "color": "#787878", "source": "PCIP Phase 1 Appendix A, sheet A-021, July 2019, PDF page 31"}, "geometry": {"type": "Polygon", "coordinates": [[[165.4, 3.5], [167.2, 3.5], [167.2, 5.3], [165.4, 5.3], [165.4, 3.5]]]}},
{"type": "Feature", "properties": {"level": "platform", "type": "column", "platform": "6", "color": "#787878", "source": "PCIP Phase 1 Appendix A, sheet A-021, July 2019, PDF page 31"}, "geometry": {"type": "Polygon", "coordinates": [[[165.4, 40.2], [167.2, 40.2], [167.2, 41.7], [165.4, 41.7], [165.4, 40.2]]]}},
{"type": "Feature", "properties": {"level": "platform", "type": "column", "platform": "6", "color": "#787878", "source": "PCIP Phase 1 Appendix A, sheet A-021, July 2019, PDF page 31"}, "geometry": {"type": "Polygon", "coordinates": [[[165.4, 48.2], [167.2, 48.2], [167.2, 49.7], [165.4, 49.7], [165.4, 48.2]]]}},
{"type": "Feature", "properties": {"level": "platform", "type": "column", "platform": "7", "color": "#787878", "source": "PCIP Phase 1 Appendix A, sheet A-021, July 2019, PDF page 31"}, "geometry": {"type": "Polygon", "coordinates": [[[165.4, 92.7], [167.2, 92.7], [167.2, 94.4], [165.4, 94.4], [165.4, 92.7]]]}},
{"type": "Feature", "properties": {"level": "platform", "type": "column", "platform": "4", "color": "#787878", "source": "PCIP Phase 1 Appendix A, sheet A-021, July 2019, PDF page 31"}, "geometry": {"type": "Polygon", "coordinates": [[[165.6, -50.7], [167.3, -50.7], [167.3, -49.1], [165.6, -49.1], [165.6, -50.7]]]}},
{"type": "Feature", "properties": {"level": "platform", "type": "column", "platform": "4", "color": "#787878", "source": "PCIP Phase 1 Appendix A, sheet A-021, July 2019, PDF page 31"}, "geometry": {"type": "Polygon", "coordinates": [[[165.6, -42.5], [167.3, -42.5], [167.3, -41.0], [165.6, -41.0], [165.6, -42.5]]]}},
{"type": "Feature", "properties": {"level": "platform", "type": "enclosure", "platform": "2", "color": "#787878", "source": "PCIP Phase 1 Appendix A, sheet A-021, July 2019, PDF page 31"}, "geometry": {"type": "Polygon", "coordinates": [[[166.1, -134.8], [167.6, -134.9], [167.6, -132.7], [166.1, -132.7], [166.1, -134.8]]]}},
{"type": "Feature", "properties": {"level": "platform", "type": "enclosure", "platform": "1", "color": "#787878", "source": "PCIP Phase 1 Appendix A, sheet A-021, July 2019, PDF page 31"}, "geometry": {"type": "Polygon", "coordinates": [[[169.4, -185.1], [171.9, -185.1], [171.9, -183.5], [169.4, -183.5], [169.4, -185.1]]]}},
{"type": "Feature", "properties": {"level": "platform", "type": "enclosure", "platform": "10", "color": "#787878", "source": "PCIP Phase 1 Appendix A, sheet A-021, July 2019, PDF page 31"}, "geometry": {"type": "Polygon", "coordinates": [[[184.6, 204.4], [187.5, 204.4], [187.6, 205.8], [184.6, 205.8], [184.6, 204.4]]]}},
{"type": "Feature", "properties": {"level": "platform", "type": "enclosure", "platform": "6", "color": "#787878", "source": "PCIP Phase 1 Appendix A, sheet A-021, July 2019, PDF page 31"}, "geometry": {"type": "Polygon", "coordinates": [[[184.7, 48.3], [187.8, 48.3], [187.8, 49.7], [184.7, 49.7], [184.7, 48.3]]]}},
{"type": "Feature", "properties": {"level": "platform", "type": "enclosure", "platform": "4", "color": "#787878", "source": "PCIP Phase 1 Appendix A, sheet A-021, July 2019, PDF page 31"}, "geometry": {"type": "Polygon", "coordinates": [[[184.7, -50.7], [187.9, -50.7], [187.9, -49.2], [184.7, -49.2], [184.7, -50.7]]]}},
{"type": "Feature", "properties": {"level": "platform", "type": "enclosure", "platform": "4", "color": "#787878", "source": "PCIP Phase 1 Appendix A, sheet A-021, July 2019, PDF page 31"}, "geometry": {"type": "Polygon", "coordinates": [[[184.7, -42.5], [187.9, -42.5], [187.9, -41.0], [184.7, -41.0], [184.7, -42.5]]]}},
{"type": "Feature", "properties": {"level": "platform", "type": "enclosure", "platform": "6", "color": "#787878", "source": "PCIP Phase 1 Appendix A, sheet A-021, July 2019, PDF page 31"}, "geometry": {"type": "Polygon", "coordinates": [[[184.7, 40.3], [187.8, 40.3], [187.8, 41.6], [184.7, 41.6], [184.7, 40.3]]]}},
{"type": "Feature", "properties": {"level": "platform", "type": "enclosure", "platform": "7", "color": "#787878", "source": "PCIP Phase 1 Appendix A, sheet A-021, July 2019, PDF page 31"}, "geometry": {"type": "Polygon", "coordinates": [[[184.7, 84.7], [187.8, 84.7], [187.8, 86.2], [184.7, 86.2], [184.7, 84.7]]]}},
{"type": "Feature", "properties": {"level": "platform", "type": "enclosure", "platform": "7", "color": "#787878", "source": "PCIP Phase 1 Appendix A, sheet A-021, July 2019, PDF page 31"}, "geometry": {"type": "Polygon", "coordinates": [[[184.7, 92.9], [187.8, 92.8], [187.8, 94.3], [184.7, 94.4], [184.7, 92.9]]]}},
{"type": "Feature", "properties": {"level": "platform", "type": "enclosure", "platform": "3", "color": "#787878", "source": "PCIP Phase 1 Appendix A, sheet A-021, July 2019, PDF page 31"}, "geometry": {"type": "Polygon", "coordinates": [[[185.1, -89.5], [188.0, -89.5], [188.0, -87.7], [185.1, -87.7], [185.1, -89.5]]]}},
{"type": "Feature", "properties": {"level": "platform", "type": "enclosure", "platform": "9", "color": "#787878", "source": "PCIP Phase 1 Appendix A, sheet A-021, July 2019, PDF page 31"}, "geometry": {"type": "Polygon", "coordinates": [[[185.3, 177.8], [187.6, 177.8], [187.6, 179.5], [185.3, 179.5], [185.3, 177.8]]]}},
{"type": "Feature", "properties": {"level": "platform", "type": "enclosure", "platform": "2", "color": "#787878", "source": "PCIP Phase 1 Appendix A, sheet A-021, July 2019, PDF page 31"}, "geometry": {"type": "Polygon", "coordinates": [[[185.6, -134.6], [186.9, -134.6], [186.9, -132.6], [185.6, -132.6], [185.6, -134.6]]]}},
{"type": "Feature", "properties": {"level": "platform", "type": "column", "platform": "4", "color": "#787878", "source": "PCIP Phase 1 Appendix A, sheet A-021, July 2019, PDF page 31"}, "geometry": {"type": "Polygon", "coordinates": [[[188.4, -43.1], [190.4, -43.1], [190.4, -41.1], [188.4, -41.1], [188.4, -43.1]]]}},
{"type": "Feature", "properties": {"level": "platform", "type": "enclosure", "platform": "8", "color": "#787878", "source": "PCIP Phase 1 Appendix A, sheet A-021, July 2019, PDF page 31"}, "geometry": {"type": "Polygon", "coordinates": [[[193.6, 130.6], [196.4, 130.6], [196.4, 132.6], [193.6, 132.6], [193.6, 130.6]]]}},
{"type": "Feature", "properties": {"level": "platform", "type": "column", "platform": "3", "color": "#787878", "source": "PCIP Phase 1 Appendix A, sheet A-021, July 2019, PDF page 31"}, "geometry": {"type": "Polygon", "coordinates": [[[210.0, -89.3], [211.2, -90.6], [212.4, -89.5], [211.2, -88.2], [210.0, -89.3]]]}},
{"type": "Feature", "properties": {"level": "platform", "type": "enclosure", "platform": "10", "color": "#787878", "source": "PCIP Phase 1 Appendix A, sheet A-021, July 2019, PDF page 31"}, "geometry": {"type": "Polygon", "coordinates": [[[213.8, 203.2], [216.7, 203.2], [216.7, 204.8], [213.8, 204.8], [213.8, 203.2]]]}},
{"type": "Feature", "properties": {"level": "platform", "type": "column", "platform": "3", "color": "#787878", "source": "PCIP Phase 1 Appendix A, sheet A-021, July 2019, PDF page 31"}, "geometry": {"type": "Polygon", "coordinates": [[[214.0, -90.4], [217.3, -90.4], [217.3, -87.1], [214.0, -87.1], [214.0, -90.4]]]}},
{"type": "Feature", "properties": {"level": "platform", "type": "column", "platform": "1", "color": "#787878", "source": "PCIP Phase 1 Appendix A, sheet A-021, July 2019, PDF page 31"}, "geometry": {"type": "Polygon", "coordinates": [[[214.6, -188.7], [216.8, -188.7], [216.9, -186.6], [214.6, -186.6], [214.6, -188.7]]]}},
{"type": "Feature", "properties": {"level": "platform", "type": "column", "platform": "2", "color": "#787878", "source": "PCIP Phase 1 Appendix A, sheet A-021, July 2019, PDF page 31"}, "geometry": {"type": "Polygon", "coordinates": [[[214.6, -135.5], [216.7, -135.6], [216.7, -133.7], [214.7, -133.7], [214.6, -135.5]]]}},
{"type": "Feature", "properties": {"level": "platform", "type": "column", "platform": "2", "color": "#787878", "source": "PCIP Phase 1 Appendix A, sheet A-021, July 2019, PDF page 31"}, "geometry": {"type": "Polygon", "coordinates": [[[215.0, -143.4], [216.7, -143.4], [216.7, -141.5], [215.0, -141.5], [215.0, -143.4]]]}},
{"type": "Feature", "properties": {"level": "platform", "type": "enclosure", "platform": "3", "color": "#787878", "source": "PCIP Phase 1 Appendix A, sheet A-021, July 2019, PDF page 31"}, "geometry": {"type": "Polygon", "coordinates": [[[246.4, -88.6], [243.4, -88.6], [243.4, -90.5], [246.4, -90.5], [246.4, -88.6]]]}},
{"type": "Feature", "properties": {"level": "platform", "type": "enclosure", "platform": "10", "color": "#787878", "source": "PCIP Phase 1 Appendix A, sheet A-021, July 2019, PDF page 31"}, "geometry": {"type": "Polygon", "coordinates": [[[246.8, 205.1], [241.7, 205.1], [241.7, 203.1], [246.8, 203.1], [246.8, 205.1]]]}},
{"type": "Feature", "properties": {"level": "platform", "type": "column", "platform": "10", "color": "#787878", "source": "PCIP Phase 1 Appendix A, sheet A-021, July 2019, PDF page 31"}, "geometry": {"type": "Polygon", "coordinates": [[[271.1, 204.1], [272.8, 204.1], [272.8, 205.6], [271.1, 205.6], [271.1, 204.1]]]}},
{"type": "Feature", "properties": {"level": "platform", "type": "enclosure", "platform": "7", "color": "#787878", "source": "PCIP Phase 1 Appendix A, sheet A-021, July 2019, PDF page 31"}, "geometry": {"type": "Polygon", "coordinates": [[[273.2, 84.3], [270.7, 84.3], [270.7, 82.8], [273.2, 82.8], [273.2, 84.3]]]}},
{"type": "Feature", "properties": {"level": "platform", "type": "enclosure", "platform": "3", "color": "#787878", "source": "PCIP Phase 1 Appendix A, sheet A-021, July 2019, PDF page 31"}, "geometry": {"type": "Polygon", "coordinates": [[[273.5, -88.5], [270.5, -88.5], [270.5, -90.5], [273.5, -90.5], [273.5, -88.5]]]}},
{"type": "Feature", "properties": {"level": "platform", "type": "enclosure", "platform": "9", "color": "#787878", "source": "PCIP Phase 1 Appendix A, sheet A-021, July 2019, PDF page 31"}, "geometry": {"type": "Polygon", "coordinates": [[[273.6, 179.5], [269.1, 179.5], [269.1, 176.5], [273.6, 176.5], [273.6, 179.5]]]}},
{"type": "Feature", "properties": {"level": "platform", "type": "enclosure", "platform": "11", "color": "#787878", "source": "PCIP Phase 1 Appendix A, sheet A-021, July 2019, PDF page 31"}, "geometry": {"type": "Polygon", "coordinates": [[[273.8, 273.5], [269.9, 273.5], [269.9, 271.5], [273.8, 271.5], [273.8, 273.5]]]}},
{"type": "Feature", "properties": {"level": "platform", "type": "enclosure", "platform": "9", "color": "#787878", "source": "PCIP Phase 1 Appendix A, sheet A-021, July 2019, PDF page 31"}, "geometry": {"type": "Polygon", "coordinates": [[[302.1, 178.7], [298.1, 178.7], [298.1, 176.8], [302.1, 176.8], [302.1, 178.7]]]}},
{"type": "Feature", "properties": {"level": "platform", "type": "enclosure", "platform": "10", "color": "#787878", "source": "PCIP Phase 1 Appendix A, sheet A-021, July 2019, PDF page 31"}, "geometry": {"type": "Polygon", "coordinates": [[[314.9, 236.4], [310.4, 236.4], [310.4, 234.4], [314.9, 234.4], [314.9, 236.4]]]}},
{"type": "Feature", "properties": {"level": "platform", "type": "enclosure", "platform": "2", "color": "#787878", "source": "PCIP Phase 1 Appendix A, sheet A-021, July 2019, PDF page 31"}, "geometry": {"type": "Polygon", "coordinates": [[[344.3, -142.7], [340.4, -142.7], [340.4, -144.8], [344.3, -144.8], [344.3, -142.7]]]}},
{"type": "Feature", "properties": {"level": "platform", "type": "enclosure", "platform": "9", "color": "#787878", "source": "PCIP Phase 1 Appendix A, sheet A-021, July 2019, PDF page 31"}, "geometry": {"type": "Polygon", "coordinates": [[[365.3, 179.3], [363.2, 179.3], [363.2, 176.4], [365.3, 176.4], [365.3, 179.3]]]}},
{"type": "Feature", "properties": {"level": "platform", "type": "enclosure", "platform": "9", "color": "#787878", "source": "PCIP Phase 1 Appendix A, sheet A-021, July 2019, PDF page 31"}, "geometry": {"type": "Polygon", "coordinates": [[[377.5, 179.3], [375.4, 179.3], [375.4, 176.4], [377.5, 176.4], [377.5, 179.3]]]}},
{"type": "Feature", "properties": {"level": "platform", "type": "column", "platform": "7", "color": "#787878", "source": "PCIP Phase 1 Appendix A, sheet A-021, July 2019, PDF page 31"}, "geometry": {"type": "Polygon", "coordinates": [[[397.6, 89.4], [401.3, 89.4], [401.3, 92.9], [399.3, 92.9], [399.3, 91.2], [397.6, 91.2], [397.6, 89.4]]]}},
{"type": "Feature", "properties": {"level": "platform", "type": "enclosure", "platform": "3", "color": "#787878", "source": "PCIP Phase 1 Appendix A, sheet A-021, July 2019, PDF page 31"}, "geometry": {"type": "Polygon", "coordinates": [[[399.5, -87.7], [395.3, -87.7], [395.3, -90.4], [399.5, -90.4], [399.5, -87.7]]]}},
{"type": "Feature", "properties": {"level": "platform", "type": "enclosure", "platform": "11", "color": "#787878", "source": "PCIP Phase 1 Appendix A, sheet A-021, July 2019, PDF page 31"}, "geometry": {"type": "Polygon", "coordinates": [[[399.8, 273.8], [396.7, 273.8], [396.7, 271.8], [399.8, 271.8], [399.8, 273.8]]]}},
{"type": "Feature", "properties": {"level": "platform", "type": "enclosure", "platform": "11", "color": "#787878", "source": "PCIP Phase 1 Appendix A, sheet A-021, July 2019, PDF page 31"}, "geometry": {"type": "Polygon", "coordinates": [[[399.8, 283.5], [396.7, 283.5], [396.7, 281.4], [399.8, 281.4], [399.8, 283.5]]]}},
{"type": "Feature", "properties": {"level": "platform", "type": "enclosure", "platform": "11", "color": "#787878", "source": "PCIP Phase 1 Appendix A, sheet A-021, July 2019, PDF page 31"}, "geometry": {"type": "Polygon", "coordinates": [[[410.7, 274.2], [407.8, 274.2], [407.8, 272.2], [410.7, 272.2], [410.7, 274.2]]]}},
{"type": "Feature", "properties": {"level": "platform", "type": "enclosure", "platform": "11", "color": "#787878", "source": "PCIP Phase 1 Appendix A, sheet A-021, July 2019, PDF page 31"}, "geometry": {"type": "Polygon", "coordinates": [[[422.7, 283.6], [420.0, 283.6], [420.0, 281.6], [422.7, 281.6], [422.7, 283.6]]]}},
{"type": "Feature", "properties": {"level": "platform", "type": "enclosure", "platform": "4", "color": "#787878", "source": "PCIP Phase 1 Appendix A, sheet A-021, July 2019, PDF page 31"}, "geometry": {"type": "Polygon", "coordinates": [[[460.8, -45.2], [456.6, -45.2], [456.6, -47.2], [460.8, -47.2], [460.8, -45.2]]]}},
{"type": "Feature", "properties": {"level": "platform", "type": "enclosure", "platform": "5", "color": "#787878", "source": "PCIP Phase 1 Appendix A, sheet A-021, July 2019, PDF page 31"}, "geometry": {"type": "Polygon", "coordinates": [[[565.1, 1.7], [560.6, 1.7], [560.6, -1.0], [565.1, -1.0], [565.1, 1.7]]]}},
{"type": "Feature", "properties": {"level": "platform", "type": "enclosure", "platform": "5", "color": "#787878", "source": "PCIP Phase 1 Appendix A, sheet A-021, July 2019, PDF page 31"}, "geometry": {"type": "Polygon", "coordinates": [[[575.5, 1.7], [570.6, 1.7], [570.6, -1.0], [575.5, -1.0], [575.5, 1.7]]]}},
{"type": "Feature", "properties": {"level": "platform", "type": "column", "platform": "7", "color": "#787878", "source": "PCIP Phase 1 Appendix A, sheet A-021, July 2019, PDF page 31"}, "geometry": {"type": "Polygon", "coordinates": [[[575.9, 84.8], [576.4, 82.9], [578.3, 83.4], [577.8, 85.3], [575.9, 84.8]]]}},
{"type": "Feature", "properties": {"level": "platform", "type": "enclosure", "platform": "7", "color": "#787878", "source": "PCIP Phase 1 Appendix A, sheet A-021, July 2019, PDF page 31"}, "geometry": {"type": "Polygon", "coordinates": [[[622.6, 90.1], [618.3, 90.1], [618.3, 88.0], [622.6, 88.0], [622.6, 90.1]]]}},
{"type": "Feature", "properties": {"level": "platform", "type": "enclosure", "platform": "1", "color": "#787878", "source": "PCIP Phase 1 Appendix A, sheet A-021, July 2019, PDF page 31"}, "geometry": {"type": "Polygon", "coordinates": [[[653.4, -183.2], [648.2, -183.2], [648.2, -186.0], [653.4, -186.0], [653.4, -183.2]]]}},
{"type": "Feature", "properties": {"level": "platform", "type": "enclosure", "platform": "1", "color": "#787878", "source": "PCIP Phase 1 Appendix A, sheet A-021, July 2019, PDF page 31"}, "geometry": {"type": "Polygon", "coordinates": [[[670.9, -183.0], [665.7, -183.0], [665.7, -185.9], [670.9, -185.9], [670.9, -183.0]]]}},
{"type": "Feature", "properties": {"level": "platform", "type": "enclosure", "platform": "1", "color": "#787878", "source": "PCIP Phase 1 Appendix A, sheet A-021, July 2019, PDF page 31"}, "geometry": {"type": "Polygon", "coordinates": [[[701.3, -183.1], [696.0, -183.1], [696.0, -185.9], [701.3, -185.9], [701.3, -183.1]]]}},
{"type": "Feature", "properties": {"level": "platform", "type": "enclosure", "platform": "1", "color": "#787878", "source": "PCIP Phase 1 Appendix A, sheet A-021, July 2019, PDF page 31"}, "geometry": {"type": "Polygon", "coordinates": [[[731.6, -182.8], [726.3, -182.8], [726.3, -185.7], [731.6, -185.7], [731.6, -182.8]]]}},
{"type": "Feature", "properties": {"level": "platform", "type": "enclosure", "platform": "1", "color": "#787878", "source": "PCIP Phase 1 Appendix A, sheet A-021, July 2019, PDF page 31"}, "geometry": {"type": "Polygon", "coordinates": [[[762.2, -183.0], [757.0, -183.0], [757.0, -185.9], [762.2, -185.9], [762.2, -183.0]]]}},
{"type": "Feature", "properties": {"level": "platform", "type": "enclosure", "platform": "6", "color": "#787878", "source": "PCIP Phase 1 Appendix A, sheet A-021, July 2019, PDF page 31"}, "geometry": {"type": "Polygon", "coordinates": [[[764.3, 46.3], [758.0, 46.3], [758.0, 43.3], [764.3, 43.3], [764.3, 46.3]]]}},
{"type": "Feature", "properties": {"level": "platform", "type": "enclosure", "platform": "10", "color": "#787878", "source": "PCIP Phase 1 Appendix A, sheet A-021, July 2019, PDF page 31"}, "geometry": {"type": "Polygon", "coordinates": [[[775.0, 221.4], [770.4, 221.4], [770.4, 217.5], [775.0, 217.5], [775.0, 221.4]]]}},
{"type": "Feature", "properties": {"level": "platform", "type": "enclosure", "platform": "1", "color": "#787878", "source": "PCIP Phase 1 Appendix A, sheet A-021, July 2019, PDF page 31"}, "geometry": {"type": "Polygon", "coordinates": [[[792.7, -183.0], [787.5, -183.0], [787.5, -185.9], [792.7, -185.9], [792.7, -183.0]]]}},
{"type": "Feature", "properties": {"level": "platform", "type": "enclosure", "platform": "1", "color": "#787878", "source": "PCIP Phase 1 Appendix A, sheet A-021, July 2019, PDF page 31"}, "geometry": {"type": "Polygon", "coordinates": [[[823.2, -183.0], [817.9, -183.0], [817.9, -185.9], [823.2, -185.9], [823.2, -183.0]]]}},
{"type": "Feature", "properties": {"level": "concourse", "type": "concourse", "source": "PCIP Phase 1 Appendix A, sheet A-021, July 2019, PDF page 31"}, "geometry": {"type": "Polygon", "coordinates": [[[-68.9, 300.0], [-68.9, 268.8], [-68.9, 268.8], [-63.0, 268.8], [-63.0, 268.8], [-63.0, 252.4], [-63.0, 252.4], [-64.0, 252.4], [-64.0, 252.4], [-64.0, 228.3], [-64.0, 228.3], [-82.1, 228.3], [-82.1, 228.3], [-82.1, 218.3], [-82.1, 218.3], [-90.5, 218.3], [-90.5, 218.3], [-90.5, 204.3], [-90.5, 204.3], [-119.2, 204.3], [-119.2, 204.3], [-119.2, 184.5], [-119.2, 184.5], [-79.2, 184.5], [-79.2, 184.5], [-79.2, 177.0], [-79.2, 177.0], [-70.8, 177.0], [-70.8, 177.0], [-70.8, 140.1], [-70.8, 140.1], [-80.1, 140.1], [-80.1, 140.1], [-80.1, 130.0], [-80.1, 130.0], [-70.8, 130.0], [-70.8, 130.0], [-70.8, 95.0], [-70.8, 95.0], [-80.1, 95.0], [-80.1, 95.0], [-80.1, 84.5], [-80.1, 84.5], [-70.8, 84.5], [-70.8, 84.5], [-70.8, 50.2], [-70.8, 50.2], [-80.1, 50.2], [-80.1, 50.2], [-80.1, 40.1], [-80.1, 40.1], [-71.0, 40.1], [-71.0, 40.1], [-70.8, 4.6], [-70.8, 4.6], [-80.1, 4.4], [-80.1, 4.4], [-80.1, -5.9], [-80.1, -5.9], [-70.3, -5.9], [-70.3, -5.9], [-70.3, -41.1], [-70.3, -41.1], [-80.1, -41.4], [-80.1, -41.4], [-80.1, -51.4], [-80.1, -51.4], [-70.1, -51.4], [-70.1, -51.4], [-70.1, -53.4], [-70.1, -53.4], [-63.9, -53.4], [-63.9, -53.4], [-63.9, -74.9], [-63.9, -74.9], [-68.8, -74.9], [-68.8, -74.9], [-68.8, -86.1], [-68.8, -86.1], [-79.1, -86.1], [-79.1, -86.1], [-79.1, -96.6], [-79.1, -96.6], [-70.1, -96.6], [-70.1, -96.6], [-70.1, -99.8], [-70.1, -99.8], [-18.3, -99.8], [-18.3, -99.8], [-18.3, -97.7], [-18.3, -97.7], [5.3, -97.7], [5.3, -97.7], [5.3, -41.8], [5.3, -41.8], [-18.6, -41.8], [-18.6, -41.8], [-18.6, -4.3], [-18.6, -4.3], [5.4, -4.3], [5.4, -4.3], [5.4, 49.6], [5.4, 49.6], [-18.4, 49.6], [-18.4, 49.6], [-18.4, 84.7], [-18.4, 84.7], [5.3, 84.7], [5.3, 84.7], [5.3, 142.0], [5.3, 142.0], [-18.4, 142.0], [-18.4, 142.0], [-18.4, 173.5], [-18.4, 173.5], [-13.4, 173.5], [-13.4, 173.5], [-13.4, 186.2], [-13.4, 186.2], [-18.4, 186.2], [-18.4, 186.2], [-18.4, 213.2], [-18.4, 213.2], [-13.1, 213.2], [-13.1, 213.2], [-13.1, 231.2], [-13.1, 231.2], [-18.4, 231.2], [-18.4, 231.2], [-18.4, 252.0], [-18.4, 252.0], [-11.7, 267.7], [-11.7, 267.7], [-3.3, 267.7], [-3.3, 267.7], [-3.3, 283.3], [-3.3, 283.3], [-5.1, 283.3], [-5.1, 283.3], [2.0, 300.0], [-68.9, 300.0]]]}},
{"type": "Feature", "properties": {"level": "concourse", "type": "concourse", "source": "PCIP Phase 1 Appendix A, sheet A-021, July 2019, PDF page 31"}, "geometry": {"type": "Polygon", "coordinates": [[[293.2, -187.6], [351.4, -187.6], [351.4, -187.6], [351.4, -179.9], [351.4, -179.9], [384.7, -179.9], [384.7, -179.9], [384.7, -187.1], [384.7, -187.1], [391.1, -187.1], [391.1, -187.1], [391.1, -173.2], [391.1, -173.2], [374.9, -173.2], [374.9, -173.2], [374.9, -169.8], [374.9, -169.8], [369.3, -169.8], [369.3, -169.8], [369.3, -173.2], [369.3, -173.2], [349.4, -173.2], [349.4, -173.2], [349.4, -145.2], [349.4, -145.2], [339.8, -145.2], [339.8, -145.2], [339.8, -132.2], [339.8, -132.2], [349.1, -132.2], [349.1, -132.2], [349.1, -97.7], [349.1, -97.7], [344.4, -97.7], [344.4, -97.7], [344.4, -100.6], [344.4, -100.6], [339.5, -100.6], [339.5, -100.6], [339.5, -96.6], [339.5, -96.6], [340.7, -96.6], [340.7, -96.6], [340.7, -91.4], [340.7, -91.4], [339.3, -90.0], [339.3, -90.0], [339.3, -87.4], [339.3, -87.4], [344.4, -87.4], [344.4, -87.4], [344.4, -90.0], [344.4, -90.0], [349.0, -90.0], [349.0, -90.0], [349.0, -2.4], [349.0, -2.4], [350.5, -1.0], [350.5, -1.0], [350.5, 5.4], [350.5, 5.4], [353.1, 5.4], [353.1, 5.4], [353.1, 11.1], [353.1, 11.1], [348.8, 11.1], [348.8, 11.1], [348.8, 42.0], [348.8, 42.0], [352.3, 42.0], [352.3, 42.0], [352.3, 46.5], [352.3, 46.5], [348.8, 46.5], [348.8, 46.5], [348.8, 84.9], [348.8, 84.9], [352.2, 84.9], [352.2, 84.9], [352.2, 90.3], [352.2, 90.3], [350.9, 91.6], [350.9, 91.6], [352.3, 93.0], [352.3, 93.0], [353.9, 93.0], [353.9, 93.0], [353.9, 99.9], [353.9, 99.9], [348.7, 99.9], [348.7, 99.9], [348.7, 131.4], [348.7, 131.4], [350.9, 131.4], [350.9, 131.4], [350.9, 137.7], [350.9, 137.7], [368.7, 137.7], [368.7, 137.7], [368.7, 139.8], [368.7, 139.8], [384.6, 139.8], [384.6, 139.8], [384.6, 132.2], [384.6, 132.2], [392.3, 132.2], [392.3, 132.2], [392.3, 138.5], [392.3, 138.5], [388.4, 147.1], [388.4, 147.1], [349.4, 147.1], [349.4, 147.1], [349.4, 179.1], [349.4, 179.1], [349.8, 185.2], [349.8, 185.2], [384.5, 185.2], [384.5, 185.2], [384.5, 178.7], [384.5, 178.7], [393.3, 178.7], [393.3, 178.7], [393.3, 193.8], [393.3, 193.8], [349.3, 193.8], [349.3, 193.8], [349.3, 212.3], [349.3, 212.3], [355.5, 212.3], [355.5, 212.3], [355.5, 219.6], [355.5, 219.6], [349.8, 219.6], [349.8, 219.6], [349.8, 228.4], [349.8, 228.4], [349.3, 232.5], [349.3, 232.5], [349.3, 255.6], [349.3, 255.6], [366.3, 255.6], [366.3, 255.6], [366.3, 272.2], [366.3, 272.2], [272.9, 272.2], [272.9, 272.2], [272.9, 268.9], [272.9, 268.9], [289.0, 268.9], [289.0, 268.9], [289.0, 254.8], [289.0, 254.8], [291.6, 254.8], [291.6, 254.8], [291.6, 220.3], [291.6, 220.3], [280.9, 220.3], [280.9, 220.3], [280.9, 214.6], [280.9, 214.6], [279.5, 214.6], [279.5, 214.6], [279.5, 206.6], [279.5, 206.6], [291.7, 206.6], [291.7, 206.6], [291.7, 56.5], [291.7, 56.5], [293.0, 8.3], [293.0, 8.3], [292.2, 2.6], [292.2, 2.6], [290.9, 0.2], [290.9, 0.2], [292.4, -2.7], [292.4, -2.7], [292.4, -90.5], [292.4, -90.5], [290.7, -91.5], [290.7, -91.5], [290.5, -97.0], [290.5, -97.0], [292.6, -99.1], [292.6, -99.1], [292.6, -131.1], [292.6, -131.1], [292.8, -134.7], [292.8, -134.7], [292.7, -135.9], [292.7, -135.9], [289.4, -137.5], [289.4, -137.5], [289.4, -142.2], [289.4, -142.2], [292.6, -142.8], [292.6, -142.8], [292.6, -182.6], [292.6, -182.6], [289.4, -182.4], [289.4, -182.4], [288.4, -188.4], [293.2, -187.6]]]}},
{"type": "Feature", "properties": {"level": "concourse", "type": "concourse", "source": "PCIP Phase 1 Appendix A, sheet A-021, July 2019, PDF page 31"}, "geometry": {"type": "Polygon", "coordinates": [[[492.1, 274.7], [492.3, 84.7], [492.3, 84.7], [483.5, 84.6], [483.5, 84.6], [483.8, 50.8], [483.8, 50.8], [477.9, 50.5], [477.9, 50.5], [478.1, 43.4], [478.1, 43.4], [483.8, 43.9], [483.8, 43.9], [483.9, 14.9], [483.9, 14.9], [507.3, 14.9], [507.3, 14.9], [507.6, 8.3], [507.6, 8.3], [498.9, 8.3], [498.9, 8.3], [498.4, 1.1], [498.4, 1.1], [507.0, 1.1], [507.0, 1.1], [506.4, -46.5], [506.4, -46.5], [504.3, -46.6], [504.3, -46.6], [504.3, -53.8], [504.3, -53.8], [507.0, -54.2], [507.0, -54.2], [507.0, -83.9], [507.0, -83.9], [504.8, -83.9], [504.8, -83.9], [504.8, -90.0], [504.8, -90.0], [506.9, -90.3], [506.9, -90.3], [506.9, -133.0], [506.9, -133.0], [504.3, -133.4], [504.3, -133.4], [504.3, -140.5], [504.3, -140.5], [500.0, -140.6], [500.0, -140.6], [501.3, -145.9], [501.3, -145.9], [507.0, -146.7], [507.0, -146.7], [506.9, -148.9], [506.9, -148.9], [497.6, -151.0], [497.6, -151.0], [500.3, -162.8], [500.3, -162.8], [492.0, -163.2], [492.0, -163.2], [488.9, -165.7], [488.9, -165.7], [488.7, -179.3], [488.7, -179.3], [507.5, -179.5], [507.5, -179.5], [506.4, -193.4], [506.4, -193.4], [517.3, -193.3], [517.3, -193.3], [517.4, -190.7], [517.4, -190.7], [525.5, -190.7], [525.5, -190.7], [525.6, -186.1], [525.6, -186.1], [534.3, -186.3], [534.3, -186.3], [534.3, -139.7], [534.3, -139.7], [542.0, -139.7], [542.0, -139.7], [542.0, -133.0], [542.0, -133.0], [534.3, -133.0], [534.3, -133.0], [534.3, -97.6], [534.3, -97.6], [541.9, -97.6], [541.9, -97.6], [541.9, -90.3], [541.9, -90.3], [533.3, -90.3], [533.3, -90.3], [533.3, -52.9], [533.3, -52.9], [542.0, -52.9], [542.0, -52.9], [542.0, -46.5], [542.0, -46.5], [533.4, -46.5], [533.4, -46.5], [533.4, -29.2], [533.4, -29.2], [542.0, -23.4], [542.0, -23.4], [550.0, -14.9], [550.0, -14.9], [555.2, -7.1], [555.2, -7.1], [565.4, -6.7], [565.4, -6.7], [565.6, 8.9], [565.6, 8.9], [591.2, 8.9], [591.2, 8.9], [591.2, 85.7], [591.2, 85.7], [560.4, 85.7], [560.4, 85.7], [554.6, 100.0], [554.6, 100.0], [544.8, 114.0], [544.8, 114.0], [532.8, 124.8], [532.8, 124.8], [520.6, 131.6], [520.6, 131.6], [520.6, 274.8], [492.1, 274.7]]]}},
{"type": "Feature", "properties": {"level": "concourse", "type": "concourse", "source": "PCIP Phase 1 Appendix A, sheet A-021, July 2019, PDF page 31"}, "geometry": {"type": "Polygon", "coordinates": [[[734.3, 7.8], [733.6, 5.0], [733.6, 5.0], [731.7, 5.0], [731.7, 5.0], [731.1, 7.2], [731.1, 7.2], [720.3, 7.8], [720.3, 7.8], [720.3, 4.9], [720.3, 4.9], [715.7, 4.9], [715.7, 4.9], [715.7, -11.8], [715.7, -11.8], [714.1, -12.1], [714.1, -12.1], [714.1, -16.6], [714.1, -16.6], [709.8, -16.6], [709.8, -16.6], [709.8, -28.7], [709.8, -28.7], [714.1, -28.6], [714.1, -28.6], [714.1, -35.9], [714.1, -35.9], [715.9, -35.9], [715.9, -35.9], [715.9, -50.5], [715.9, -50.5], [714.2, -51.0], [714.2, -51.0], [714.2, -81.0], [714.2, -81.0], [715.9, -84.5], [715.9, -84.5], [715.9, -96.1], [715.9, -96.1], [714.2, -97.6], [714.2, -97.6], [714.2, -126.6], [714.2, -126.6], [716.5, -128.1], [716.5, -128.1], [716.5, -146.2], [716.5, -146.2], [710.1, -146.2], [710.1, -146.2], [710.1, -159.8], [710.1, -159.8], [714.2, -159.8], [714.2, -159.8], [714.2, -173.8], [714.2, -173.8], [716.0, -173.8], [716.0, -173.8], [716.0, -193.5], [716.0, -193.5], [749.5, -193.5], [749.5, -193.5], [749.5, -174.1], [749.5, -174.1], [751.1, -174.1], [751.1, -174.1], [751.1, -159.7], [751.1, -159.7], [757.7, -159.7], [757.7, -159.7], [757.7, -145.5], [757.7, -145.5], [749.5, -145.5], [749.5, -145.5], [749.5, -126.9], [749.5, -126.9], [751.1, -126.9], [751.1, -126.9], [751.1, -61.8], [751.1, -61.8], [753.4, -61.8], [753.4, -61.8], [753.4, -49.8], [753.4, -49.8], [750.7, -49.8], [750.7, -49.8], [750.7, -38.6], [750.7, -38.6], [753.2, -38.6], [753.2, -38.6], [753.2, -40.9], [753.2, -40.9], [776.0, -40.9], [776.0, -40.9], [781.2, -38.7], [781.2, -38.7], [786.8, -34.4], [786.8, -34.4], [791.1, -27.7], [791.1, -27.7], [792.1, -21.2], [792.1, -21.2], [779.9, -21.2], [779.9, -21.2], [779.1, -19.2], [779.1, -19.2], [770.2, -19.2], [770.2, -19.2], [770.0, -11.4], [770.0, -11.4], [753.7, -11.4], [753.7, -11.4], [753.7, 4.7], [753.7, 4.7], [750.6, 4.7], [750.6, 4.7], [750.5, 7.8], [734.3, 7.8]]]}},
{"type": "Feature", "properties": {"level": "concourse", "type": "concourse", "source": "PCIP Phase 1 Appendix A, sheet A-021, July 2019, PDF page 31"}, "geometry": {"type": "Polygon", "coordinates": [[[886.8, 272.6], [658.3, 272.6], [658.3, 272.6], [658.3, 270.8], [658.3, 270.8], [664.7, 264.4], [664.7, 264.4], [662.7, 262.4], [662.7, 262.4], [666.1, 258.9], [666.1, 258.9], [668.1, 260.9], [668.1, 260.9], [689.1, 239.6], [689.1, 239.6], [689.1, 229.9], [689.1, 229.9], [685.8, 229.8], [685.8, 229.8], [685.9, 208.9], [685.9, 208.9], [688.8, 208.9], [688.8, 208.9], [689.2, 195.2], [689.2, 195.2], [685.1, 195.2], [685.1, 195.2], [685.1, 190.4], [685.1, 190.4], [689.2, 190.4], [689.2, 190.4], [689.2, 184.8], [689.2, 184.8], [685.9, 184.8], [685.9, 184.8], [685.9, 179.8], [685.9, 179.8], [688.2, 179.6], [688.2, 179.6], [689.2, 141.3], [689.2, 141.3], [685.9, 141.3], [685.9, 141.3], [685.9, 130.0], [685.9, 130.0], [689.2, 130.0], [689.2, 130.0], [689.3, 96.7], [689.3, 96.7], [685.9, 96.7], [685.9, 96.7], [686.0, 85.1], [686.0, 85.1], [689.3, 85.1], [689.3, 85.1], [689.3, 80.8], [689.3, 80.8], [599.5, 80.8], [599.5, 80.8], [595.9, 82.9], [595.9, 82.9], [594.7, 88.4], [594.7, 88.4], [588.4, 89.5], [588.4, 89.5], [586.5, 87.2], [586.5, 87.2], [592.5, 85.4], [592.5, 85.4], [593.1, 66.8], [593.1, 66.8], [602.3, 66.1], [602.3, 66.1], [604.6, 67.3], [604.6, 67.3], [714.5, 67.3], [714.5, 67.3], [714.5, 55.0], [714.5, 55.0], [717.6, 55.0], [717.6, 55.0], [716.7, 48.9], [716.7, 48.9], [712.6, 48.9], [712.6, 48.9], [712.6, 41.1], [712.6, 41.1], [715.5, 41.1], [715.5, 41.1], [716.7, 35.0], [716.7, 35.0], [714.5, 35.0], [714.5, 35.0], [714.5, 24.8], [714.5, 24.8], [720.5, 24.8], [720.5, 24.8], [720.5, 14.9], [720.5, 14.9], [731.3, 14.9], [731.3, 14.9], [731.3, 24.5], [731.3, 24.5], [734.3, 24.5], [734.3, 24.5], [734.3, 15.1], [734.3, 15.1], [751.0, 15.1], [751.0, 15.1], [751.0, 25.2], [751.0, 25.2], [758.0, 25.2], [758.0, 25.2], [758.0, 38.0], [758.0, 38.0], [755.7, 38.0], [755.7, 38.0], [755.7, 43.7], [755.7, 43.7], [760.5, 43.7], [760.5, 43.7], [760.5, 47.4], [760.5, 47.4], [755.7, 47.4], [755.7, 47.4], [755.7, 53.1], [755.7, 53.1], [758.0, 53.1], [758.0, 53.1], [758.0, 67.6], [758.0, 67.6], [894.8, 68.0], [894.8, 68.0], [894.8, 101.2], [894.8, 101.2], [870.8, 101.1], [870.8, 101.1], [870.8, 88.2], [870.8, 88.2], [856.1, 88.2], [856.1, 88.2], [856.1, 82.9], [856.1, 82.9], [857.3, 82.4], [857.3, 82.4], [858.0, 80.9], [858.0, 80.9], [731.1, 80.9], [731.1, 80.9], [731.1, 115.5], [731.1, 115.5], [734.0, 115.5], [734.0, 115.5], [734.0, 132.0], [734.0, 132.0], [747.8, 130.8], [747.8, 130.8], [751.0, 132.2], [751.0, 132.2], [755.4, 131.0], [755.4, 131.0], [758.4, 131.4], [758.4, 131.4], [758.4, 140.6], [758.4, 140.6], [760.9, 141.1], [760.9, 141.1], [760.9, 124.0], [760.9, 124.0], [764.9, 124.0], [764.9, 124.0], [764.9, 141.1], [764.9, 141.1], [803.4, 141.1], [803.4, 141.1], [803.4, 176.5], [803.4, 176.5], [758.7, 176.5], [758.7, 176.5], [758.7, 228.0], [758.7, 228.0], [852.1, 238.1], [852.1, 238.1], [877.1, 238.2], [877.1, 238.2], [877.9, 235.5], [877.9, 235.5], [886.8, 235.6], [886.8, 235.6], [886.8, 237.7], [886.8, 237.7], [889.1, 238.2], [889.1, 238.2], [889.1, 243.1], [889.1, 243.1], [894.3, 243.2], [894.3, 243.2], [894.3, 249.1], [894.3, 249.1], [889.1, 249.1], [889.1, 249.1], [888.7, 272.6], [886.8, 272.6]]]}},
{"type": "Feature", "properties": {"level": "concourse", "type": "concourse", "source": "PCIP Phase 1 Appendix A, sheet A-021, July 2019, PDF page 31"}, "geometry": {"type": "Polygon", "coordinates": [[[350.1, 64.4], [349.1, 49.2], [406.0, 49.2], [406.0, 49.2], [406.0, 50.8], [406.0, 50.8], [484.2, 50.8], [484.2, 50.8], [484.2, 59.8], [484.2, 59.8], [368.6, 59.8], [368.6, 59.8], [368.6, 64.4], [368.6, 64.4], [350.1, 64.4]]]}}
]}
