{"type": "FeatureCollection", "features": [
{"type": "Feature", "properties": {"level": "platform", "type": "platform", "platform": "", "source": "Moynihan Station EA, Figure 3-4, February 2010, PDF page 2"}, "geometry": {"type": "Polygon", "coordinates": [[[-73.9976512, 40.7518988], [-73.9976512, 40.7518987], [-73.9976512, 40.7518987], [-73.9976512, 40.7518987], [-73.9976512, 40.7518987], [-73.9976494, 40.7518966], [-73.9976494, 40.7518966], [-73.9976494, 40.7518965], [-73.9976494, 40.7518965], [-73.9976493, 40.7518965], [-73.9976493, 40.7518965], [-73.9976493, 40.7518965], [-73.997612, 40.7518742], [-73.997612, 40.7518742], [-73.9975747, 40.7518522], [-73.9975747, 40.7518522], [-73.9975394, 40.7518319], [-73.9975394, 40.7518319], [-73.9975266, 40.7518248], [-73.9975265, 40.7518248], [-73.9974672, 40.7517915], [-73.9974672, 40.7517915], [-73.9974477, 40.7517806], [-73.9973986, 40.7517532], [-73.9973985, 40.7517532], [-73.9973335, 40.751717], [-73.9973334, 40.751717], [-73.9973182, 40.7517086], [-73.9973182, 40.7517086], [-73.9973181, 40.7517086], [-73.9972519, 40.7516719], [-73.9972518, 40.7516718], [-73.9972518, 40.7516718], [-73.9972003, 40.7516426], [-73.9972003, 40.7516425], [-73.9971905, 40.751637], [-73.9971905, 40.751637], [-73.9971904, 40.7516369], [-73.9971589, 40.7516185], [-73.9971588, 40.7516185], [-73.9970953, 40.7515805], [-73.9970884, 40.7515764], [-73.9970883, 40.7515763], [-73.9970883, 40.7515763], [-73.9970334, 40.751543], [-73.9970334, 40.751543], [-73.9970334, 40.751543], [-73.9970234, 40.7515369], [-73.9970234, 40.7515368], [-73.9969736, 40.7515061], [-73.9969736, 40.7515061], [-73.9969235, 40.7514758], [-73.9969234, 40.7514757], [-73.9969184, 40.7514724], [-73.9969183, 40.7514723], [-73.9969183, 40.7514723], [-73.9969183, 40.7514723], [-73.9968636, 40.7514394], [-73.9968636, 40.7514393], [-73.9968635, 40.7514393], [-73.9968566, 40.7514351], [-73.9968566, 40.7514351], [-73.9968565, 40.7514351], [-73.9968122, 40.751408], [-73.9968121, 40.7514079], [-73.996812, 40.7514079], [-73.9967712, 40.7513831], [-73.9967712, 40.7513831], [-73.9967711, 40.7513831], [-73.996745, 40.7513675], [-73.996745, 40.7513675], [-73.996745, 40.7513674], [-73.9967193, 40.7513517], [-73.9967192, 40.7513517], [-73.9966659, 40.751319], [-73.9966658, 40.751319], [-73.9966387, 40.7513027], [-73.9966386, 40.7513027], [-73.9966386, 40.7513027], [-73.9966359, 40.7513063], [-73.9966359, 40.7513063], [-73.9965921, 40.7513656], [-73.996592, 40.7513658], [-73.9965919, 40.7513659], [-73.9965917, 40.751366], [-73.9965916, 40.7513661], [-73.9965914, 40.7513662], [-73.9965912, 40.7513663], [-73.9965911, 40.7513663], [-73.9965909, 40.7513664], [-73.9965907, 40.7513664], [-73.9965905, 40.7513664], [-73.9965903, 40.7513664], [-73.9965901, 40.7513664], [-73.9965899, 40.7513664], [-73.9965897, 40.7513664], [-73.9965895, 40.7513663], [-73.9965893, 40.7513662], [-73.9965803, 40.7513624], [-73.9965802, 40.7513624], [-73.996575, 40.7513602], [-73.9965749, 40.7513601], [-73.9965749, 40.7513601], [-73.9964894, 40.7513239], [-73.9964893, 40.7513239], [-73.9964893, 40.7513238], [-73.9964848, 40.7513219], [-73.9964847, 40.7513219], [-73.9964847, 40.7513219], [-73.9964733, 40.7513171], [-73.9964731, 40.751317], [-73.9964729, 40.7513169], [-73.9964728, 40.7513168], [-73.9964727, 40.7513167], [-73.9964725, 40.7513165], [-73.9964724, 40.7513164], [-73.9964724, 40.7513163], [-73.9964723, 40.7513161], [-73.9964722, 40.751316], [-73.9964722, 40.7513158], [-73.9964722, 40.7513157], [-73.9964722, 40.7513155], [-73.9964723, 40.7513154], [-73.9964723, 40.7513152], [-73.9964724, 40.7513151], [-73.9964725, 40.7513149], [-73.9964793, 40.7513057], [-73.9964793, 40.7513057], [-73.9964793, 40.7513057], [-73.9964458, 40.7512915], [-73.9964458, 40.7512915], [-73.9962825, 40.7512222], [-73.9962825, 40.7512222], [-73.9962786, 40.7512206], [-73.9962441, 40.751206], [-73.9962441, 40.751206], [-73.9962405, 40.7512045], [-73.9962213, 40.7511963], [-73.9962212, 40.7511963], [-73.9962212, 40.7511963], [-73.9962212, 40.7511963], [-73.996207, 40.7511993], [-73.9962069, 40.7511993], [-73.996207, 40.7511994], [-73.9962333, 40.7512141], [-73.9962334, 40.7512142], [-73.9962683, 40.7512337], [-73.9962683, 40.7512337], [-73.9962971, 40.7512496], [-73.9962971, 40.7512496], [-73.9963549, 40.751281], [-73.996355, 40.7512811], [-73.996355, 40.7512811], [-73.9963589, 40.7512829], [-73.996359, 40.751283], [-73.9964073, 40.7513095], [-73.9964074, 40.7513095], [-73.9964074, 40.7513096], [-73.9964686, 40.7513429], [-73.9964686, 40.7513429], [-73.9964686, 40.7513429], [-73.9964686, 40.7513429], [-73.9964686, 40.7513429], [-73.9964875, 40.7513533], [-73.9964875, 40.7513533], [-73.9964875, 40.7513533], [-73.9965505, 40.7513875], [-73.9965506, 40.7513875], [-73.9965506, 40.7513875], [-73.9965506, 40.7513875], [-73.9965506, 40.7513875], [-73.9965507, 40.7513875], [-73.9965507, 40.7513875], [-73.9965578, 40.7513915], [-73.9965578, 40.7513915], [-73.9965578, 40.7513915], [-73.9965578, 40.7513915], [-73.9965947, 40.7514115], [-73.9965947, 40.7514115], [-73.99665, 40.7514416], [-73.99665, 40.7514417], [-73.9966765, 40.7514563], [-73.9966766, 40.7514563], [-73.9967036, 40.7514706], [-73.9967037, 40.7514707], [-73.9967461, 40.7514937], [-73.9967462, 40.7514937], [-73.9967463, 40.7514938], [-73.9967924, 40.7515186], [-73.9967924, 40.7515186], [-73.9967996, 40.7515224], [-73.9967996, 40.7515224], [-73.9967997, 40.7515224], [-73.9967997, 40.7515224], [-73.9968566, 40.7515525], [-73.9968566, 40.7515525], [-73.9968567, 40.7515525], [-73.9968624, 40.7515555], [-73.9968624, 40.7515555], [-73.9969149, 40.7515825], [-73.9969149, 40.7515825], [-73.9969674, 40.7516096], [-73.9969675, 40.7516096], [-73.9969781, 40.7516148], [-73.9969781, 40.7516149], [-73.9970365, 40.7516434], [-73.9970365, 40.7516434], [-73.9970366, 40.7516435], [-73.9970442, 40.7516472], [-73.9970442, 40.7516472], [-73.9971114, 40.75168], [-73.9971115, 40.75168], [-73.9971115, 40.75168], [-73.9971447, 40.7516963], [-73.9971448, 40.7516963], [-73.9971449, 40.7516963], [-73.9971555, 40.7517011], [-73.9971555, 40.7517011], [-73.9971555, 40.7517011], [-73.9972099, 40.7517263], [-73.99721, 40.7517263], [-73.99721, 40.7517264], [-73.9972799, 40.7517586], [-73.9972799, 40.7517586], [-73.99728, 40.7517586], [-73.9972959, 40.7517656], [-73.9972959, 40.7517657], [-73.9973654, 40.7517963], [-73.9973654, 40.7517963], [-73.9974181, 40.7518194], [-73.9974181, 40.7518194], [-73.9974388, 40.7518282], [-73.9974388, 40.7518282], [-73.9975028, 40.7518555], [-73.9975028, 40.7518555], [-73.9975029, 40.7518556], [-73.9975166, 40.7518614], [-73.9975166, 40.7518614], [-73.9975555, 40.7518774], [-73.9975555, 40.7518774], [-73.9975555, 40.7518774], [-73.9975966, 40.7518946], [-73.9975966, 40.7518946], [-73.9976376, 40.7519115], [-73.9976377, 40.7519115], [-73.9976405, 40.7519127], [-73.9976405, 40.7519127], [-73.9976406, 40.7519127], [-73.9976512, 40.7518988]]]}},
{"type": "Feature", "properties": {"level": "platform", "type": "platform", "platform": "10", "source": "Moynihan Station EA, Figure 3-4, February 2010, PDF page 2"}, "geometry": {"type": "Polygon", "coordinates": [[[-73.9945151, 40.7514589], [-73.9945151, 40.7514589], [-73.9945151, 40.7514588], [-73.9945237, 40.7514472], [-73.9945237, 40.7514472], [-73.9945237, 40.7514472], [-73.9945238, 40.7514472], [-73.9945287, 40.7514405], [-73.9945287, 40.7514404], [-73.9945288, 40.7514404], [-73.9945314, 40.7514368], [-73.9945314, 40.7514367], [-73.9945315, 40.7514366], [-73.9945316, 40.7514366], [-73.9945316, 40.7514366], [-73.9945316, 40.7514366], [-73.9945316, 40.7514365], [-73.9945325, 40.7514353], [-73.9945325, 40.7514353], [-73.9945325, 40.7514353], [-73.9945328, 40.751435], [-73.9945328, 40.7514349], [-73.9945328, 40.7514349], [-73.994533, 40.7514346], [-73.9945331, 40.7514346], [-73.994533, 40.7514345], [-73.9940673, 40.7512371], [-73.9940673, 40.7512371], [-73.9940673, 40.7512371], [-73.9940671, 40.7512371], [-73.994067, 40.7512371], [-73.9940668, 40.7512371], [-73.9940666, 40.751237], [-73.9940664, 40.751237], [-73.9940663, 40.7512369], [-73.9940619, 40.7512351], [-73.9940619, 40.751235], [-73.9940618, 40.7512351], [-73.9940616, 40.7512354], [-73.9940616, 40.7512354], [-73.9940616, 40.7512354], [-73.9940615, 40.7512356], [-73.9940615, 40.7512356], [-73.9940614, 40.7512357], [-73.9940613, 40.7512358], [-73.9940613, 40.7512358], [-73.9940604, 40.751237], [-73.9940604, 40.7512371], [-73.9940604, 40.7512371], [-73.9940576, 40.7512409], [-73.9940575, 40.7512409], [-73.9940575, 40.7512409], [-73.9940526, 40.7512476], [-73.9940526, 40.7512476], [-73.9940525, 40.7512477], [-73.9940525, 40.7512477], [-73.9940437, 40.7512597], [-73.9940436, 40.7512597], [-73.9940436, 40.7512597], [-73.9940436, 40.7512597], [-73.9940349, 40.7512716], [-73.9940349, 40.7512716], [-73.9940348, 40.7512716], [-73.9940345, 40.7512721], [-73.9940344, 40.7512722], [-73.9940343, 40.7512723], [-73.9940343, 40.7512723], [-73.9940343, 40.7512724], [-73.9940339, 40.7512728], [-73.9940339, 40.7512729], [-73.9940338, 40.751273], [-73.9940338, 40.7512731], [-73.9940338, 40.7512731], [-73.9940335, 40.7512734], [-73.9940335, 40.7512734], [-73.9940335, 40.7512734], [-73.9940291, 40.7512794], [-73.9940291, 40.7512794], [-73.994029, 40.7512795], [-73.9940248, 40.7512853], [-73.9940247, 40.7512853], [-73.9940247, 40.7512853], [-73.9940239, 40.7512864], [-73.9940239, 40.7512864], [-73.9940239, 40.7512864], [-73.9940214, 40.7512898], [-73.9940214, 40.7512899], [-73.9940213, 40.7512899], [-73.9940183, 40.751294], [-73.9940183, 40.7512941], [-73.9940182, 40.7512941], [-73.9940137, 40.7513003], [-73.9940137, 40.7513003], [-73.9940137, 40.7513003], [-73.9940136, 40.7513003], [-73.9940083, 40.7513076], [-73.9940083, 40.7513076], [-73.9940082, 40.7513076], [-73.9940056, 40.7513112], [-73.9940056, 40.7513113], [-73.9940031, 40.7513145], [-73.9940031, 40.7513146], [-73.9940017, 40.7513165], [-73.9940016, 40.7513166], [-73.9940016, 40.7513166], [-73.9939997, 40.7513193], [-73.9939996, 40.7513193], [-73.9939996, 40.7513193], [-73.9939988, 40.7513204], [-73.9939988, 40.7513204], [-73.9939988, 40.7513204], [-73.9939987, 40.7513206], [-73.9939987, 40.7513206], [-73.993998, 40.7513215], [-73.993998, 40.7513215], [-73.993998, 40.7513215], [-73.9939987, 40.7513218], [-73.9939987, 40.7513218], [-73.9941888, 40.7514024], [-73.9941888, 40.7514024], [-73.9942668, 40.7514343], [-73.9942669, 40.7514343], [-73.9942671, 40.7514344], [-73.9942671, 40.7514344], [-73.9942671, 40.7514344], [-73.9943234, 40.7514568], [-73.9943234, 40.7514568], [-73.9943234, 40.7514568], [-73.9943876, 40.7514804], [-73.9943877, 40.7514804], [-73.9943877, 40.7514805], [-73.9944236, 40.7514933], [-73.9944237, 40.7514933], [-73.9944238, 40.7514934], [-73.9944238, 40.7514934], [-73.9944238, 40.7514934], [-73.9944238, 40.7514934], [-73.9944239, 40.7514934], [-73.994476, 40.7515117], [-73.9944761, 40.7515117], [-73.9944761, 40.7515117], [-73.9944766, 40.751511], [-73.9944766, 40.751511], [-73.9944766, 40.7515109], [-73.9944794, 40.7515072], [-73.9944794, 40.7515071], [-73.9944795, 40.7515071], [-73.9944795, 40.7515071], [-73.9944848, 40.7514999], [-73.9944848, 40.7514998], [-73.9944849, 40.7514998], [-73.9944894, 40.7514936], [-73.9944894, 40.7514936], [-73.9944895, 40.7514936], [-73.9944927, 40.7514892], [-73.9944927, 40.7514892], [-73.9944927, 40.7514892], [-73.994495, 40.7514861], [-73.994495, 40.7514861], [-73.994495, 40.7514861], [-73.994496, 40.7514847], [-73.9944961, 40.7514847], [-73.9944961, 40.7514846], [-73.9945005, 40.7514786], [-73.9945005, 40.7514786], [-73.9945005, 40.7514786], [-73.9945045, 40.7514732], [-73.9945046, 40.7514731], [-73.9945047, 40.751473], [-73.9945047, 40.7514729], [-73.9945047, 40.7514729], [-73.9945048, 40.7514728], [-73.9945048, 40.7514728], [-73.9945049, 40.7514727], [-73.9945055, 40.7514719], [-73.9945055, 40.7514719], [-73.9945055, 40.7514718], [-73.9945062, 40.751471], [-73.9945062, 40.751471], [-73.9945062, 40.7514709], [-73.9945062, 40.7514709], [-73.9945151, 40.7514589], [-73.9945151, 40.7514589]]]}},
{"type": "Feature", "properties": {"level": "platform", "type": "platform", "platform": "11", "source": "Moynihan Station EA, Figure 3-4, February 2010, PDF page 2"}, "geometry": {"type": "Polygon", "coordinates": [[[-73.9943955, 40.7515826], [-73.9943954, 40.7515826], [-73.9943091, 40.7515444], [-73.9943091, 40.7515443], [-73.9942359, 40.7515123], [-73.9942359, 40.7515123], [-73.9942358, 40.7515123], [-73.9940859, 40.7514488], [-73.9940859, 40.7514487], [-73.9940858, 40.7514487], [-73.9940858, 40.7514487], [-73.9939477, 40.7513899], [-73.9939476, 40.7513899], [-73.9939476, 40.7513899], [-73.9939475, 40.7513898], [-73.9939475, 40.7513898], [-73.9939475, 40.7513898], [-73.9939475, 40.7513898], [-73.9939475, 40.7513899], [-73.9939456, 40.7513924], [-73.9939456, 40.7513924], [-73.9939452, 40.751393], [-73.9939443, 40.7513942], [-73.9939443, 40.7513942], [-73.9939439, 40.7513948], [-73.9939432, 40.7513957], [-73.9939432, 40.7513957], [-73.9939424, 40.7513968], [-73.9939397, 40.7514004], [-73.9939397, 40.7514004], [-73.9939397, 40.7514004], [-73.9939383, 40.7514023], [-73.993935, 40.7514068], [-73.993935, 40.7514068], [-73.993935, 40.7514068], [-73.9939349, 40.7514069], [-73.9939336, 40.7514087], [-73.9939336, 40.7514087], [-73.9939324, 40.7514103], [-73.993925, 40.7514203], [-73.9939249, 40.7514204], [-73.9939234, 40.7514225], [-73.9939233, 40.7514226], [-73.9939212, 40.7514254], [-73.9939212, 40.7514255], [-73.9939211, 40.7514256], [-73.993921, 40.7514257], [-73.9939192, 40.7514282], [-73.9939191, 40.7514283], [-73.9939191, 40.7514283], [-73.9939191, 40.7514283], [-73.9939191, 40.7514283], [-73.9939191, 40.7514283], [-73.993919, 40.7514284], [-73.993919, 40.7514284], [-73.9939174, 40.7514306], [-73.9939174, 40.7514306], [-73.9939173, 40.7514308], [-73.9939162, 40.7514322], [-73.9939162, 40.7514322], [-73.9939161, 40.7514323], [-73.9939161, 40.7514323], [-73.9939161, 40.7514323], [-73.9939161, 40.7514323], [-73.9939161, 40.7514323], [-73.9939161, 40.7514324], [-73.993916, 40.7514325], [-73.9939143, 40.7514348], [-73.9939143, 40.7514348], [-73.9939143, 40.7514349], [-73.9939143, 40.7514349], [-73.9939143, 40.7514349], [-73.9939143, 40.7514349], [-73.9939143, 40.7514349], [-73.9939142, 40.751435], [-73.9939141, 40.751435], [-73.9939127, 40.7514369], [-73.9939127, 40.751437], [-73.9939127, 40.751437], [-73.9939127, 40.751437], [-73.9939116, 40.7514384], [-73.9939116, 40.7514385], [-73.9939116, 40.7514385], [-73.9939996, 40.7514758], [-73.9939996, 40.7514758], [-73.9940989, 40.7515171], [-73.9940989, 40.7515172], [-73.9940989, 40.7515172], [-73.9941821, 40.7515507], [-73.9941821, 40.7515508], [-73.9941822, 40.7515508], [-73.9942154, 40.7515632], [-73.9942488, 40.7515757], [-73.9942489, 40.7515757], [-73.9942489, 40.7515757], [-73.994249, 40.7515757], [-73.9942585, 40.7515793], [-73.9942585, 40.7515793], [-73.9942586, 40.7515793], [-73.9942796, 40.7515868], [-73.9942796, 40.7515868], [-73.9942797, 40.7515868], [-73.9943014, 40.7515946], [-73.9943014, 40.7515946], [-73.9943077, 40.7515968], [-73.9943077, 40.7515968], [-73.9943078, 40.7515968], [-73.9943321, 40.751605], [-73.9943321, 40.751605], [-73.9943321, 40.751605], [-73.9943481, 40.7516103], [-73.9943481, 40.7516103], [-73.9943482, 40.7516103], [-73.9943499, 40.7516092], [-73.99435, 40.7516091], [-73.9943536, 40.7516072], [-73.9943536, 40.7516071], [-73.9943536, 40.7516071], [-73.9943538, 40.751607], [-73.9943539, 40.7516069], [-73.9943541, 40.7516068], [-73.9943576, 40.7516047], [-73.9943576, 40.7516047], [-73.9943619, 40.7516023], [-73.994362, 40.7516023], [-73.994362, 40.7516023], [-73.9943621, 40.7516021], [-73.9943623, 40.751602], [-73.9943624, 40.7516019], [-73.9943649, 40.7516004], [-73.9943649, 40.7516004], [-73.9943649, 40.7516004], [-73.9943649, 40.7516004], [-73.9943672, 40.751599], [-73.9943673, 40.751599], [-73.9943673, 40.751599], [-73.9943673, 40.751599], [-73.9943714, 40.7515967], [-73.9943715, 40.7515967], [-73.9943715, 40.7515967], [-73.9943716, 40.7515966], [-73.9943718, 40.7515964], [-73.9943719, 40.7515963], [-73.9943753, 40.7515943], [-73.9943754, 40.7515942], [-73.9943756, 40.7515942], [-73.9943758, 40.7515941], [-73.9943759, 40.7515941], [-73.994376, 40.7515941], [-73.994376, 40.751594], [-73.9943786, 40.7515926], [-73.9943787, 40.7515926], [-73.9943787, 40.7515925], [-73.9943788, 40.7515924], [-73.9943789, 40.7515923], [-73.9943791, 40.7515922], [-73.9943816, 40.7515907], [-73.9943816, 40.7515907], [-73.9943838, 40.7515895], [-73.9943838, 40.7515895], [-73.9943839, 40.7515894], [-73.9943859, 40.7515882], [-73.994386, 40.7515882], [-73.994386, 40.7515882], [-73.9943861, 40.7515881], [-73.9943863, 40.751588], [-73.9943864, 40.7515878], [-73.9943877, 40.7515871], [-73.9943878, 40.751587], [-73.9943883, 40.7515868], [-73.9943883, 40.7515868], [-73.9943883, 40.7515868], [-73.9943883, 40.7515868], [-73.9943884, 40.7515868], [-73.9943884, 40.7515868], [-73.9943884, 40.7515867], [-73.994392, 40.7515848], [-73.994392, 40.7515848], [-73.994392, 40.7515848], [-73.994392, 40.7515848], [-73.994392, 40.7515847], [-73.994392, 40.7515847], [-73.9943921, 40.7515846], [-73.9943923, 40.7515845], [-73.9943924, 40.7515844], [-73.9943925, 40.7515843], [-73.9943927, 40.7515842], [-73.9943948, 40.7515831], [-73.9943948, 40.7515831], [-73.9943948, 40.7515831], [-73.9943949, 40.751583], [-73.9943951, 40.7515829], [-73.9943952, 40.7515828], [-73.9943953, 40.7515827], [-73.9943954, 40.7515827], [-73.9943955, 40.7515826]]]}},
{"type": "Feature", "properties": {"level": "platform", "type": "platform", "platform": "3", "source": "Moynihan Station EA, Figure 3-4, February 2010, PDF page 2"}, "geometry": {"type": "Polygon", "coordinates": [[[-73.9950354, 40.7507545], [-73.9950355, 40.7507545], [-73.9950719, 40.7507052], [-73.9950719, 40.7507052], [-73.9950718, 40.7507052], [-73.9950447, 40.7506936], [-73.9950446, 40.7506936], [-73.9948842, 40.7506256], [-73.9947733, 40.7505786], [-73.9947733, 40.7505786], [-73.9947732, 40.7505786], [-73.9946623, 40.7505316], [-73.9946623, 40.7505315], [-73.9946009, 40.7505055], [-73.9946008, 40.7505055], [-73.9946008, 40.7505055], [-73.9945831, 40.7505299], [-73.994583, 40.75053], [-73.9945829, 40.7505302], [-73.9945827, 40.7505303], [-73.9945826, 40.7505304], [-73.9945824, 40.7505304], [-73.9945823, 40.7505305], [-73.9945823, 40.7505305], [-73.9945823, 40.7505305], [-73.9945645, 40.7505546], [-73.9945645, 40.7505546], [-73.9945645, 40.7505546], [-73.994565, 40.7505548], [-73.994565, 40.7505548], [-73.994627, 40.7505811], [-73.994627, 40.7505811], [-73.9947375, 40.7506282], [-73.9947376, 40.7506282], [-73.9947376, 40.7506283], [-73.9950091, 40.7507434], [-73.9950091, 40.7507434], [-73.9950354, 40.7507545], [-73.9950354, 40.7507545]]]}},
{"type": "Feature", "properties": {"level": "platform", "type": "platform", "platform": "3", "source": "Moynihan Station EA, Figure 3-4, February 2010, PDF page 2"}, "geometry": {"type": "Polygon", "coordinates": [[[-73.9955577, 40.750975], [-73.9955577, 40.7509749], [-73.9955773, 40.7509476], [-73.9955773, 40.7509475], [-73.9955773, 40.7509475], [-73.9955773, 40.7509475], [-73.9955522, 40.7509333], [-73.9955522, 40.7509333], [-73.9955521, 40.7509332], [-73.9955521, 40.7509332], [-73.995552, 40.7509332], [-73.9955269, 40.7509195], [-73.9955269, 40.7509194], [-73.9955268, 40.7509194], [-73.9955268, 40.7509194], [-73.9955268, 40.7509194], [-73.9954656, 40.7508874], [-73.9954656, 40.7508874], [-73.995455, 40.750882], [-73.995455, 40.750882], [-73.9954472, 40.750878], [-73.9954472, 40.750878], [-73.9953587, 40.7508328], [-73.995338, 40.750823], [-73.9952682, 40.7507906], [-73.9952682, 40.7507906], [-73.9952346, 40.7507754], [-73.9952346, 40.7507754], [-73.9952345, 40.7507753], [-73.9952345, 40.7507753], [-73.9952049, 40.7507623], [-73.9952049, 40.7507623], [-73.9952048, 40.7507623], [-73.9951987, 40.7507706], [-73.9951986, 40.7507707], [-73.9951987, 40.7507707], [-73.9952173, 40.7507786], [-73.9952175, 40.7507787], [-73.9952177, 40.7507788], [-73.9952178, 40.7507789], [-73.995218, 40.750779], [-73.9952181, 40.7507791], [-73.9952182, 40.7507793], [-73.9952183, 40.7507794], [-73.9952183, 40.7507795], [-73.9952184, 40.7507797], [-73.9952184, 40.7507798], [-73.9952184, 40.75078], [-73.9952184, 40.7507802], [-73.9952184, 40.7507803], [-73.9952183, 40.7507805], [-73.9952182, 40.7507806], [-73.9952181, 40.7507807], [-73.9952057, 40.7507976], [-73.9952056, 40.7507977], [-73.9952055, 40.7507978], [-73.9952053, 40.7507979], [-73.9952052, 40.750798], [-73.995205, 40.7507981], [-73.9952049, 40.7507982], [-73.9952047, 40.7507983], [-73.9952045, 40.7507983], [-73.9952043, 40.7507983], [-73.9952041, 40.7507984], [-73.9952039, 40.7507984], [-73.9952037, 40.7507983], [-73.9952035, 40.7507983], [-73.9952033, 40.7507983], [-73.9952031, 40.7507982], [-73.9952029, 40.7507982], [-73.995185, 40.7507906], [-73.9951849, 40.7507905], [-73.9951842, 40.7507902], [-73.9951842, 40.7507902], [-73.9951842, 40.7507903], [-73.9951837, 40.7507909], [-73.9951836, 40.750791], [-73.9951688, 40.7508111], [-73.9951688, 40.7508111], [-73.9951688, 40.7508111], [-73.9951688, 40.7508111], [-73.9951689, 40.7508111], [-73.9953053, 40.7508689], [-73.9953053, 40.7508689], [-73.9953266, 40.7508779], [-73.9953266, 40.7508779], [-73.9954192, 40.7509172], [-73.9954385, 40.7509254], [-73.9954385, 40.7509254], [-73.9955031, 40.7509523], [-73.9955032, 40.7509523], [-73.9955302, 40.7509636], [-73.9955303, 40.7509636], [-73.9955304, 40.7509636], [-73.9955576, 40.750975], [-73.9955577, 40.750975]]]}},
{"type": "Feature", "properties": {"level": "platform", "type": "platform", "platform": "4", "source": "Moynihan Station EA, Figure 3-4, February 2010, PDF page 2"}, "geometry": {"type": "Polygon", "coordinates": [[[-73.9949902, 40.7508157], [-73.9949902, 40.7508157], [-73.9949902, 40.7508157], [-73.9949565, 40.7508014], [-73.9949564, 40.7508014], [-73.9949564, 40.7508015], [-73.9949542, 40.7508044], [-73.9949541, 40.7508046], [-73.994954, 40.7508047], [-73.9949538, 40.7508048], [-73.9949537, 40.7508049], [-73.9949535, 40.750805], [-73.9949533, 40.7508051], [-73.9949531, 40.7508051], [-73.994953, 40.7508052], [-73.9949528, 40.7508052], [-73.9949526, 40.7508052], [-73.9949524, 40.7508052], [-73.9949522, 40.7508052], [-73.994952, 40.7508052], [-73.9949518, 40.7508052], [-73.9949516, 40.7508051], [-73.9949514, 40.750805], [-73.9949082, 40.7507867], [-73.994908, 40.7507867], [-73.9949079, 40.7507866], [-73.9949077, 40.7507865], [-73.9949076, 40.7507863], [-73.9949075, 40.7507862], [-73.9949074, 40.7507861], [-73.9949073, 40.7507859], [-73.9949072, 40.7507858], [-73.9949072, 40.7507856], [-73.9949072, 40.7507855], [-73.9949071, 40.7507853], [-73.9949072, 40.7507852], [-73.9949072, 40.750785], [-73.9949072, 40.7507849], [-73.9949073, 40.7507847], [-73.9949074, 40.7507846], [-73.9949096, 40.7507816], [-73.9949096, 40.7507816], [-73.9949096, 40.7507816], [-73.9948553, 40.7507583], [-73.9948553, 40.7507583], [-73.9948553, 40.7507583], [-73.9946773, 40.7506829], [-73.9946773, 40.7506829], [-73.9946772, 40.7506828], [-73.9946772, 40.7506828], [-73.9945195, 40.7506157], [-73.9945194, 40.7506157], [-73.9945194, 40.7506157], [-73.9944869, 40.7506597], [-73.9944869, 40.7506597], [-73.994483, 40.750665], [-73.994483, 40.750665], [-73.994483, 40.750665], [-73.9946422, 40.7507328], [-73.9948201, 40.750808], [-73.9948202, 40.750808], [-73.994954, 40.7508647], [-73.994954, 40.7508647], [-73.994954, 40.7508647], [-73.9949826, 40.750826], [-73.9949826, 40.750826], [-73.9949826, 40.750826], [-73.9949902, 40.7508158], [-73.9949902, 40.7508157]]]}},
{"type": "Feature", "properties": {"level": "platform", "type": "platform", "platform": "4", "source": "Moynihan Station EA, Figure 3-4, February 2010, PDF page 2"}, "geometry": {"type": "Polygon", "coordinates": [[[-73.9960467, 40.7512944], [-73.9960467, 40.7512944], [-73.9960378, 40.7512899], [-73.9960378, 40.7512899], [-73.9960377, 40.7512899], [-73.9960377, 40.7512898], [-73.9960366, 40.7512894], [-73.9960365, 40.7512893], [-73.9959837, 40.7512636], [-73.9959837, 40.7512636], [-73.9959157, 40.7512314], [-73.9959156, 40.7512313], [-73.9959155, 40.7512313], [-73.9958823, 40.751216], [-73.9958823, 40.751216], [-73.9958822, 40.751216], [-73.9958409, 40.7511968], [-73.9958408, 40.7511968], [-73.9958408, 40.7511967], [-73.9958407, 40.7511967], [-73.9958047, 40.75118], [-73.9957797, 40.7511684], [-73.9957797, 40.7511684], [-73.9957797, 40.7511684], [-73.9957198, 40.7511406], [-73.9957197, 40.7511406], [-73.9956576, 40.7511116], [-73.9956575, 40.7511116], [-73.9956183, 40.7510936], [-73.9956183, 40.7510936], [-73.9956183, 40.7510935], [-73.9955294, 40.7510523], [-73.9955294, 40.7510522], [-73.9954844, 40.7510313], [-73.9954844, 40.7510313], [-73.9954712, 40.7510252], [-73.9954712, 40.7510252], [-73.995396, 40.7509911], [-73.9953959, 40.7509911], [-73.9953188, 40.7509567], [-73.9953187, 40.7509567], [-73.9952518, 40.7509274], [-73.9952517, 40.7509274], [-73.9952467, 40.7509252], [-73.9952467, 40.7509252], [-73.9951997, 40.7509048], [-73.9951997, 40.7509048], [-73.9951997, 40.7509048], [-73.9951996, 40.7509048], [-73.9951996, 40.7509048], [-73.9951996, 40.7509048], [-73.9951707, 40.7508923], [-73.9951706, 40.7508922], [-73.9951706, 40.7508923], [-73.9951612, 40.7509088], [-73.9951612, 40.750909], [-73.995161, 40.7509091], [-73.9951609, 40.7509092], [-73.9951608, 40.7509093], [-73.9951606, 40.7509094], [-73.9951605, 40.7509095], [-73.9951603, 40.7509096], [-73.9951601, 40.7509097], [-73.9951599, 40.7509097], [-73.9951597, 40.7509098], [-73.9951595, 40.7509098], [-73.9951593, 40.7509098], [-73.9951591, 40.7509098], [-73.9951589, 40.7509097], [-73.9951587, 40.7509097], [-73.9951585, 40.7509097], [-73.9951583, 40.7509096], [-73.9951362, 40.7509002], [-73.9951362, 40.7509002], [-73.9951109, 40.7508895], [-73.9951109, 40.7508895], [-73.9951109, 40.7508895], [-73.9951109, 40.7508895], [-73.9950873, 40.7509214], [-73.9950873, 40.7509215], [-73.9950873, 40.7509215], [-73.9951136, 40.7509326], [-73.9951136, 40.7509326], [-73.9951647, 40.7509543], [-73.9952122, 40.7509744], [-73.9952122, 40.7509744], [-73.9952173, 40.7509766], [-73.9952173, 40.7509766], [-73.9952848, 40.7510052], [-73.995363, 40.7510383], [-73.995363, 40.7510383], [-73.9954392, 40.7510706], [-73.9954527, 40.7510764], [-73.9954527, 40.7510764], [-73.9954989, 40.7510957], [-73.9954989, 40.7510957], [-73.9955901, 40.7511339], [-73.9955901, 40.7511339], [-73.9956303, 40.7511507], [-73.9956303, 40.7511507], [-73.9956303, 40.7511507], [-73.9956938, 40.7511779], [-73.9956938, 40.7511779], [-73.9957546, 40.7512041], [-73.9957546, 40.7512041], [-73.9957546, 40.7512041], [-73.9957802, 40.7512152], [-73.9958167, 40.7512309], [-73.9958167, 40.751231], [-73.9958168, 40.751231], [-73.9958168, 40.751231], [-73.9958168, 40.751231], [-73.9958593, 40.7512488], [-73.9958593, 40.7512488], [-73.9958594, 40.7512488], [-73.9959305, 40.7512789], [-73.9959305, 40.7512789], [-73.9959305, 40.7512789], [-73.9959407, 40.7512634], [-73.9959407, 40.7512634], [-73.995942, 40.7512615], [-73.9959421, 40.7512613], [-73.9959422, 40.7512612], [-73.9959423, 40.7512611], [-73.9959424, 40.751261], [-73.9959426, 40.7512609], [-73.9959428, 40.7512608], [-73.9959429, 40.7512607], [-73.9959431, 40.7512607], [-73.9959433, 40.7512606], [-73.9959435, 40.7512606], [-73.9959437, 40.7512606], [-73.9959439, 40.7512606], [-73.9959441, 40.7512606], [-73.9959443, 40.7512606], [-73.9959445, 40.7512607], [-73.9959447, 40.7512607], [-73.9959448, 40.7512608], [-73.9959511, 40.7512635], [-73.9959511, 40.7512635], [-73.9959762, 40.7512741], [-73.9960146, 40.7512903], [-73.9960146, 40.7512903], [-73.996031, 40.7512973], [-73.9960316, 40.7512976], [-73.9960317, 40.7512976], [-73.9960317, 40.7512976], [-73.9960317, 40.7512976], [-73.9960317, 40.7512976], [-73.9960317, 40.7512976], [-73.9960323, 40.7512976], [-73.9960323, 40.7512976], [-73.9960323, 40.7512976], [-73.9960323, 40.7512976], [-73.9960467, 40.7512944], [-73.9960467, 40.7512944]]]}},
{"type": "Feature", "properties": {"level": "platform", "type": "platform", "platform": "5", "source": "Moynihan Station EA, Figure 3-4, February 2010, PDF page 2"}, "geometry": {"type": "Polygon", "coordinates": [[[-73.9948727, 40.7509752], [-73.9948727, 40.7509752], [-73.9948928, 40.7509475], [-73.9948929, 40.7509475], [-73.9949081, 40.7509269], [-73.9949081, 40.7509269], [-73.9949081, 40.7509268], [-73.9948767, 40.7509133], [-73.9948767, 40.7509133], [-73.9948767, 40.7509133], [-73.9948766, 40.7509133], [-73.994731, 40.7508506], [-73.994731, 40.7508506], [-73.9946884, 40.7508325], [-73.9946883, 40.7508325], [-73.9946108, 40.7507994], [-73.9946108, 40.7507994], [-73.9945205, 40.7507609], [-73.9945205, 40.7507608], [-73.994438, 40.7507259], [-73.994438, 40.7507259], [-73.994438, 40.7507259], [-73.9944014, 40.7507754], [-73.9944014, 40.7507754], [-73.9944015, 40.7507754], [-73.9945748, 40.7508489], [-73.9945748, 40.7508489], [-73.9946523, 40.750882], [-73.9946524, 40.750882], [-73.9946952, 40.7508999], [-73.9946952, 40.7509], [-73.9948415, 40.7509617], [-73.9948415, 40.7509617], [-73.9948727, 40.7509752], [-73.9948727, 40.7509752]]]}},
{"type": "Feature", "properties": {"level": "platform", "type": "platform", "platform": "5", "source": "Moynihan Station EA, Figure 3-4, February 2010, PDF page 2"}, "geometry": {"type": "Polygon", "coordinates": [[[-73.9959536, 40.7514243], [-73.9959536, 40.7514243], [-73.9959583, 40.751418], [-73.9959583, 40.7514179], [-73.9959584, 40.7514178], [-73.9959584, 40.7514178], [-73.9959585, 40.7514178], [-73.9959584, 40.7514177], [-73.9959576, 40.751416], [-73.9959576, 40.7514159], [-73.9959537, 40.751405], [-73.9959537, 40.7514049], [-73.9959536, 40.7514049], [-73.9959536, 40.7514049], [-73.9959534, 40.7514046], [-73.9959533, 40.7514046], [-73.9959533, 40.7514045], [-73.9959533, 40.7514045], [-73.9959533, 40.7514045], [-73.9959533, 40.7514045], [-73.9959234, 40.7513919], [-73.9959234, 40.7513919], [-73.9959092, 40.7513858], [-73.9958582, 40.7513642], [-73.9958581, 40.7513642], [-73.9958581, 40.7513642], [-73.995858, 40.7513641], [-73.995858, 40.7513641], [-73.9958551, 40.7513629], [-73.9958549, 40.7513628], [-73.9958548, 40.7513627], [-73.9958546, 40.7513626], [-73.9958545, 40.7513625], [-73.9958544, 40.7513624], [-73.9958543, 40.7513622], [-73.9958542, 40.7513621], [-73.9958541, 40.7513619], [-73.9958541, 40.7513618], [-73.995854, 40.7513616], [-73.995854, 40.7513615], [-73.9958541, 40.7513613], [-73.9958541, 40.7513612], [-73.9958542, 40.751361], [-73.9958542, 40.7513609], [-73.9958543, 40.7513607], [-73.9958674, 40.7513442], [-73.9958675, 40.751344], [-73.9958676, 40.7513439], [-73.9958678, 40.7513438], [-73.9958679, 40.7513437], [-73.9958681, 40.7513436], [-73.9958682, 40.7513436], [-73.9958684, 40.7513435], [-73.9958686, 40.7513435], [-73.9958688, 40.7513434], [-73.995869, 40.7513434], [-73.9958692, 40.7513434], [-73.9958694, 40.7513434], [-73.9958696, 40.7513434], [-73.9958698, 40.7513435], [-73.99587, 40.7513435], [-73.9958702, 40.7513436], [-73.9959157, 40.7513629], [-73.9959157, 40.7513629], [-73.9959157, 40.7513629], [-73.9959157, 40.7513629], [-73.9959678, 40.751385], [-73.9959678, 40.751385], [-73.9959678, 40.751385], [-73.9959678, 40.751385], [-73.9959678, 40.751385], [-73.9959809, 40.7513826], [-73.9959809, 40.7513826], [-73.995981, 40.7513826], [-73.995982, 40.7513824], [-73.9959821, 40.7513824], [-73.9959849, 40.7513819], [-73.9959849, 40.7513819], [-73.9959849, 40.7513819], [-73.995983, 40.7513811], [-73.995983, 40.7513811], [-73.9959691, 40.7513752], [-73.995969, 40.7513752], [-73.995969, 40.7513752], [-73.995969, 40.7513752], [-73.9959292, 40.7513583], [-73.9959292, 40.7513583], [-73.9959292, 40.7513583], [-73.9959275, 40.7513576], [-73.9959275, 40.7513576], [-73.9959275, 40.7513576], [-73.9959275, 40.7513576], [-73.9958953, 40.7513442], [-73.9958953, 40.7513442], [-73.9958686, 40.7513328], [-73.9958685, 40.7513328], [-73.9958685, 40.7513328], [-73.9958346, 40.7513187], [-73.9958346, 40.7513187], [-73.9958054, 40.7513061], [-73.9958053, 40.751306], [-73.9958053, 40.751306], [-73.9957752, 40.7512933], [-73.9957752, 40.7512932], [-73.9957552, 40.7512848], [-73.9957552, 40.7512848], [-73.9957551, 40.7512847], [-73.9957185, 40.7512692], [-73.9956549, 40.7512422], [-73.9956548, 40.7512422], [-73.9956547, 40.7512422], [-73.9956425, 40.751237], [-73.9956107, 40.7512235], [-73.9956107, 40.7512235], [-73.995595, 40.7512169], [-73.995595, 40.7512169], [-73.9955628, 40.7512035], [-73.9955628, 40.7512035], [-73.9955627, 40.7512034], [-73.9955225, 40.7511864], [-73.9955225, 40.7511864], [-73.9954418, 40.7511521], [-73.9954417, 40.7511521], [-73.9954417, 40.7511521], [-73.9953875, 40.7511294], [-73.9953875, 40.7511294], [-73.9953229, 40.751102], [-73.9953229, 40.751102], [-73.9953179, 40.7510999], [-73.9953178, 40.7510998], [-73.9953177, 40.7510998], [-73.9952605, 40.7510755], [-73.9952604, 40.7510755], [-73.9952604, 40.7510755], [-73.995139, 40.7510238], [-73.995139, 40.7510238], [-73.9951389, 40.7510238], [-73.9950979, 40.7510064], [-73.9950978, 40.7510063], [-73.9950977, 40.7510063], [-73.9950418, 40.7509831], [-73.9950418, 40.750983], [-73.9950417, 40.7509831], [-73.995006, 40.7510315], [-73.995006, 40.7510315], [-73.9950059, 40.7510316], [-73.9950059, 40.7510317], [-73.9950059, 40.7510317], [-73.9950623, 40.7510551], [-73.9950624, 40.7510551], [-73.9951037, 40.7510724], [-73.9951037, 40.7510724], [-73.9951038, 40.7510724], [-73.9952256, 40.7511234], [-73.9952256, 40.7511234], [-73.9952257, 40.7511234], [-73.9952832, 40.7511476], [-73.9952832, 40.7511476], [-73.9952885, 40.7511498], [-73.9952885, 40.7511498], [-73.9953536, 40.7511762], [-73.9953536, 40.7511762], [-73.9954083, 40.7511982], [-73.9954083, 40.7511982], [-73.9954901, 40.751231], [-73.9954901, 40.751231], [-73.9954902, 40.751231], [-73.9954902, 40.751231], [-73.9955311, 40.7512471], [-73.9955311, 40.7512471], [-73.9955311, 40.7512471], [-73.9955312, 40.7512472], [-73.9955636, 40.7512602], [-73.9955636, 40.7512602], [-73.9955794, 40.7512666], [-73.9955794, 40.7512667], [-73.9955794, 40.7512667], [-73.9955795, 40.7512667], [-73.9956118, 40.7512794], [-73.9956118, 40.7512794], [-73.9956242, 40.7512845], [-73.9956243, 40.7512845], [-73.9956887, 40.7513103], [-73.9956887, 40.7513104], [-73.9956976, 40.7513141], [-73.9956977, 40.7513142], [-73.9957258, 40.7513254], [-73.9957258, 40.7513254], [-73.9957259, 40.7513254], [-73.9957454, 40.7513339], [-73.9957455, 40.7513339], [-73.9957756, 40.751347], [-73.9957757, 40.751347], [-73.9957758, 40.751347], [-73.9958049, 40.7513598], [-73.9958049, 40.7513598], [-73.9958383, 40.7513745], [-73.9958383, 40.7513745], [-73.9958383, 40.7513745], [-73.9958384, 40.7513745], [-73.9958648, 40.7513862], [-73.9958649, 40.7513862], [-73.9958649, 40.7513862], [-73.9958967, 40.7514002], [-73.9958967, 40.7514002], [-73.9959382, 40.7514178], [-73.9959382, 40.7514178], [-73.9959522, 40.7514237], [-73.9959536, 40.7514243], [-73.9959536, 40.7514243]]]}},
{"type": "Feature", "properties": {"level": "platform", "type": "platform", "platform": "5", "source": "Moynihan Station EA, Figure 3-4, February 2010, PDF page 2"}, "geometry": {"type": "Polygon", "coordinates": [[[-73.9968507, 40.7518246], [-73.9968508, 40.7518246], [-73.9968508, 40.7518246], [-73.9968507, 40.7518246], [-73.9968507, 40.7518246], [-73.9968441, 40.7518175], [-73.996844, 40.7518174], [-73.996844, 40.7518174], [-73.996844, 40.7518174], [-73.9968439, 40.7518174], [-73.9968294, 40.7518081], [-73.9968293, 40.7518081], [-73.9968142, 40.7517983], [-73.9968141, 40.7517983], [-73.9968141, 40.7517982], [-73.9968097, 40.7517954], [-73.9968096, 40.7517954], [-73.9968096, 40.7517954], [-73.9968096, 40.7517954], [-73.9967866, 40.751782], [-73.9967866, 40.751782], [-73.996765, 40.7517693], [-73.9967649, 40.7517693], [-73.9967649, 40.7517692], [-73.9967586, 40.7517656], [-73.9967586, 40.7517656], [-73.9967585, 40.7517656], [-73.9967584, 40.7517655], [-73.9967584, 40.7517655], [-73.9967528, 40.7517622], [-73.9967528, 40.7517622], [-73.9967527, 40.7517622], [-73.9967237, 40.7517458], [-73.9967236, 40.7517457], [-73.9967234, 40.7517456], [-73.9967233, 40.7517455], [-73.9967231, 40.7517453], [-73.9967231, 40.7517453], [-73.9967231, 40.7517453], [-73.9967231, 40.7517453], [-73.9967231, 40.7517453], [-73.9967231, 40.7517453], [-73.9966891, 40.7517266], [-73.9966891, 40.7517266], [-73.9966849, 40.7517243], [-73.9966848, 40.7517242], [-73.9966848, 40.7517242], [-73.9966454, 40.7517025], [-73.9966454, 40.7517025], [-73.9966453, 40.7517025], [-73.9966431, 40.751701], [-73.9966431, 40.751701], [-73.996643, 40.751701], [-73.996643, 40.751701], [-73.9966164, 40.7516866], [-73.9966163, 40.7516866], [-73.9966041, 40.75168], [-73.9966041, 40.75168], [-73.9965741, 40.7516636], [-73.9965741, 40.7516636], [-73.996554, 40.7516527], [-73.9965539, 40.7516527], [-73.9965329, 40.7516414], [-73.9965329, 40.7516414], [-73.9965328, 40.7516413], [-73.9965197, 40.7516343], [-73.9965197, 40.7516343], [-73.9964988, 40.7516228], [-73.9964988, 40.7516228], [-73.9964988, 40.7516228], [-73.9964909, 40.7516188], [-73.9964909, 40.7516188], [-73.9964909, 40.7516188], [-73.9964592, 40.7516017], [-73.9964592, 40.7516017], [-73.9964591, 40.7516017], [-73.9964449, 40.7515942], [-73.9964448, 40.7515942], [-73.9964197, 40.7515807], [-73.9964197, 40.7515807], [-73.9963908, 40.7515658], [-73.9963907, 40.7515657], [-73.9963907, 40.7515657], [-73.9963617, 40.7515508], [-73.9963616, 40.7515507], [-73.9963616, 40.7515507], [-73.9963295, 40.751535], [-73.9963295, 40.751535], [-73.9963295, 40.751535], [-73.9963235, 40.751532], [-73.9963235, 40.751532], [-73.9963011, 40.7515212], [-73.9963011, 40.7515212], [-73.9962756, 40.751509], [-73.9962756, 40.751509], [-73.9962755, 40.751509], [-73.9962266, 40.7514866], [-73.9962266, 40.7514866], [-73.9962247, 40.7514858], [-73.9962247, 40.7514857], [-73.9961806, 40.7514661], [-73.9961806, 40.7514661], [-73.9961806, 40.7514661], [-73.9961729, 40.7514628], [-73.9961728, 40.7514628], [-73.9961478, 40.7514517], [-73.9961478, 40.7514517], [-73.9961094, 40.7514352], [-73.9961093, 40.7514352], [-73.9960825, 40.7514235], [-73.9960825, 40.7514235], [-73.9960625, 40.7514151], [-73.9960624, 40.751415], [-73.996049, 40.7514093], [-73.9960489, 40.7514093], [-73.9960489, 40.7514094], [-73.9960429, 40.7514175], [-73.9960429, 40.7514175], [-73.9960428, 40.7514176], [-73.9960178, 40.7514515], [-73.9960178, 40.7514515], [-73.9960178, 40.7514516], [-73.9960317, 40.7514575], [-73.9960317, 40.7514575], [-73.9960517, 40.7514659], [-73.9960518, 40.7514659], [-73.9960789, 40.7514772], [-73.9960789, 40.7514772], [-73.9960789, 40.7514772], [-73.9961175, 40.7514936], [-73.9961175, 40.7514936], [-73.9961429, 40.7515041], [-73.9961429, 40.7515041], [-73.996143, 40.7515042], [-73.9961507, 40.7515074], [-73.9961507, 40.7515074], [-73.9961954, 40.7515261], [-73.9961955, 40.7515261], [-73.9961955, 40.7515261], [-73.9961974, 40.751527], [-73.9961974, 40.751527], [-73.9962474, 40.7515479], [-73.9962474, 40.7515479], [-73.9962475, 40.751548], [-73.9962737, 40.7515591], [-73.9962737, 40.7515591], [-73.9962967, 40.7515686], [-73.9962968, 40.7515686], [-73.9962968, 40.7515686], [-73.996303, 40.7515713], [-73.9963031, 40.7515713], [-73.9963362, 40.751586], [-73.9963665, 40.7515994], [-73.9963665, 40.7515994], [-73.9963964, 40.751613], [-73.9963964, 40.751613], [-73.9964226, 40.7516251], [-73.9964227, 40.7516251], [-73.9964371, 40.7516319], [-73.9964372, 40.751632], [-73.9964372, 40.751632], [-73.9964701, 40.7516474], [-73.9964701, 40.7516474], [-73.9964702, 40.7516474], [-73.996478, 40.7516512], [-73.9964781, 40.7516512], [-73.9965, 40.7516617], [-73.9965001, 40.7516618], [-73.9965132, 40.7516683], [-73.9965132, 40.7516683], [-73.9965133, 40.7516683], [-73.9965133, 40.7516683], [-73.996535, 40.7516787], [-73.996535, 40.7516788], [-73.9965555, 40.7516891], [-73.9965555, 40.7516891], [-73.9965864, 40.7517043], [-73.9965864, 40.7517044], [-73.9965987, 40.7517108], [-73.9965988, 40.7517108], [-73.9966259, 40.7517247], [-73.9966259, 40.7517247], [-73.9966283, 40.751726], [-73.9966284, 40.751726], [-73.9966284, 40.751726], [-73.9966681, 40.7517472], [-73.9966681, 40.7517472], [-73.9966681, 40.7517472], [-73.9966682, 40.7517472], [-73.9966682, 40.7517472], [-73.9966725, 40.7517495], [-73.9966725, 40.7517495], [-73.9967067, 40.7517679], [-73.9967067, 40.7517679], [-73.9967068, 40.7517679], [-73.9967071, 40.751768], [-73.9967073, 40.7517681], [-73.9967371, 40.7517838], [-73.9967371, 40.7517839], [-73.9967429, 40.751787], [-73.9967429, 40.7517871], [-73.9967495, 40.7517905], [-73.9967496, 40.7517906], [-73.9967496, 40.7517906], [-73.9967718, 40.7518024], [-73.9967718, 40.7518024], [-73.9967718, 40.7518024], [-73.9967956, 40.7518147], [-73.9967957, 40.7518147], [-73.9967957, 40.7518147], [-73.9967957, 40.7518147], [-73.9968005, 40.751817], [-73.9968006, 40.751817], [-73.9968006, 40.751817], [-73.996817, 40.7518252], [-73.996817, 40.7518252], [-73.9968171, 40.7518252], [-73.9968328, 40.7518326], [-73.9968328, 40.7518326], [-73.9968328, 40.7518326], [-73.9968328, 40.7518326], [-73.9968335, 40.7518329], [-73.9968335, 40.7518329], [-73.9968336, 40.7518329], [-73.9968342, 40.751832], [-73.9968342, 40.751832], [-73.9968389, 40.7518257], [-73.996839, 40.7518255], [-73.9968391, 40.7518254], [-73.9968392, 40.7518253], [-73.9968394, 40.7518252], [-73.9968396, 40.7518251], [-73.9968397, 40.751825], [-73.9968399, 40.751825], [-73.9968401, 40.7518249], [-73.9968403, 40.7518249], [-73.9968405, 40.7518249], [-73.9968407, 40.7518249], [-73.9968409, 40.7518249], [-73.9968411, 40.7518249], [-73.9968413, 40.751825], [-73.9968415, 40.751825], [-73.9968417, 40.7518251], [-73.9968459, 40.7518269], [-73.9968459, 40.7518269], [-73.9968483, 40.7518279], [-73.9968483, 40.7518279], [-73.9968483, 40.7518279], [-73.9968507, 40.7518246]]]}},
{"type": "Feature", "properties": {"level": "platform", "type": "platform", "platform": "6", "source": "Moynihan Station EA, Figure 3-4, February 2010, PDF page 2"}, "geometry": {"type": "Polygon", "coordinates": [[[-73.9948273, 40.7510366], [-73.9948273, 40.7510366], [-73.9948273, 40.7510366], [-73.9948273, 40.7510366], [-73.9947934, 40.7510222], [-73.9947933, 40.7510222], [-73.9947933, 40.7510222], [-73.9947912, 40.751025], [-73.9947911, 40.7510252], [-73.994791, 40.7510253], [-73.9947909, 40.7510254], [-73.9947907, 40.7510255], [-73.9947906, 40.7510256], [-73.9947904, 40.7510257], [-73.9947902, 40.7510257], [-73.99479, 40.7510258], [-73.9947898, 40.7510258], [-73.9947896, 40.7510258], [-73.9947894, 40.7510258], [-73.9947892, 40.7510258], [-73.994789, 40.7510258], [-73.9947888, 40.7510258], [-73.9947886, 40.7510257], [-73.9947884, 40.7510256], [-73.9947452, 40.7510073], [-73.9947451, 40.7510072], [-73.9947449, 40.7510072], [-73.9947448, 40.751007], [-73.9947446, 40.7510069], [-73.9947445, 40.7510068], [-73.9947444, 40.7510067], [-73.9947443, 40.7510065], [-73.9947443, 40.7510064], [-73.9947442, 40.7510062], [-73.9947442, 40.7510061], [-73.9947442, 40.7510059], [-73.9947442, 40.7510058], [-73.9947442, 40.7510056], [-73.9947443, 40.7510055], [-73.9947444, 40.7510053], [-73.9947445, 40.7510052], [-73.9947465, 40.7510024], [-73.9947465, 40.7510024], [-73.9947465, 40.7510023], [-73.99468, 40.7509742], [-73.9946799, 40.7509741], [-73.9946799, 40.7509741], [-73.994674, 40.7509716], [-73.994674, 40.7509716], [-73.9945943, 40.7509378], [-73.9945314, 40.7509112], [-73.9945314, 40.7509112], [-73.9945313, 40.7509111], [-73.9945313, 40.7509111], [-73.9945311, 40.7509111], [-73.994531, 40.750911], [-73.9945308, 40.750911], [-73.9945306, 40.7509109], [-73.99453, 40.7509106], [-73.99453, 40.7509106], [-73.99453, 40.7509106], [-73.99453, 40.7509105], [-73.9945299, 40.7509105], [-73.9945299, 40.7509105], [-73.9943985, 40.7508548], [-73.9943985, 40.7508548], [-73.9943984, 40.7508548], [-73.9943561, 40.7508368], [-73.9943561, 40.7508368], [-73.994356, 40.7508368], [-73.994356, 40.7508368], [-73.9943466, 40.7508496], [-73.9943466, 40.7508496], [-73.9943434, 40.750854], [-73.9943424, 40.7508552], [-73.9943424, 40.7508553], [-73.9943424, 40.7508553], [-73.9943289, 40.7508735], [-73.9943289, 40.7508735], [-73.9943289, 40.7508735], [-73.9943285, 40.7508741], [-73.9943256, 40.7508781], [-73.9943255, 40.7508781], [-73.9943256, 40.7508781], [-73.9944565, 40.7509336], [-73.9944565, 40.7509336], [-73.9946119, 40.7509998], [-73.994612, 40.7509998], [-73.994612, 40.7509998], [-73.994612, 40.7509998], [-73.994612, 40.7509998], [-73.9946483, 40.7510152], [-73.9946484, 40.7510152], [-73.9946484, 40.7510152], [-73.9947317, 40.7510503], [-73.9947317, 40.7510503], [-73.9947318, 40.7510503], [-73.9947727, 40.7510677], [-73.9947727, 40.7510677], [-73.9947728, 40.7510677], [-73.9947967, 40.7510781], [-73.9947967, 40.7510781], [-73.9947967, 40.7510781], [-73.9948019, 40.751071], [-73.994802, 40.751071], [-73.994802, 40.7510709], [-73.9948057, 40.7510659], [-73.9948057, 40.7510659], [-73.9948109, 40.7510589], [-73.9948128, 40.7510564], [-73.9948128, 40.7510564], [-73.9948144, 40.7510542], [-73.9948191, 40.7510478], [-73.9948191, 40.7510477], [-73.9948192, 40.7510476], [-73.9948192, 40.7510476], [-73.9948193, 40.7510476], [-73.9948225, 40.7510432], [-73.9948273, 40.7510367], [-73.9948273, 40.7510366]]]}},
{"type": "Feature", "properties": {"level": "platform", "type": "platform", "platform": "6", "source": "Moynihan Station EA, Figure 3-4, February 2010, PDF page 2"}, "geometry": {"type": "Polygon", "coordinates": [[[-73.995873, 40.7515334], [-73.995873, 40.7515334], [-73.9958731, 40.7515333], [-73.9958731, 40.7515333], [-73.9958731, 40.7515333], [-73.9958731, 40.7515332], [-73.9958731, 40.7515332], [-73.9958723, 40.7515306], [-73.9958723, 40.7515306], [-73.9958723, 40.7515305], [-73.9958723, 40.7515305], [-73.9958722, 40.7515302], [-73.9958722, 40.7515302], [-73.9958696, 40.7515239], [-73.9958696, 40.7515238], [-73.9958695, 40.7515234], [-73.9958694, 40.7515233], [-73.9958694, 40.7515233], [-73.9958687, 40.7515209], [-73.9958687, 40.7515208], [-73.9958687, 40.7515208], [-73.9958687, 40.7515208], [-73.9958682, 40.7515199], [-73.9958681, 40.7515199], [-73.9958681, 40.7515198], [-73.9958607, 40.7515167], [-73.9958606, 40.7515167], [-73.9958606, 40.7515167], [-73.9958378, 40.751507], [-73.9958378, 40.751507], [-73.9958377, 40.751507], [-73.9958377, 40.751507], [-73.9958377, 40.751507], [-73.9957854, 40.7514848], [-73.9957699, 40.7514782], [-73.9957697, 40.7514781], [-73.9957695, 40.751478], [-73.9957694, 40.7514779], [-73.9957692, 40.7514778], [-73.9957691, 40.7514777], [-73.995769, 40.7514775], [-73.9957689, 40.7514774], [-73.9957689, 40.7514773], [-73.9957688, 40.7514771], [-73.9957688, 40.7514769], [-73.9957688, 40.7514768], [-73.9957688, 40.7514766], [-73.9957688, 40.7514765], [-73.9957689, 40.7514763], [-73.995769, 40.7514762], [-73.9957691, 40.7514761], [-73.9957698, 40.7514751], [-73.9957698, 40.7514751], [-73.9957698, 40.751475], [-73.9957724, 40.7514716], [-73.9957724, 40.7514716], [-73.9957732, 40.7514705], [-73.995774, 40.7514694], [-73.995774, 40.7514694], [-73.995774, 40.7514694], [-73.9957772, 40.751465], [-73.9957772, 40.751465], [-73.9957791, 40.7514624], [-73.9957811, 40.7514597], [-73.9957811, 40.7514597], [-73.9957812, 40.7514597], [-73.9957815, 40.7514592], [-73.9957816, 40.7514591], [-73.9957817, 40.751459], [-73.9957819, 40.7514589], [-73.995782, 40.7514588], [-73.9957822, 40.7514587], [-73.9957824, 40.7514586], [-73.9957825, 40.7514585], [-73.9957827, 40.7514585], [-73.9957829, 40.7514585], [-73.9957831, 40.7514584], [-73.9957833, 40.7514584], [-73.9957835, 40.7514584], [-73.9957837, 40.7514585], [-73.9957839, 40.7514585], [-73.9957841, 40.7514586], [-73.9957843, 40.7514586], [-73.9958753, 40.7514972], [-73.9958754, 40.7514972], [-73.9958754, 40.7514972], [-73.9958756, 40.7514973], [-73.9958758, 40.7514973], [-73.995876, 40.7514974], [-73.9958762, 40.7514975], [-73.9958772, 40.751498], [-73.9958773, 40.7514981], [-73.9958825, 40.7515003], [-73.9958826, 40.7515003], [-73.9958826, 40.7515003], [-73.9958826, 40.7515003], [-73.9958854, 40.7514999], [-73.9958854, 40.7514999], [-73.9958855, 40.7514998], [-73.9958855, 40.7514998], [-73.9958855, 40.7514998], [-73.9958865, 40.7514995], [-73.9958867, 40.7514994], [-73.9958869, 40.7514994], [-73.9958903, 40.7514988], [-73.9958904, 40.7514988], [-73.9958904, 40.7514988], [-73.9958915, 40.7514986], [-73.9958915, 40.7514986], [-73.9958952, 40.7514978], [-73.9958952, 40.7514978], [-73.9958953, 40.7514977], [-73.9958959, 40.7514976], [-73.995896, 40.7514976], [-73.995896, 40.7514976], [-73.9958969, 40.7514973], [-73.9958971, 40.7514972], [-73.9958973, 40.7514972], [-73.9958975, 40.7514972], [-73.9958977, 40.7514972], [-73.9958979, 40.7514972], [-73.9958979, 40.7514972], [-73.9958979, 40.7514972], [-73.9959002, 40.7514965], [-73.9959003, 40.7514965], [-73.9959003, 40.7514965], [-73.9959003, 40.7514965], [-73.9959003, 40.7514965], [-73.9959013, 40.7514951], [-73.9959014, 40.751495], [-73.9959015, 40.7514949], [-73.9959015, 40.7514948], [-73.9959027, 40.7514933], [-73.9959027, 40.7514932], [-73.9959027, 40.7514932], [-73.9958801, 40.7514836], [-73.99588, 40.7514836], [-73.9958586, 40.7514745], [-73.9958586, 40.7514745], [-73.995841, 40.7514671], [-73.995841, 40.7514671], [-73.9958265, 40.7514609], [-73.9958265, 40.7514609], [-73.9958265, 40.7514609], [-73.9958264, 40.7514609], [-73.9957609, 40.7514331], [-73.9957609, 40.7514331], [-73.9957252, 40.751418], [-73.9956429, 40.7513831], [-73.9956138, 40.7513707], [-73.9956138, 40.7513707], [-73.9956137, 40.7513707], [-73.995596, 40.7513632], [-73.9955959, 40.7513632], [-73.9955958, 40.7513631], [-73.995389, 40.7512754], [-73.995389, 40.7512754], [-73.9953491, 40.7512583], [-73.995349, 40.7512583], [-73.995303, 40.7512387], [-73.9951892, 40.7511905], [-73.9951891, 40.7511905], [-73.9951891, 40.7511905], [-73.9951339, 40.7511671], [-73.9951339, 40.7511671], [-73.9951338, 40.751167], [-73.9951336, 40.751167], [-73.9951335, 40.7511669], [-73.9951334, 40.7511669], [-73.9951334, 40.7511668], [-73.9950441, 40.7511287], [-73.9950441, 40.7511287], [-73.9950236, 40.75112], [-73.9950236, 40.75112], [-73.9949999, 40.75111], [-73.9949999, 40.75111], [-73.9949604, 40.7510933], [-73.9949604, 40.7510933], [-73.9949603, 40.7510933], [-73.9949603, 40.7510933], [-73.9949593, 40.7510947], [-73.9949593, 40.7510947], [-73.9949592, 40.7510949], [-73.9949591, 40.7510949], [-73.9949591, 40.7510949], [-73.9949571, 40.7510976], [-73.9949571, 40.7510976], [-73.9949537, 40.7511022], [-73.9949523, 40.7511042], [-73.9949523, 40.7511042], [-73.9949489, 40.7511088], [-73.9949473, 40.7511109], [-73.9949473, 40.751111], [-73.9949472, 40.751111], [-73.9949449, 40.7511142], [-73.9949448, 40.7511143], [-73.9949448, 40.7511143], [-73.994942, 40.7511181], [-73.994942, 40.7511181], [-73.994942, 40.7511181], [-73.9949368, 40.7511252], [-73.9949367, 40.7511253], [-73.9949366, 40.7511254], [-73.9949366, 40.7511254], [-73.9949299, 40.7511345], [-73.9949298, 40.7511346], [-73.9949299, 40.7511346], [-73.9950546, 40.7511877], [-73.9950547, 40.7511877], [-73.9950547, 40.7511877], [-73.9950549, 40.7511877], [-73.9950551, 40.7511878], [-73.9950553, 40.7511879], [-73.9950555, 40.751188], [-73.9950562, 40.7511883], [-73.9950562, 40.7511883], [-73.9950563, 40.7511884], [-73.9950564, 40.7511884], [-73.9951182, 40.7512144], [-73.9951182, 40.7512144], [-73.9951183, 40.7512144], [-73.9951955, 40.7512469], [-73.9951955, 40.751247], [-73.9951956, 40.751247], [-73.9951956, 40.751247], [-73.9952018, 40.7512496], [-73.9952018, 40.7512496], [-73.9952734, 40.75128], [-73.9952734, 40.75128], [-73.9953516, 40.7513126], [-73.9953516, 40.7513126], [-73.9953516, 40.7513126], [-73.9953517, 40.7513127], [-73.9953555, 40.7513143], [-73.9953555, 40.7513143], [-73.9954167, 40.7513395], [-73.9954167, 40.7513395], [-73.9954167, 40.7513395], [-73.9954475, 40.7513526], [-73.9954475, 40.7513526], [-73.9954476, 40.7513526], [-73.9955515, 40.7513967], [-73.9955515, 40.7513967], [-73.995642, 40.7514353], [-73.9956421, 40.7514353], [-73.9956423, 40.7514354], [-73.9956425, 40.7514355], [-73.9956425, 40.7514355], [-73.9956426, 40.7514355], [-73.9956426, 40.7514355], [-73.9956978, 40.7514592], [-73.9956979, 40.7514592], [-73.9956979, 40.7514592], [-73.99575, 40.7514813], [-73.9957927, 40.7514994], [-73.9957927, 40.7514994], [-73.9958132, 40.7515081], [-73.9958132, 40.7515081], [-73.995858, 40.7515271], [-73.995873, 40.7515334], [-73.995873, 40.7515334], [-73.995873, 40.7515334]]]}},
{"type": "Feature", "properties": {"level": "platform", "type": "platform", "platform": "6", "source": "Moynihan Station EA, Figure 3-4, February 2010, PDF page 2"}, "geometry": {"type": "Polygon", "coordinates": [[[-73.9967117, 40.7518713], [-73.9967118, 40.7518713], [-73.9967118, 40.7518712], [-73.9967128, 40.7518698], [-73.9967151, 40.7518667], [-73.9967151, 40.7518667], [-73.9967151, 40.7518667], [-73.9967152, 40.7518667], [-73.9967166, 40.7518643], [-73.9967167, 40.7518642], [-73.9967208, 40.7518586], [-73.9967208, 40.7518586], [-73.9967208, 40.7518585], [-73.9966616, 40.7518272], [-73.9966616, 40.7518272], [-73.9966616, 40.7518272], [-73.9966154, 40.751804], [-73.9966154, 40.751804], [-73.9965964, 40.7517943], [-73.9965964, 40.7517943], [-73.9965964, 40.7517943], [-73.9965964, 40.7517943], [-73.9965963, 40.7517942], [-73.9965593, 40.7517764], [-73.9965593, 40.7517764], [-73.9965593, 40.7517764], [-73.9965592, 40.7517764], [-73.9965592, 40.7517763], [-73.9965155, 40.7517562], [-73.9965155, 40.7517562], [-73.9964878, 40.7517435], [-73.9964878, 40.7517435], [-73.9964878, 40.7517434], [-73.9964508, 40.7517273], [-73.9964507, 40.7517272], [-73.9964077, 40.7517088], [-73.9964077, 40.7517087], [-73.9963909, 40.7517016], [-73.9963908, 40.7517016], [-73.9963907, 40.7517016], [-73.996368, 40.7516922], [-73.996368, 40.7516922], [-73.9963422, 40.7516817], [-73.9963422, 40.7516817], [-73.9963421, 40.7516817], [-73.9963298, 40.7516767], [-73.9963298, 40.7516767], [-73.9963296, 40.7516766], [-73.9963157, 40.7516707], [-73.9963157, 40.7516707], [-73.9962811, 40.7516561], [-73.996281, 40.751656], [-73.996281, 40.751656], [-73.9962603, 40.7516468], [-73.9962603, 40.7516467], [-73.9962602, 40.7516467], [-73.996199, 40.7516191], [-73.996199, 40.7516191], [-73.996199, 40.7516191], [-73.996199, 40.7516191], [-73.9961625, 40.7516034], [-73.9961624, 40.7516033], [-73.9961624, 40.7516033], [-73.9961297, 40.7515895], [-73.9961297, 40.7515895], [-73.9961296, 40.7515894], [-73.9960753, 40.7515664], [-73.9960752, 40.7515664], [-73.9960751, 40.7515663], [-73.9960612, 40.7515604], [-73.9960611, 40.7515604], [-73.9960291, 40.7515468], [-73.9960291, 40.7515468], [-73.9959671, 40.7515206], [-73.995967, 40.7515205], [-73.9959669, 40.7515204], [-73.9959669, 40.7515204], [-73.9959668, 40.7515205], [-73.9959662, 40.7515214], [-73.9959662, 40.7515214], [-73.9959644, 40.7515237], [-73.9959642, 40.7515241], [-73.9959642, 40.7515241], [-73.9959621, 40.7515268], [-73.9959619, 40.7515272], [-73.9959619, 40.7515272], [-73.9959609, 40.7515285], [-73.9959607, 40.7515288], [-73.9959607, 40.7515288], [-73.9959606, 40.7515289], [-73.9959597, 40.7515301], [-73.9959597, 40.7515301], [-73.9959597, 40.7515301], [-73.9959567, 40.7515341], [-73.9959567, 40.7515341], [-73.9959555, 40.7515358], [-73.9959534, 40.7515387], [-73.9959534, 40.7515387], [-73.9959532, 40.7515389], [-73.9959523, 40.7515401], [-73.9959523, 40.7515402], [-73.9959522, 40.7515402], [-73.99595, 40.7515432], [-73.99595, 40.7515433], [-73.99595, 40.7515433], [-73.9959466, 40.7515478], [-73.9959466, 40.7515478], [-73.9959466, 40.7515479], [-73.9959454, 40.7515495], [-73.9959454, 40.7515495], [-73.9959454, 40.7515495], [-73.9959416, 40.7515546], [-73.9959416, 40.7515546], [-73.9959409, 40.7515555], [-73.9959392, 40.7515579], [-73.9959392, 40.7515579], [-73.9959392, 40.751558], [-73.9959391, 40.751558], [-73.9959391, 40.7515581], [-73.995939, 40.7515581], [-73.9959372, 40.7515606], [-73.9959372, 40.7515606], [-73.9959372, 40.7515607], [-73.995948, 40.7515652], [-73.995948, 40.7515652], [-73.9959708, 40.7515747], [-73.9959709, 40.7515747], [-73.9960048, 40.7515891], [-73.9960048, 40.7515891], [-73.9960049, 40.7515891], [-73.9960804, 40.7516214], [-73.9960805, 40.7516214], [-73.9960805, 40.7516214], [-73.9961054, 40.7516322], [-73.9961054, 40.7516322], [-73.9961245, 40.7516405], [-73.9961246, 40.7516406], [-73.9961246, 40.7516406], [-73.9961513, 40.7516514], [-73.9961514, 40.7516515], [-73.9961853, 40.7516651], [-73.9961853, 40.7516651], [-73.9962137, 40.7516764], [-73.9962137, 40.7516764], [-73.9962137, 40.7516765], [-73.9962189, 40.7516787], [-73.996219, 40.7516787], [-73.996219, 40.7516787], [-73.9962495, 40.7516909], [-73.9962495, 40.7516909], [-73.9962795, 40.7517034], [-73.9962795, 40.7517034], [-73.9962796, 40.7517034], [-73.9963128, 40.7517175], [-73.9963129, 40.7517175], [-73.9963317, 40.7517262], [-73.9963317, 40.7517262], [-73.9963318, 40.7517263], [-73.9963557, 40.7517369], [-73.9963558, 40.7517369], [-73.9963558, 40.7517369], [-73.9963558, 40.7517369], [-73.9963559, 40.7517369], [-73.9963559, 40.751737], [-73.9963801, 40.7517477], [-73.9963802, 40.7517477], [-73.9963802, 40.7517478], [-73.9964225, 40.7517654], [-73.9964225, 40.7517654], [-73.9964513, 40.7517774], [-73.9964513, 40.7517774], [-73.9964606, 40.7517811], [-73.9964606, 40.7517811], [-73.9964607, 40.7517812], [-73.9965089, 40.7518002], [-73.9965089, 40.7518002], [-73.996509, 40.7518002], [-73.996509, 40.7518002], [-73.996509, 40.7518002], [-73.9965317, 40.7518088], [-73.9965317, 40.7518089], [-73.9965411, 40.7518124], [-73.9965412, 40.7518124], [-73.9965764, 40.7518254], [-73.9965764, 40.7518254], [-73.9965765, 40.7518255], [-73.9965964, 40.7518327], [-73.9965965, 40.7518327], [-73.9965965, 40.7518327], [-73.9966185, 40.7518406], [-73.9966461, 40.7518504], [-73.9966461, 40.7518504], [-73.9966461, 40.7518504], [-73.9966537, 40.7518529], [-73.9966537, 40.7518529], [-73.9966538, 40.7518529], [-73.9966715, 40.7518588], [-73.9966715, 40.7518588], [-73.9966715, 40.7518588], [-73.9966782, 40.7518609], [-73.9966782, 40.7518609], [-73.9966783, 40.7518609], [-73.9966854, 40.751863], [-73.9966855, 40.751863], [-73.9966855, 40.751863], [-73.9966856, 40.751863], [-73.9967002, 40.7518676], [-73.9967002, 40.7518676], [-73.9967003, 40.7518676], [-73.9967117, 40.7518713], [-73.9967117, 40.7518713]]]}},
{"type": "Feature", "properties": {"level": "platform", "type": "platform", "platform": "7", "source": "Moynihan Station EA, Figure 3-4, February 2010, PDF page 2"}, "geometry": {"type": "Polygon", "coordinates": [[[-73.9947511, 40.7511394], [-73.9947511, 40.7511394], [-73.9947511, 40.7511394], [-73.9947515, 40.7511389], [-73.9947515, 40.7511389], [-73.9947515, 40.7511388], [-73.9946007, 40.7510747], [-73.9946006, 40.7510747], [-73.9945529, 40.7510544], [-73.9945529, 40.7510544], [-73.9943729, 40.7509784], [-73.9943729, 40.7509784], [-73.9943728, 40.7509783], [-73.9943728, 40.7509783], [-73.9943727, 40.7509783], [-73.994299, 40.750947], [-73.994299, 40.750947], [-73.994299, 40.750947], [-73.9942806, 40.750939], [-73.9942806, 40.750939], [-73.9942806, 40.750939], [-73.99428, 40.7509397], [-73.99428, 40.7509397], [-73.994278, 40.7509424], [-73.994278, 40.7509424], [-73.9942779, 40.7509426], [-73.9942721, 40.7509505], [-73.9942721, 40.7509505], [-73.9942718, 40.7509508], [-73.9942718, 40.7509509], [-73.9942686, 40.7509552], [-73.9942685, 40.7509553], [-73.9942669, 40.7509574], [-73.9942669, 40.7509574], [-73.9942665, 40.750958], [-73.9942634, 40.7509622], [-73.9942634, 40.7509622], [-73.9942632, 40.7509626], [-73.9942629, 40.7509629], [-73.9942629, 40.7509629], [-73.9942629, 40.7509629], [-73.9942629, 40.750963], [-73.9942629, 40.750963], [-73.9942628, 40.750963], [-73.9942628, 40.750963], [-73.994248, 40.750983], [-73.994248, 40.750983], [-73.9942476, 40.7509836], [-73.9942444, 40.7509879], [-73.9942444, 40.750988], [-73.994244, 40.7509885], [-73.994244, 40.7509885], [-73.9942995, 40.751012], [-73.9942995, 40.751012], [-73.9943698, 40.7510416], [-73.9943698, 40.7510416], [-73.9943698, 40.7510416], [-73.9943699, 40.7510416], [-73.9944737, 40.7510857], [-73.9944737, 40.7510857], [-73.9944886, 40.7510917], [-73.9944886, 40.7510917], [-73.9945439, 40.7511149], [-73.994544, 40.751115], [-73.9945441, 40.751115], [-73.994562, 40.7511226], [-73.994562, 40.7511226], [-73.9946161, 40.7511451], [-73.9946161, 40.7511451], [-73.9946265, 40.7511495], [-73.9946265, 40.7511495], [-73.9946882, 40.7511752], [-73.9946883, 40.7511752], [-73.994716, 40.7511869], [-73.994716, 40.7511869], [-73.994716, 40.7511869], [-73.9947168, 40.7511858], [-73.9947168, 40.7511858], [-73.9947181, 40.751184], [-73.9947182, 40.751184], [-73.9947182, 40.7511839], [-73.9947182, 40.7511839], [-73.9947184, 40.7511836], [-73.9947184, 40.7511836], [-73.9947195, 40.7511822], [-73.9947195, 40.7511822], [-73.9947196, 40.751182], [-73.99472, 40.7511815], [-73.99472, 40.7511815], [-73.9947201, 40.7511814], [-73.9947201, 40.7511814], [-73.9947202, 40.7511813], [-73.9947202, 40.7511812], [-73.9947213, 40.7511798], [-73.9947213, 40.7511798], [-73.9947215, 40.7511794], [-73.9947218, 40.7511791], [-73.9947218, 40.7511791], [-73.9947238, 40.7511764], [-73.9947258, 40.7511736], [-73.9947259, 40.7511736], [-73.9947265, 40.7511727], [-73.9947303, 40.7511675], [-73.9947303, 40.7511675], [-73.9947303, 40.7511675], [-73.9947303, 40.7511675], [-73.9947335, 40.7511632], [-73.9947335, 40.7511632], [-73.9947335, 40.7511632], [-73.9947336, 40.7511631], [-73.9947364, 40.7511593], [-73.9947364, 40.7511593], [-73.9947364, 40.7511593], [-73.9947364, 40.7511593], [-73.99474, 40.7511544], [-73.99474, 40.7511544], [-73.99474, 40.7511544], [-73.9947401, 40.7511543], [-73.9947418, 40.751152], [-73.9947418, 40.751152], [-73.9947427, 40.7511507], [-73.9947437, 40.7511495], [-73.9947437, 40.7511495], [-73.9947437, 40.7511495], [-73.9947437, 40.7511494], [-73.9947437, 40.7511494], [-73.9947437, 40.7511494], [-73.9947437, 40.7511494], [-73.9947469, 40.7511451], [-73.9947469, 40.7511451], [-73.994747, 40.751145], [-73.994747, 40.751145], [-73.994747, 40.751145], [-73.994747, 40.7511449], [-73.9947475, 40.7511443], [-73.9947477, 40.751144], [-73.9947477, 40.751144], [-73.9947477, 40.751144], [-73.9947477, 40.7511439], [-73.9947478, 40.7511439], [-73.9947478, 40.7511439], [-73.9947478, 40.7511439], [-73.9947509, 40.7511396], [-73.994751, 40.7511396], [-73.994751, 40.7511395], [-73.9947511, 40.7511395], [-73.9947511, 40.7511394]]]}},
{"type": "Feature", "properties": {"level": "platform", "type": "platform", "platform": "7", "source": "Moynihan Station EA, Figure 3-4, February 2010, PDF page 2"}, "geometry": {"type": "Polygon", "coordinates": [[[-73.9958126, 40.7516151], [-73.9958126, 40.7516151], [-73.9958126, 40.7516151], [-73.9958126, 40.7516151], [-73.9958127, 40.7516151], [-73.9958127, 40.7516151], [-73.995813, 40.7516146], [-73.995813, 40.7516146], [-73.9958135, 40.751614], [-73.9958166, 40.7516098], [-73.9958166, 40.7516098], [-73.9958168, 40.7516095], [-73.9958172, 40.751609], [-73.9958173, 40.7516089], [-73.9958174, 40.7516088], [-73.9958174, 40.7516087], [-73.9958176, 40.7516084], [-73.9958176, 40.7516084], [-73.9958191, 40.7516064], [-73.9958207, 40.7516042], [-73.9958207, 40.7516042], [-73.9958211, 40.7516037], [-73.9958212, 40.7516036], [-73.9958212, 40.7516035], [-73.9958213, 40.7516035], [-73.9958213, 40.7516034], [-73.9958213, 40.7516034], [-73.9958222, 40.7516022], [-73.9958222, 40.7516022], [-73.9958222, 40.7516021], [-73.9957553, 40.7515738], [-73.9957553, 40.7515738], [-73.9957551, 40.7515737], [-73.9957551, 40.7515737], [-73.9957551, 40.7515737], [-73.9956885, 40.7515467], [-73.9956885, 40.7515467], [-73.9956884, 40.7515466], [-73.9956884, 40.7515466], [-73.9956637, 40.7515364], [-73.9956637, 40.7515364], [-73.9956636, 40.7515364], [-73.9956636, 40.7515363], [-73.9955964, 40.7515088], [-73.9955964, 40.7515088], [-73.9955964, 40.7515088], [-73.9955963, 40.7515088], [-73.9955872, 40.7515047], [-73.9955871, 40.7515046], [-73.995587, 40.7515046], [-73.995587, 40.7515046], [-73.9955167, 40.7514734], [-73.9955167, 40.7514733], [-73.9954728, 40.7514535], [-73.9954728, 40.7514535], [-73.9954727, 40.7514535], [-73.995428, 40.7514336], [-73.995428, 40.7514336], [-73.995428, 40.7514336], [-73.9954279, 40.7514336], [-73.9953391, 40.7513935], [-73.9953391, 40.7513935], [-73.9953391, 40.7513935], [-73.9953391, 40.7513935], [-73.9952673, 40.7513614], [-73.9952672, 40.7513614], [-73.9952672, 40.7513613], [-73.9952672, 40.7513613], [-73.9952672, 40.7513613], [-73.9951828, 40.7513239], [-73.9951828, 40.7513239], [-73.9951827, 40.7513238], [-73.995154, 40.7513114], [-73.995154, 40.7513114], [-73.9950866, 40.7512821], [-73.9950866, 40.7512821], [-73.9950866, 40.7512821], [-73.9950477, 40.7512654], [-73.9950477, 40.7512654], [-73.9950476, 40.7512654], [-73.9949189, 40.7512098], [-73.9949189, 40.7512098], [-73.9948849, 40.7511954], [-73.9948849, 40.7511954], [-73.9948849, 40.7511954], [-73.9948845, 40.751196], [-73.9948845, 40.751196], [-73.9948839, 40.7511967], [-73.9948803, 40.7512016], [-73.9948803, 40.7512016], [-73.9948803, 40.7512017], [-73.9948803, 40.7512017], [-73.9948788, 40.7512036], [-73.9948788, 40.7512036], [-73.9948785, 40.751204], [-73.9948768, 40.7512064], [-73.9948768, 40.7512064], [-73.9948764, 40.7512069], [-73.9948756, 40.751208], [-73.9948756, 40.751208], [-73.9948754, 40.7512082], [-73.9948702, 40.7512153], [-73.9948702, 40.7512153], [-73.9948692, 40.7512166], [-73.9948645, 40.751223], [-73.9948645, 40.751223], [-73.9948636, 40.7512243], [-73.994859, 40.7512305], [-73.994859, 40.7512305], [-73.9948589, 40.7512307], [-73.9948589, 40.7512307], [-73.9948588, 40.7512307], [-73.9948588, 40.7512307], [-73.9948588, 40.7512307], [-73.9948572, 40.7512328], [-73.9948572, 40.7512329], [-73.9948571, 40.751233], [-73.9948571, 40.751233], [-73.994857, 40.7512331], [-73.994857, 40.7512331], [-73.9948564, 40.751234], [-73.9948564, 40.751234], [-73.9948555, 40.7512352], [-73.9948554, 40.7512353], [-73.9948554, 40.7512353], [-73.994855, 40.7512358], [-73.994855, 40.7512358], [-73.9948538, 40.7512374], [-73.9948538, 40.7512374], [-73.9948537, 40.7512376], [-73.9948537, 40.7512376], [-73.9948522, 40.7512396], [-73.9948522, 40.7512396], [-73.9948521, 40.7512398], [-73.9948506, 40.7512418], [-73.9948506, 40.7512419], [-73.9948505, 40.7512419], [-73.9948505, 40.7512419], [-73.9948505, 40.751242], [-73.9948504, 40.751242], [-73.9948489, 40.7512442], [-73.9948488, 40.7512442], [-73.9948488, 40.7512442], [-73.9948489, 40.7512442], [-73.9948497, 40.7512445], [-73.9948499, 40.7512446], [-73.9948501, 40.7512447], [-73.9948502, 40.7512448], [-73.9948504, 40.7512449], [-73.9948505, 40.751245], [-73.9948506, 40.7512452], [-73.9948506, 40.7512452], [-73.9948506, 40.7512452], [-73.9948506, 40.7512452], [-73.9948507, 40.7512452], [-73.9948663, 40.7512519], [-73.9948663, 40.7512519], [-73.9948748, 40.7512554], [-73.9949365, 40.7512816], [-73.9949365, 40.7512816], [-73.9949847, 40.7513021], [-73.9949847, 40.7513021], [-73.9950079, 40.7513119], [-73.9950079, 40.7513119], [-73.9950486, 40.7513292], [-73.9950487, 40.7513292], [-73.9950929, 40.7513477], [-73.9950929, 40.7513477], [-73.995093, 40.7513477], [-73.9950981, 40.7513501], [-73.9950982, 40.7513501], [-73.995101, 40.7513512], [-73.9951012, 40.7513513], [-73.9951014, 40.7513514], [-73.9951015, 40.7513515], [-73.9951016, 40.7513516], [-73.9951017, 40.7513516], [-73.9951017, 40.7513517], [-73.9951018, 40.7513517], [-73.9951092, 40.7513548], [-73.9951092, 40.7513548], [-73.99511, 40.7513551], [-73.9951101, 40.7513552], [-73.9951103, 40.7513553], [-73.9951104, 40.7513553], [-73.9951104, 40.7513553], [-73.9951104, 40.7513553], [-73.9951104, 40.7513553], [-73.9951105, 40.7513554], [-73.9951105, 40.7513554], [-73.9952429, 40.7514118], [-73.995243, 40.7514118], [-73.9952431, 40.7514118], [-73.9952431, 40.7514118], [-73.9952435, 40.751412], [-73.9952437, 40.7514121], [-73.9952438, 40.7514121], [-73.9952439, 40.7514122], [-73.9952439, 40.7514122], [-73.9952439, 40.7514122], [-73.9952439, 40.7514122], [-73.9952439, 40.7514122], [-73.9952861, 40.7514301], [-73.9952861, 40.7514301], [-73.9953766, 40.7514687], [-73.9953767, 40.7514687], [-73.9953767, 40.7514687], [-73.9953928, 40.7514755], [-73.9953928, 40.7514755], [-73.9953981, 40.7514778], [-73.9953981, 40.7514778], [-73.9954626, 40.7515054], [-73.9954626, 40.7515054], [-73.9954627, 40.7515054], [-73.995528, 40.7515331], [-73.995528, 40.7515331], [-73.9955528, 40.7515436], [-73.9955529, 40.7515436], [-73.9955651, 40.7515488], [-73.9957064, 40.7516088], [-73.9957065, 40.7516088], [-73.9957092, 40.7516098], [-73.9957093, 40.7516098], [-73.9957095, 40.7516099], [-73.9957097, 40.7516101], [-73.9957098, 40.7516102], [-73.9957099, 40.7516102], [-73.9957099, 40.7516102], [-73.9957099, 40.7516102], [-73.9957099, 40.7516102], [-73.9957099, 40.7516102], [-73.9957099, 40.7516102], [-73.9957099, 40.7516102], [-73.9957099, 40.7516102], [-73.9957528, 40.7516284], [-73.9957528, 40.7516284], [-73.9957529, 40.7516285], [-73.995753, 40.7516285], [-73.9957563, 40.7516297], [-73.9957565, 40.7516298], [-73.9957567, 40.7516299], [-73.9957569, 40.75163], [-73.995757, 40.7516301], [-73.9957571, 40.7516302], [-73.9957571, 40.7516302], [-73.9957572, 40.7516303], [-73.9957815, 40.7516406], [-73.9957815, 40.7516406], [-73.9957815, 40.7516405], [-73.995781, 40.7516392], [-73.995781, 40.7516391], [-73.9957809, 40.7516391], [-73.9957809, 40.7516389], [-73.9957809, 40.7516388], [-73.9957807, 40.7516383], [-73.9957807, 40.7516383], [-73.9957807, 40.7516383], [-73.9957807, 40.7516383], [-73.9957806, 40.7516383], [-73.9957806, 40.7516383], [-73.9957806, 40.7516383], [-73.9957806, 40.7516383], [-73.9957496, 40.7516251], [-73.9957495, 40.7516251], [-73.9957446, 40.7516232], [-73.9957444, 40.7516232], [-73.9957443, 40.7516231], [-73.9957441, 40.751623], [-73.995744, 40.7516229], [-73.9957438, 40.7516227], [-73.9957438, 40.7516227], [-73.9957437, 40.7516226], [-73.9957437, 40.7516226], [-73.9956844, 40.7515975], [-73.9956844, 40.7515975], [-73.9956824, 40.7515967], [-73.9956822, 40.7515966], [-73.995682, 40.7515966], [-73.9956819, 40.7515965], [-73.9956817, 40.7515963], [-73.9956816, 40.7515962], [-73.9956815, 40.7515961], [-73.9956814, 40.7515959], [-73.9956813, 40.7515958], [-73.9956813, 40.7515956], [-73.9956813, 40.7515955], [-73.9956813, 40.7515953], [-73.9956813, 40.7515952], [-73.9956813, 40.751595], [-73.9956814, 40.7515949], [-73.9956814, 40.7515947], [-73.9956815, 40.7515946], [-73.9956823, 40.7515935], [-73.9956823, 40.7515935], [-73.9956823, 40.7515935], [-73.9956823, 40.7515934], [-73.9956824, 40.7515934], [-73.9956824, 40.7515934], [-73.9956829, 40.7515928], [-73.9956829, 40.7515928], [-73.9956835, 40.7515919], [-73.9956835, 40.7515918], [-73.9956836, 40.7515918], [-73.9956837, 40.7515917], [-73.9956837, 40.7515916], [-73.9956873, 40.7515868], [-73.9956873, 40.7515867], [-73.9956874, 40.7515866], [-73.9956874, 40.7515866], [-73.9956874, 40.7515866], [-73.9956875, 40.7515865], [-73.9956878, 40.751586], [-73.9956878, 40.751586], [-73.9956879, 40.751586], [-73.9956879, 40.751586], [-73.9956879, 40.751586], [-73.995688, 40.7515858], [-73.995688, 40.7515858], [-73.9956914, 40.7515812], [-73.9956914, 40.7515812], [-73.9956918, 40.7515807], [-73.9956939, 40.7515779], [-73.995694, 40.7515777], [-73.9956941, 40.7515776], [-73.9956942, 40.7515775], [-73.9956944, 40.7515774], [-73.9956946, 40.7515773], [-73.9956947, 40.7515772], [-73.9956949, 40.7515772], [-73.9956951, 40.7515771], [-73.9956953, 40.7515771], [-73.9956955, 40.7515771], [-73.9956957, 40.7515771], [-73.9956959, 40.7515771], [-73.9956961, 40.7515771], [-73.9956963, 40.7515771], [-73.9956965, 40.7515772], [-73.9956967, 40.7515773], [-73.9957949, 40.7516189], [-73.995795, 40.7516189], [-73.995795, 40.7516189], [-73.9958006, 40.7516177], [-73.9958006, 40.7516177], [-73.995805, 40.7516168], [-73.9958051, 40.7516168], [-73.9958051, 40.7516167], [-73.9958053, 40.7516167], [-73.9958055, 40.7516167], [-73.9958056, 40.7516166], [-73.9958056, 40.7516166], [-73.9958058, 40.7516166], [-73.995806, 40.7516166], [-73.9958062, 40.7516166], [-73.9958064, 40.7516166], [-73.9958065, 40.7516166], [-73.9958066, 40.7516166], [-73.9958067, 40.7516165], [-73.9958069, 40.7516164], [-73.9958071, 40.7516163], [-73.9958073, 40.7516163], [-73.995808, 40.7516161], [-73.9958082, 40.7516161], [-73.9958102, 40.7516158], [-73.9958103, 40.7516158], [-73.9958103, 40.7516158], [-73.995811, 40.7516155], [-73.9958112, 40.7516155], [-73.9958114, 40.7516154], [-73.9958126, 40.7516151]]]}},
{"type": "Feature", "properties": {"level": "platform", "type": "platform", "platform": "7", "source": "Moynihan Station EA, Figure 3-4, February 2010, PDF page 2"}, "geometry": {"type": "Polygon", "coordinates": [[[-73.9967394, 40.7519749], [-73.9967394, 40.7519749], [-73.9967386, 40.7519746], [-73.9967384, 40.7519745], [-73.9967382, 40.7519744], [-73.9967382, 40.7519744], [-73.9967382, 40.7519744], [-73.9967382, 40.7519744], [-73.9967382, 40.7519744], [-73.996733, 40.7519722], [-73.9967328, 40.7519721], [-73.9967327, 40.751972], [-73.9967325, 40.7519719], [-73.9967324, 40.7519718], [-73.9967323, 40.7519717], [-73.9967322, 40.7519715], [-73.9967321, 40.7519714], [-73.996732, 40.7519713], [-73.996732, 40.7519711], [-73.996732, 40.751971], [-73.9967319, 40.7519708], [-73.996732, 40.7519706], [-73.996732, 40.7519705], [-73.9967321, 40.7519703], [-73.9967321, 40.7519702], [-73.9967322, 40.7519701], [-73.9967347, 40.7519667], [-73.9967347, 40.7519667], [-73.9967348, 40.7519666], [-73.9967348, 40.7519665], [-73.9967349, 40.7519664], [-73.9967349, 40.7519664], [-73.996735, 40.7519664], [-73.996735, 40.7519663], [-73.9967351, 40.7519662], [-73.9967351, 40.7519662], [-73.9967351, 40.7519661], [-73.9967351, 40.7519661], [-73.9967352, 40.751966], [-73.9967353, 40.7519659], [-73.9967354, 40.7519658], [-73.9967354, 40.7519658], [-73.9967354, 40.7519658], [-73.9967354, 40.7519658], [-73.9967354, 40.7519657], [-73.9967365, 40.7519643], [-73.9967365, 40.7519643], [-73.9967375, 40.7519628], [-73.9967375, 40.7519628], [-73.9967382, 40.7519619], [-73.9967382, 40.7519619], [-73.9967394, 40.7519603], [-73.9967395, 40.7519603], [-73.9967395, 40.7519601], [-73.9967396, 40.7519601], [-73.9967396, 40.7519601], [-73.9967396, 40.7519601], [-73.9967404, 40.751959], [-73.9967404, 40.751959], [-73.9967405, 40.7519589], [-73.9967405, 40.7519588], [-73.9967406, 40.7519588], [-73.9967406, 40.7519588], [-73.9967412, 40.7519579], [-73.9967412, 40.7519579], [-73.9967414, 40.7519576], [-73.9967415, 40.7519575], [-73.9967415, 40.7519574], [-73.9967416, 40.7519574], [-73.9967416, 40.7519573], [-73.9967416, 40.7519573], [-73.9967418, 40.751957], [-73.9967419, 40.751957], [-73.9967418, 40.751957], [-73.9967037, 40.7519425], [-73.9967037, 40.7519425], [-73.9967036, 40.7519424], [-73.9967035, 40.7519424], [-73.9966793, 40.7519341], [-73.9966793, 40.7519341], [-73.9966793, 40.7519341], [-73.9966708, 40.7519314], [-73.9966708, 40.7519314], [-73.9966708, 40.7519314], [-73.9966445, 40.7519229], [-73.9966445, 40.7519229], [-73.9966444, 40.7519229], [-73.9966444, 40.7519229], [-73.9966444, 40.7519229], [-73.9966138, 40.751913], [-73.9966138, 40.751913], [-73.9966137, 40.751913], [-73.9966137, 40.751913], [-73.9966137, 40.751913], [-73.9965682, 40.751898], [-73.9965681, 40.751898], [-73.9965462, 40.7518908], [-73.9965462, 40.7518908], [-73.9965461, 40.7518908], [-73.9965461, 40.7518908], [-73.9965461, 40.7518908], [-73.9965026, 40.7518762], [-73.9965026, 40.7518762], [-73.9965025, 40.7518762], [-73.9964256, 40.7518493], [-73.9964256, 40.7518493], [-73.9964255, 40.7518493], [-73.9964158, 40.7518459], [-73.9964157, 40.7518458], [-73.9964157, 40.7518458], [-73.9964155, 40.7518458], [-73.9964153, 40.7518458], [-73.9964151, 40.7518458], [-73.9964149, 40.7518457], [-73.9964147, 40.7518457], [-73.9963948, 40.7518382], [-73.9963948, 40.7518382], [-73.9963947, 40.7518381], [-73.9963534, 40.751823], [-73.9963534, 40.751823], [-73.9963533, 40.751823], [-73.9963532, 40.751823], [-73.996353, 40.751823], [-73.9963528, 40.7518229], [-73.9963526, 40.7518229], [-73.9963097, 40.7518067], [-73.9963095, 40.7518066], [-73.9963094, 40.7518065], [-73.9963092, 40.7518065], [-73.9963092, 40.7518065], [-73.9963092, 40.7518064], [-73.9962741, 40.7517928], [-73.9962741, 40.7517928], [-73.9962696, 40.7517911], [-73.9962694, 40.751791], [-73.9962693, 40.7517909], [-73.9962691, 40.7517908], [-73.996269, 40.7517907], [-73.9962689, 40.7517906], [-73.9962688, 40.7517905], [-73.9962688, 40.7517905], [-73.9962687, 40.7517905], [-73.9962609, 40.7517874], [-73.9962609, 40.7517874], [-73.9962609, 40.7517874], [-73.9962608, 40.7517874], [-73.9962014, 40.7517629], [-73.9962014, 40.7517629], [-73.9962014, 40.7517629], [-73.9962013, 40.7517629], [-73.9962013, 40.7517629], [-73.9961463, 40.7517403], [-73.9961462, 40.7517402], [-73.9961462, 40.7517402], [-73.9961461, 40.7517402], [-73.9961151, 40.7517275], [-73.9961151, 40.7517275], [-73.996115, 40.7517275], [-73.9960759, 40.7517104], [-73.9960759, 40.7517104], [-73.9960758, 40.7517104], [-73.9960758, 40.7517104], [-73.9960758, 40.7517104], [-73.9960478, 40.7516983], [-73.9960478, 40.7516983], [-73.9960477, 40.7516982], [-73.9960235, 40.7516877], [-73.9960235, 40.7516877], [-73.9960235, 40.7516877], [-73.9959987, 40.7516772], [-73.9959986, 40.7516772], [-73.9959986, 40.7516772], [-73.9959986, 40.7516772], [-73.9959958, 40.7516761], [-73.9959956, 40.751676], [-73.9959954, 40.7516759], [-73.9959952, 40.7516758], [-73.9959951, 40.7516757], [-73.9959951, 40.7516757], [-73.995995, 40.7516757], [-73.995995, 40.7516757], [-73.9959331, 40.7516491], [-73.995933, 40.7516491], [-73.9959329, 40.7516491], [-73.9959329, 40.7516491], [-73.9958864, 40.7516294], [-73.9958864, 40.7516294], [-73.9958864, 40.7516294], [-73.9958852, 40.751631], [-73.9958852, 40.751631], [-73.9958851, 40.7516312], [-73.995885, 40.7516312], [-73.9958833, 40.7516335], [-73.9958833, 40.7516336], [-73.9958832, 40.7516337], [-73.9958831, 40.7516338], [-73.9958827, 40.7516343], [-73.9958827, 40.7516343], [-73.9958825, 40.7516347], [-73.9958818, 40.7516355], [-73.9958818, 40.7516356], [-73.9958818, 40.7516356], [-73.9958818, 40.7516356], [-73.9958817, 40.7516357], [-73.9958816, 40.7516358], [-73.9958809, 40.7516369], [-73.9958809, 40.7516369], [-73.9958807, 40.751637], [-73.995879, 40.7516393], [-73.995879, 40.7516393], [-73.9958789, 40.7516395], [-73.9958789, 40.7516395], [-73.995878, 40.7516407], [-73.995878, 40.7516407], [-73.9958778, 40.7516411], [-73.9958769, 40.7516422], [-73.9958769, 40.7516422], [-73.9958766, 40.7516427], [-73.9958765, 40.7516427], [-73.9958765, 40.7516428], [-73.9958764, 40.7516429], [-73.9958764, 40.7516429], [-73.9958764, 40.7516429], [-73.9958763, 40.7516431], [-73.9958762, 40.7516432], [-73.9958761, 40.7516432], [-73.9958761, 40.7516433], [-73.995876, 40.7516434], [-73.995876, 40.7516434], [-73.995876, 40.7516435], [-73.995876, 40.7516435], [-73.9958722, 40.7516485], [-73.9958722, 40.7516485], [-73.9958722, 40.7516486], [-73.9958722, 40.7516486], [-73.9958722, 40.7516486], [-73.9958717, 40.7516492], [-73.9958717, 40.7516493], [-73.9958717, 40.7516493], [-73.99587, 40.7516516], [-73.99587, 40.7516516], [-73.9958699, 40.7516517], [-73.9958699, 40.7516517], [-73.9958682, 40.751654], [-73.9958682, 40.751654], [-73.9958679, 40.7516544], [-73.9958679, 40.7516544], [-73.9958679, 40.7516544], [-73.9958679, 40.7516544], [-73.9958678, 40.7516546], [-73.9958677, 40.7516546], [-73.9958671, 40.7516555], [-73.9958671, 40.7516555], [-73.9958659, 40.7516571], [-73.9958639, 40.7516599], [-73.9958639, 40.7516599], [-73.9958633, 40.7516606], [-73.9958633, 40.7516606], [-73.9958632, 40.7516607], [-73.9958632, 40.7516607], [-73.9958632, 40.7516608], [-73.9958632, 40.7516608], [-73.995863, 40.751661], [-73.9958624, 40.7516619], [-73.9958624, 40.7516619], [-73.9958609, 40.7516639], [-73.9958605, 40.7516644], [-73.9958605, 40.7516644], [-73.9958593, 40.7516661], [-73.9958592, 40.7516661], [-73.9958591, 40.7516662], [-73.9958591, 40.7516663], [-73.9958579, 40.7516679], [-73.9958579, 40.751668], [-73.9958578, 40.7516681], [-73.9958577, 40.7516681], [-73.9958576, 40.7516683], [-73.9958576, 40.7516683], [-73.9958568, 40.7516694], [-73.9958566, 40.7516698], [-73.9958566, 40.7516698], [-73.9958551, 40.7516718], [-73.9958551, 40.7516718], [-73.995855, 40.7516719], [-73.9958549, 40.7516719], [-73.995855, 40.751672], [-73.9958605, 40.7516743], [-73.9958605, 40.7516743], [-73.9959473, 40.7517101], [-73.9959473, 40.7517102], [-73.9959473, 40.7517102], [-73.9959474, 40.7517102], [-73.9959474, 40.7517102], [-73.9959857, 40.751726], [-73.9959858, 40.751726], [-73.9959858, 40.751726], [-73.9959859, 40.751726], [-73.9960043, 40.7517334], [-73.9960044, 40.7517334], [-73.9960055, 40.7517338], [-73.9960057, 40.7517339], [-73.9960058, 40.751734], [-73.996006, 40.751734], [-73.996006, 40.7517341], [-73.996006, 40.7517341], [-73.996006, 40.7517341], [-73.9960061, 40.7517341], [-73.9960061, 40.7517341], [-73.9960662, 40.7517577], [-73.9960662, 40.7517577], [-73.9960663, 40.7517577], [-73.9960664, 40.7517577], [-73.9960867, 40.7517659], [-73.9960868, 40.7517659], [-73.9961522, 40.75179], [-73.9961522, 40.75179], [-73.9961523, 40.7517901], [-73.9961919, 40.751804], [-73.996192, 40.751804], [-73.9961969, 40.7518059], [-73.9961969, 40.7518059], [-73.9962098, 40.7518102], [-73.9962099, 40.7518102], [-73.9962099, 40.7518102], [-73.9962507, 40.7518244], [-73.9962507, 40.7518244], [-73.9962508, 40.7518244], [-73.9963126, 40.7518446], [-73.9963127, 40.7518447], [-73.9963257, 40.7518487], [-73.9963257, 40.7518487], [-73.9963259, 40.7518488], [-73.9963259, 40.7518488], [-73.9963799, 40.7518664], [-73.9963799, 40.7518664], [-73.99638, 40.7518664], [-73.99638, 40.7518665], [-73.9964119, 40.7518766], [-73.9964119, 40.7518766], [-73.9964119, 40.7518766], [-73.996412, 40.7518766], [-73.996412, 40.7518766], [-73.996412, 40.7518766], [-73.9964122, 40.7518766], [-73.9964124, 40.7518766], [-73.9964126, 40.7518767], [-73.9964128, 40.7518767], [-73.996413, 40.7518767], [-73.9964131, 40.7518768], [-73.9964158, 40.7518778], [-73.9964158, 40.7518778], [-73.9964159, 40.7518778], [-73.9964523, 40.7518897], [-73.9964523, 40.7518897], [-73.9964523, 40.7518897], [-73.9964524, 40.7518897], [-73.9964524, 40.7518897], [-73.9964524, 40.7518897], [-73.9964526, 40.7518897], [-73.9964528, 40.7518897], [-73.996453, 40.7518897], [-73.9964532, 40.7518897], [-73.9964534, 40.7518898], [-73.9964536, 40.7518898], [-73.9964552, 40.7518904], [-73.9964553, 40.7518904], [-73.9964553, 40.7518905], [-73.9965074, 40.7519073], [-73.9965075, 40.7519073], [-73.9965075, 40.7519073], [-73.9965648, 40.7519251], [-73.9965649, 40.7519252], [-73.9965649, 40.7519252], [-73.9965731, 40.7519277], [-73.9965731, 40.7519277], [-73.9965731, 40.7519277], [-73.9965732, 40.7519277], [-73.9965732, 40.7519277], [-73.9965732, 40.7519277], [-73.9965732, 40.7519277], [-73.9965732, 40.7519277], [-73.9965906, 40.7519332], [-73.9965906, 40.7519332], [-73.9965906, 40.7519332], [-73.9965907, 40.7519332], [-73.9966136, 40.7519398], [-73.9966136, 40.7519398], [-73.9966136, 40.7519398], [-73.9966289, 40.7519444], [-73.9966289, 40.7519444], [-73.9966289, 40.7519444], [-73.9966672, 40.7519556], [-73.9966672, 40.7519556], [-73.9966672, 40.7519556], [-73.9966701, 40.7519563], [-73.9966702, 40.7519564], [-73.9966792, 40.751959], [-73.9966793, 40.751959], [-73.9967216, 40.7519705], [-73.9967218, 40.7519706], [-73.9967218, 40.7519706], [-73.9967394, 40.7519749], [-73.9967394, 40.7519749]]]}},
{"type": "Feature", "properties": {"level": "platform", "type": "platform", "platform": "8", "source": "Moynihan Station EA, Figure 3-4, February 2010, PDF page 2"}, "geometry": {"type": "Polygon", "coordinates": [[[-73.9946417, 40.7512879], [-73.9946417, 40.7512879], [-73.9946432, 40.7512859], [-73.9946435, 40.7512855], [-73.9946435, 40.7512855], [-73.9946443, 40.7512844], [-73.9946456, 40.7512826], [-73.9946456, 40.7512826], [-73.9946462, 40.7512819], [-73.9946468, 40.751281], [-73.9946468, 40.751281], [-73.9946483, 40.751279], [-73.9946518, 40.7512742], [-73.9946518, 40.7512742], [-73.994652, 40.751274], [-73.9946537, 40.7512717], [-73.9946537, 40.7512717], [-73.9946555, 40.7512693], [-73.9946583, 40.7512654], [-73.9946583, 40.7512654], [-73.9946601, 40.7512631], [-73.9946656, 40.7512556], [-73.9946656, 40.7512556], [-73.9946656, 40.7512556], [-73.9946659, 40.7512552], [-73.994669, 40.751251], [-73.994669, 40.751251], [-73.9946693, 40.7512506], [-73.9946697, 40.7512501], [-73.9946697, 40.7512501], [-73.9946703, 40.7512492], [-73.9946703, 40.7512492], [-73.9946703, 40.7512492], [-73.99464, 40.7512363], [-73.9946399, 40.7512363], [-73.9946399, 40.7512363], [-73.9946397, 40.7512363], [-73.9946396, 40.7512362], [-73.9946394, 40.7512362], [-73.9946392, 40.7512361], [-73.9946364, 40.7512348], [-73.9946363, 40.7512348], [-73.9946363, 40.7512348], [-73.9946359, 40.7512353], [-73.9946359, 40.7512353], [-73.9946359, 40.7512353], [-73.9946358, 40.7512355], [-73.9946358, 40.7512355], [-73.9946338, 40.7512381], [-73.9946337, 40.7512383], [-73.9946336, 40.7512384], [-73.9946335, 40.7512385], [-73.9946333, 40.7512386], [-73.9946331, 40.7512387], [-73.994633, 40.7512388], [-73.9946328, 40.7512388], [-73.9946326, 40.7512389], [-73.9946324, 40.7512389], [-73.9946322, 40.7512389], [-73.994632, 40.7512389], [-73.9946318, 40.7512389], [-73.9946316, 40.7512389], [-73.9946314, 40.7512389], [-73.9946312, 40.7512388], [-73.994631, 40.7512387], [-73.994614, 40.7512315], [-73.994614, 40.7512315], [-73.9946063, 40.7512283], [-73.9946062, 40.7512282], [-73.9945878, 40.7512204], [-73.9945877, 40.7512203], [-73.9945875, 40.7512203], [-73.9945873, 40.7512202], [-73.9945872, 40.75122], [-73.9945871, 40.7512199], [-73.994587, 40.7512198], [-73.9945869, 40.7512196], [-73.9945868, 40.7512195], [-73.9945868, 40.7512193], [-73.9945868, 40.7512192], [-73.9945868, 40.751219], [-73.9945868, 40.7512189], [-73.9945868, 40.7512187], [-73.9945869, 40.7512186], [-73.9945869, 40.7512184], [-73.994587, 40.7512183], [-73.9945895, 40.751215], [-73.9945895, 40.7512149], [-73.9945895, 40.7512149], [-73.9944419, 40.7511523], [-73.9944419, 40.7511523], [-73.9944419, 40.7511523], [-73.9943853, 40.7511284], [-73.9943853, 40.7511283], [-73.9943853, 40.7511283], [-73.9943852, 40.7511283], [-73.9943852, 40.7511283], [-73.994243, 40.751068], [-73.994243, 40.751068], [-73.994243, 40.751068], [-73.9942429, 40.751068], [-73.9942429, 40.751068], [-73.9942428, 40.7510679], [-73.9942428, 40.7510679], [-73.9942428, 40.7510679], [-73.9941991, 40.7510494], [-73.9941991, 40.7510494], [-73.994199, 40.7510494], [-73.994199, 40.7510494], [-73.9941981, 40.7510506], [-73.9941981, 40.7510506], [-73.9941978, 40.751051], [-73.99419, 40.7510616], [-73.99419, 40.7510616], [-73.9941899, 40.7510618], [-73.9941898, 40.7510618], [-73.9941896, 40.7510622], [-73.9941896, 40.7510622], [-73.9941888, 40.7510632], [-73.9941867, 40.751066], [-73.9941867, 40.751066], [-73.9941866, 40.7510662], [-73.9941862, 40.7510667], [-73.9941862, 40.7510667], [-73.9941854, 40.7510678], [-73.994184, 40.7510696], [-73.994184, 40.7510696], [-73.9941838, 40.75107], [-73.9941812, 40.7510735], [-73.9941812, 40.7510735], [-73.9941801, 40.7510749], [-73.9941792, 40.7510762], [-73.9941792, 40.7510763], [-73.9941791, 40.7510764], [-73.994179, 40.7510764], [-73.9941756, 40.7510811], [-73.9941755, 40.7510812], [-73.9941754, 40.7510813], [-73.9941754, 40.7510814], [-73.9941734, 40.7510841], [-73.9941734, 40.7510841], [-73.9941728, 40.7510848], [-73.9941726, 40.7510851], [-73.9941726, 40.7510851], [-73.9941725, 40.7510852], [-73.994171, 40.7510873], [-73.9941709, 40.7510874], [-73.9941681, 40.7510912], [-73.9941681, 40.7510912], [-73.9941671, 40.7510926], [-73.994167, 40.7510927], [-73.994167, 40.7510927], [-73.9941668, 40.751093], [-73.9941656, 40.7510947], [-73.9941655, 40.7510947], [-73.9941655, 40.7510947], [-73.9941655, 40.7510947], [-73.9941654, 40.7510949], [-73.9941654, 40.7510949], [-73.9941629, 40.7510983], [-73.9941629, 40.7510983], [-73.9941628, 40.7510984], [-73.9941628, 40.7510984], [-73.9941625, 40.7510989], [-73.9941624, 40.7510989], [-73.9941625, 40.7510989], [-73.9942133, 40.7511205], [-73.9942133, 40.7511205], [-73.994312, 40.7511623], [-73.994312, 40.7511623], [-73.9943821, 40.751192], [-73.9943821, 40.751192], [-73.9943821, 40.751192], [-73.9943822, 40.751192], [-73.9943822, 40.751192], [-73.9943822, 40.751192], [-73.9943822, 40.7511921], [-73.9944459, 40.7512188], [-73.994446, 40.7512189], [-73.9944718, 40.75123], [-73.9944718, 40.7512301], [-73.9944719, 40.7512301], [-73.9944719, 40.7512301], [-73.994566, 40.75127], [-73.994566, 40.75127], [-73.9946337, 40.7512987], [-73.9946337, 40.7512987], [-73.9946338, 40.7512987], [-73.9946353, 40.7512965], [-73.9946354, 40.7512965], [-73.9946355, 40.7512963], [-73.9946355, 40.7512963], [-73.9946375, 40.7512936], [-73.9946375, 40.7512936], [-73.9946376, 40.7512934], [-73.9946377, 40.7512934], [-73.9946417, 40.7512879]]]}},
{"type": "Feature", "properties": {"level": "platform", "type": "platform", "platform": "8", "source": "Moynihan Station EA, Figure 3-4, February 2010, PDF page 2"}, "geometry": {"type": "Polygon", "coordinates": [[[-73.9957415, 40.7517038], [-73.9957414, 40.7517037], [-73.9956874, 40.7516806], [-73.9956873, 40.7516806], [-73.9954447, 40.7515777], [-73.9954447, 40.7515777], [-73.9953421, 40.7515352], [-73.995342, 40.7515351], [-73.9953419, 40.7515351], [-73.9953419, 40.7515351], [-73.9953419, 40.7515351], [-73.9953418, 40.751535], [-73.9953418, 40.751535], [-73.9953418, 40.751535], [-73.9953179, 40.7515251], [-73.9953179, 40.7515251], [-73.9952789, 40.7515089], [-73.9952789, 40.7515089], [-73.9952789, 40.7515088], [-73.9952789, 40.7515088], [-73.9952788, 40.7515088], [-73.9952786, 40.7515088], [-73.9952785, 40.7515087], [-73.9952784, 40.7515087], [-73.9952777, 40.7515084], [-73.9952777, 40.7515083], [-73.9952616, 40.7515015], [-73.9952615, 40.7515015], [-73.9951856, 40.7514678], [-73.9951855, 40.7514678], [-73.9951854, 40.7514678], [-73.9951854, 40.7514678], [-73.9951174, 40.7514389], [-73.9951174, 40.7514389], [-73.9950292, 40.7514015], [-73.9950292, 40.7514015], [-73.9950291, 40.7514015], [-73.9950291, 40.7514015], [-73.9950291, 40.7514015], [-73.9950291, 40.7514015], [-73.9948837, 40.7513396], [-73.9948836, 40.7513396], [-73.9948836, 40.7513396], [-73.9948835, 40.7513396], [-73.9948835, 40.7513396], [-73.9948036, 40.7513057], [-73.9948035, 40.7513056], [-73.9948035, 40.7513056], [-73.9948034, 40.7513056], [-73.9948003, 40.75131], [-73.9948002, 40.75131], [-73.9948001, 40.7513102], [-73.9948001, 40.7513102], [-73.9948001, 40.7513102], [-73.9947918, 40.7513215], [-73.9947918, 40.7513215], [-73.9947917, 40.7513215], [-73.9947917, 40.7513216], [-73.9947884, 40.751326], [-73.9947884, 40.751326], [-73.9947883, 40.7513261], [-73.9947883, 40.7513262], [-73.994784, 40.7513319], [-73.994784, 40.7513319], [-73.9947825, 40.7513339], [-73.9947824, 40.7513341], [-73.9947824, 40.7513342], [-73.9947823, 40.7513343], [-73.9947823, 40.7513343], [-73.9947803, 40.7513371], [-73.9947803, 40.7513371], [-73.9947793, 40.7513383], [-73.9947773, 40.7513411], [-73.9947773, 40.7513411], [-73.9947773, 40.7513411], [-73.9947766, 40.751342], [-73.9947761, 40.7513427], [-73.9947761, 40.7513427], [-73.994776, 40.7513428], [-73.994776, 40.7513428], [-73.994776, 40.7513428], [-73.9947759, 40.7513429], [-73.994775, 40.7513441], [-73.994775, 40.7513442], [-73.994775, 40.7513442], [-73.9947762, 40.7513447], [-73.9947762, 40.7513447], [-73.9948184, 40.7513626], [-73.9948184, 40.7513626], [-73.9948184, 40.7513626], [-73.9948184, 40.7513626], [-73.9948186, 40.7513626], [-73.9948188, 40.7513626], [-73.994819, 40.7513626], [-73.9948192, 40.7513626], [-73.9948193, 40.7513627], [-73.9948195, 40.7513627], [-73.9948197, 40.7513628], [-73.9948228, 40.7513642], [-73.994823, 40.7513643], [-73.9948231, 40.7513644], [-73.9948233, 40.7513645], [-73.9948234, 40.7513647], [-73.9948235, 40.7513648], [-73.9948236, 40.7513649], [-73.9948237, 40.7513651], [-73.9948238, 40.7513652], [-73.9948238, 40.7513653], [-73.9948238, 40.7513655], [-73.9948238, 40.7513656], [-73.9948238, 40.7513658], [-73.9948238, 40.7513659], [-73.9948237, 40.7513661], [-73.9948236, 40.7513662], [-73.9948235, 40.7513664], [-73.9948235, 40.7513664], [-73.9948235, 40.7513664], [-73.9948235, 40.7513665], [-73.9948235, 40.7513665], [-73.9948235, 40.7513665], [-73.9948234, 40.7513665], [-73.9948233, 40.7513667], [-73.9948222, 40.7513677], [-73.9948222, 40.7513678], [-73.9948222, 40.7513678], [-73.9948222, 40.7513678], [-73.9948221, 40.7513679], [-73.994822, 40.751368], [-73.9948201, 40.7513702], [-73.99482, 40.7513703], [-73.99482, 40.7513703], [-73.99482, 40.7513703], [-73.9948198, 40.7513705], [-73.9948197, 40.7513707], [-73.9948156, 40.751375], [-73.9948155, 40.751375], [-73.9948155, 40.751375], [-73.9948155, 40.751375], [-73.9948156, 40.7513751], [-73.9948268, 40.7513803], [-73.9948269, 40.7513803], [-73.9950114, 40.7514588], [-73.9950114, 40.7514588], [-73.9950126, 40.7514593], [-73.9950127, 40.7514593], [-73.9950127, 40.7514593], [-73.9950128, 40.7514594], [-73.995013, 40.7514594], [-73.9950132, 40.7514595], [-73.9950146, 40.7514601], [-73.9950146, 40.7514602], [-73.9950146, 40.7514602], [-73.9951077, 40.7514992], [-73.9951078, 40.7514992], [-73.9951565, 40.7515198], [-73.9951565, 40.7515198], [-73.9952031, 40.7515394], [-73.9952031, 40.7515394], [-73.9952032, 40.7515394], [-73.9952273, 40.7515491], [-73.9952273, 40.7515491], [-73.9952977, 40.7515773], [-73.9952977, 40.7515773], [-73.9953121, 40.7515831], [-73.9953121, 40.7515832], [-73.9953121, 40.7515832], [-73.995391, 40.751614], [-73.995391, 40.751614], [-73.9953981, 40.7516167], [-73.9953982, 40.7516168], [-73.9954779, 40.7516472], [-73.9954779, 40.7516472], [-73.9955632, 40.7516779], [-73.9955633, 40.7516779], [-73.9955939, 40.7516887], [-73.995594, 40.7516887], [-73.9956124, 40.7516954], [-73.9956125, 40.7516954], [-73.9956125, 40.7516954], [-73.9956416, 40.7517056], [-73.9956416, 40.7517056], [-73.9956583, 40.7517112], [-73.9956583, 40.7517112], [-73.9956584, 40.7517112], [-73.9957083, 40.7517281], [-73.9957084, 40.7517281], [-73.9957155, 40.7517307], [-73.9957155, 40.7517307], [-73.9957156, 40.7517307], [-73.9957178, 40.7517314], [-73.9957179, 40.7517314], [-73.9957179, 40.7517314], [-73.9957179, 40.7517314], [-73.9957158, 40.7517253], [-73.9957158, 40.7517253], [-73.9957157, 40.7517252], [-73.995618, 40.7516838], [-73.9956178, 40.7516837], [-73.9956176, 40.7516836], [-73.9956175, 40.7516835], [-73.9956174, 40.7516834], [-73.9956172, 40.7516833], [-73.9956171, 40.7516831], [-73.9956171, 40.751683], [-73.995617, 40.7516829], [-73.9956169, 40.7516827], [-73.9956169, 40.7516826], [-73.9956169, 40.7516824], [-73.9956169, 40.7516822], [-73.995617, 40.7516821], [-73.995617, 40.7516819], [-73.9956171, 40.7516818], [-73.9956172, 40.7516817], [-73.9956196, 40.7516783], [-73.9956197, 40.7516783], [-73.9956198, 40.7516781], [-73.9956198, 40.7516781], [-73.9956205, 40.7516772], [-73.9956205, 40.7516772], [-73.9956226, 40.7516743], [-73.9956232, 40.7516735], [-73.9956232, 40.7516735], [-73.9956244, 40.7516719], [-73.9956264, 40.7516692], [-73.9956264, 40.7516691], [-73.9956265, 40.751669], [-73.9956266, 40.751669], [-73.9956266, 40.7516689], [-73.9956266, 40.7516689], [-73.9956266, 40.7516689], [-73.9956279, 40.7516671], [-73.9956279, 40.7516671], [-73.9956282, 40.7516668], [-73.9956295, 40.751665], [-73.9956296, 40.7516649], [-73.9956297, 40.7516648], [-73.9956298, 40.7516647], [-73.99563, 40.7516646], [-73.9956302, 40.7516645], [-73.9956303, 40.7516644], [-73.9956305, 40.7516643], [-73.9956307, 40.7516643], [-73.9956309, 40.7516642], [-73.9956311, 40.7516642], [-73.9956313, 40.7516642], [-73.9956315, 40.7516642], [-73.9956317, 40.7516643], [-73.9956319, 40.7516643], [-73.9956321, 40.7516644], [-73.9956323, 40.7516644], [-73.9957305, 40.7517061], [-73.9957305, 40.7517061], [-73.9957306, 40.7517061], [-73.9957306, 40.7517061], [-73.9957306, 40.7517061], [-73.9957306, 40.7517061], [-73.9957306, 40.7517061], [-73.9957328, 40.7517056], [-73.9957328, 40.7517056], [-73.9957372, 40.7517047], [-73.9957374, 40.7517046], [-73.995739, 40.7517044], [-73.9957391, 40.7517044], [-73.9957391, 40.7517044], [-73.9957391, 40.7517044], [-73.9957414, 40.7517038], [-73.9957415, 40.7517038]]]}},
{"type": "Feature", "properties": {"level": "platform", "type": "platform", "platform": "9", "source": "Moynihan Station EA, Figure 3-4, February 2010, PDF page 2"}, "geometry": {"type": "Polygon", "coordinates": [[[-73.9945879, 40.7513604], [-73.9945879, 40.7513604], [-73.9945878, 40.7513604], [-73.9945023, 40.7513231], [-73.9944626, 40.7513061], [-73.9944626, 40.7513061], [-73.9943694, 40.7512663], [-73.9943694, 40.7512663], [-73.9943639, 40.751264], [-73.9943639, 40.751264], [-73.9942607, 40.7512202], [-73.9942606, 40.7512202], [-73.9941177, 40.7511596], [-73.9941176, 40.7511596], [-73.9941176, 40.7511596], [-73.994084, 40.751205], [-73.994084, 40.7512051], [-73.994084, 40.7512051], [-73.994084, 40.7512051], [-73.9940811, 40.7512091], [-73.994081, 40.7512091], [-73.9940811, 40.7512091], [-73.9942248, 40.7512696], [-73.9942248, 40.7512696], [-73.9942249, 40.7512696], [-73.994225, 40.7512697], [-73.994225, 40.7512697], [-73.9942251, 40.7512697], [-73.9942251, 40.7512697], [-73.9943283, 40.7513134], [-73.9943283, 40.7513134], [-73.9943336, 40.7513157], [-73.9944269, 40.7513553], [-73.9944269, 40.7513553], [-73.9944666, 40.7513723], [-73.9944666, 40.7513723], [-73.9945522, 40.7514086], [-73.9945522, 40.7514086], [-73.9945523, 40.7514086], [-73.9945845, 40.7513649], [-73.9945845, 40.7513649], [-73.9945878, 40.7513604], [-73.9945879, 40.7513604]]]}},
{"type": "Feature", "properties": {"level": "platform", "type": "platform", "platform": "9", "source": "Moynihan Station EA, Figure 3-4, February 2010, PDF page 2"}, "geometry": {"type": "Polygon", "coordinates": [[[-73.9950129, 40.7515941], [-73.9950129, 40.7515941], [-73.9950259, 40.7515761], [-73.9950259, 40.7515761], [-73.9950259, 40.7515761], [-73.9950259, 40.751576], [-73.9950033, 40.7515651], [-73.9950033, 40.751565], [-73.9949815, 40.7515544], [-73.9949814, 40.7515543], [-73.9949814, 40.7515543], [-73.99497, 40.7515485], [-73.99497, 40.7515485], [-73.9949699, 40.7515485], [-73.9949279, 40.7515261], [-73.9949279, 40.7515261], [-73.9948951, 40.7515089], [-73.994895, 40.7515088], [-73.994895, 40.7515088], [-73.9948671, 40.7514939], [-73.9948671, 40.7514939], [-73.9948671, 40.7514939], [-73.9948671, 40.7514939], [-73.9948376, 40.7514782], [-73.9948375, 40.7514782], [-73.9948375, 40.7514782], [-73.9948318, 40.7514753], [-73.9948318, 40.7514753], [-73.9948318, 40.7514753], [-73.9948318, 40.7514753], [-73.9947494, 40.7514346], [-73.9947494, 40.7514346], [-73.9947379, 40.7514288], [-73.9947379, 40.7514288], [-73.9947379, 40.7514288], [-73.9947379, 40.7514288], [-73.9947189, 40.7514198], [-73.9947189, 40.7514197], [-73.9947188, 40.7514198], [-73.9947013, 40.7514435], [-73.9947013, 40.7514435], [-73.9947013, 40.7514435], [-73.9947014, 40.7514435], [-73.9947202, 40.7514515], [-73.9947204, 40.7514516], [-73.9947206, 40.7514517], [-73.9947207, 40.7514518], [-73.9947209, 40.7514519], [-73.994721, 40.751452], [-73.9947211, 40.7514522], [-73.9947212, 40.7514523], [-73.9947212, 40.7514525], [-73.9947213, 40.7514526], [-73.9947213, 40.7514528], [-73.9947213, 40.7514529], [-73.9947213, 40.7514531], [-73.9947213, 40.7514532], [-73.9947212, 40.7514534], [-73.9947211, 40.7514535], [-73.994721, 40.7514537], [-73.9947088, 40.7514702], [-73.9947088, 40.7514702], [-73.9947089, 40.7514702], [-73.9947093, 40.7514704], [-73.9947093, 40.7514704], [-73.9948062, 40.7515115], [-73.9948063, 40.7515115], [-73.9948063, 40.7515115], [-73.9948455, 40.7515282], [-73.9948456, 40.7515282], [-73.9948456, 40.7515282], [-73.9948592, 40.751534], [-73.9948594, 40.751534], [-73.9948595, 40.7515341], [-73.9948597, 40.7515342], [-73.9948598, 40.7515344], [-73.9948599, 40.7515345], [-73.99486, 40.7515346], [-73.9948601, 40.7515348], [-73.9948602, 40.7515349], [-73.9948602, 40.7515351], [-73.9948603, 40.7515352], [-73.9948603, 40.7515354], [-73.9948603, 40.7515355], [-73.9948602, 40.7515357], [-73.9948602, 40.7515358], [-73.9948601, 40.751536], [-73.99486, 40.7515361], [-73.9948593, 40.7515371], [-73.9948593, 40.7515371], [-73.9948593, 40.7515371], [-73.9948712, 40.7515419], [-73.9948712, 40.7515419], [-73.9948712, 40.7515419], [-73.9948712, 40.7515419], [-73.9949065, 40.7515557], [-73.9949065, 40.7515557], [-73.9949066, 40.7515557], [-73.9949067, 40.7515558], [-73.9949067, 40.7515558], [-73.994952, 40.7515731], [-73.994952, 40.7515731], [-73.9949521, 40.7515731], [-73.9949644, 40.7515778], [-73.9949644, 40.7515778], [-73.9949644, 40.7515779], [-73.9949883, 40.7515858], [-73.9949883, 40.7515858], [-73.9950129, 40.7515941], [-73.9950129, 40.7515941]]]}},
{"type": "Feature", "properties": {"level": "platform", "type": "platform", "platform": "diagonal", "source": "Moynihan Station EA, Figure 3-4, February 2010, PDF page 2"}, "geometry": {"type": "Polygon", "coordinates": [[[-73.9964094, 40.751201], [-73.9964094, 40.7512009], [-73.9964094, 40.7512009], [-73.9964094, 40.7512009], [-73.9964094, 40.7512009], [-73.9964093, 40.7512009], [-73.996353, 40.751177], [-73.996353, 40.751177], [-73.996353, 40.751177], [-73.9963529, 40.751177], [-73.9963502, 40.7511758], [-73.99635, 40.7511757], [-73.9963498, 40.7511756], [-73.9963497, 40.7511755], [-73.9963496, 40.7511754], [-73.9963494, 40.7511753], [-73.9963493, 40.7511752], [-73.9963493, 40.751175], [-73.9963492, 40.7511749], [-73.9963492, 40.7511747], [-73.9963491, 40.7511746], [-73.9963491, 40.7511744], [-73.9963491, 40.7511743], [-73.9963492, 40.7511741], [-73.9963492, 40.751174], [-73.9963493, 40.7511738], [-73.9963494, 40.7511737], [-73.9963609, 40.7511581], [-73.9963609, 40.7511581], [-73.9963609, 40.7511581], [-73.9963609, 40.751158], [-73.9963695, 40.7511465], [-73.9963696, 40.7511463], [-73.9963697, 40.7511462], [-73.9963699, 40.7511461], [-73.99637, 40.751146], [-73.9963702, 40.7511459], [-73.9963704, 40.7511458], [-73.9963706, 40.7511458], [-73.9963707, 40.7511457], [-73.9963709, 40.7511457], [-73.9963711, 40.7511457], [-73.9963713, 40.7511457], [-73.9963716, 40.7511457], [-73.9963718, 40.7511457], [-73.9963719, 40.7511457], [-73.9963721, 40.7511458], [-73.9963723, 40.7511459], [-73.9963749, 40.7511469], [-73.9963749, 40.7511469], [-73.9963758, 40.7511473], [-73.9964021, 40.7511585], [-73.9964021, 40.7511585], [-73.9964021, 40.7511585], [-73.9963783, 40.7511441], [-73.9963783, 40.7511441], [-73.9963782, 40.751144], [-73.9963506, 40.7511271], [-73.9963506, 40.7511271], [-73.9963506, 40.7511271], [-73.9963506, 40.751127], [-73.9963505, 40.751127], [-73.9963505, 40.751127], [-73.9963163, 40.7511063], [-73.9963162, 40.7511062], [-73.9963162, 40.7511062], [-73.9963162, 40.7511062], [-73.9963162, 40.7511062], [-73.9962574, 40.7510702], [-73.9962573, 40.7510702], [-73.9962572, 40.7510702], [-73.9962336, 40.7510556], [-73.9962336, 40.7510556], [-73.9961772, 40.7510214], [-73.9961772, 40.7510214], [-73.996155, 40.7510081], [-73.996155, 40.7510081], [-73.9961549, 40.7510081], [-73.9961271, 40.7509913], [-73.996127, 40.7509912], [-73.996127, 40.7509912], [-73.996127, 40.7509912], [-73.9961269, 40.7509912], [-73.9961269, 40.7509912], [-73.9961223, 40.7509885], [-73.9961223, 40.7509885], [-73.9960862, 40.7509663], [-73.9960862, 40.7509662], [-73.9960862, 40.7509662], [-73.9960861, 40.7509662], [-73.9960861, 40.7509662], [-73.9960349, 40.7509349], [-73.9960349, 40.7509349], [-73.9960165, 40.7509238], [-73.9960165, 40.7509237], [-73.9960165, 40.7509237], [-73.9959637, 40.7508915], [-73.9959637, 40.7508915], [-73.9959636, 40.7508915], [-73.9959373, 40.7508758], [-73.9959373, 40.7508757], [-73.9959372, 40.7508757], [-73.9959277, 40.75087], [-73.9959277, 40.75087], [-73.9959275, 40.7508699], [-73.9959275, 40.7508699], [-73.9958954, 40.7508506], [-73.9958954, 40.7508505], [-73.9958954, 40.7508506], [-73.9958684, 40.7508871], [-73.9958684, 40.7508871], [-73.9958482, 40.7509144], [-73.9958481, 40.7509146], [-73.995848, 40.7509147], [-73.9958478, 40.7509148], [-73.9958477, 40.7509149], [-73.9958475, 40.750915], [-73.9958473, 40.7509151], [-73.9958471, 40.7509151], [-73.995847, 40.7509152], [-73.9958468, 40.7509152], [-73.9958466, 40.7509152], [-73.9958464, 40.7509152], [-73.9958462, 40.7509152], [-73.995846, 40.7509152], [-73.9958458, 40.7509151], [-73.9958456, 40.7509151], [-73.9958454, 40.750915], [-73.9958156, 40.7509024], [-73.9958156, 40.7509024], [-73.9957864, 40.7508898], [-73.9957862, 40.7508897], [-73.9957861, 40.7508896], [-73.9957859, 40.7508895], [-73.9957858, 40.7508894], [-73.9957857, 40.7508893], [-73.9957856, 40.7508891], [-73.9957855, 40.750889], [-73.9957854, 40.7508888], [-73.9957854, 40.7508887], [-73.9957854, 40.7508885], [-73.9957854, 40.7508884], [-73.9957854, 40.7508882], [-73.9957854, 40.7508881], [-73.9957855, 40.7508879], [-73.9957855, 40.7508878], [-73.9957856, 40.7508877], [-73.9958236, 40.7508367], [-73.9958236, 40.7508367], [-73.9958236, 40.7508366], [-73.9958227, 40.7508363], [-73.9958227, 40.7508363], [-73.9958226, 40.7508362], [-73.9958152, 40.7508331], [-73.9958152, 40.7508331], [-73.9958065, 40.7508294], [-73.9957831, 40.7508195], [-73.9957831, 40.7508195], [-73.9957732, 40.7508153], [-73.9957201, 40.7507928], [-73.9957201, 40.7507928], [-73.9955887, 40.7507371], [-73.9954751, 40.7506889], [-73.9954751, 40.7506889], [-73.9954751, 40.7506889], [-73.995475, 40.7506889], [-73.9954397, 40.7507368], [-73.9954397, 40.7507368], [-73.9954397, 40.7507368], [-73.9955098, 40.7507859], [-73.9955098, 40.7507859], [-73.9955098, 40.750786], [-73.9955098, 40.750786], [-73.995539, 40.7508012], [-73.9955391, 40.7508013], [-73.9957134, 40.7508931], [-73.9957134, 40.7508932], [-73.9957253, 40.7508999], [-73.9957591, 40.7509187], [-73.9957592, 40.7509188], [-73.9957592, 40.7509188], [-73.9958489, 40.7509722], [-73.9958489, 40.7509722], [-73.9958584, 40.7509781], [-73.9958584, 40.7509782], [-73.9958841, 40.7509948], [-73.9958841, 40.7509948], [-73.9958842, 40.7509949], [-73.9959361, 40.7510281], [-73.9959362, 40.7510282], [-73.9959539, 40.7510402], [-73.9959539, 40.7510402], [-73.9960034, 40.7510739], [-73.9960034, 40.7510739], [-73.9960384, 40.7510976], [-73.9960385, 40.7510977], [-73.9960427, 40.7511004], [-73.9960427, 40.7511004], [-73.9960428, 40.7511005], [-73.9960703, 40.7511179], [-73.9960704, 40.7511179], [-73.9960704, 40.7511179], [-73.9960924, 40.7511313], [-73.9961459, 40.7511639], [-73.996146, 40.7511639], [-73.996146, 40.7511639], [-73.9961732, 40.7511271], [-73.9961733, 40.7511269], [-73.9961734, 40.7511268], [-73.9961736, 40.7511267], [-73.9961737, 40.7511266], [-73.9961739, 40.7511265], [-73.9961741, 40.7511264], [-73.9961742, 40.7511264], [-73.9961744, 40.7511263], [-73.9961746, 40.7511263], [-73.9961748, 40.7511263], [-73.996175, 40.7511263], [-73.9961752, 40.7511263], [-73.9961754, 40.7511263], [-73.9961756, 40.7511263], [-73.9961758, 40.7511264], [-73.996176, 40.7511265], [-73.9962875, 40.7511737], [-73.9962876, 40.7511738], [-73.9962876, 40.7511738], [-73.9963078, 40.7511823], [-73.9963078, 40.7511823], [-73.9963079, 40.7511824], [-73.9963232, 40.7511888], [-73.9963232, 40.7511889], [-73.9963233, 40.7511889], [-73.9963387, 40.7511954], [-73.9963387, 40.7511954], [-73.9963388, 40.7511955], [-73.9963729, 40.7512099], [-73.9963729, 40.7512099], [-73.996373, 40.75121], [-73.996373, 40.75121], [-73.996373, 40.75121], [-73.996373, 40.75121], [-73.996373, 40.75121], [-73.9963956, 40.7512196], [-73.9963956, 40.7512196], [-73.9963956, 40.7512195], [-73.9964094, 40.751201]]]}},
{"type": "Feature", "properties": {"level": "platform", "type": "escalator", "platform": "8", "vce_name": "P8-S1", "source": "Moynihan Station EA, Figure 3-4, February 2010, PDF page 2"}, "geometry": {"type": "Polygon", "coordinates": [[[-73.9952169, 40.7515186], [-73.9950572, 40.7514509], [-73.9950498, 40.7514609], [-73.9952095, 40.7515286], [-73.9952169, 40.7515186]]]}},
{"type": "Feature", "properties": {"level": "platform", "type": "escalator", "platform": "8", "vce_name": "P8-S2", "source": "Moynihan Station EA, Figure 3-4, February 2010, PDF page 2"}, "geometry": {"type": "Polygon", "coordinates": [[[-73.9950508, 40.7514459], [-73.9948911, 40.7513782], [-73.9948812, 40.7513917], [-73.9950408, 40.7514594], [-73.9950508, 40.7514459]]]}},
{"type": "Feature", "properties": {"level": "platform", "type": "escalator", "platform": "7", "vce_name": "P7-S2", "source": "Moynihan Station EA, Figure 3-4, February 2010, PDF page 2"}, "geometry": {"type": "Polygon", "coordinates": [[[-73.995299, 40.7514092], [-73.9951393, 40.7513416], [-73.9951319, 40.7513516], [-73.9952915, 40.7514193], [-73.995299, 40.7514092]]]}},
{"type": "Feature", "properties": {"level": "platform", "type": "escalator", "platform": "7", "vce_name": "P7-S3", "source": "Moynihan Station EA, Figure 3-4, February 2010, PDF page 2"}, "geometry": {"type": "Polygon", "coordinates": [[[-73.9951272, 40.7513386], [-73.9949707, 40.7512722], [-73.9949657, 40.751279], [-73.9951222, 40.7513454], [-73.9951272, 40.7513386]]]}},
{"type": "Feature", "properties": {"level": "platform", "type": "escalator", "platform": "6", "vce_name": "P6-S2", "source": "Moynihan Station EA, Figure 3-4, February 2010, PDF page 2"}, "geometry": {"type": "Polygon", "coordinates": [[[-73.995382, 40.7512969], [-73.9952223, 40.7512292], [-73.995215, 40.751239], [-73.9953747, 40.7513067], [-73.995382, 40.7512969]]]}},
{"type": "Feature", "properties": {"level": "platform", "type": "escalator", "platform": "6", "vce_name": "P6-S3", "source": "Moynihan Station EA, Figure 3-4, February 2010, PDF page 2"}, "geometry": {"type": "Polygon", "coordinates": [[[-73.9952146, 40.7512259], [-73.9950549, 40.7511582], [-73.9950476, 40.7511681], [-73.9952073, 40.7512358], [-73.9952146, 40.7512259]]]}},
{"type": "Feature", "properties": {"level": "platform", "type": "escalator", "platform": "5", "vce_name": "P5-S2", "source": "Moynihan Station EA, Figure 3-4, February 2010, PDF page 2"}, "geometry": {"type": "Polygon", "coordinates": [[[-73.9954654, 40.7511839], [-73.9953057, 40.7511162], [-73.9952984, 40.7511261], [-73.9954581, 40.7511938], [-73.9954654, 40.7511839]]]}},
{"type": "Feature", "properties": {"level": "platform", "type": "escalator", "platform": "5", "vce_name": "P5-S3", "source": "Moynihan Station EA, Figure 3-4, February 2010, PDF page 2"}, "geometry": {"type": "Polygon", "coordinates": [[[-73.9952937, 40.7511132], [-73.9951372, 40.7510468], [-73.9951322, 40.7510536], [-73.9952887, 40.75112], [-73.9952937, 40.7511132]]]}},
{"type": "Feature", "properties": {"level": "platform", "type": "escalator", "platform": "4", "vce_name": "P4-S1", "source": "Moynihan Station EA, Figure 3-4, February 2010, PDF page 2"}, "geometry": {"type": "Polygon", "coordinates": [[[-73.9955422, 40.7510744], [-73.9953856, 40.7510081], [-73.9953806, 40.7510148], [-73.9955372, 40.7510812], [-73.9955422, 40.7510744]]]}},
{"type": "Feature", "properties": {"level": "platform", "type": "escalator", "platform": "4", "vce_name": "P4-S2", "source": "Moynihan Station EA, Figure 3-4, February 2010, PDF page 2"}, "geometry": {"type": "Polygon", "coordinates": [[[-73.9953804, 40.7510014], [-73.9952207, 40.7509337], [-73.9952108, 40.7509472], [-73.9953704, 40.7510149], [-73.9953804, 40.7510014]]]}},
{"type": "Feature", "properties": {"level": "platform", "type": "escalator", "platform": "3", "vce_name": "P3-S1", "source": "Moynihan Station EA, Figure 3-4, February 2010, PDF page 2"}, "geometry": {"type": "Polygon", "coordinates": [[[-73.9954402, 40.7509158], [-73.9952837, 40.7508494], [-73.9952787, 40.7508562], [-73.9954352, 40.7509225], [-73.9954402, 40.7509158]]]}},
{"type": "Feature", "properties": {"level": "platform", "type": "stair", "platform": "9", "vce_name": "P9-S2", "source": "Moynihan Station EA, Figure 3-4, February 2010, PDF page 2"}, "geometry": {"type": "Polygon", "coordinates": [[[-73.9945463, 40.751373], [-73.994471, 40.7513411], [-73.9944595, 40.7513566], [-73.9945348, 40.7513885], [-73.9945463, 40.751373]]]}},
{"type": "Feature", "properties": {"level": "platform", "type": "stair", "platform": "9", "vce_name": "P9-S1", "source": "Moynihan Station EA, Figure 3-4, February 2010, PDF page 2"}, "geometry": {"type": "Polygon", "coordinates": [[[-73.9948127, 40.7514706], [-73.9947751, 40.7514547], [-73.9947646, 40.7514689], [-73.9948022, 40.7514849], [-73.9948127, 40.7514706]]]}},
{"type": "Feature", "properties": {"level": "platform", "type": "stair", "platform": "10", "vce_name": "P10-S1", "source": "Moynihan Station EA, Figure 3-4, February 2010, PDF page 2"}, "geometry": {"type": "Polygon", "coordinates": [[[-73.9944834, 40.7514581], [-73.9944081, 40.7514262], [-73.9943966, 40.7514417], [-73.9944719, 40.7514736], [-73.9944834, 40.7514581]]]}},
{"type": "Feature", "properties": {"level": "platform", "type": "stair", "platform": "11", "vce_name": "P11-S1", "source": "Moynihan Station EA, Figure 3-4, February 2010, PDF page 2"}, "geometry": {"type": "Polygon", "coordinates": [[[-73.9943319, 40.7515718], [-73.9942933, 40.7515554], [-73.9942869, 40.7515642], [-73.9943255, 40.7515805], [-73.9943319, 40.7515718]]]}},
{"type": "Feature", "properties": {"level": "platform", "type": "stair", "platform": "7", "vce_name": "P7-S1", "source": "Moynihan Station EA, Figure 3-4, February 2010, PDF page 2"}, "geometry": {"type": "Polygon", "coordinates": [[[-73.9959555, 40.751694], [-73.9958583, 40.7516528], [-73.9958521, 40.7516612], [-73.9959493, 40.7517025], [-73.9959555, 40.751694]]]}},
{"type": "Feature", "properties": {"level": "platform", "type": "stair", "platform": "6", "vce_name": "P6-S1", "source": "Moynihan Station EA, Figure 3-4, February 2010, PDF page 2"}, "geometry": {"type": "Polygon", "coordinates": [[[-73.996048, 40.7515688], [-73.9959508, 40.7515276], [-73.9959446, 40.751536], [-73.9960418, 40.7515772], [-73.996048, 40.7515688]]]}},
{"type": "Feature", "properties": {"level": "platform", "type": "stair", "platform": "5", "vce_name": "P5-S1", "source": "Moynihan Station EA, Figure 3-4, February 2010, PDF page 2"}, "geometry": {"type": "Polygon", "coordinates": [[[-73.9961263, 40.7514628], [-73.9960291, 40.7514216], [-73.996023, 40.7514298], [-73.9961202, 40.751471], [-73.9961263, 40.7514628]]]}},
{"type": "Feature", "properties": {"level": "platform", "type": "stair", "platform": "", "vce_name": "", "source": "Moynihan Station EA, Figure 3-4, February 2010, PDF page 2"}, "geometry": {"type": "Polygon", "coordinates": [[[-73.9973697, 40.7517413], [-73.9973519, 40.7517337], [-73.9973371, 40.7517536], [-73.997355, 40.7517612], [-73.9973697, 40.7517413]]]}},
{"type": "Feature", "properties": {"level": "platform", "type": "stair", "platform": "", "vce_name": "", "source": "Moynihan Station EA, Figure 3-4, February 2010, PDF page 2"}, "geometry": {"type": "Polygon", "coordinates": [[[-73.9973211, 40.7517444], [-73.9972111, 40.7516978], [-73.9972002, 40.7517126], [-73.9973102, 40.7517592], [-73.9973211, 40.7517444]]]}},
{"type": "Feature", "properties": {"level": "platform", "type": "stair", "platform": "3", "vce_name": "P3-S3", "source": "Moynihan Station EA, Figure 3-4, February 2010, PDF page 2"}, "geometry": {"type": "Polygon", "coordinates": [[[-73.9950613, 40.7507194], [-73.9949258, 40.750662], [-73.9949056, 40.7506894], [-73.9950411, 40.7507468], [-73.9950613, 40.7507194]]]}},
{"type": "Feature", "properties": {"level": "platform", "type": "stair", "platform": "4", "vce_name": "", "source": "Moynihan Station EA, Figure 3-4, February 2010, PDF page 2"}, "geometry": {"type": "Polygon", "coordinates": [[[-73.9949737, 40.750838], [-73.9949269, 40.7508182], [-73.9949155, 40.7508338], [-73.9949622, 40.7508536], [-73.9949737, 40.750838]]]}},
{"type": "Feature", "properties": {"level": "platform", "type": "stair", "platform": "4", "vce_name": "P4-S3", "source": "Moynihan Station EA, Figure 3-4, February 2010, PDF page 2"}, "geometry": {"type": "Polygon", "coordinates": [[[-73.9948961, 40.7508051], [-73.9948353, 40.7507793], [-73.9948238, 40.7507949], [-73.9948846, 40.7508207], [-73.9948961, 40.7508051]]]}},
{"type": "Feature", "properties": {"level": "platform", "type": "stair", "platform": "5", "vce_name": "P5-S4", "source": "Moynihan Station EA, Figure 3-4, February 2010, PDF page 2"}, "geometry": {"type": "Polygon", "coordinates": [[[-73.9948983, 40.7509402], [-73.9947627, 40.7508827], [-73.9947408, 40.7509125], [-73.9948763, 40.7509699], [-73.9948983, 40.7509402]]]}},
{"type": "Feature", "properties": {"level": "platform", "type": "stair", "platform": "6", "vce_name": "", "source": "Moynihan Station EA, Figure 3-4, February 2010, PDF page 2"}, "geometry": {"type": "Polygon", "coordinates": [[[-73.9948173, 40.7510499], [-73.9947705, 40.75103], [-73.9947572, 40.7510479], [-73.994804, 40.7510678], [-73.9948173, 40.7510499]]]}},
{"type": "Feature", "properties": {"level": "platform", "type": "stair", "platform": "6", "vce_name": "P6-S4", "source": "Moynihan Station EA, Figure 3-4, February 2010, PDF page 2"}, "geometry": {"type": "Polygon", "coordinates": [[[-73.9947396, 40.7510169], [-73.9946675, 40.7509864], [-73.9946542, 40.7510043], [-73.9947264, 40.7510348], [-73.9947396, 40.7510169]]]}},
{"type": "Feature", "properties": {"level": "platform", "type": "stair", "platform": "7", "vce_name": "P7-S4", "source": "Moynihan Station EA, Figure 3-4, February 2010, PDF page 2"}, "geometry": {"type": "Polygon", "coordinates": [[[-73.994741, 40.7511531], [-73.9946054, 40.7510957], [-73.9945852, 40.7511231], [-73.9947207, 40.7511805], [-73.994741, 40.7511531]]]}},
{"type": "Feature", "properties": {"level": "platform", "type": "stair", "platform": "8", "vce_name": "", "source": "Moynihan Station EA, Figure 3-4, February 2010, PDF page 2"}, "geometry": {"type": "Polygon", "coordinates": [[[-73.9946534, 40.7512717], [-73.9946066, 40.7512519], [-73.9945951, 40.7512674], [-73.9946419, 40.7512873], [-73.9946534, 40.7512717]]]}},
{"type": "Feature", "properties": {"level": "platform", "type": "stair", "platform": "8", "vce_name": "P8-S3", "source": "Moynihan Station EA, Figure 3-4, February 2010, PDF page 2"}, "geometry": {"type": "Polygon", "coordinates": [[[-73.9945757, 40.7512388], [-73.9945149, 40.751213], [-73.9945034, 40.7512286], [-73.9945642, 40.7512544], [-73.9945757, 40.7512388]]]}},
{"type": "Feature", "properties": {"level": "platform", "type": "escalator", "platform": "diagonal", "vce_name": "", "source": "Moynihan Station EA, Figure 3-4, February 2010, PDF page 2"}, "geometry": {"type": "Polygon", "coordinates": [[[-73.9960748, 40.7510617], [-73.9959113, 40.7509924], [-73.9959018, 40.7510052], [-73.9960654, 40.7510745], [-73.9960748, 40.7510617]]]}},
{"type": "Feature", "properties": {"level": "platform", "type": "escalator", "platform": "diagonal", "vce_name": "", "source": "Moynihan Station EA, Figure 3-4, February 2010, PDF page 2"}, "geometry": {"type": "Polygon", "coordinates": [[[-73.996082, 40.751052], [-73.9959211, 40.7509838], [-73.9959143, 40.750993], [-73.9960752, 40.7510612], [-73.996082, 40.751052]]]}},
{"type": "Feature", "properties": {"level": "platform", "type": "escalator", "platform": "diagonal", "vce_name": "", "source": "Moynihan Station EA, Figure 3-4, February 2010, PDF page 2"}, "geometry": {"type": "Polygon", "coordinates": [[[-73.99598, 40.7509529], [-73.9959537, 40.7509418], [-73.9959459, 40.7509524], [-73.9959722, 40.7509635], [-73.99598, 40.7509529]]]}},
{"type": "Feature", "properties": {"level": "platform", "type": "escalator", "platform": "diagonal", "vce_name": "", "source": "Moynihan Station EA, Figure 3-4, February 2010, PDF page 2"}, "geometry": {"type": "Polygon", "coordinates": [[[-73.9956133, 40.750748], [-73.9955525, 40.7507222], [-73.9955473, 40.7507291], [-73.9956081, 40.7507549], [-73.9956133, 40.750748]]]}},
{"type": "Feature", "properties": {"level": "platform", "type": "column", "platform": "10", "source": "Moynihan Station EA, Figure 3-4, February 2010, PDF page 2"}, "geometry": {"type": "Polygon", "coordinates": [[[-73.9944342, 40.7514766], [-73.9944298, 40.7514748], [-73.9944275, 40.7514779], [-73.9944319, 40.7514798], [-73.9944342, 40.7514766]]]}},
{"type": "Feature", "properties": {"level": "platform", "type": "column", "platform": "10", "source": "Moynihan Station EA, Figure 3-4, February 2010, PDF page 2"}, "geometry": {"type": "Polygon", "coordinates": [[[-73.9944363, 40.7514737], [-73.9944284, 40.7514704], [-73.9944239, 40.7514764], [-73.9944319, 40.7514798], [-73.9944363, 40.7514737]]]}},
{"type": "Feature", "properties": {"level": "platform", "type": "column", "platform": "10", "source": "Moynihan Station EA, Figure 3-4, February 2010, PDF page 2"}, "geometry": {"type": "Polygon", "coordinates": [[[-73.9944651, 40.7514348], [-73.9944608, 40.751433], [-73.9944585, 40.7514361], [-73.9944628, 40.7514379], [-73.9944651, 40.7514348]]]}},
{"type": "Feature", "properties": {"level": "platform", "type": "column", "platform": "9", "source": "Moynihan Station EA, Figure 3-4, February 2010, PDF page 2"}, "geometry": {"type": "Polygon", "coordinates": [[[-73.9945068, 40.7513783], [-73.9945025, 40.7513765], [-73.9945, 40.7513798], [-73.9945044, 40.7513816], [-73.9945068, 40.7513783]]]}},
{"type": "Feature", "properties": {"level": "platform", "type": "column", "platform": "9", "source": "Moynihan Station EA, Figure 3-4, February 2010, PDF page 2"}, "geometry": {"type": "Polygon", "coordinates": [[[-73.9947701, 40.751488], [-73.9947653, 40.751486], [-73.9947626, 40.7514896], [-73.9947674, 40.7514917], [-73.9947701, 40.751488]]]}},
{"type": "Feature", "properties": {"level": "platform", "type": "column", "platform": "9", "source": "Moynihan Station EA, Figure 3-4, February 2010, PDF page 2"}, "geometry": {"type": "Polygon", "coordinates": [[[-73.9948794, 40.7515257], [-73.9948731, 40.7515231], [-73.9948695, 40.751528], [-73.9948757, 40.7515307], [-73.9948794, 40.7515257]]]}},
{"type": "Feature", "properties": {"level": "platform", "type": "column", "platform": "9", "source": "Moynihan Station EA, Figure 3-4, February 2010, PDF page 2"}, "geometry": {"type": "Polygon", "coordinates": [[[-73.9947577, 40.7514739], [-73.9947512, 40.7514711], [-73.9947476, 40.7514761], [-73.9947541, 40.7514788], [-73.9947577, 40.7514739]]]}},
{"type": "Feature", "properties": {"level": "platform", "type": "column", "platform": "9", "source": "Moynihan Station EA, Figure 3-4, February 2010, PDF page 2"}, "geometry": {"type": "Polygon", "coordinates": [[[-73.9949473, 40.7515543], [-73.994941, 40.7515516], [-73.9949375, 40.7515564], [-73.9949438, 40.751559], [-73.9949473, 40.7515543]]]}},
{"type": "Feature", "properties": {"level": "platform", "type": "column", "platform": "9", "source": "Moynihan Station EA, Figure 3-4, February 2010, PDF page 2"}, "geometry": {"type": "Polygon", "coordinates": [[[-73.9950147, 40.7515826], [-73.9950082, 40.7515799], [-73.9950046, 40.7515848], [-73.9950111, 40.7515875], [-73.9950147, 40.7515826]]]}},
{"type": "Feature", "properties": {"level": "platform", "type": "column", "platform": "9", "source": "Moynihan Station EA, Figure 3-4, February 2010, PDF page 2"}, "geometry": {"type": "Polygon", "coordinates": [[[-73.9948196, 40.7514999], [-73.9948131, 40.7514971], [-73.9948094, 40.7515021], [-73.994816, 40.7515048], [-73.9948196, 40.7514999]]]}},
{"type": "Feature", "properties": {"level": "platform", "type": "column", "platform": "9", "source": "Moynihan Station EA, Figure 3-4, February 2010, PDF page 2"}, "geometry": {"type": "Polygon", "coordinates": [[[-73.9947764, 40.7514794], [-73.9947716, 40.7514774], [-73.994769, 40.7514809], [-73.9947739, 40.7514829], [-73.9947764, 40.7514794]]]}},
{"type": "Feature", "properties": {"level": "platform", "type": "column", "platform": "9", "source": "Moynihan Station EA, Figure 3-4, February 2010, PDF page 2"}, "geometry": {"type": "Polygon", "coordinates": [[[-73.9944391, 40.7513307], [-73.9944328, 40.751328], [-73.9944293, 40.7513327], [-73.9944356, 40.7513354], [-73.9944391, 40.7513307]]]}},
{"type": "Feature", "properties": {"level": "platform", "type": "column", "platform": "8", "source": "Moynihan Station EA, Figure 3-4, February 2010, PDF page 2"}, "geometry": {"type": "Polygon", "coordinates": [[[-73.994952, 40.7514235], [-73.9949472, 40.7514215], [-73.9949446, 40.751425], [-73.9949494, 40.751427], [-73.994952, 40.7514235]]]}},
{"type": "Feature", "properties": {"level": "platform", "type": "column", "platform": "8", "source": "Moynihan Station EA, Figure 3-4, February 2010, PDF page 2"}, "geometry": {"type": "Polygon", "coordinates": [[[-73.9953613, 40.7515851], [-73.9953565, 40.751583], [-73.9953539, 40.7515865], [-73.9953588, 40.7515886], [-73.9953613, 40.7515851]]]}},
{"type": "Feature", "properties": {"level": "platform", "type": "column", "platform": "8", "source": "Moynihan Station EA, Figure 3-4, February 2010, PDF page 2"}, "geometry": {"type": "Polygon", "coordinates": [[[-73.9954229, 40.7516107], [-73.995418, 40.7516086], [-73.9954153, 40.7516123], [-73.9954202, 40.7516143], [-73.9954229, 40.7516107]]]}},
{"type": "Feature", "properties": {"level": "platform", "type": "column", "platform": "8", "source": "Moynihan Station EA, Figure 3-4, February 2010, PDF page 2"}, "geometry": {"type": "Polygon", "coordinates": [[[-73.9955486, 40.7516587], [-73.9955438, 40.7516567], [-73.9955411, 40.7516603], [-73.9955459, 40.7516624], [-73.9955486, 40.7516587]]]}},
{"type": "Feature", "properties": {"level": "platform", "type": "column", "platform": "8", "source": "Moynihan Station EA, Figure 3-4, February 2010, PDF page 2"}, "geometry": {"type": "Polygon", "coordinates": [[[-73.9954871, 40.7516326], [-73.9954825, 40.7516307], [-73.9954798, 40.7516343], [-73.9954844, 40.7516363], [-73.9954871, 40.7516326]]]}},
{"type": "Feature", "properties": {"level": "platform", "type": "column", "platform": "8", "source": "Moynihan Station EA, Figure 3-4, February 2010, PDF page 2"}, "geometry": {"type": "Polygon", "coordinates": [[[-73.9945206, 40.7512203], [-73.9945144, 40.7512176], [-73.9945109, 40.7512224], [-73.9945171, 40.751225], [-73.9945206, 40.7512203]]]}},
{"type": "Feature", "properties": {"level": "platform", "type": "column", "platform": "8", "source": "Moynihan Station EA, Figure 3-4, February 2010, PDF page 2"}, "geometry": {"type": "Polygon", "coordinates": [[[-73.9949084, 40.7513789], [-73.9949021, 40.7513762], [-73.9948986, 40.751381], [-73.9949049, 40.7513836], [-73.9949084, 40.7513789]]]}},
{"type": "Feature", "properties": {"level": "platform", "type": "column", "platform": "8", "source": "Moynihan Station EA, Figure 3-4, February 2010, PDF page 2"}, "geometry": {"type": "Polygon", "coordinates": [[[-73.9952382, 40.7515185], [-73.9952319, 40.7515158], [-73.9952283, 40.7515208], [-73.9952346, 40.7515234], [-73.9952382, 40.7515185]]]}},
{"type": "Feature", "properties": {"level": "platform", "type": "column", "platform": "8", "source": "Moynihan Station EA, Figure 3-4, February 2010, PDF page 2"}, "geometry": {"type": "Polygon", "coordinates": [[[-73.9949698, 40.7514047], [-73.9949632, 40.7514019], [-73.9949596, 40.7514068], [-73.9949661, 40.7514096], [-73.9949698, 40.7514047]]]}},
{"type": "Feature", "properties": {"level": "platform", "type": "column", "platform": "8", "source": "Moynihan Station EA, Figure 3-4, February 2010, PDF page 2"}, "geometry": {"type": "Polygon", "coordinates": [[[-73.995305, 40.7515468], [-73.9952988, 40.7515442], [-73.9952953, 40.7515489], [-73.9953015, 40.7515516], [-73.995305, 40.7515468]]]}},
{"type": "Feature", "properties": {"level": "platform", "type": "column", "platform": "8", "source": "Moynihan Station EA, Figure 3-4, February 2010, PDF page 2"}, "geometry": {"type": "Polygon", "coordinates": [[[-73.9956144, 40.7516696], [-73.9956079, 40.7516668], [-73.9956042, 40.7516717], [-73.9956107, 40.7516745], [-73.9956144, 40.7516696]]]}},
{"type": "Feature", "properties": {"level": "platform", "type": "column", "platform": "8", "source": "Moynihan Station EA, Figure 3-4, February 2010, PDF page 2"}, "geometry": {"type": "Polygon", "coordinates": [[[-73.995377, 40.7515689], [-73.9953708, 40.7515663], [-73.9953673, 40.751571], [-73.9953735, 40.7515737], [-73.995377, 40.7515689]]]}},
{"type": "Feature", "properties": {"level": "platform", "type": "column", "platform": "8", "source": "Moynihan Station EA, Figure 3-4, February 2010, PDF page 2"}, "geometry": {"type": "Polygon", "coordinates": [[[-73.9955601, 40.7516432], [-73.9955553, 40.7516411], [-73.9955526, 40.7516448], [-73.9955574, 40.7516468], [-73.9955601, 40.7516432]]]}},
{"type": "Feature", "properties": {"level": "platform", "type": "column", "platform": "8", "source": "Moynihan Station EA, Figure 3-4, February 2010, PDF page 2"}, "geometry": {"type": "Polygon", "coordinates": [[[-73.9954986, 40.7516171], [-73.995494, 40.7516152], [-73.9954913, 40.7516188], [-73.9954959, 40.7516208], [-73.9954986, 40.7516171]]]}},
{"type": "Feature", "properties": {"level": "platform", "type": "column", "platform": "8", "source": "Moynihan Station EA, Figure 3-4, February 2010, PDF page 2"}, "geometry": {"type": "Polygon", "coordinates": [[[-73.9954369, 40.7515912], [-73.9954326, 40.7515894], [-73.9954302, 40.7515927], [-73.9954345, 40.7515945], [-73.9954369, 40.7515912]]]}},
{"type": "Feature", "properties": {"level": "platform", "type": "column", "platform": "7", "source": "Moynihan Station EA, Figure 3-4, February 2010, PDF page 2"}, "geometry": {"type": "Polygon", "coordinates": [[[-73.9955005, 40.7515056], [-73.9954957, 40.7515036], [-73.995493, 40.7515072], [-73.9954978, 40.7515093], [-73.9955005, 40.7515056]]]}},
{"type": "Feature", "properties": {"level": "platform", "type": "column", "platform": "7", "source": "Moynihan Station EA, Figure 3-4, February 2010, PDF page 2"}, "geometry": {"type": "Polygon", "coordinates": [[[-73.9954431, 40.7514731], [-73.9954395, 40.7514716], [-73.9954373, 40.7514745], [-73.9954409, 40.751476], [-73.9954431, 40.7514731]]]}},
{"type": "Feature", "properties": {"level": "platform", "type": "column", "platform": "7", "source": "Moynihan Station EA, Figure 3-4, February 2010, PDF page 2"}, "geometry": {"type": "Polygon", "coordinates": [[[-73.9950483, 40.7512988], [-73.9950418, 40.751296], [-73.995038, 40.7513011], [-73.9950445, 40.7513039], [-73.9950483, 40.7512988]]]}},
{"type": "Feature", "properties": {"level": "platform", "type": "column", "platform": "7", "source": "Moynihan Station EA, Figure 3-4, February 2010, PDF page 2"}, "geometry": {"type": "Polygon", "coordinates": [[[-73.9960704, 40.7517328], [-73.9960641, 40.7517301], [-73.9960607, 40.7517347], [-73.996067, 40.7517374], [-73.9960704, 40.7517328]]]}},
{"type": "Feature", "properties": {"level": "platform", "type": "column", "platform": "7", "source": "Moynihan Station EA, Figure 3-4, February 2010, PDF page 2"}, "geometry": {"type": "Polygon", "coordinates": [[[-73.9960211, 40.7517119], [-73.9960156, 40.7517096], [-73.9960124, 40.751714], [-73.9960179, 40.7517163], [-73.9960211, 40.7517119]]]}},
{"type": "Feature", "properties": {"level": "platform", "type": "column", "platform": "7", "source": "Moynihan Station EA, Figure 3-4, February 2010, PDF page 2"}, "geometry": {"type": "Polygon", "coordinates": [[[-73.994987, 40.7512728], [-73.9949805, 40.75127], [-73.9949769, 40.751275], [-73.9949834, 40.7512777], [-73.994987, 40.7512728]]]}},
{"type": "Feature", "properties": {"level": "platform", "type": "column", "platform": "7", "source": "Moynihan Station EA, Figure 3-4, February 2010, PDF page 2"}, "geometry": {"type": "Polygon", "coordinates": [[[-73.9959665, 40.751689], [-73.995961, 40.7516866], [-73.9959578, 40.7516909], [-73.9959634, 40.7516932], [-73.9959665, 40.751689]]]}},
{"type": "Feature", "properties": {"level": "platform", "type": "column", "platform": "7", "source": "Moynihan Station EA, Figure 3-4, February 2010, PDF page 2"}, "geometry": {"type": "Polygon", "coordinates": [[[-73.9946022, 40.7511099], [-73.9945959, 40.7511072], [-73.9945924, 40.751112], [-73.9945987, 40.7511146], [-73.9946022, 40.7511099]]]}},
{"type": "Feature", "properties": {"level": "platform", "type": "column", "platform": "7", "source": "Moynihan Station EA, Figure 3-4, February 2010, PDF page 2"}, "geometry": {"type": "Polygon", "coordinates": [[[-73.994925, 40.751247], [-73.994919, 40.7512444], [-73.9949156, 40.751249], [-73.9949216, 40.7512516], [-73.994925, 40.751247]]]}},
{"type": "Feature", "properties": {"level": "platform", "type": "column", "platform": "7", "source": "Moynihan Station EA, Figure 3-4, February 2010, PDF page 2"}, "geometry": {"type": "Polygon", "coordinates": [[[-73.9959021, 40.7516617], [-73.9958968, 40.7516594], [-73.9958938, 40.7516635], [-73.9958991, 40.7516657], [-73.9959021, 40.7516617]]]}},
{"type": "Feature", "properties": {"level": "platform", "type": "column", "platform": "7", "source": "Moynihan Station EA, Figure 3-4, February 2010, PDF page 2"}, "geometry": {"type": "Polygon", "coordinates": [[[-73.9958828, 40.751653], [-73.9958775, 40.7516508], [-73.9958744, 40.751655], [-73.9958797, 40.7516573], [-73.9958828, 40.751653]]]}},
{"type": "Feature", "properties": {"level": "platform", "type": "column", "platform": "7", "source": "Moynihan Station EA, Figure 3-4, February 2010, PDF page 2"}, "geometry": {"type": "Polygon", "coordinates": [[[-73.9961338, 40.7517575], [-73.9961258, 40.7517541], [-73.9961222, 40.7517591], [-73.9961302, 40.7517625], [-73.9961338, 40.7517575]]]}},
{"type": "Feature", "properties": {"level": "platform", "type": "column", "platform": "7", "source": "Moynihan Station EA, Figure 3-4, February 2010, PDF page 2"}, "geometry": {"type": "Polygon", "coordinates": [[[-73.9956326, 40.751545], [-73.9956278, 40.751543], [-73.9956251, 40.7515466], [-73.9956299, 40.7515487], [-73.9956326, 40.751545]]]}},
{"type": "Feature", "properties": {"level": "platform", "type": "column", "platform": "7", "source": "Moynihan Station EA, Figure 3-4, February 2010, PDF page 2"}, "geometry": {"type": "Polygon", "coordinates": [[[-73.9961954, 40.7517805], [-73.9961881, 40.7517774], [-73.9961846, 40.7517822], [-73.9961919, 40.7517853], [-73.9961954, 40.7517805]]]}},
{"type": "Feature", "properties": {"level": "platform", "type": "column", "platform": "7", "source": "Moynihan Station EA, Figure 3-4, February 2010, PDF page 2"}, "geometry": {"type": "Polygon", "coordinates": [[[-73.9963256, 40.7518323], [-73.9963176, 40.751829], [-73.996314, 40.7518339], [-73.9963219, 40.7518373], [-73.9963256, 40.7518323]]]}},
{"type": "Feature", "properties": {"level": "platform", "type": "column", "platform": "7", "source": "Moynihan Station EA, Figure 3-4, February 2010, PDF page 2"}, "geometry": {"type": "Polygon", "coordinates": [[[-73.99626, 40.7518053], [-73.9962545, 40.7518029], [-73.9962515, 40.751807], [-73.9962571, 40.7518093], [-73.99626, 40.7518053]]]}},
{"type": "Feature", "properties": {"level": "platform", "type": "column", "platform": "7", "source": "Moynihan Station EA, Figure 3-4, February 2010, PDF page 2"}, "geometry": {"type": "Polygon", "coordinates": [[[-73.9955132, 40.7514884], [-73.9955084, 40.7514864], [-73.9955058, 40.7514898], [-73.9955106, 40.7514919], [-73.9955132, 40.7514884]]]}},
{"type": "Feature", "properties": {"level": "platform", "type": "column", "platform": "7", "source": "Moynihan Station EA, Figure 3-4, February 2010, PDF page 2"}, "geometry": {"type": "Polygon", "coordinates": [[[-73.9963912, 40.7518554], [-73.996384, 40.7518523], [-73.9963801, 40.7518576], [-73.9963873, 40.7518607], [-73.9963912, 40.7518554]]]}},
{"type": "Feature", "properties": {"level": "platform", "type": "column", "platform": "7", "source": "Moynihan Station EA, Figure 3-4, February 2010, PDF page 2"}, "geometry": {"type": "Polygon", "coordinates": [[[-73.9964579, 40.7518779], [-73.9964516, 40.7518752], [-73.996448, 40.7518802], [-73.9964543, 40.7518828], [-73.9964579, 40.7518779]]]}},
{"type": "Feature", "properties": {"level": "platform", "type": "column", "platform": "7", "source": "Moynihan Station EA, Figure 3-4, February 2010, PDF page 2"}, "geometry": {"type": "Polygon", "coordinates": [[[-73.9965274, 40.7518996], [-73.9965189, 40.7518961], [-73.9965149, 40.7519016], [-73.9965233, 40.7519051], [-73.9965274, 40.7518996]]]}},
{"type": "Feature", "properties": {"level": "platform", "type": "column", "platform": "6", "source": "Moynihan Station EA, Figure 3-4, February 2010, PDF page 2"}, "geometry": {"type": "Polygon", "coordinates": [[[-73.9961487, 40.7516258], [-73.9961427, 40.7516233], [-73.9961392, 40.751628], [-73.9961452, 40.7516306], [-73.9961487, 40.7516258]]]}},
{"type": "Feature", "properties": {"level": "platform", "type": "column", "platform": "6", "source": "Moynihan Station EA, Figure 3-4, February 2010, PDF page 2"}, "geometry": {"type": "Polygon", "coordinates": [[[-73.9965258, 40.751786], [-73.9965203, 40.7517836], [-73.9965169, 40.7517882], [-73.9965224, 40.7517905], [-73.9965258, 40.751786]]]}},
{"type": "Feature", "properties": {"level": "platform", "type": "column", "platform": "6", "source": "Moynihan Station EA, Figure 3-4, February 2010, PDF page 2"}, "geometry": {"type": "Polygon", "coordinates": [[[-73.9963988, 40.7517319], [-73.9963926, 40.7517292], [-73.9963891, 40.751734], [-73.9963953, 40.7517366], [-73.9963988, 40.7517319]]]}},
{"type": "Feature", "properties": {"level": "platform", "type": "column", "platform": "6", "source": "Moynihan Station EA, Figure 3-4, February 2010, PDF page 2"}, "geometry": {"type": "Polygon", "coordinates": [[[-73.9946808, 40.7510035], [-73.9946745, 40.7510009], [-73.994671, 40.7510056], [-73.9946773, 40.7510083], [-73.9946808, 40.7510035]]]}},
{"type": "Feature", "properties": {"level": "platform", "type": "column", "platform": "6", "source": "Moynihan Station EA, Figure 3-4, February 2010, PDF page 2"}, "geometry": {"type": "Polygon", "coordinates": [[[-73.9964623, 40.7517588], [-73.9964558, 40.751756], [-73.9964524, 40.7517606], [-73.9964589, 40.7517634], [-73.9964623, 40.7517588]]]}},
{"type": "Feature", "properties": {"level": "platform", "type": "column", "platform": "6", "source": "Moynihan Station EA, Figure 3-4, February 2010, PDF page 2"}, "geometry": {"type": "Polygon", "coordinates": [[[-73.9960996, 40.7516053], [-73.9960941, 40.7516029], [-73.996091, 40.7516071], [-73.9960965, 40.7516095], [-73.9960996, 40.7516053]]]}},
{"type": "Feature", "properties": {"level": "platform", "type": "column", "platform": "6", "source": "Moynihan Station EA, Figure 3-4, February 2010, PDF page 2"}, "geometry": {"type": "Polygon", "coordinates": [[[-73.9960453, 40.7515823], [-73.99604, 40.75158], [-73.9960369, 40.7515842], [-73.9960422, 40.7515865], [-73.9960453, 40.7515823]]]}},
{"type": "Feature", "properties": {"level": "platform", "type": "column", "platform": "6", "source": "Moynihan Station EA, Figure 3-4, February 2010, PDF page 2"}, "geometry": {"type": "Polygon", "coordinates": [[[-73.9959808, 40.7515551], [-73.9959753, 40.7515528], [-73.9959723, 40.7515568], [-73.9959778, 40.7515592], [-73.9959808, 40.7515551]]]}},
{"type": "Feature", "properties": {"level": "platform", "type": "column", "platform": "5", "source": "Moynihan Station EA, Figure 3-4, February 2010, PDF page 2"}, "geometry": {"type": "Polygon", "coordinates": [[[-73.996801, 40.7518093], [-73.9967969, 40.7518075], [-73.9967942, 40.7518112], [-73.9967983, 40.7518129], [-73.996801, 40.7518093]]]}},
{"type": "Feature", "properties": {"level": "platform", "type": "column", "platform": "5", "source": "Moynihan Station EA, Figure 3-4, February 2010, PDF page 2"}, "geometry": {"type": "Polygon", "coordinates": [[[-73.9965957, 40.7516934], [-73.9965878, 40.7516901], [-73.9965837, 40.7516956], [-73.9965917, 40.7516989], [-73.9965957, 40.7516934]]]}},
{"type": "Feature", "properties": {"level": "platform", "type": "column", "platform": "5", "source": "Moynihan Station EA, Figure 3-4, February 2010, PDF page 2"}, "geometry": {"type": "Polygon", "coordinates": [[[-73.9965353, 40.7516621], [-73.9965266, 40.7516584], [-73.9965227, 40.7516637], [-73.9965314, 40.7516674], [-73.9965353, 40.7516621]]]}},
{"type": "Feature", "properties": {"level": "platform", "type": "column", "platform": "5", "source": "Moynihan Station EA, Figure 3-4, February 2010, PDF page 2"}, "geometry": {"type": "Polygon", "coordinates": [[[-73.9964736, 40.7516316], [-73.9964656, 40.7516282], [-73.9964621, 40.751633], [-73.9964701, 40.7516363], [-73.9964736, 40.7516316]]]}},
{"type": "Feature", "properties": {"level": "platform", "type": "column", "platform": "5", "source": "Moynihan Station EA, Figure 3-4, February 2010, PDF page 2"}, "geometry": {"type": "Polygon", "coordinates": [[[-73.9964091, 40.751604], [-73.9964026, 40.7516012], [-73.996399, 40.751606], [-73.9964056, 40.7516087], [-73.9964091, 40.751604]]]}},
{"type": "Feature", "properties": {"level": "platform", "type": "column", "platform": "5", "source": "Moynihan Station EA, Figure 3-4, February 2010, PDF page 2"}, "geometry": {"type": "Polygon", "coordinates": [[[-73.9956614, 40.7512877], [-73.9956566, 40.7512857], [-73.9956539, 40.7512894], [-73.9956587, 40.7512914], [-73.9956614, 40.7512877]]]}},
{"type": "Feature", "properties": {"level": "platform", "type": "column", "platform": "5", "source": "Moynihan Station EA, Figure 3-4, February 2010, PDF page 2"}, "geometry": {"type": "Polygon", "coordinates": [[[-73.9963479, 40.7515749], [-73.9963402, 40.7515717], [-73.9963366, 40.7515764], [-73.9963444, 40.7515797], [-73.9963479, 40.7515749]]]}},
{"type": "Feature", "properties": {"level": "platform", "type": "column", "platform": "5", "source": "Moynihan Station EA, Figure 3-4, February 2010, PDF page 2"}, "geometry": {"type": "Polygon", "coordinates": [[[-73.9962883, 40.751547], [-73.9962813, 40.7515441], [-73.996278, 40.7515486], [-73.996285, 40.7515516], [-73.9962883, 40.751547]]]}},
{"type": "Feature", "properties": {"level": "platform", "type": "column", "platform": "5", "source": "Moynihan Station EA, Figure 3-4, February 2010, PDF page 2"}, "geometry": {"type": "Polygon", "coordinates": [[[-73.9957873, 40.7513356], [-73.9957825, 40.7513335], [-73.9957798, 40.7513372], [-73.9957846, 40.7513392], [-73.9957873, 40.7513356]]]}},
{"type": "Feature", "properties": {"level": "platform", "type": "column", "platform": "5", "source": "Moynihan Station EA, Figure 3-4, February 2010, PDF page 2"}, "geometry": {"type": "Polygon", "coordinates": [[[-73.9950825, 40.7510342], [-73.9950763, 40.7510315], [-73.9950726, 40.7510364], [-73.9950789, 40.7510391], [-73.9950825, 40.7510342]]]}},
{"type": "Feature", "properties": {"level": "platform", "type": "column", "platform": "5", "source": "Moynihan Station EA, Figure 3-4, February 2010, PDF page 2"}, "geometry": {"type": "Polygon", "coordinates": [[[-73.9951441, 40.7510603], [-73.9951378, 40.7510576], [-73.9951343, 40.7510623], [-73.9951405, 40.751065], [-73.9951441, 40.7510603]]]}},
{"type": "Feature", "properties": {"level": "platform", "type": "column", "platform": "5", "source": "Moynihan Station EA, Figure 3-4, February 2010, PDF page 2"}, "geometry": {"type": "Polygon", "coordinates": [[[-73.9947593, 40.7508972], [-73.9947531, 40.7508945], [-73.9947496, 40.7508992], [-73.9947558, 40.7509019], [-73.9947593, 40.7508972]]]}},
{"type": "Feature", "properties": {"level": "platform", "type": "column", "platform": "5", "source": "Moynihan Station EA, Figure 3-4, February 2010, PDF page 2"}, "geometry": {"type": "Polygon", "coordinates": [[[-73.9952056, 40.7510863], [-73.995199, 40.7510836], [-73.9951955, 40.7510883], [-73.995202, 40.7510911], [-73.9952056, 40.7510863]]]}},
{"type": "Feature", "properties": {"level": "platform", "type": "column", "platform": "5", "source": "Moynihan Station EA, Figure 3-4, February 2010, PDF page 2"}, "geometry": {"type": "Polygon", "coordinates": [[[-73.9959402, 40.7513975], [-73.9959332, 40.7513946], [-73.9959296, 40.7513993], [-73.9959366, 40.7514023], [-73.9959402, 40.7513975]]]}},
{"type": "Feature", "properties": {"level": "platform", "type": "column", "platform": "5", "source": "Moynihan Station EA, Figure 3-4, February 2010, PDF page 2"}, "geometry": {"type": "Polygon", "coordinates": [[[-73.9959332, 40.7513946], [-73.9959262, 40.7513916], [-73.9959226, 40.7513963], [-73.9959296, 40.7513993], [-73.9959332, 40.7513946]]]}},
{"type": "Feature", "properties": {"level": "platform", "type": "column", "platform": "5", "source": "Moynihan Station EA, Figure 3-4, February 2010, PDF page 2"}, "geometry": {"type": "Polygon", "coordinates": [[[-73.9961796, 40.7514988], [-73.9961714, 40.7514953], [-73.9961677, 40.7515002], [-73.9961759, 40.7515037], [-73.9961796, 40.7514988]]]}},
{"type": "Feature", "properties": {"level": "platform", "type": "column", "platform": "5", "source": "Moynihan Station EA, Figure 3-4, February 2010, PDF page 2"}, "geometry": {"type": "Polygon", "coordinates": [[[-73.9962285, 40.7515195], [-73.9962206, 40.7515162], [-73.9962171, 40.7515209], [-73.996225, 40.7515243], [-73.9962285, 40.7515195]]]}},
{"type": "Feature", "properties": {"level": "platform", "type": "column", "platform": "5", "source": "Moynihan Station EA, Figure 3-4, February 2010, PDF page 2"}, "geometry": {"type": "Polygon", "coordinates": [[[-73.9960402, 40.7514404], [-73.9960347, 40.7514381], [-73.9960316, 40.7514423], [-73.9960371, 40.7514446], [-73.9960402, 40.7514404]]]}},
{"type": "Feature", "properties": {"level": "platform", "type": "column", "platform": "5", "source": "Moynihan Station EA, Figure 3-4, February 2010, PDF page 2"}, "geometry": {"type": "Polygon", "coordinates": [[[-73.9960598, 40.7514482], [-73.996054, 40.7514458], [-73.9960506, 40.7514503], [-73.9960564, 40.7514528], [-73.9960598, 40.7514482]]]}},
{"type": "Feature", "properties": {"level": "platform", "type": "column", "platform": "5", "source": "Moynihan Station EA, Figure 3-4, February 2010, PDF page 2"}, "geometry": {"type": "Polygon", "coordinates": [[[-73.9961242, 40.7514755], [-73.9961189, 40.7514733], [-73.9961158, 40.7514775], [-73.9961211, 40.7514797], [-73.9961242, 40.7514755]]]}},
{"type": "Feature", "properties": {"level": "platform", "type": "column", "platform": "5", "source": "Moynihan Station EA, Figure 3-4, February 2010, PDF page 2"}, "geometry": {"type": "Polygon", "coordinates": [[[-73.9956081, 40.751251], [-73.9956033, 40.7512489], [-73.9956006, 40.7512526], [-73.9956054, 40.7512546], [-73.9956081, 40.751251]]]}},
{"type": "Feature", "properties": {"level": "platform", "type": "column", "platform": "5", "source": "Moynihan Station EA, Figure 3-4, February 2010, PDF page 2"}, "geometry": {"type": "Polygon", "coordinates": [[[-73.9956742, 40.7512704], [-73.9956694, 40.7512683], [-73.9956669, 40.7512718], [-73.9956717, 40.7512739], [-73.9956742, 40.7512704]]]}},
{"type": "Feature", "properties": {"level": "platform", "type": "column", "platform": "5", "source": "Moynihan Station EA, Figure 3-4, February 2010, PDF page 2"}, "geometry": {"type": "Polygon", "coordinates": [[[-73.9957989, 40.7513199], [-73.9957941, 40.7513178], [-73.9957914, 40.7513215], [-73.9957962, 40.7513235], [-73.9957989, 40.7513199]]]}},
{"type": "Feature", "properties": {"level": "platform", "type": "column", "platform": "4", "source": "Moynihan Station EA, Figure 3-4, February 2010, PDF page 2"}, "geometry": {"type": "Polygon", "coordinates": [[[-73.9957407, 40.7511805], [-73.9957358, 40.7511784], [-73.9957333, 40.7511819], [-73.9957381, 40.7511839], [-73.9957407, 40.7511805]]]}},
{"type": "Feature", "properties": {"level": "platform", "type": "column", "platform": "4", "source": "Moynihan Station EA, Figure 3-4, February 2010, PDF page 2"}, "geometry": {"type": "Polygon", "coordinates": [[[-73.9959212, 40.7512539], [-73.9959146, 40.7512511], [-73.995911, 40.751256], [-73.9959175, 40.7512588], [-73.9959212, 40.7512539]]]}},
{"type": "Feature", "properties": {"level": "platform", "type": "column", "platform": "4", "source": "Moynihan Station EA, Figure 3-4, February 2010, PDF page 2"}, "geometry": {"type": "Polygon", "coordinates": [[[-73.9952221, 40.7509541], [-73.9952158, 40.7509515], [-73.9952122, 40.7509564], [-73.9952185, 40.7509591], [-73.9952221, 40.7509541]]]}},
{"type": "Feature", "properties": {"level": "platform", "type": "column", "platform": "4", "source": "Moynihan Station EA, Figure 3-4, February 2010, PDF page 2"}, "geometry": {"type": "Polygon", "coordinates": [[[-73.9951609, 40.7509282], [-73.9951543, 40.7509254], [-73.9951507, 40.7509304], [-73.9951572, 40.7509331], [-73.9951609, 40.7509282]]]}},
{"type": "Feature", "properties": {"level": "platform", "type": "column", "platform": "4", "source": "Moynihan Station EA, Figure 3-4, February 2010, PDF page 2"}, "geometry": {"type": "Polygon", "coordinates": [[[-73.9956185, 40.7511224], [-73.995612, 40.7511197], [-73.9956085, 40.7511244], [-73.995615, 40.7511272], [-73.9956185, 40.7511224]]]}},
{"type": "Feature", "properties": {"level": "platform", "type": "column", "platform": "4", "source": "Moynihan Station EA, Figure 3-4, February 2010, PDF page 2"}, "geometry": {"type": "Polygon", "coordinates": [[[-73.9956859, 40.7511508], [-73.9956797, 40.7511481], [-73.9956762, 40.7511529], [-73.9956824, 40.7511555], [-73.9956859, 40.7511508]]]}},
{"type": "Feature", "properties": {"level": "platform", "type": "column", "platform": "4", "source": "Moynihan Station EA, Figure 3-4, February 2010, PDF page 2"}, "geometry": {"type": "Polygon", "coordinates": [[[-73.9952835, 40.7509799], [-73.995277, 40.7509772], [-73.9952734, 40.7509821], [-73.9952799, 40.7509849], [-73.9952835, 40.7509799]]]}},
{"type": "Feature", "properties": {"level": "platform", "type": "column", "platform": "4", "source": "Moynihan Station EA, Figure 3-4, February 2010, PDF page 2"}, "geometry": {"type": "Polygon", "coordinates": [[[-73.9955517, 40.7510936], [-73.9955455, 40.751091], [-73.9955418, 40.7510959], [-73.9955481, 40.7510986], [-73.9955517, 40.7510936]]]}},
{"type": "Feature", "properties": {"level": "platform", "type": "column", "platform": "4", "source": "Moynihan Station EA, Figure 3-4, February 2010, PDF page 2"}, "geometry": {"type": "Polygon", "coordinates": [[[-73.9953722, 40.751018], [-73.9953674, 40.751016], [-73.9953647, 40.7510196], [-73.9953696, 40.7510217], [-73.9953722, 40.751018]]]}},
{"type": "Feature", "properties": {"level": "platform", "type": "column", "platform": "4", "source": "Moynihan Station EA, Figure 3-4, February 2010, PDF page 2"}, "geometry": {"type": "Polygon", "coordinates": [[[-73.994841, 40.7507866], [-73.9948347, 40.7507839], [-73.9948312, 40.7507887], [-73.9948375, 40.7507913], [-73.994841, 40.7507866]]]}},
{"type": "Feature", "properties": {"level": "platform", "type": "column", "platform": "4", "source": "Moynihan Station EA, Figure 3-4, February 2010, PDF page 2"}, "geometry": {"type": "Polygon", "coordinates": [[[-73.9957504, 40.7511673], [-73.9957456, 40.7511653], [-73.9957429, 40.7511689], [-73.9957477, 40.751171], [-73.9957504, 40.7511673]]]}},
{"type": "Feature", "properties": {"level": "platform", "type": "column", "platform": "", "source": "Moynihan Station EA, Figure 3-4, February 2010, PDF page 2"}, "geometry": {"type": "Polygon", "coordinates": [[[-73.9970219, 40.7515681], [-73.9970156, 40.7515654], [-73.9970119, 40.7515704], [-73.9970182, 40.751573], [-73.9970219, 40.7515681]]]}},
{"type": "Feature", "properties": {"level": "platform", "type": "column", "platform": "3", "source": "Moynihan Station EA, Figure 3-4, February 2010, PDF page 2"}, "geometry": {"type": "Polygon", "coordinates": [[[-73.9954358, 40.7508947], [-73.9954278, 40.7508914], [-73.9954242, 40.7508963], [-73.9954321, 40.7508997], [-73.9954358, 40.7508947]]]}},
{"type": "Feature", "properties": {"level": "platform", "type": "column", "platform": "3", "source": "Moynihan Station EA, Figure 3-4, February 2010, PDF page 2"}, "geometry": {"type": "Polygon", "coordinates": [[[-73.9954995, 40.7509217], [-73.9954937, 40.7509193], [-73.9954906, 40.7509235], [-73.9954964, 40.7509259], [-73.9954995, 40.7509217]]]}},
{"type": "Feature", "properties": {"level": "platform", "type": "column", "platform": "", "source": "Moynihan Station EA, Figure 3-4, February 2010, PDF page 2"}, "geometry": {"type": "Polygon", "coordinates": [[[-73.9969633, 40.7515351], [-73.9969565, 40.7515322], [-73.996953, 40.751537], [-73.9969597, 40.7515399], [-73.9969633, 40.7515351]]]}},
{"type": "Feature", "properties": {"level": "platform", "type": "column", "platform": "3", "source": "Moynihan Station EA, Figure 3-4, February 2010, PDF page 2"}, "geometry": {"type": "Polygon", "coordinates": [[[-73.9953112, 40.7508345], [-73.9953032, 40.7508311], [-73.9952996, 40.750836], [-73.9953075, 40.7508394], [-73.9953112, 40.7508345]]]}},
{"type": "Feature", "properties": {"level": "platform", "type": "column", "platform": "3", "source": "Moynihan Station EA, Figure 3-4, February 2010, PDF page 2"}, "geometry": {"type": "Polygon", "coordinates": [[[-73.9952489, 40.7508081], [-73.9952427, 40.7508054], [-73.9952392, 40.7508102], [-73.9952454, 40.7508128], [-73.9952489, 40.7508081]]]}},
{"type": "Feature", "properties": {"level": "platform", "type": "column", "platform": "3", "source": "Moynihan Station EA, Figure 3-4, February 2010, PDF page 2"}, "geometry": {"type": "Polygon", "coordinates": [[[-73.9953731, 40.7508605], [-73.9953651, 40.7508571], [-73.9953616, 40.7508618], [-73.9953695, 40.7508652], [-73.9953731, 40.7508605]]]}},
{"type": "Feature", "properties": {"level": "platform", "type": "column", "platform": "3", "source": "Moynihan Station EA, Figure 3-4, February 2010, PDF page 2"}, "geometry": {"type": "Polygon", "coordinates": [[[-73.9949305, 40.7506654], [-73.9949243, 40.7506627], [-73.9949207, 40.7506675], [-73.994927, 40.7506702], [-73.9949305, 40.7506654]]]}},
{"type": "Feature", "properties": {"level": "platform", "type": "column", "platform": "", "source": "Moynihan Station EA, Figure 3-4, February 2010, PDF page 2"}, "geometry": {"type": "Polygon", "coordinates": [[[-73.9969041, 40.7515016], [-73.9968973, 40.7514987], [-73.9968938, 40.7515035], [-73.9969006, 40.7515064], [-73.9969041, 40.7515016]]]}},
{"type": "Feature", "properties": {"level": "platform", "type": "column", "platform": "", "source": "Moynihan Station EA, Figure 3-4, February 2010, PDF page 2"}, "geometry": {"type": "Polygon", "coordinates": [[[-73.996472, 40.7513112], [-73.9964672, 40.7513092], [-73.9964645, 40.7513129], [-73.9964693, 40.7513149], [-73.996472, 40.7513112]]]}},
{"type": "Feature", "properties": {"level": "platform", "type": "column", "platform": "", "source": "Moynihan Station EA, Figure 3-4, February 2010, PDF page 2"}, "geometry": {"type": "Polygon", "coordinates": [[[-73.9968454, 40.7514683], [-73.9968379, 40.7514651], [-73.9968345, 40.7514697], [-73.996842, 40.7514729], [-73.9968454, 40.7514683]]]}},
{"type": "Feature", "properties": {"level": "platform", "type": "column", "platform": "", "source": "Moynihan Station EA, Figure 3-4, February 2010, PDF page 2"}, "geometry": {"type": "Polygon", "coordinates": [[[-73.9967859, 40.7514343], [-73.9967797, 40.7514316], [-73.996776, 40.7514365], [-73.9967823, 40.7514392], [-73.9967859, 40.7514343]]]}},
{"type": "Feature", "properties": {"level": "platform", "type": "column", "platform": "", "source": "Moynihan Station EA, Figure 3-4, February 2010, PDF page 2"}, "geometry": {"type": "Polygon", "coordinates": [[[-73.9967267, 40.7514012], [-73.9967202, 40.7513985], [-73.9967168, 40.751403], [-73.9967234, 40.7514058], [-73.9967267, 40.7514012]]]}},
{"type": "Feature", "properties": {"level": "platform", "type": "column", "platform": "diagonal", "source": "Moynihan Station EA, Figure 3-4, February 2010, PDF page 2"}, "geometry": {"type": "Polygon", "coordinates": [[[-73.9961435, 40.7511213], [-73.996137, 40.7511186], [-73.9961335, 40.7511233], [-73.99614, 40.7511261], [-73.9961435, 40.7511213]]]}},
{"type": "Feature", "properties": {"level": "platform", "type": "column", "platform": "diagonal", "source": "Moynihan Station EA, Figure 3-4, February 2010, PDF page 2"}, "geometry": {"type": "Polygon", "coordinates": [[[-73.996137, 40.7511186], [-73.9961303, 40.7511157], [-73.9961268, 40.7511205], [-73.9961335, 40.7511233], [-73.996137, 40.7511186]]]}},
{"type": "Feature", "properties": {"level": "platform", "type": "column", "platform": "diagonal", "source": "Moynihan Station EA, Figure 3-4, February 2010, PDF page 2"}, "geometry": {"type": "Polygon", "coordinates": [[[-73.996055, 40.7510735], [-73.9960488, 40.7510708], [-73.9960452, 40.7510756], [-73.9960515, 40.7510783], [-73.996055, 40.7510735]]]}},
{"type": "Feature", "properties": {"level": "platform", "type": "column", "platform": "diagonal", "source": "Moynihan Station EA, Figure 3-4, February 2010, PDF page 2"}, "geometry": {"type": "Polygon", "coordinates": [[[-73.996005, 40.751046], [-73.9959982, 40.7510432], [-73.9959946, 40.7510481], [-73.9960013, 40.751051], [-73.996005, 40.751046]]]}},
{"type": "Feature", "properties": {"level": "platform", "type": "column", "platform": "diagonal", "source": "Moynihan Station EA, Figure 3-4, February 2010, PDF page 2"}, "geometry": {"type": "Polygon", "coordinates": [[[-73.9963921, 40.7512102], [-73.9963861, 40.7512076], [-73.9963827, 40.7512122], [-73.9963888, 40.7512147], [-73.9963921, 40.7512102]]]}},
{"type": "Feature", "properties": {"level": "platform", "type": "column", "platform": "diagonal", "source": "Moynihan Station EA, Figure 3-4, February 2010, PDF page 2"}, "geometry": {"type": "Polygon", "coordinates": [[[-73.9959474, 40.7510151], [-73.9959409, 40.7510124], [-73.9959372, 40.7510173], [-73.9959437, 40.7510201], [-73.9959474, 40.7510151]]]}},
{"type": "Feature", "properties": {"level": "platform", "type": "column", "platform": "diagonal", "source": "Moynihan Station EA, Figure 3-4, February 2010, PDF page 2"}, "geometry": {"type": "Polygon", "coordinates": [[[-73.9958898, 40.7509838], [-73.9958835, 40.7509811], [-73.99588, 40.7509859], [-73.9958863, 40.7509885], [-73.9958898, 40.7509838]]]}},
{"type": "Feature", "properties": {"level": "platform", "type": "column", "platform": "diagonal", "source": "Moynihan Station EA, Figure 3-4, February 2010, PDF page 2"}, "geometry": {"type": "Polygon", "coordinates": [[[-73.9961182, 40.7510789], [-73.9961141, 40.7510772], [-73.9961116, 40.7510805], [-73.9961157, 40.7510822], [-73.9961182, 40.7510789]]]}},
{"type": "Feature", "properties": {"level": "platform", "type": "column", "platform": "diagonal", "source": "Moynihan Station EA, Figure 3-4, February 2010, PDF page 2"}, "geometry": {"type": "Polygon", "coordinates": [[[-73.9958324, 40.7509525], [-73.9958259, 40.7509497], [-73.9958223, 40.7509547], [-73.9958288, 40.7509574], [-73.9958324, 40.7509525]]]}},
{"type": "Feature", "properties": {"level": "platform", "type": "column", "platform": "diagonal", "source": "Moynihan Station EA, Figure 3-4, February 2010, PDF page 2"}, "geometry": {"type": "Polygon", "coordinates": [[[-73.9957691, 40.7509187], [-73.9957625, 40.7509159], [-73.995759, 40.7509207], [-73.9957655, 40.7509234], [-73.9957691, 40.7509187]]]}},
{"type": "Feature", "properties": {"level": "platform", "type": "column", "platform": "diagonal", "source": "Moynihan Station EA, Figure 3-4, February 2010, PDF page 2"}, "geometry": {"type": "Polygon", "coordinates": [[[-73.9957062, 40.7508846], [-73.9956999, 40.7508819], [-73.9956964, 40.7508867], [-73.9957027, 40.7508893], [-73.9957062, 40.7508846]]]}},
{"type": "Feature", "properties": {"level": "platform", "type": "column", "platform": "diagonal", "source": "Moynihan Station EA, Figure 3-4, February 2010, PDF page 2"}, "geometry": {"type": "Polygon", "coordinates": [[[-73.9961318, 40.7510605], [-73.9961277, 40.7510587], [-73.9961253, 40.751062], [-73.9961294, 40.7510637], [-73.9961318, 40.7510605]]]}},
{"type": "Feature", "properties": {"level": "platform", "type": "column", "platform": "diagonal", "source": "Moynihan Station EA, Figure 3-4, February 2010, PDF page 2"}, "geometry": {"type": "Polygon", "coordinates": [[[-73.9956433, 40.7508505], [-73.9956371, 40.7508478], [-73.9956335, 40.7508526], [-73.9956398, 40.7508552], [-73.9956433, 40.7508505]]]}},
{"type": "Feature", "properties": {"level": "platform", "type": "column", "platform": "diagonal", "source": "Moynihan Station EA, Figure 3-4, February 2010, PDF page 2"}, "geometry": {"type": "Polygon", "coordinates": [[[-73.9955807, 40.7508165], [-73.9955742, 40.7508137], [-73.9955707, 40.7508185], [-73.9955772, 40.7508212], [-73.9955807, 40.7508165]]]}},
{"type": "Feature", "properties": {"level": "platform", "type": "column", "platform": "diagonal", "source": "Moynihan Station EA, Figure 3-4, February 2010, PDF page 2"}, "geometry": {"type": "Polygon", "coordinates": [[[-73.9959805, 40.7509704], [-73.9959742, 40.7509677], [-73.9959707, 40.7509725], [-73.9959769, 40.7509751], [-73.9959805, 40.7509704]]]}},
{"type": "Feature", "properties": {"level": "platform", "type": "column", "platform": "diagonal", "source": "Moynihan Station EA, Figure 3-4, February 2010, PDF page 2"}, "geometry": {"type": "Polygon", "coordinates": [[[-73.9961833, 40.7510559], [-73.9961768, 40.7510531], [-73.9961732, 40.7510581], [-73.9961797, 40.7510608], [-73.9961833, 40.7510559]]]}},
{"type": "Feature", "properties": {"level": "platform", "type": "column", "platform": "diagonal", "source": "Moynihan Station EA, Figure 3-4, February 2010, PDF page 2"}, "geometry": {"type": "Polygon", "coordinates": [[[-73.996095, 40.7510185], [-73.9960885, 40.7510157], [-73.9960849, 40.7510206], [-73.9960914, 40.7510234], [-73.996095, 40.7510185]]]}},
{"type": "Feature", "properties": {"level": "platform", "type": "column", "platform": "diagonal", "source": "Moynihan Station EA, Figure 3-4, February 2010, PDF page 2"}, "geometry": {"type": "Polygon", "coordinates": [[[-73.9960421, 40.7509958], [-73.9960359, 40.7509931], [-73.9960322, 40.7509981], [-73.9960385, 40.7510007], [-73.9960421, 40.7509958]]]}},
{"type": "Feature", "properties": {"level": "platform", "type": "column", "platform": "diagonal", "source": "Moynihan Station EA, Figure 3-4, February 2010, PDF page 2"}, "geometry": {"type": "Polygon", "coordinates": [[[-73.9961901, 40.7510588], [-73.9961833, 40.7510559], [-73.9961798, 40.7510606], [-73.9961866, 40.7510635], [-73.9961901, 40.7510588]]]}},
{"type": "Feature", "properties": {"level": "platform", "type": "column", "platform": "diagonal", "source": "Moynihan Station EA, Figure 3-4, February 2010, PDF page 2"}, "geometry": {"type": "Polygon", "coordinates": [[[-73.9959232, 40.7509389], [-73.995917, 40.7509362], [-73.9959133, 40.7509412], [-73.9959196, 40.7509438], [-73.9959232, 40.7509389]]]}},
{"type": "Feature", "properties": {"level": "platform", "type": "column", "platform": "diagonal", "source": "Moynihan Station EA, Figure 3-4, February 2010, PDF page 2"}, "geometry": {"type": "Polygon", "coordinates": [[[-73.9958656, 40.7509075], [-73.9958594, 40.7509049], [-73.9958557, 40.7509098], [-73.995862, 40.7509125], [-73.9958656, 40.7509075]]]}},
{"type": "Feature", "properties": {"level": "platform", "type": "column", "platform": "diagonal", "source": "Moynihan Station EA, Figure 3-4, February 2010, PDF page 2"}, "geometry": {"type": "Polygon", "coordinates": [[[-73.996179, 40.7510394], [-73.9961749, 40.7510377], [-73.9961725, 40.751041], [-73.9961766, 40.7510427], [-73.996179, 40.7510394]]]}},
{"type": "Feature", "properties": {"level": "platform", "type": "column", "platform": "diagonal", "source": "Moynihan Station EA, Figure 3-4, February 2010, PDF page 2"}, "geometry": {"type": "Polygon", "coordinates": [[[-73.9961015, 40.7510037], [-73.9960974, 40.751002], [-73.9960951, 40.7510051], [-73.9960992, 40.7510068], [-73.9961015, 40.7510037]]]}},
{"type": "Feature", "properties": {"level": "platform", "type": "column", "platform": "diagonal", "source": "Moynihan Station EA, Figure 3-4, February 2010, PDF page 2"}, "geometry": {"type": "Polygon", "coordinates": [[[-73.996067, 40.7509891], [-73.9960629, 40.7509873], [-73.9960606, 40.7509904], [-73.9960647, 40.7509922], [-73.996067, 40.7509891]]]}},
{"type": "Feature", "properties": {"level": "platform", "type": "column", "platform": "diagonal", "source": "Moynihan Station EA, Figure 3-4, February 2010, PDF page 2"}, "geometry": {"type": "Polygon", "coordinates": [[[-73.9957304, 40.7508351], [-73.9957241, 40.7508324], [-73.9957206, 40.7508372], [-73.9957269, 40.7508398], [-73.9957304, 40.7508351]]]}},
{"type": "Feature", "properties": {"level": "platform", "type": "column", "platform": "diagonal", "source": "Moynihan Station EA, Figure 3-4, February 2010, PDF page 2"}, "geometry": {"type": "Polygon", "coordinates": [[[-73.9956675, 40.750801], [-73.9956612, 40.7507983], [-73.9956577, 40.7508031], [-73.995664, 40.7508057], [-73.9956675, 40.750801]]]}},
{"type": "Feature", "properties": {"level": "platform", "type": "column", "platform": "diagonal", "source": "Moynihan Station EA, Figure 3-4, February 2010, PDF page 2"}, "geometry": {"type": "Polygon", "coordinates": [[[-73.9959652, 40.7509289], [-73.9959611, 40.7509271], [-73.9959588, 40.7509302], [-73.9959629, 40.750932], [-73.9959652, 40.7509289]]]}},
{"type": "Feature", "properties": {"level": "platform", "type": "column", "platform": "diagonal", "source": "Moynihan Station EA, Figure 3-4, February 2010, PDF page 2"}, "geometry": {"type": "Polygon", "coordinates": [[[-73.9958974, 40.7509001], [-73.9958933, 40.7508984], [-73.995891, 40.7509015], [-73.9958951, 40.7509032], [-73.9958974, 40.7509001]]]}},
{"type": "Feature", "properties": {"level": "platform", "type": "column", "platform": "diagonal", "source": "Moynihan Station EA, Figure 3-4, February 2010, PDF page 2"}, "geometry": {"type": "Polygon", "coordinates": [[[-73.9957951, 40.7508568], [-73.9957908, 40.7508549], [-73.9957885, 40.750858], [-73.9957929, 40.7508599], [-73.9957951, 40.7508568]]]}},
{"type": "Feature", "properties": {"level": "platform", "type": "column", "platform": "diagonal", "source": "Moynihan Station EA, Figure 3-4, February 2010, PDF page 2"}, "geometry": {"type": "Polygon", "coordinates": [[[-73.9957116, 40.7508185], [-73.9957073, 40.7508166], [-73.995705, 40.7508197], [-73.9957093, 40.7508216], [-73.9957116, 40.7508185]]]}},
{"type": "Feature", "properties": {"level": "platform", "type": "column", "platform": "diagonal", "source": "Moynihan Station EA, Figure 3-4, February 2010, PDF page 2"}, "geometry": {"type": "Polygon", "coordinates": [[[-73.9956208, 40.7507754], [-73.9956148, 40.7507729], [-73.9956114, 40.7507774], [-73.9956175, 40.75078], [-73.9956208, 40.7507754]]]}},
{"type": "Feature", "properties": {"level": "platform", "type": "column", "platform": "diagonal", "source": "Moynihan Station EA, Figure 3-4, February 2010, PDF page 2"}, "geometry": {"type": "Polygon", "coordinates": [[[-73.9956053, 40.7507669], [-73.9955983, 40.7507639], [-73.9955944, 40.7507692], [-73.9956014, 40.7507722], [-73.9956053, 40.7507669]]]}},
{"type": "Feature", "properties": {"level": "platform", "type": "column", "platform": "diagonal", "source": "Moynihan Station EA, Figure 3-4, February 2010, PDF page 2"}, "geometry": {"type": "Polygon", "coordinates": [[[-73.9955624, 40.7507439], [-73.9955561, 40.7507413], [-73.9955527, 40.7507458], [-73.995559, 40.7507485], [-73.9955624, 40.7507439]]]}},
{"type": "Feature", "properties": {"level": "platform", "type": "column", "platform": "diagonal", "source": "Moynihan Station EA, Figure 3-4, February 2010, PDF page 2"}, "geometry": {"type": "Polygon", "coordinates": [[[-73.9955515, 40.7507372], [-73.9955445, 40.7507342], [-73.9955406, 40.7507395], [-73.9955476, 40.7507425], [-73.9955515, 40.7507372]]]}},
{"type": "Feature", "properties": {"level": "platform", "type": "column", "platform": "diagonal", "source": "Moynihan Station EA, Figure 3-4, February 2010, PDF page 2"}, "geometry": {"type": "Polygon", "coordinates": [[[-73.9954994, 40.7507095], [-73.9954931, 40.7507069], [-73.9954898, 40.7507115], [-73.995496, 40.7507141], [-73.9954994, 40.7507095]]]}},
{"type": "Feature", "properties": {"level": "platform", "type": "column", "platform": "diagonal", "source": "Moynihan Station EA, Figure 3-4, February 2010, PDF page 2"}, "geometry": {"type": "Polygon", "coordinates": [[[-73.9954885, 40.7507033], [-73.9954815, 40.7507003], [-73.9954778, 40.7507054], [-73.9954848, 40.7507084], [-73.9954885, 40.7507033]]]}},
{"type": "Feature", "properties": {"level": "platform", "type": "elevator", "platform": "", "source": "Moynihan Station EA, Figure 3-4, February 2010, PDF page 2"}, "geometry": {"type": "Polygon", "coordinates": [[[-73.9967455, 40.7514581], [-73.9966985, 40.7514382], [-73.9966897, 40.7514501], [-73.9967367, 40.75147], [-73.9967455, 40.7514581]]]}},
{"type": "Feature", "properties": {"level": "platform", "type": "wall", "platform": "", "color": "#6e6e70", "source": "Moynihan Station EA, Figure 3-4, February 2010, PDF page 2"}, "geometry": {"type": "LineString", "coordinates": [[-73.9973935, 40.7517686], [-73.997397, 40.7517639]]}},
{"type": "Feature", "properties": {"level": "platform", "type": "wall", "platform": "", "color": "#6e6e70", "source": "Moynihan Station EA, Figure 3-4, February 2010, PDF page 2"}, "geometry": {"type": "LineString", "coordinates": [[-73.9973847, 40.7517805], [-73.9973882, 40.7517758]]}},
{"type": "Feature", "properties": {"level": "platform", "type": "wall", "platform": "", "color": "#6e6e70", "source": "Moynihan Station EA, Figure 3-4, February 2010, PDF page 2"}, "geometry": {"type": "LineString", "coordinates": [[-73.9973758, 40.7517926], [-73.9973795, 40.7517876]]}},
{"type": "Feature", "properties": {"level": "platform", "type": "wall", "platform": "", "color": "#6e6e70", "source": "Moynihan Station EA, Figure 3-4, February 2010, PDF page 2"}, "geometry": {"type": "LineString", "coordinates": [[-73.9973723, 40.7517716], [-73.9973793, 40.7517621]]}},
{"type": "Feature", "properties": {"level": "platform", "type": "wall", "platform": "", "color": "#6e6e70", "source": "Moynihan Station EA, Figure 3-4, February 2010, PDF page 2"}, "geometry": {"type": "LineString", "coordinates": [[-73.9973618, 40.7517859], [-73.9973688, 40.7517764]]}},
{"type": "Feature", "properties": {"level": "platform", "type": "wall", "platform": "", "color": "#6e6e70", "source": "Moynihan Station EA, Figure 3-4, February 2010, PDF page 2"}, "geometry": {"type": "LineString", "coordinates": [[-73.9967845, 40.7514298], [-73.9967841, 40.7514294], [-73.9967834, 40.7514291], [-73.9967828, 40.7514291], [-73.9967817, 40.7514293], [-73.9967812, 40.7514296]]}},
{"type": "Feature", "properties": {"level": "platform", "type": "wall", "platform": "diagonal", "color": "#6e6e70", "source": "Moynihan Station EA, Figure 3-4, February 2010, PDF page 2"}, "geometry": {"type": "LineString", "coordinates": [[-73.9963357, 40.7511188], [-73.996323, 40.7511134]]}},
{"type": "Feature", "properties": {"level": "platform", "type": "wall", "platform": "diagonal", "color": "#6e6e70", "source": "Moynihan Station EA, Figure 3-4, February 2010, PDF page 2"}, "geometry": {"type": "LineString", "coordinates": [[-73.9963167, 40.7511108], [-73.9963042, 40.7511054]]}},
{"type": "Feature", "properties": {"level": "platform", "type": "wall", "platform": "diagonal", "color": "#6e6e70", "source": "Moynihan Station EA, Figure 3-4, February 2010, PDF page 2"}, "geometry": {"type": "LineString", "coordinates": [[-73.9962979, 40.7511028], [-73.9962851, 40.7510974]]}},
{"type": "Feature", "properties": {"level": "platform", "type": "wall", "platform": "diagonal", "color": "#6e6e70", "source": "Moynihan Station EA, Figure 3-4, February 2010, PDF page 2"}, "geometry": {"type": "LineString", "coordinates": [[-73.9962393, 40.7511533], [-73.9962441, 40.7511469], [-73.9962438, 40.7511468]]}},
{"type": "Feature", "properties": {"level": "platform", "type": "wall", "platform": "diagonal", "color": "#6e6e70", "source": "Moynihan Station EA, Figure 3-4, February 2010, PDF page 2"}, "geometry": {"type": "LineString", "coordinates": [[-73.9962306, 40.7511489], [-73.9962321, 40.7511476], [-73.9962339, 40.7511469], [-73.9962359, 40.7511463], [-73.996238, 40.7511461], [-73.99624, 40.7511459], [-73.9962422, 40.7511464], [-73.9962438, 40.7511468]]}},
{"type": "Feature", "properties": {"level": "platform", "type": "wall", "platform": "diagonal", "color": "#6e6e70", "source": "Moynihan Station EA, Figure 3-4, February 2010, PDF page 2"}, "geometry": {"type": "LineString", "coordinates": [[-73.9962438, 40.7511468], [-73.9962391, 40.7511532]]}},
{"type": "Feature", "properties": {"level": "platform", "type": "wall", "platform": "diagonal", "color": "#6e6e70", "source": "Moynihan Station EA, Figure 3-4, February 2010, PDF page 2"}, "geometry": {"type": "LineString", "coordinates": [[-73.9962788, 40.7510947], [-73.9962663, 40.7510894]]}},
{"type": "Feature", "properties": {"level": "platform", "type": "wall", "platform": "diagonal", "color": "#6e6e70", "source": "Moynihan Station EA, Figure 3-4, February 2010, PDF page 2"}, "geometry": {"type": "LineString", "coordinates": [[-73.9962301, 40.7511487], [-73.9962306, 40.7511474], [-73.9962308, 40.751146], [-73.9962306, 40.7511446], [-73.9962301, 40.7511433], [-73.9962293, 40.751142], [-73.9962283, 40.7511409], [-73.996227, 40.7511399], [-73.9962257, 40.7511392]]}},
{"type": "Feature", "properties": {"level": "platform", "type": "wall", "platform": "diagonal", "color": "#6e6e70", "source": "Moynihan Station EA, Figure 3-4, February 2010, PDF page 2"}, "geometry": {"type": "LineString", "coordinates": [[-73.9962257, 40.7511392], [-73.996221, 40.7511455]]}},
{"type": "Feature", "properties": {"level": "platform", "type": "wall", "platform": "diagonal", "color": "#6e6e70", "source": "Moynihan Station EA, Figure 3-4, February 2010, PDF page 2"}, "geometry": {"type": "LineString", "coordinates": [[-73.9962257, 40.7511392], [-73.9962252, 40.7511389], [-73.9962205, 40.7511453]]}},
{"type": "Feature", "properties": {"level": "platform", "type": "wall", "platform": "diagonal", "color": "#6e6e70", "source": "Moynihan Station EA, Figure 3-4, February 2010, PDF page 2"}, "geometry": {"type": "LineString", "coordinates": [[-73.99626, 40.7510867], [-73.9962472, 40.7510813]]}},
{"type": "Feature", "properties": {"level": "platform", "type": "wall", "platform": "diagonal", "color": "#6e6e70", "source": "Moynihan Station EA, Figure 3-4, February 2010, PDF page 2"}, "geometry": {"type": "LineString", "coordinates": [[-73.996241, 40.7510786], [-73.9962284, 40.7510733]]}},
{"type": "Feature", "properties": {"level": "platform", "type": "wall", "platform": "diagonal", "color": "#6e6e70", "source": "Moynihan Station EA, Figure 3-4, February 2010, PDF page 2"}, "geometry": {"type": "LineString", "coordinates": [[-73.9962221, 40.7510707], [-73.9962096, 40.7510654]]}},
{"type": "Feature", "properties": {"level": "platform", "type": "wall", "platform": "diagonal", "color": "#6e6e70", "source": "Moynihan Station EA, Figure 3-4, February 2010, PDF page 2"}, "geometry": {"type": "LineString", "coordinates": [[-73.9961837, 40.7510481], [-73.9961936, 40.7510523], [-73.9961901, 40.7510571], [-73.9962031, 40.7510626]]}},
{"type": "Feature", "properties": {"level": "platform", "type": "wall", "platform": "diagonal", "color": "#6e6e70", "source": "Moynihan Station EA, Figure 3-4, February 2010, PDF page 2"}, "geometry": {"type": "LineString", "coordinates": [[-73.9961772, 40.7510454], [-73.9961646, 40.7510401]]}},
{"type": "Feature", "properties": {"level": "platform", "type": "wall", "platform": "diagonal", "color": "#6e6e70", "source": "Moynihan Station EA, Figure 3-4, February 2010, PDF page 2"}, "geometry": {"type": "LineString", "coordinates": [[-73.9961584, 40.7510374], [-73.9961458, 40.7510321]]}},
{"type": "Feature", "properties": {"level": "platform", "type": "wall", "platform": "diagonal", "color": "#6e6e70", "source": "Moynihan Station EA, Figure 3-4, February 2010, PDF page 2"}, "geometry": {"type": "LineString", "coordinates": [[-73.9961395, 40.7510294], [-73.9961268, 40.751024]]}},
{"type": "Feature", "properties": {"level": "platform", "type": "wall", "platform": "diagonal", "color": "#6e6e70", "source": "Moynihan Station EA, Figure 3-4, February 2010, PDF page 2"}, "geometry": {"type": "LineString", "coordinates": [[-73.9961205, 40.7510213], [-73.9961079, 40.751016]]}},
{"type": "Feature", "properties": {"level": "platform", "type": "wall", "platform": "diagonal", "color": "#6e6e70", "source": "Moynihan Station EA, Figure 3-4, February 2010, PDF page 2"}, "geometry": {"type": "LineString", "coordinates": [[-73.9961017, 40.7510134], [-73.9960889, 40.7510079]]}},
{"type": "Feature", "properties": {"level": "platform", "type": "wall", "platform": "diagonal", "color": "#6e6e70", "source": "Moynihan Station EA, Figure 3-4, February 2010, PDF page 2"}, "geometry": {"type": "LineString", "coordinates": [[-73.9960826, 40.7510053], [-73.9960701, 40.751]]}},
{"type": "Feature", "properties": {"level": "platform", "type": "wall", "platform": "diagonal", "color": "#6e6e70", "source": "Moynihan Station EA, Figure 3-4, February 2010, PDF page 2"}, "geometry": {"type": "LineString", "coordinates": [[-73.9960638, 40.7509973], [-73.9960513, 40.750992]]}},
{"type": "Feature", "properties": {"level": "platform", "type": "wall", "platform": "diagonal", "color": "#6e6e70", "source": "Moynihan Station EA, Figure 3-4, February 2010, PDF page 2"}, "geometry": {"type": "LineString", "coordinates": [[-73.9960233, 40.7509852], [-73.996032, 40.7509889], [-73.9960349, 40.750985], [-73.9960448, 40.7509892]]}},
{"type": "Feature", "properties": {"level": "platform", "type": "wall", "platform": "diagonal", "color": "#6e6e70", "source": "Moynihan Station EA, Figure 3-4, February 2010, PDF page 2"}, "geometry": {"type": "LineString", "coordinates": [[-73.9960171, 40.7509825], [-73.9960045, 40.7509772]]}},
{"type": "Feature", "properties": {"level": "platform", "type": "wall", "platform": "diagonal", "color": "#6e6e70", "source": "Moynihan Station EA, Figure 3-4, February 2010, PDF page 2"}, "geometry": {"type": "LineString", "coordinates": [[-73.995998, 40.7509744], [-73.9959855, 40.7509691]]}},
{"type": "Feature", "properties": {"level": "platform", "type": "wall", "platform": "diagonal", "color": "#6e6e70", "source": "Moynihan Station EA, Figure 3-4, February 2010, PDF page 2"}, "geometry": {"type": "LineString", "coordinates": [[-73.9959792, 40.7509665], [-73.9959667, 40.7509612]]}},
{"type": "Feature", "properties": {"level": "platform", "type": "wall", "platform": "diagonal", "color": "#6e6e70", "source": "Moynihan Station EA, Figure 3-4, February 2010, PDF page 2"}, "geometry": {"type": "LineString", "coordinates": [[-73.9959834, 40.750951], [-73.9959767, 40.7509549]]}},
{"type": "Feature", "properties": {"level": "platform", "type": "wall", "platform": "diagonal", "color": "#6e6e70", "source": "Moynihan Station EA, Figure 3-4, February 2010, PDF page 2"}, "geometry": {"type": "LineString", "coordinates": [[-73.9959413, 40.7509504], [-73.9959288, 40.7509451]]}},
{"type": "Feature", "properties": {"level": "platform", "type": "wall", "platform": "diagonal", "color": "#6e6e70", "source": "Moynihan Station EA, Figure 3-4, February 2010, PDF page 2"}, "geometry": {"type": "LineString", "coordinates": [[-73.9959225, 40.7509424], [-73.9959097, 40.750937]]}},
{"type": "Feature", "properties": {"level": "platform", "type": "wall", "platform": "diagonal", "color": "#6e6e70", "source": "Moynihan Station EA, Figure 3-4, February 2010, PDF page 2"}, "geometry": {"type": "LineString", "coordinates": [[-73.9959035, 40.7509344], [-73.9958909, 40.750929]]}},
{"type": "Feature", "properties": {"level": "platform", "type": "wall", "platform": "diagonal", "color": "#6e6e70", "source": "Moynihan Station EA, Figure 3-4, February 2010, PDF page 2"}, "geometry": {"type": "LineString", "coordinates": [[-73.9958847, 40.7509264], [-73.9958721, 40.7509211]]}},
{"type": "Feature", "properties": {"level": "platform", "type": "wall", "platform": "diagonal", "color": "#6e6e70", "source": "Moynihan Station EA, Figure 3-4, February 2010, PDF page 2"}, "geometry": {"type": "LineString", "coordinates": [[-73.9958656, 40.7509183], [-73.9958531, 40.750913]]}},
{"type": "Feature", "properties": {"level": "platform", "type": "wall", "platform": "diagonal", "color": "#6e6e70", "source": "Moynihan Station EA, Figure 3-4, February 2010, PDF page 2"}, "geometry": {"type": "LineString", "coordinates": [[-73.9957773, 40.7508809], [-73.9957875, 40.7508852]]}},
{"type": "Feature", "properties": {"level": "platform", "type": "wall", "platform": "diagonal", "color": "#6e6e70", "source": "Moynihan Station EA, Figure 3-4, February 2010, PDF page 2"}, "geometry": {"type": "LineString", "coordinates": [[-73.995771, 40.7508782], [-73.9957585, 40.7508729]]}},
{"type": "Feature", "properties": {"level": "platform", "type": "wall", "platform": "4", "color": "#6e6e70", "source": "Moynihan Station EA, Figure 3-4, February 2010, PDF page 2"}, "geometry": {"type": "LineString", "coordinates": [[-73.9955817, 40.7511037], [-73.9956011, 40.7511122], [-73.9956015, 40.7511116], [-73.9955819, 40.7511033]]}},
{"type": "Feature", "properties": {"level": "platform", "type": "wall", "platform": "diagonal", "color": "#6e6e70", "source": "Moynihan Station EA, Figure 3-4, February 2010, PDF page 2"}, "geometry": {"type": "LineString", "coordinates": [[-73.9957522, 40.7508703], [-73.9957397, 40.7508649]]}},
{"type": "Feature", "properties": {"level": "platform", "type": "wall", "platform": "diagonal", "color": "#6e6e70", "source": "Moynihan Station EA, Figure 3-4, February 2010, PDF page 2"}, "geometry": {"type": "LineString", "coordinates": [[-73.9957332, 40.7508622], [-73.9957206, 40.7508569]]}},
{"type": "Feature", "properties": {"level": "platform", "type": "wall", "platform": "diagonal", "color": "#6e6e70", "source": "Moynihan Station EA, Figure 3-4, February 2010, PDF page 2"}, "geometry": {"type": "LineString", "coordinates": [[-73.9957144, 40.7508542], [-73.9957018, 40.7508489]]}},
{"type": "Feature", "properties": {"level": "platform", "type": "wall", "platform": "diagonal", "color": "#6e6e70", "source": "Moynihan Station EA, Figure 3-4, February 2010, PDF page 2"}, "geometry": {"type": "LineString", "coordinates": [[-73.9956956, 40.7508462], [-73.9956828, 40.7508408]]}},
{"type": "Feature", "properties": {"level": "platform", "type": "wall", "platform": "diagonal", "color": "#6e6e70", "source": "Moynihan Station EA, Figure 3-4, February 2010, PDF page 2"}, "geometry": {"type": "LineString", "coordinates": [[-73.9956765, 40.7508381], [-73.995664, 40.7508328]]}},
{"type": "Feature", "properties": {"level": "platform", "type": "wall", "platform": "diagonal", "color": "#6e6e70", "source": "Moynihan Station EA, Figure 3-4, February 2010, PDF page 2"}, "geometry": {"type": "LineString", "coordinates": [[-73.9956577, 40.7508302], [-73.9956449, 40.7508247]]}},
{"type": "Feature", "properties": {"level": "platform", "type": "wall", "platform": "diagonal", "color": "#6e6e70", "source": "Moynihan Station EA, Figure 3-4, February 2010, PDF page 2"}, "geometry": {"type": "LineString", "coordinates": [[-73.9956386, 40.7508221], [-73.9956261, 40.7508168]]}},
{"type": "Feature", "properties": {"level": "platform", "type": "wall", "platform": "diagonal", "color": "#6e6e70", "source": "Moynihan Station EA, Figure 3-4, February 2010, PDF page 2"}, "geometry": {"type": "LineString", "coordinates": [[-73.9956198, 40.7508141], [-73.995607, 40.7508087]]}},
{"type": "Feature", "properties": {"level": "platform", "type": "wall", "platform": "diagonal", "color": "#6e6e70", "source": "Moynihan Station EA, Figure 3-4, February 2010, PDF page 2"}, "geometry": {"type": "LineString", "coordinates": [[-73.9956008, 40.750806], [-73.9955882, 40.7508007]]}},
{"type": "Feature", "properties": {"level": "platform", "type": "wall", "platform": "diagonal", "color": "#6e6e70", "source": "Moynihan Station EA, Figure 3-4, February 2010, PDF page 2"}, "geometry": {"type": "LineString", "coordinates": [[-73.995582, 40.7507981], [-73.9955694, 40.7507927]]}},
{"type": "Feature", "properties": {"level": "platform", "type": "wall", "platform": "diagonal", "color": "#6e6e70", "source": "Moynihan Station EA, Figure 3-4, February 2010, PDF page 2"}, "geometry": {"type": "LineString", "coordinates": [[-73.9955629, 40.75079], [-73.9955503, 40.7507847]]}},
{"type": "Feature", "properties": {"level": "platform", "type": "wall", "platform": "diagonal", "color": "#6e6e70", "source": "Moynihan Station EA, Figure 3-4, February 2010, PDF page 2"}, "geometry": {"type": "LineString", "coordinates": [[-73.9955441, 40.750782], [-73.9955315, 40.7507767]]}},
{"type": "Feature", "properties": {"level": "platform", "type": "wall", "platform": "diagonal", "color": "#6e6e70", "source": "Moynihan Station EA, Figure 3-4, February 2010, PDF page 2"}, "geometry": {"type": "LineString", "coordinates": [[-73.9955253, 40.750774], [-73.9955125, 40.7507686]]}},
{"type": "Feature", "properties": {"level": "platform", "type": "wall", "platform": "diagonal", "color": "#6e6e70", "source": "Moynihan Station EA, Figure 3-4, February 2010, PDF page 2"}, "geometry": {"type": "LineString", "coordinates": [[-73.9955062, 40.7507659], [-73.9954937, 40.7507606]]}},
{"type": "Feature", "properties": {"level": "platform", "type": "wall", "platform": "diagonal", "color": "#6e6e70", "source": "Moynihan Station EA, Figure 3-4, February 2010, PDF page 2"}, "geometry": {"type": "LineString", "coordinates": [[-73.9954874, 40.750758], [-73.9954746, 40.7507525]]}},
{"type": "Feature", "properties": {"level": "platform", "type": "wall", "platform": "diagonal", "color": "#6e6e70", "source": "Moynihan Station EA, Figure 3-4, February 2010, PDF page 2"}, "geometry": {"type": "LineString", "coordinates": [[-73.9954683, 40.7507499], [-73.9954558, 40.7507446]]}},
{"type": "Feature", "properties": {"level": "platform", "type": "wall", "platform": "11", "color": "#6e6e70", "source": "Moynihan Station EA, Figure 3-4, February 2010, PDF page 2"}, "geometry": {"type": "LineString", "coordinates": [[-73.994378, 40.7515853], [-73.9943843, 40.751588]]}},
{"type": "Feature", "properties": {"level": "platform", "type": "wall", "platform": "11", "color": "#6e6e70", "source": "Moynihan Station EA, Figure 3-4, February 2010, PDF page 2"}, "geometry": {"type": "LineString", "coordinates": [[-73.9943705, 40.7515972], [-73.9943661, 40.7515954], [-73.9943694, 40.7515905], [-73.9943768, 40.7515934]]}},
{"type": "Feature", "properties": {"level": "platform", "type": "wall", "platform": "11", "color": "#6e6e70", "source": "Moynihan Station EA, Figure 3-4, February 2010, PDF page 2"}, "geometry": {"type": "LineString", "coordinates": [[-73.9943623, 40.7515787], [-73.9943686, 40.7515813]]}},
{"type": "Feature", "properties": {"level": "platform", "type": "wall", "platform": "11", "color": "#6e6e70", "source": "Moynihan Station EA, Figure 3-4, February 2010, PDF page 2"}, "geometry": {"type": "LineString", "coordinates": [[-73.9943511, 40.7515739], [-73.9943514, 40.7515738], [-73.9943515, 40.7515731], [-73.9943509, 40.7515726], [-73.9943501, 40.7515725], [-73.9943494, 40.751573], [-73.9943494, 40.7515732]]}},
{"type": "Feature", "properties": {"level": "platform", "type": "wall", "platform": "11", "color": "#6e6e70", "source": "Moynihan Station EA, Figure 3-4, February 2010, PDF page 2"}, "geometry": {"type": "LineString", "coordinates": [[-73.994338, 40.7515849], [-73.9943421, 40.7515859], [-73.9943462, 40.7515855], [-73.9943434, 40.7515776]]}},
{"type": "Feature", "properties": {"level": "platform", "type": "wall", "platform": "11", "color": "#6e6e70", "source": "Moynihan Station EA, Figure 3-4, February 2010, PDF page 2"}, "geometry": {"type": "LineString", "coordinates": [[-73.9943307, 40.7515653], [-73.994337, 40.7515679]]}},
{"type": "Feature", "properties": {"level": "platform", "type": "wall", "platform": "11", "color": "#6e6e70", "source": "Moynihan Station EA, Figure 3-4, February 2010, PDF page 2"}, "geometry": {"type": "LineString", "coordinates": [[-73.994315, 40.7515586], [-73.9943213, 40.7515613]]}},
{"type": "Feature", "properties": {"level": "platform", "type": "wall", "platform": "11", "color": "#6e6e70", "source": "Moynihan Station EA, Figure 3-4, February 2010, PDF page 2"}, "geometry": {"type": "LineString", "coordinates": [[-73.9942991, 40.7515519], [-73.9943054, 40.7515545]]}},
{"type": "Feature", "properties": {"level": "platform", "type": "wall", "platform": "11", "color": "#6e6e70", "source": "Moynihan Station EA, Figure 3-4, February 2010, PDF page 2"}, "geometry": {"type": "LineString", "coordinates": [[-73.9942834, 40.7515452], [-73.9942897, 40.7515479]]}},
{"type": "Feature", "properties": {"level": "platform", "type": "wall", "platform": "11", "color": "#6e6e70", "source": "Moynihan Station EA, Figure 3-4, February 2010, PDF page 2"}, "geometry": {"type": "LineString", "coordinates": [[-73.9942678, 40.7515386], [-73.994274, 40.7515412]]}},
{"type": "Feature", "properties": {"level": "platform", "type": "wall", "platform": "9", "color": "#6e6e70", "source": "Moynihan Station EA, Figure 3-4, February 2010, PDF page 2"}, "geometry": {"type": "LineString", "coordinates": [[-73.9944251, 40.7513235], [-73.9944254, 40.7513239], [-73.9944263, 40.751324], [-73.9944269, 40.7513231], [-73.9944264, 40.7513226], [-73.9944257, 40.7513226], [-73.9944251, 40.751323]]}},
{"type": "Feature", "properties": {"level": "platform", "type": "wall", "platform": "11", "color": "#6e6e70", "source": "Moynihan Station EA, Figure 3-4, February 2010, PDF page 2"}, "geometry": {"type": "LineString", "coordinates": [[-73.9942581, 40.7515345], [-73.994255, 40.7515332], [-73.9942567, 40.7515308]]}},
{"type": "Feature", "properties": {"level": "platform", "type": "wall", "platform": "3", "color": "#6e6e70", "source": "Moynihan Station EA, Figure 3-4, February 2010, PDF page 2"}, "geometry": {"type": "LineString", "coordinates": [[-73.9949099, 40.7506466], [-73.9949064, 40.7506513]]}},
{"type": "Feature", "properties": {"level": "platform", "type": "wall", "platform": "3", "color": "#6e6e70", "source": "Moynihan Station EA, Figure 3-4, February 2010, PDF page 2"}, "geometry": {"type": "LineString", "coordinates": [[-73.994901, 40.7506587], [-73.9948975, 40.7506634]]}},
{"type": "Feature", "properties": {"level": "platform", "type": "wall", "platform": "3", "color": "#6e6e70", "source": "Moynihan Station EA, Figure 3-4, February 2010, PDF page 2"}, "geometry": {"type": "LineString", "coordinates": [[-73.9948922, 40.7506705], [-73.9948887, 40.7506753]]}},
{"type": "Feature", "properties": {"level": "platform", "type": "wall", "platform": "3", "color": "#6e6e70", "source": "Moynihan Station EA, Figure 3-4, February 2010, PDF page 2"}, "geometry": {"type": "LineString", "coordinates": [[-73.9948835, 40.7506824], [-73.9948798, 40.7506873]]}},
{"type": "Feature", "properties": {"level": "platform", "type": "wall", "platform": "4", "color": "#6e6e70", "source": "Moynihan Station EA, Figure 3-4, February 2010, PDF page 2"}, "geometry": {"type": "LineString", "coordinates": [[-73.9948304, 40.7507542], [-73.9948269, 40.750759]]}},
{"type": "Feature", "properties": {"level": "platform", "type": "wall", "platform": "4", "color": "#6e6e70", "source": "Moynihan Station EA, Figure 3-4, February 2010, PDF page 2"}, "geometry": {"type": "LineString", "coordinates": [[-73.9948216, 40.7507661], [-73.9948181, 40.7507709]]}},
{"type": "Feature", "properties": {"level": "platform", "type": "wall", "platform": "4", "color": "#6e6e70", "source": "Moynihan Station EA, Figure 3-4, February 2010, PDF page 2"}, "geometry": {"type": "LineString", "coordinates": [[-73.9948128, 40.750778], [-73.9948092, 40.7507829]]}},
{"type": "Feature", "properties": {"level": "platform", "type": "wall", "platform": "4", "color": "#6e6e70", "source": "Moynihan Station EA, Figure 3-4, February 2010, PDF page 2"}, "geometry": {"type": "LineString", "coordinates": [[-73.9948039, 40.7507901], [-73.9948004, 40.7507948]]}},
{"type": "Feature", "properties": {"level": "platform", "type": "wall", "platform": "5", "color": "#6e6e70", "source": "Moynihan Station EA, Figure 3-4, February 2010, PDF page 2"}, "geometry": {"type": "LineString", "coordinates": [[-73.994751, 40.7508617], [-73.9947475, 40.7508664]]}},
{"type": "Feature", "properties": {"level": "platform", "type": "wall", "platform": "5", "color": "#6e6e70", "source": "Moynihan Station EA, Figure 3-4, February 2010, PDF page 2"}, "geometry": {"type": "LineString", "coordinates": [[-73.9947422, 40.7508736], [-73.9947387, 40.7508783]]}},
{"type": "Feature", "properties": {"level": "platform", "type": "wall", "platform": "5", "color": "#6e6e70", "source": "Moynihan Station EA, Figure 3-4, February 2010, PDF page 2"}, "geometry": {"type": "LineString", "coordinates": [[-73.9947333, 40.7508856], [-73.9947298, 40.7508904]]}},
{"type": "Feature", "properties": {"level": "platform", "type": "wall", "platform": "5", "color": "#6e6e70", "source": "Moynihan Station EA, Figure 3-4, February 2010, PDF page 2"}, "geometry": {"type": "LineString", "coordinates": [[-73.9947245, 40.7508975], [-73.994721, 40.7509023]]}},
{"type": "Feature", "properties": {"level": "platform", "type": "wall", "platform": "6", "color": "#6e6e70", "source": "Moynihan Station EA, Figure 3-4, February 2010, PDF page 2"}, "geometry": {"type": "LineString", "coordinates": [[-73.9946627, 40.7509812], [-73.9946592, 40.750986]]}},
{"type": "Feature", "properties": {"level": "platform", "type": "wall", "platform": "6", "color": "#6e6e70", "source": "Moynihan Station EA, Figure 3-4, February 2010, PDF page 2"}, "geometry": {"type": "LineString", "coordinates": [[-73.9946539, 40.7509931], [-73.9946504, 40.7509979]]}},
{"type": "Feature", "properties": {"level": "platform", "type": "wall", "platform": "6", "color": "#6e6e70", "source": "Moynihan Station EA, Figure 3-4, February 2010, PDF page 2"}, "geometry": {"type": "LineString", "coordinates": [[-73.9946452, 40.751005], [-73.9946415, 40.7510099]]}},
{"type": "Feature", "properties": {"level": "platform", "type": "wall", "platform": "7", "color": "#6e6e70", "source": "Moynihan Station EA, Figure 3-4, February 2010, PDF page 2"}, "geometry": {"type": "LineString", "coordinates": [[-73.9945921, 40.7510768], [-73.9945886, 40.7510816]]}},
{"type": "Feature", "properties": {"level": "platform", "type": "wall", "platform": "7", "color": "#6e6e70", "source": "Moynihan Station EA, Figure 3-4, February 2010, PDF page 2"}, "geometry": {"type": "LineString", "coordinates": [[-73.9945833, 40.7510887], [-73.9945798, 40.7510934]]}},
{"type": "Feature", "properties": {"level": "platform", "type": "wall", "platform": "7", "color": "#6e6e70", "source": "Moynihan Station EA, Figure 3-4, February 2010, PDF page 2"}, "geometry": {"type": "LineString", "coordinates": [[-73.9945745, 40.7511006], [-73.9945709, 40.7511055]]}},
{"type": "Feature", "properties": {"level": "platform", "type": "wall", "platform": "7", "color": "#6e6e70", "source": "Moynihan Station EA, Figure 3-4, February 2010, PDF page 2"}, "geometry": {"type": "LineString", "coordinates": [[-73.9945656, 40.7511126], [-73.9945621, 40.7511174]]}},
{"type": "Feature", "properties": {"level": "platform", "type": "wall", "platform": "8", "color": "#6e6e70", "source": "Moynihan Station EA, Figure 3-4, February 2010, PDF page 2"}, "geometry": {"type": "LineString", "coordinates": [[-73.9945127, 40.7511843], [-73.9945092, 40.751189]]}},
{"type": "Feature", "properties": {"level": "platform", "type": "wall", "platform": "8", "color": "#6e6e70", "source": "Moynihan Station EA, Figure 3-4, February 2010, PDF page 2"}, "geometry": {"type": "LineString", "coordinates": [[-73.9945039, 40.7511961], [-73.9945003, 40.7512011]]}},
{"type": "Feature", "properties": {"level": "platform", "type": "wall", "platform": "8", "color": "#6e6e70", "source": "Moynihan Station EA, Figure 3-4, February 2010, PDF page 2"}, "geometry": {"type": "LineString", "coordinates": [[-73.994495, 40.7512082], [-73.9944915, 40.751213]]}},
{"type": "Feature", "properties": {"level": "platform", "type": "wall", "platform": "8", "color": "#6e6e70", "source": "Moynihan Station EA, Figure 3-4, February 2010, PDF page 2"}, "geometry": {"type": "LineString", "coordinates": [[-73.9944863, 40.7512201], [-73.9944827, 40.7512248]]}},
{"type": "Feature", "properties": {"level": "platform", "type": "wall", "platform": "9", "color": "#6e6e70", "source": "Moynihan Station EA, Figure 3-4, February 2010, PDF page 2"}, "geometry": {"type": "LineString", "coordinates": [[-73.9944244, 40.7513038], [-73.9944209, 40.7513085]]}},
{"type": "Feature", "properties": {"level": "platform", "type": "wall", "platform": "9", "color": "#6e6e70", "source": "Moynihan Station EA, Figure 3-4, February 2010, PDF page 2"}, "geometry": {"type": "LineString", "coordinates": [[-73.9944156, 40.7513157], [-73.9944121, 40.7513204]]}},
{"type": "Feature", "properties": {"level": "platform", "type": "wall", "platform": "9", "color": "#6e6e70", "source": "Moynihan Station EA, Figure 3-4, February 2010, PDF page 2"}, "geometry": {"type": "LineString", "coordinates": [[-73.9944067, 40.7513277], [-73.9944032, 40.7513325]]}},
{"type": "Feature", "properties": {"level": "platform", "type": "wall", "platform": "10", "color": "#6e6e70", "source": "Moynihan Station EA, Figure 3-4, February 2010, PDF page 2"}, "geometry": {"type": "LineString", "coordinates": [[-73.9943715, 40.7513754], [-73.994368, 40.7513802]]}},
{"type": "Feature", "properties": {"level": "platform", "type": "wall", "platform": "10", "color": "#6e6e70", "source": "Moynihan Station EA, Figure 3-4, February 2010, PDF page 2"}, "geometry": {"type": "LineString", "coordinates": [[-73.9943627, 40.7513873], [-73.9943591, 40.7513922]]}},
{"type": "Feature", "properties": {"level": "platform", "type": "wall", "platform": "10", "color": "#6e6e70", "source": "Moynihan Station EA, Figure 3-4, February 2010, PDF page 2"}, "geometry": {"type": "LineString", "coordinates": [[-73.9943538, 40.7513994], [-73.9943503, 40.7514041]]}},
{"type": "Feature", "properties": {"level": "platform", "type": "wall", "platform": "10", "color": "#6e6e70", "source": "Moynihan Station EA, Figure 3-4, February 2010, PDF page 2"}, "geometry": {"type": "LineString", "coordinates": [[-73.994345, 40.7514113], [-73.9943415, 40.751416]]}},
{"type": "Feature", "properties": {"level": "platform", "type": "wall", "platform": "10", "color": "#6e6e70", "source": "Moynihan Station EA, Figure 3-4, February 2010, PDF page 2"}, "geometry": {"type": "LineString", "coordinates": [[-73.9943361, 40.7514233], [-73.9943326, 40.7514281]]}},
{"type": "Feature", "properties": {"level": "platform", "type": "wall", "platform": "10", "color": "#6e6e70", "source": "Moynihan Station EA, Figure 3-4, February 2010, PDF page 2"}, "geometry": {"type": "LineString", "coordinates": [[-73.9943274, 40.7514352], [-73.9943238, 40.75144]]}},
{"type": "Feature", "properties": {"level": "platform", "type": "wall", "platform": "10", "color": "#6e6e70", "source": "Moynihan Station EA, Figure 3-4, February 2010, PDF page 2"}, "geometry": {"type": "LineString", "coordinates": [[-73.9943186, 40.7514471], [-73.9943151, 40.7514518]]}},
{"type": "Feature", "properties": {"level": "platform", "type": "wall", "platform": "11", "color": "#6e6e70", "source": "Moynihan Station EA, Figure 3-4, February 2010, PDF page 2"}, "geometry": {"type": "LineString", "coordinates": [[-73.9941907, 40.7515498], [-73.9941898, 40.751549], [-73.9941885, 40.7515489], [-73.9941875, 40.7515494], [-73.9941873, 40.7515506], [-73.994188, 40.7515513], [-73.9941895, 40.7515515], [-73.9941902, 40.7515511]]}},
{"type": "Feature", "properties": {"level": "platform", "type": "wall", "platform": "3", "color": "#6e6e70", "source": "Moynihan Station EA, Figure 3-4, February 2010, PDF page 2"}, "geometry": {"type": "LineString", "coordinates": [[-73.9946193, 40.7505289], [-73.9946107, 40.7505255]]}},
{"type": "Feature", "properties": {"level": "platform", "type": "wall", "platform": "3", "color": "#6e6e70", "source": "Moynihan Station EA, Figure 3-4, February 2010, PDF page 2"}, "geometry": {"type": "LineString", "coordinates": [[-73.9946193, 40.7505289], [-73.9946175, 40.7505317], [-73.9946089, 40.7505283], [-73.9946107, 40.7505255]]}},
{"type": "Feature", "properties": {"level": "platform", "type": "enclosure", "platform": "", "color": "#6e6e70", "source": "Moynihan Station EA, Figure 3-4, February 2010, PDF page 2"}, "geometry": {"type": "Polygon", "coordinates": [[[-73.9968498, 40.7514666], [-73.9968497, 40.7514658], [-73.9968491, 40.7514654], [-73.9968483, 40.7514652], [-73.9968476, 40.7514657], [-73.9968475, 40.7514663], [-73.996848, 40.7514668], [-73.9968489, 40.7514669], [-73.9968498, 40.7514666]]]}},
{"type": "Feature", "properties": {"level": "platform", "type": "enclosure", "platform": "6", "color": "#6e6e70", "source": "Moynihan Station EA, Figure 3-4, February 2010, PDF page 2"}, "geometry": {"type": "Polygon", "coordinates": [[[-73.99658, 40.7518027], [-73.9965496, 40.7517898], [-73.9965461, 40.7517946], [-73.9965763, 40.7518076], [-73.99658, 40.7518027]]]}},
{"type": "Feature", "properties": {"level": "platform", "type": "enclosure", "platform": "7", "color": "#6e6e70", "source": "Moynihan Station EA, Figure 3-4, February 2010, PDF page 2"}, "geometry": {"type": "Polygon", "coordinates": [[[-73.9964986, 40.7518906], [-73.9965014, 40.7518855], [-73.9964691, 40.7518752], [-73.9964663, 40.7518803], [-73.9964986, 40.7518906]]]}},
{"type": "Feature", "properties": {"level": "platform", "type": "enclosure", "platform": "7", "color": "#6e6e70", "source": "Moynihan Station EA, Figure 3-4, February 2010, PDF page 2"}, "geometry": {"type": "Polygon", "coordinates": [[[-73.9964381, 40.7518717], [-73.9964411, 40.7518667], [-73.9964092, 40.7518555], [-73.9964064, 40.7518606], [-73.9964381, 40.7518717]]]}},
{"type": "Feature", "properties": {"level": "platform", "type": "enclosure", "platform": "7", "color": "#6e6e70", "source": "Moynihan Station EA, Figure 3-4, February 2010, PDF page 2"}, "geometry": {"type": "Polygon", "coordinates": [[[-73.9963501, 40.7518442], [-73.9963494, 40.7518439], [-73.9963489, 40.7518441], [-73.9963491, 40.7518447], [-73.9963497, 40.7518447], [-73.9963501, 40.7518442]]]}},
{"type": "Feature", "properties": {"level": "platform", "type": "enclosure", "platform": "5", "color": "#6e6e70", "source": "Moynihan Station EA, Figure 3-4, February 2010, PDF page 2"}, "geometry": {"type": "Polygon", "coordinates": [[[-73.9964672, 40.7516222], [-73.9964462, 40.7516125], [-73.9964424, 40.7516172], [-73.9964635, 40.7516268], [-73.9964672, 40.7516222]]]}},
{"type": "Feature", "properties": {"level": "platform", "type": "enclosure", "platform": "5", "color": "#6e6e70", "source": "Moynihan Station EA, Figure 3-4, February 2010, PDF page 2"}, "geometry": {"type": "Polygon", "coordinates": [[[-73.996445, 40.751612], [-73.996415, 40.7515981], [-73.9964112, 40.7516028], [-73.9964412, 40.7516167], [-73.996445, 40.751612]]]}},
{"type": "Feature", "properties": {"level": "platform", "type": "enclosure", "platform": "7", "color": "#6e6e70", "source": "Moynihan Station EA, Figure 3-4, February 2010, PDF page 2"}, "geometry": {"type": "Polygon", "coordinates": [[[-73.9961817, 40.7517759], [-73.996186, 40.7517696], [-73.9961748, 40.7517651], [-73.9961703, 40.7517716], [-73.9961817, 40.7517759]]]}},
{"type": "Feature", "properties": {"level": "platform", "type": "enclosure", "platform": "7", "color": "#6e6e70", "source": "Moynihan Station EA, Figure 3-4, February 2010, PDF page 2"}, "geometry": {"type": "Polygon", "coordinates": [[[-73.995575, 40.7515235], [-73.9955445, 40.7515103], [-73.995541, 40.7515151], [-73.9955715, 40.7515283], [-73.995575, 40.7515235]]]}},
{"type": "Feature", "properties": {"level": "platform", "type": "enclosure", "platform": "9", "color": "#6e6e70", "source": "Moynihan Station EA, Figure 3-4, February 2010, PDF page 2"}, "geometry": {"type": "Polygon", "coordinates": [[[-73.9948622, 40.7515155], [-73.9948317, 40.7515024], [-73.9948282, 40.7515071], [-73.9948587, 40.7515203], [-73.9948622, 40.7515155]]]}},
{"type": "Feature", "properties": {"level": "platform", "type": "enclosure", "platform": "9", "color": "#6e6e70", "source": "Moynihan Station EA, Figure 3-4, February 2010, PDF page 2"}, "geometry": {"type": "Polygon", "coordinates": [[[-73.9948079, 40.7514882], [-73.9947967, 40.7514832], [-73.9947921, 40.7514895], [-73.9948031, 40.7514943], [-73.9948079, 40.7514882]]]}},
{"type": "Feature", "properties": {"level": "platform", "type": "enclosure", "platform": "10", "color": "#6e6e70", "source": "Moynihan Station EA, Figure 3-4, February 2010, PDF page 2"}, "geometry": {"type": "Polygon", "coordinates": [[[-73.9944608, 40.7514346], [-73.9944494, 40.7514298], [-73.9944449, 40.7514361], [-73.994456, 40.7514408], [-73.9944608, 40.7514346]]]}},
{"type": "Feature", "properties": {"level": "platform", "type": "enclosure", "platform": "10", "color": "#6e6e70", "source": "Moynihan Station EA, Figure 3-4, February 2010, PDF page 2"}, "geometry": {"type": "Polygon", "coordinates": [[[-73.9944118, 40.7514791], [-73.9944118, 40.7514782], [-73.9944111, 40.7514774], [-73.9944099, 40.7514774], [-73.9944091, 40.751478], [-73.9944088, 40.7514788], [-73.9944096, 40.7514794], [-73.9944107, 40.7514797], [-73.9944118, 40.7514791]]]}},
{"type": "Feature", "properties": {"level": "platform", "type": "enclosure", "platform": "10", "color": "#6e6e70", "source": "Moynihan Station EA, Figure 3-4, February 2010, PDF page 2"}, "geometry": {"type": "Polygon", "coordinates": [[[-73.9944414, 40.7514312], [-73.9944414, 40.7514305], [-73.9944409, 40.7514298], [-73.9944399, 40.7514299], [-73.9944393, 40.7514303], [-73.9944391, 40.751431], [-73.9944396, 40.7514317], [-73.9944406, 40.7514316], [-73.9944414, 40.7514312]]]}},
{"type": "Feature", "properties": {"level": "platform", "type": "enclosure", "platform": "9", "color": "#6e6e70", "source": "Moynihan Station EA, Figure 3-4, February 2010, PDF page 2"}, "geometry": {"type": "Polygon", "coordinates": [[[-73.9944089, 40.7513154], [-73.9944089, 40.751315], [-73.9944085, 40.7513146], [-73.9944077, 40.7513145], [-73.9944072, 40.7513147], [-73.9944071, 40.7513152], [-73.9944077, 40.7513157], [-73.9944083, 40.7513157], [-73.9944089, 40.7513154]]]}},
{"type": "Feature", "properties": {"level": "platform", "type": "enclosure", "platform": "3", "color": "#6e6e70", "source": "Moynihan Station EA, Figure 3-4, February 2010, PDF page 2"}, "geometry": {"type": "Polygon", "coordinates": [[[-73.9948363, 40.7506348], [-73.9948056, 40.7506218], [-73.9948021, 40.7506266], [-73.9948328, 40.7506396], [-73.9948363, 40.7506348]]]}},
{"type": "Feature", "properties": {"level": "concourse", "type": "concourse", "source": "Moynihan Station EA, Figure 3-4, February 2010, PDF page 2"}, "geometry": {"type": "Polygon", "coordinates": [[[-73.9950023, 40.7508161], [-73.9949973, 40.7508228], [-73.9949973, 40.7508228], [-73.9951688, 40.7508955], [-73.9950023, 40.7508161]]]}},
{"type": "Feature", "properties": {"level": "concourse", "type": "concourse", "source": "Moynihan Station EA, Figure 3-4, February 2010, PDF page 2"}, "geometry": {"type": "Polygon", "coordinates": [[[-73.9950023, 40.7508161], [-73.9951688, 40.7508955], [-73.9951728, 40.7508884], [-73.9951728, 40.7508884], [-73.9950023, 40.7508161]]]}},
{"type": "Feature", "properties": {"level": "concourse", "type": "concourse", "source": "Moynihan Station EA, Figure 3-4, February 2010, PDF page 2"}, "geometry": {"type": "Polygon", "coordinates": [[[-73.9949973, 40.7508228], [-73.9949879, 40.7508356], [-73.9949879, 40.7508356], [-73.9951611, 40.7509093], [-73.9949973, 40.7508228]]]}},
{"type": "Feature", "properties": {"level": "concourse", "type": "concourse", "source": "Moynihan Station EA, Figure 3-4, February 2010, PDF page 2"}, "geometry": {"type": "Polygon", "coordinates": [[[-73.9949973, 40.7508228], [-73.9951611, 40.7509093], [-73.9951687, 40.7508957], [-73.9951687, 40.7508957], [-73.9949973, 40.7508228]]]}},
{"type": "Feature", "properties": {"level": "concourse", "type": "concourse", "source": "Moynihan Station EA, Figure 3-4, February 2010, PDF page 2"}, "geometry": {"type": "Polygon", "coordinates": [[[-73.9946502, 40.7512927], [-73.9947868, 40.7514054], [-73.9948236, 40.7513662], [-73.9948236, 40.7513662], [-73.9946502, 40.7512927]]]}},
{"type": "Feature", "properties": {"level": "concourse", "type": "concourse", "source": "Moynihan Station EA, Figure 3-4, February 2010, PDF page 2"}, "geometry": {"type": "Polygon", "coordinates": [[[-73.9959121, 40.7513703], [-73.9959051, 40.7513798], [-73.9959051, 40.7513798], [-73.9961384, 40.7514787], [-73.9959121, 40.7513703]]]}},
{"type": "Feature", "properties": {"level": "concourse", "type": "concourse", "source": "Moynihan Station EA, Figure 3-4, February 2010, PDF page 2"}, "geometry": {"type": "Polygon", "coordinates": [[[-73.9959121, 40.7513703], [-73.9961384, 40.7514787], [-73.9961454, 40.7514692], [-73.9961454, 40.7514692], [-73.9959121, 40.7513703]]]}},
{"type": "Feature", "properties": {"level": "concourse", "type": "concourse", "source": "Moynihan Station EA, Figure 3-4, February 2010, PDF page 2"}, "geometry": {"type": "Polygon", "coordinates": [[[-73.9958906, 40.7515006], [-73.9958823, 40.7515024], [-73.9958823, 40.7515024], [-73.996064, 40.7515794], [-73.9958906, 40.7515006]]]}},
{"type": "Feature", "properties": {"level": "concourse", "type": "concourse", "source": "Moynihan Station EA, Figure 3-4, February 2010, PDF page 2"}, "geometry": {"type": "Polygon", "coordinates": [[[-73.9958906, 40.7515006], [-73.996064, 40.7515794], [-73.9960669, 40.7515753], [-73.9960669, 40.7515753], [-73.9958906, 40.7515006]]]}},
{"type": "Feature", "properties": {"level": "concourse", "type": "concourse", "source": "Moynihan Station EA, Figure 3-4, February 2010, PDF page 2"}, "geometry": {"type": "Polygon", "coordinates": [[[-73.9958307, 40.7514805], [-73.9958267, 40.751486], [-73.9958267, 40.751486], [-73.9960599, 40.7515848], [-73.9958307, 40.7514805]]]}},
{"type": "Feature", "properties": {"level": "concourse", "type": "concourse", "source": "Moynihan Station EA, Figure 3-4, February 2010, PDF page 2"}, "geometry": {"type": "Polygon", "coordinates": [[[-73.9958307, 40.7514805], [-73.9960599, 40.7515848], [-73.996064, 40.7515794], [-73.996064, 40.7515794], [-73.9958307, 40.7514805]]]}},
{"type": "Feature", "properties": {"level": "concourse", "type": "concourse", "source": "Moynihan Station EA, Figure 3-4, February 2010, PDF page 2"}, "geometry": {"type": "Polygon", "coordinates": [[[-73.9957408, 40.7516022], [-73.9957338, 40.7516117], [-73.9957338, 40.7516117], [-73.995967, 40.7517106], [-73.9957408, 40.7516022]]]}},
{"type": "Feature", "properties": {"level": "concourse", "type": "concourse", "source": "Moynihan Station EA, Figure 3-4, February 2010, PDF page 2"}, "geometry": {"type": "Polygon", "coordinates": [[[-73.9957408, 40.7516022], [-73.995967, 40.7517106], [-73.995974, 40.7517011], [-73.995974, 40.7517011], [-73.9957408, 40.7516022]]]}}
]}
