{"type": "FeatureCollection", "features": [
{"type": "Feature", "properties": {"level": "platform", "type": "platform", "platform": "", "source": "Moynihan Station EA, Figure 3-4, February 2010, PDF page 2"}, "geometry": {"type": "Polygon", "coordinates": [[[-73.9976517, 40.751899], [-73.9976517, 40.751899], [-73.9976517, 40.751899], [-73.9976517, 40.751899], [-73.9976517, 40.7518989], [-73.9976499, 40.7518968], [-73.9976499, 40.7518968], [-73.9976499, 40.7518968], [-73.9976499, 40.7518968], [-73.9976499, 40.7518967], [-73.9976498, 40.7518967], [-73.9976498, 40.7518967], [-73.9976125, 40.7518744], [-73.9976125, 40.7518744], [-73.9975753, 40.7518524], [-73.9975753, 40.7518524], [-73.9975399, 40.7518321], [-73.9975399, 40.7518321], [-73.9975271, 40.751825], [-73.997527, 40.751825], [-73.9974678, 40.7517917], [-73.9974677, 40.7517917], [-73.9974482, 40.7517808], [-73.9973991, 40.7517535], [-73.9973991, 40.7517535], [-73.997334, 40.7517172], [-73.997334, 40.7517172], [-73.9973187, 40.7517088], [-73.9973187, 40.7517088], [-73.9973186, 40.7517088], [-73.9972524, 40.7516721], [-73.9972523, 40.751672], [-73.9972523, 40.751672], [-73.9972008, 40.7516428], [-73.9972008, 40.7516428], [-73.9971911, 40.7516372], [-73.9971911, 40.7516372], [-73.997191, 40.7516371], [-73.9971594, 40.7516188], [-73.9971593, 40.7516187], [-73.9970959, 40.7515808], [-73.9970889, 40.7515766], [-73.9970888, 40.7515766], [-73.9970888, 40.7515766], [-73.997034, 40.7515432], [-73.997034, 40.7515432], [-73.9970339, 40.7515432], [-73.997024, 40.7515371], [-73.9970239, 40.7515371], [-73.9969741, 40.7515064], [-73.9969741, 40.7515063], [-73.996924, 40.751476], [-73.9969239, 40.7514759], [-73.9969189, 40.7514726], [-73.9969188, 40.7514726], [-73.9969188, 40.7514726], [-73.9969188, 40.7514726], [-73.9968642, 40.7514396], [-73.9968641, 40.7514396], [-73.9968641, 40.7514395], [-73.9968571, 40.7514354], [-73.9968571, 40.7514354], [-73.9968571, 40.7514354], [-73.9968127, 40.7514082], [-73.9968126, 40.7514081], [-73.9968126, 40.7514081], [-73.9967717, 40.7513834], [-73.9967717, 40.7513833], [-73.9967716, 40.7513833], [-73.9967455, 40.7513677], [-73.9967455, 40.7513677], [-73.9967455, 40.7513677], [-73.9967198, 40.751352], [-73.9967198, 40.751352], [-73.9966664, 40.7513193], [-73.9966663, 40.7513192], [-73.9966392, 40.7513029], [-73.9966392, 40.7513029], [-73.9966391, 40.7513029], [-73.9966365, 40.7513065], [-73.9966364, 40.7513066], [-73.9965926, 40.7513659], [-73.9965925, 40.751366], [-73.9965924, 40.7513661], [-73.9965923, 40.7513662], [-73.9965921, 40.7513663], [-73.9965919, 40.7513664], [-73.9965918, 40.7513665], [-73.9965916, 40.7513666], [-73.9965914, 40.7513666], [-73.9965912, 40.7513666], [-73.996591, 40.7513667], [-73.9965908, 40.7513667], [-73.9965906, 40.7513667], [-73.9965904, 40.7513666], [-73.9965902, 40.7513666], [-73.99659, 40.7513665], [-73.9965898, 40.7513665], [-73.9965808, 40.7513626], [-73.9965808, 40.7513626], [-73.9965755, 40.7513604], [-73.9965754, 40.7513604], [-73.9965754, 40.7513604], [-73.9964899, 40.7513241], [-73.9964899, 40.7513241], [-73.9964898, 40.7513241], [-73.9964853, 40.7513222], [-73.9964852, 40.7513221], [-73.9964852, 40.7513221], [-73.9964738, 40.7513173], [-73.9964736, 40.7513172], [-73.9964735, 40.7513171], [-73.9964733, 40.751317], [-73.9964732, 40.7513169], [-73.9964731, 40.7513168], [-73.996473, 40.7513166], [-73.9964729, 40.7513165], [-73.9964728, 40.7513163], [-73.9964728, 40.7513162], [-73.9964727, 40.751316], [-73.9964727, 40.7513159], [-73.9964728, 40.7513157], [-73.9964728, 40.7513156], [-73.9964728, 40.7513154], [-73.9964729, 40.7513153], [-73.996473, 40.7513151], [-73.9964798, 40.7513059], [-73.9964798, 40.7513059], [-73.9964798, 40.7513059], [-73.9964463, 40.7512917], [-73.9964463, 40.7512917], [-73.996283, 40.7512225], [-73.996283, 40.7512225], [-73.9962791, 40.7512208], [-73.9962447, 40.7512062], [-73.9962447, 40.7512062], [-73.996241, 40.7512047], [-73.9962218, 40.7511965], [-73.9962218, 40.7511965], [-73.9962217, 40.7511965], [-73.9962217, 40.7511965], [-73.9962075, 40.7511995], [-73.9962074, 40.7511996], [-73.9962075, 40.7511996], [-73.9962338, 40.7512143], [-73.9962339, 40.7512144], [-73.9962688, 40.751234], [-73.9962688, 40.751234], [-73.9962976, 40.7512498], [-73.9962977, 40.7512498], [-73.9963554, 40.7512813], [-73.9963556, 40.7512813], [-73.9963556, 40.7512813], [-73.9963594, 40.7512832], [-73.9963595, 40.7512832], [-73.9964079, 40.7513097], [-73.9964079, 40.7513098], [-73.996408, 40.7513098], [-73.9964691, 40.7513431], [-73.9964691, 40.7513431], [-73.9964691, 40.7513431], [-73.9964691, 40.7513432], [-73.9964692, 40.7513432], [-73.996488, 40.7513535], [-73.996488, 40.7513535], [-73.9964881, 40.7513536], [-73.9965511, 40.7513877], [-73.9965511, 40.7513877], [-73.9965511, 40.7513877], [-73.9965512, 40.7513878], [-73.9965512, 40.7513878], [-73.9965512, 40.7513878], [-73.9965512, 40.7513878], [-73.9965583, 40.7513917], [-73.9965583, 40.7513918], [-73.9965583, 40.7513918], [-73.9965583, 40.7513918], [-73.9965952, 40.7514117], [-73.9965952, 40.7514117], [-73.9966505, 40.7514419], [-73.9966505, 40.7514419], [-73.9966771, 40.7514565], [-73.9966771, 40.7514565], [-73.9967041, 40.7514708], [-73.9967042, 40.7514709], [-73.9967466, 40.7514939], [-73.9967467, 40.7514939], [-73.9967468, 40.751494], [-73.9967929, 40.7515188], [-73.9967929, 40.7515188], [-73.9968001, 40.7515226], [-73.9968002, 40.7515226], [-73.9968002, 40.7515226], [-73.9968003, 40.7515226], [-73.9968571, 40.7515527], [-73.9968572, 40.7515528], [-73.9968572, 40.7515528], [-73.9968629, 40.7515557], [-73.9968629, 40.7515557], [-73.9969154, 40.7515827], [-73.9969154, 40.7515827], [-73.9969679, 40.7516098], [-73.996968, 40.7516098], [-73.9969787, 40.7516151], [-73.9969787, 40.7516151], [-73.997037, 40.7516436], [-73.997037, 40.7516437], [-73.9970371, 40.7516437], [-73.9970447, 40.7516474], [-73.9970447, 40.7516474], [-73.997112, 40.7516802], [-73.9971121, 40.7516803], [-73.9971121, 40.7516803], [-73.9971452, 40.7516965], [-73.9971454, 40.7516965], [-73.9971454, 40.7516966], [-73.997156, 40.7517013], [-73.997156, 40.7517013], [-73.997156, 40.7517013], [-73.9972105, 40.7517265], [-73.9972105, 40.7517266], [-73.9972106, 40.7517266], [-73.9972804, 40.7517588], [-73.9972804, 40.7517588], [-73.9972805, 40.7517589], [-73.9972964, 40.7517659], [-73.9972965, 40.7517659], [-73.997366, 40.7517965], [-73.997366, 40.7517965], [-73.9974186, 40.7518196], [-73.9974186, 40.7518196], [-73.9974394, 40.7518284], [-73.9974394, 40.7518284], [-73.9975033, 40.7518557], [-73.9975034, 40.7518558], [-73.9975034, 40.7518558], [-73.9975171, 40.7518616], [-73.9975171, 40.7518616], [-73.997556, 40.7518776], [-73.997556, 40.7518776], [-73.997556, 40.7518776], [-73.9975971, 40.7518948], [-73.9975971, 40.7518948], [-73.9976381, 40.7519117], [-73.9976382, 40.7519117], [-73.997641, 40.7519129], [-73.9976411, 40.7519129], [-73.9976411, 40.7519129], [-73.9976517, 40.751899]]]}},
{"type": "Feature", "properties": {"level": "platform", "type": "platform", "platform": "10", "source": "Moynihan Station EA, Figure 3-4, February 2010, PDF page 2"}, "geometry": {"type": "Polygon", "coordinates": [[[-73.9945156, 40.7514591], [-73.9945156, 40.7514591], [-73.9945156, 40.7514591], [-73.9945242, 40.7514474], [-73.9945243, 40.7514474], [-73.9945243, 40.7514474], [-73.9945243, 40.7514474], [-73.9945292, 40.7514407], [-73.9945293, 40.7514406], [-73.9945293, 40.7514406], [-73.9945319, 40.751437], [-73.994532, 40.751437], [-73.9945321, 40.7514368], [-73.9945321, 40.7514368], [-73.9945321, 40.7514368], [-73.9945321, 40.7514368], [-73.9945321, 40.7514368], [-73.994533, 40.7514355], [-73.994533, 40.7514355], [-73.9945331, 40.7514355], [-73.9945333, 40.7514352], [-73.9945333, 40.7514352], [-73.9945333, 40.7514351], [-73.9945336, 40.7514348], [-73.9945336, 40.7514348], [-73.9945335, 40.7514348], [-73.9940679, 40.7512374], [-73.9940678, 40.7512373], [-73.9940678, 40.7512373], [-73.9940677, 40.7512373], [-73.9940675, 40.7512373], [-73.9940673, 40.7512373], [-73.9940671, 40.7512373], [-73.9940669, 40.7512372], [-73.9940668, 40.7512371], [-73.9940624, 40.7512353], [-73.9940624, 40.7512353], [-73.9940624, 40.7512353], [-73.9940621, 40.7512356], [-73.9940621, 40.7512356], [-73.9940621, 40.7512357], [-73.994062, 40.7512358], [-73.994062, 40.7512358], [-73.9940619, 40.751236], [-73.9940618, 40.751236], [-73.9940618, 40.751236], [-73.9940609, 40.7512372], [-73.9940609, 40.7512373], [-73.9940609, 40.7512373], [-73.9940581, 40.7512411], [-73.9940581, 40.7512411], [-73.9940581, 40.7512411], [-73.9940531, 40.7512478], [-73.9940531, 40.7512479], [-73.9940531, 40.7512479], [-73.9940531, 40.7512479], [-73.9940442, 40.7512599], [-73.9940442, 40.7512599], [-73.9940442, 40.7512599], [-73.9940441, 40.75126], [-73.9940354, 40.7512718], [-73.9940354, 40.7512718], [-73.9940354, 40.7512718], [-73.994035, 40.7512723], [-73.994035, 40.7512724], [-73.9940349, 40.7512725], [-73.9940348, 40.7512726], [-73.9940348, 40.7512726], [-73.9940345, 40.7512731], [-73.9940344, 40.7512731], [-73.9940343, 40.7512732], [-73.9940343, 40.7512733], [-73.9940343, 40.7512733], [-73.9940341, 40.7512736], [-73.994034, 40.7512736], [-73.994034, 40.7512737], [-73.9940296, 40.7512796], [-73.9940296, 40.7512797], [-73.9940296, 40.7512797], [-73.9940253, 40.7512855], [-73.9940253, 40.7512855], [-73.9940252, 40.7512856], [-73.9940245, 40.7512866], [-73.9940245, 40.7512866], [-73.9940244, 40.7512867], [-73.9940219, 40.7512901], [-73.9940219, 40.7512901], [-73.9940219, 40.7512901], [-73.9940188, 40.7512943], [-73.9940188, 40.7512943], [-73.9940188, 40.7512943], [-73.9940142, 40.7513005], [-73.9940142, 40.7513005], [-73.9940142, 40.7513005], [-73.9940142, 40.7513005], [-73.9940088, 40.7513078], [-73.9940088, 40.7513078], [-73.9940088, 40.7513078], [-73.9940061, 40.7513115], [-73.9940061, 40.7513115], [-73.9940037, 40.7513148], [-73.9940036, 40.7513148], [-73.9940022, 40.7513167], [-73.9940022, 40.7513168], [-73.9940021, 40.7513168], [-73.9940002, 40.7513195], [-73.9940001, 40.7513195], [-73.9940001, 40.7513196], [-73.9939994, 40.7513206], [-73.9939993, 40.7513206], [-73.9939993, 40.7513207], [-73.9939992, 40.7513208], [-73.9939992, 40.7513208], [-73.9939986, 40.7513217], [-73.9939985, 40.7513217], [-73.9939986, 40.7513217], [-73.9939992, 40.751322], [-73.9939992, 40.751322], [-73.9941893, 40.7514026], [-73.9941893, 40.7514026], [-73.9942674, 40.7514345], [-73.9942674, 40.7514345], [-73.9942676, 40.7514346], [-73.9942676, 40.7514346], [-73.9942677, 40.7514346], [-73.9943239, 40.751457], [-73.994324, 40.751457], [-73.994324, 40.751457], [-73.9943881, 40.7514807], [-73.9943882, 40.7514807], [-73.9943882, 40.7514807], [-73.9944242, 40.7514935], [-73.9944242, 40.7514935], [-73.9944243, 40.7514936], [-73.9944243, 40.7514936], [-73.9944243, 40.7514936], [-73.9944244, 40.7514936], [-73.9944244, 40.7514936], [-73.9944766, 40.7515119], [-73.9944766, 40.7515119], [-73.9944766, 40.7515119], [-73.9944771, 40.7515112], [-73.9944771, 40.7515112], [-73.9944772, 40.7515112], [-73.99448, 40.7515074], [-73.99448, 40.7515074], [-73.99448, 40.7515074], [-73.99448, 40.7515073], [-73.9944854, 40.7515001], [-73.9944854, 40.7515001], [-73.9944854, 40.7515], [-73.9944899, 40.7514939], [-73.99449, 40.7514938], [-73.99449, 40.7514938], [-73.9944932, 40.7514895], [-73.9944932, 40.7514894], [-73.9944932, 40.7514894], [-73.9944955, 40.7514864], [-73.9944955, 40.7514863], [-73.9944955, 40.7514863], [-73.9944966, 40.7514849], [-73.9944966, 40.7514849], [-73.9944966, 40.7514848], [-73.994501, 40.7514789], [-73.994501, 40.7514788], [-73.9945011, 40.7514788], [-73.9945051, 40.7514734], [-73.9945051, 40.7514733], [-73.9945052, 40.7514732], [-73.9945052, 40.7514732], [-73.9945053, 40.7514731], [-73.9945053, 40.751473], [-73.9945054, 40.751473], [-73.9945054, 40.751473], [-73.994506, 40.7514721], [-73.994506, 40.7514721], [-73.9945061, 40.751472], [-73.9945067, 40.7514712], [-73.9945067, 40.7514712], [-73.9945067, 40.7514712], [-73.9945067, 40.7514711], [-73.9945156, 40.7514591], [-73.9945156, 40.7514591]]]}},
{"type": "Feature", "properties": {"level": "platform", "type": "platform", "platform": "11", "source": "Moynihan Station EA, Figure 3-4, February 2010, PDF page 2"}, "geometry": {"type": "Polygon", "coordinates": [[[-73.994396, 40.7515829], [-73.994396, 40.7515828], [-73.9943097, 40.7515446], [-73.9943096, 40.7515446], [-73.9942364, 40.7515126], [-73.9942364, 40.7515126], [-73.9942363, 40.7515125], [-73.9940865, 40.751449], [-73.9940864, 40.751449], [-73.9940864, 40.7514489], [-73.9940863, 40.7514489], [-73.9939482, 40.7513901], [-73.9939482, 40.7513901], [-73.9939481, 40.7513901], [-73.993948, 40.7513901], [-73.993948, 40.7513901], [-73.993948, 40.7513901], [-73.993948, 40.7513901], [-73.993948, 40.7513901], [-73.9939461, 40.7513926], [-73.9939461, 40.7513926], [-73.9939457, 40.7513932], [-73.9939448, 40.7513945], [-73.9939448, 40.7513945], [-73.9939444, 40.751395], [-73.9939437, 40.7513959], [-73.9939437, 40.7513959], [-73.9939429, 40.751397], [-73.9939402, 40.7514007], [-73.9939402, 40.7514007], [-73.9939402, 40.7514007], [-73.9939389, 40.7514025], [-73.9939355, 40.751407], [-73.9939355, 40.751407], [-73.9939355, 40.751407], [-73.9939355, 40.7514071], [-73.9939341, 40.7514089], [-73.9939341, 40.7514089], [-73.9939329, 40.7514105], [-73.9939255, 40.7514206], [-73.9939255, 40.7514206], [-73.9939239, 40.7514228], [-73.9939239, 40.7514228], [-73.9939217, 40.7514257], [-73.9939217, 40.7514257], [-73.9939216, 40.7514259], [-73.9939215, 40.7514259], [-73.9939197, 40.7514284], [-73.9939196, 40.7514285], [-73.9939196, 40.7514285], [-73.9939196, 40.7514285], [-73.9939196, 40.7514285], [-73.9939196, 40.7514285], [-73.9939196, 40.7514286], [-73.9939195, 40.7514287], [-73.9939179, 40.7514308], [-73.9939179, 40.7514308], [-73.9939178, 40.751431], [-73.9939167, 40.7514324], [-73.9939167, 40.7514324], [-73.9939167, 40.7514325], [-73.9939167, 40.7514325], [-73.9939167, 40.7514325], [-73.9939167, 40.7514325], [-73.9939167, 40.7514325], [-73.9939166, 40.7514326], [-73.9939166, 40.7514327], [-73.9939149, 40.751435], [-73.9939148, 40.751435], [-73.9939148, 40.7514351], [-73.9939148, 40.7514351], [-73.9939148, 40.7514351], [-73.9939148, 40.7514351], [-73.9939148, 40.7514351], [-73.9939147, 40.7514352], [-73.9939147, 40.7514352], [-73.9939132, 40.7514372], [-73.9939132, 40.7514372], [-73.9939132, 40.7514372], [-73.9939132, 40.7514373], [-73.9939121, 40.7514386], [-73.9939121, 40.7514387], [-73.9939122, 40.7514387], [-73.9940001, 40.751476], [-73.9940002, 40.751476], [-73.9940994, 40.7515174], [-73.9940994, 40.7515174], [-73.9940995, 40.7515174], [-73.9941827, 40.751551], [-73.9941827, 40.751551], [-73.9941827, 40.751551], [-73.9942159, 40.7515634], [-73.9942494, 40.7515759], [-73.9942494, 40.7515759], [-73.9942495, 40.7515759], [-73.9942495, 40.7515759], [-73.994259, 40.7515795], [-73.9942591, 40.7515795], [-73.9942591, 40.7515795], [-73.9942801, 40.751587], [-73.9942802, 40.751587], [-73.9942802, 40.7515871], [-73.9943019, 40.7515948], [-73.994302, 40.7515948], [-73.9943082, 40.751597], [-73.9943082, 40.751597], [-73.9943083, 40.751597], [-73.9943326, 40.7516052], [-73.9943326, 40.7516052], [-73.9943327, 40.7516052], [-73.9943486, 40.7516105], [-73.9943486, 40.7516105], [-73.9943487, 40.7516105], [-73.9943504, 40.7516094], [-73.9943505, 40.7516093], [-73.9943541, 40.7516074], [-73.9943542, 40.7516074], [-73.9943542, 40.7516074], [-73.9943543, 40.7516072], [-73.9943544, 40.7516071], [-73.9943546, 40.751607], [-73.9943581, 40.751605], [-73.9943582, 40.751605], [-73.9943625, 40.7516025], [-73.9943625, 40.7516025], [-73.9943625, 40.7516025], [-73.9943626, 40.7516024], [-73.9943628, 40.7516022], [-73.9943629, 40.7516021], [-73.9943655, 40.7516006], [-73.9943655, 40.7516006], [-73.9943655, 40.7516006], [-73.9943655, 40.7516006], [-73.9943677, 40.7515993], [-73.9943678, 40.7515992], [-73.9943678, 40.7515992], [-73.9943678, 40.7515992], [-73.994372, 40.7515969], [-73.994372, 40.7515969], [-73.994372, 40.7515969], [-73.9943721, 40.7515968], [-73.9943723, 40.7515967], [-73.9943724, 40.7515966], [-73.9943758, 40.7515946], [-73.9943759, 40.7515945], [-73.9943761, 40.7515944], [-73.9943763, 40.7515943], [-73.9943765, 40.7515943], [-73.9943765, 40.7515943], [-73.9943765, 40.7515943], [-73.9943792, 40.7515928], [-73.9943792, 40.7515928], [-73.9943792, 40.7515928], [-73.9943793, 40.7515926], [-73.9943795, 40.7515925], [-73.9943796, 40.7515924], [-73.9943821, 40.7515909], [-73.9943822, 40.7515909], [-73.9943843, 40.7515897], [-73.9943843, 40.7515897], [-73.9943844, 40.7515896], [-73.9943865, 40.7515885], [-73.9943865, 40.7515884], [-73.9943865, 40.7515884], [-73.9943866, 40.7515883], [-73.9943868, 40.7515882], [-73.994387, 40.7515881], [-73.9943883, 40.7515873], [-73.9943884, 40.7515873], [-73.9943888, 40.751587], [-73.9943888, 40.751587], [-73.9943889, 40.751587], [-73.9943889, 40.751587], [-73.9943889, 40.751587], [-73.9943889, 40.751587], [-73.9943889, 40.751587], [-73.9943925, 40.751585], [-73.9943925, 40.751585], [-73.9943925, 40.751585], [-73.9943926, 40.751585], [-73.9943926, 40.751585], [-73.9943926, 40.7515849], [-73.9943927, 40.7515848], [-73.9943928, 40.7515847], [-73.9943929, 40.7515846], [-73.9943931, 40.7515845], [-73.9943932, 40.7515844], [-73.9943953, 40.7515833], [-73.9943954, 40.7515833], [-73.9943954, 40.7515833], [-73.9943955, 40.7515832], [-73.9943956, 40.7515831], [-73.9943957, 40.751583], [-73.9943959, 40.7515829], [-73.994396, 40.7515829], [-73.994396, 40.7515829]]]}},
{"type": "Feature", "properties": {"level": "platform", "type": "platform", "platform": "3", "source": "Moynihan Station EA, Figure 3-4, February 2010, PDF page 2"}, "geometry": {"type": "Polygon", "coordinates": [[[-73.995036, 40.7507547], [-73.995036, 40.7507547], [-73.9950724, 40.7507054], [-73.9950724, 40.7507054], [-73.9950724, 40.7507054], [-73.9950452, 40.7506939], [-73.9950451, 40.7506938], [-73.9948848, 40.7506258], [-73.9947738, 40.7505788], [-73.9947738, 40.7505788], [-73.9947737, 40.7505788], [-73.9946629, 40.7505318], [-73.9946628, 40.7505318], [-73.9946014, 40.7505057], [-73.9946013, 40.7505057], [-73.9946013, 40.7505057], [-73.9945836, 40.7505301], [-73.9945835, 40.7505303], [-73.9945834, 40.7505304], [-73.9945833, 40.7505305], [-73.9945831, 40.7505306], [-73.994583, 40.7505307], [-73.9945829, 40.7505307], [-73.9945828, 40.7505307], [-73.9945828, 40.7505308], [-73.994565, 40.7505548], [-73.994565, 40.7505549], [-73.9945651, 40.7505549], [-73.9945655, 40.7505551], [-73.9945655, 40.7505551], [-73.9946275, 40.7505813], [-73.9946275, 40.7505813], [-73.994738, 40.7506284], [-73.9947381, 40.7506285], [-73.9947381, 40.7506285], [-73.9950097, 40.7507436], [-73.9950097, 40.7507436], [-73.9950359, 40.7507547], [-73.995036, 40.7507547]]]}},
{"type": "Feature", "properties": {"level": "platform", "type": "platform", "platform": "3", "source": "Moynihan Station EA, Figure 3-4, February 2010, PDF page 2"}, "geometry": {"type": "Polygon", "coordinates": [[[-73.9955582, 40.7509752], [-73.9955582, 40.7509752], [-73.9955778, 40.7509478], [-73.9955778, 40.7509478], [-73.9955778, 40.7509478], [-73.9955778, 40.7509477], [-73.9955527, 40.7509335], [-73.9955527, 40.7509335], [-73.9955526, 40.7509335], [-73.9955526, 40.7509335], [-73.9955526, 40.7509334], [-73.9955275, 40.7509197], [-73.9955274, 40.7509197], [-73.9955274, 40.7509196], [-73.9955273, 40.7509196], [-73.9955273, 40.7509196], [-73.9954661, 40.7508877], [-73.9954661, 40.7508877], [-73.9954555, 40.7508822], [-73.9954555, 40.7508822], [-73.9954478, 40.7508782], [-73.9954477, 40.7508782], [-73.9953592, 40.750833], [-73.9953385, 40.7508233], [-73.9952688, 40.7507908], [-73.9952687, 40.7507908], [-73.9952351, 40.7507756], [-73.9952351, 40.7507756], [-73.995235, 40.7507756], [-73.995235, 40.7507755], [-73.9952054, 40.7507625], [-73.9952054, 40.7507625], [-73.9952054, 40.7507625], [-73.9951992, 40.7507709], [-73.9951992, 40.7507709], [-73.9951992, 40.7507709], [-73.9952179, 40.7507788], [-73.995218, 40.7507789], [-73.9952182, 40.750779], [-73.9952184, 40.7507791], [-73.9952185, 40.7507792], [-73.9952186, 40.7507794], [-73.9952187, 40.7507795], [-73.9952188, 40.7507796], [-73.9952189, 40.7507798], [-73.9952189, 40.7507799], [-73.9952189, 40.7507801], [-73.9952189, 40.7507802], [-73.9952189, 40.7507804], [-73.9952189, 40.7507805], [-73.9952188, 40.7507807], [-73.9952188, 40.7507808], [-73.9952187, 40.750781], [-73.9952062, 40.7507978], [-73.9952061, 40.7507979], [-73.995206, 40.750798], [-73.9952059, 40.7507981], [-73.9952057, 40.7507982], [-73.9952056, 40.7507983], [-73.9952054, 40.7507984], [-73.9952052, 40.7507985], [-73.995205, 40.7507985], [-73.9952048, 40.7507986], [-73.9952046, 40.7507986], [-73.9952044, 40.7507986], [-73.9952042, 40.7507986], [-73.995204, 40.7507985], [-73.9952038, 40.7507985], [-73.9952036, 40.7507985], [-73.9952034, 40.7507984], [-73.9951855, 40.7507908], [-73.9951854, 40.7507908], [-73.9951848, 40.7507905], [-73.9951847, 40.7507905], [-73.9951847, 40.7507905], [-73.9951842, 40.7507912], [-73.9951842, 40.7507912], [-73.9951693, 40.7508113], [-73.9951693, 40.7508113], [-73.9951693, 40.7508113], [-73.9951694, 40.7508113], [-73.9951694, 40.7508113], [-73.9953059, 40.7508692], [-73.9953059, 40.7508692], [-73.9953271, 40.7508782], [-73.9953271, 40.7508782], [-73.9954197, 40.7509174], [-73.995439, 40.7509256], [-73.995439, 40.7509256], [-73.9955036, 40.7509525], [-73.9955037, 40.7509526], [-73.9955308, 40.7509638], [-73.9955308, 40.7509638], [-73.9955309, 40.7509638], [-73.9955582, 40.7509752], [-73.9955582, 40.7509752]]]}},
{"type": "Feature", "properties": {"level": "platform", "type": "platform", "platform": "4", "source": "Moynihan Station EA, Figure 3-4, February 2010, PDF page 2"}, "geometry": {"type": "Polygon", "coordinates": [[[-73.9949907, 40.750816], [-73.9949907, 40.750816], [-73.9949907, 40.7508159], [-73.994957, 40.7508017], [-73.994957, 40.7508017], [-73.9949569, 40.7508017], [-73.9949547, 40.7508047], [-73.9949546, 40.7508048], [-73.9949545, 40.7508049], [-73.9949544, 40.750805], [-73.9949542, 40.7508051], [-73.994954, 40.7508052], [-73.9949539, 40.7508053], [-73.9949537, 40.7508054], [-73.9949535, 40.7508054], [-73.9949533, 40.7508054], [-73.9949531, 40.7508055], [-73.9949529, 40.7508055], [-73.9949527, 40.7508055], [-73.9949525, 40.7508054], [-73.9949523, 40.7508054], [-73.9949521, 40.7508053], [-73.9949519, 40.7508053], [-73.9949087, 40.750787], [-73.9949086, 40.7507869], [-73.9949084, 40.7507868], [-73.9949083, 40.7507867], [-73.9949081, 40.7507866], [-73.994908, 40.7507864], [-73.9949079, 40.7507863], [-73.9949078, 40.7507862], [-73.9949078, 40.750786], [-73.9949077, 40.7507859], [-73.9949077, 40.7507857], [-73.9949077, 40.7507856], [-73.9949077, 40.7507854], [-73.9949077, 40.7507853], [-73.9949078, 40.7507851], [-73.9949078, 40.750785], [-73.9949079, 40.7507848], [-73.9949101, 40.7507818], [-73.9949102, 40.7507818], [-73.9949101, 40.7507818], [-73.9948558, 40.7507585], [-73.9948558, 40.7507585], [-73.9948558, 40.7507585], [-73.9946779, 40.7506831], [-73.9946778, 40.7506831], [-73.9946777, 40.750683], [-73.9946777, 40.750683], [-73.99452, 40.7506159], [-73.9945199, 40.7506159], [-73.9945199, 40.7506159], [-73.9944874, 40.7506599], [-73.9944874, 40.7506599], [-73.9944835, 40.7506652], [-73.9944835, 40.7506652], [-73.9944835, 40.7506653], [-73.9946428, 40.750733], [-73.9948207, 40.7508082], [-73.9948207, 40.7508082], [-73.9949545, 40.7508649], [-73.9949545, 40.7508649], [-73.9949546, 40.7508649], [-73.9949832, 40.7508262], [-73.9949832, 40.7508262], [-73.9949832, 40.7508262], [-73.9949907, 40.750816], [-73.9949907, 40.750816]]]}},
{"type": "Feature", "properties": {"level": "platform", "type": "platform", "platform": "4", "source": "Moynihan Station EA, Figure 3-4, February 2010, PDF page 2"}, "geometry": {"type": "Polygon", "coordinates": [[[-73.9960473, 40.7512946], [-73.9960472, 40.7512946], [-73.9960383, 40.7512901], [-73.9960383, 40.7512901], [-73.9960383, 40.7512901], [-73.9960382, 40.7512901], [-73.9960371, 40.7512896], [-73.996037, 40.7512895], [-73.9959842, 40.7512638], [-73.9959842, 40.7512638], [-73.9959162, 40.7512316], [-73.9959161, 40.7512316], [-73.9959161, 40.7512315], [-73.9958829, 40.7512163], [-73.9958828, 40.7512163], [-73.9958827, 40.7512162], [-73.9958414, 40.751197], [-73.9958414, 40.751197], [-73.9958413, 40.751197], [-73.9958413, 40.751197], [-73.9958052, 40.7511802], [-73.9957802, 40.7511687], [-73.9957802, 40.7511687], [-73.9957802, 40.7511687], [-73.9957203, 40.7511409], [-73.9957203, 40.7511409], [-73.9956581, 40.7511119], [-73.9956581, 40.7511118], [-73.9956189, 40.7510938], [-73.9956189, 40.7510938], [-73.9956188, 40.7510938], [-73.99553, 40.7510525], [-73.9955299, 40.7510525], [-73.995485, 40.7510315], [-73.995485, 40.7510315], [-73.9954717, 40.7510254], [-73.9954717, 40.7510254], [-73.9953965, 40.7509913], [-73.9953965, 40.7509913], [-73.9953193, 40.7509569], [-73.9953193, 40.7509569], [-73.9952523, 40.7509276], [-73.9952523, 40.7509276], [-73.9952472, 40.7509254], [-73.9952472, 40.7509254], [-73.9952002, 40.750905], [-73.9952002, 40.750905], [-73.9952002, 40.750905], [-73.9952002, 40.750905], [-73.9952001, 40.750905], [-73.9952001, 40.750905], [-73.9951712, 40.7508925], [-73.9951711, 40.7508925], [-73.9951711, 40.7508925], [-73.9951618, 40.7509091], [-73.9951617, 40.7509092], [-73.9951616, 40.7509093], [-73.9951614, 40.7509095], [-73.9951613, 40.7509096], [-73.9951612, 40.7509097], [-73.995161, 40.7509098], [-73.9951608, 40.7509098], [-73.9951606, 40.7509099], [-73.9951604, 40.7509099], [-73.9951602, 40.75091], [-73.99516, 40.75091], [-73.9951598, 40.75091], [-73.9951596, 40.75091], [-73.9951594, 40.75091], [-73.9951592, 40.7509099], [-73.995159, 40.7509099], [-73.9951589, 40.7509098], [-73.9951368, 40.7509004], [-73.9951367, 40.7509004], [-73.9951114, 40.7508897], [-73.9951114, 40.7508897], [-73.9951114, 40.7508897], [-73.9951114, 40.7508897], [-73.9950878, 40.7509216], [-73.9950878, 40.7509217], [-73.9950878, 40.7509217], [-73.9951141, 40.7509328], [-73.9951141, 40.7509328], [-73.9951652, 40.7509545], [-73.9952127, 40.7509746], [-73.9952127, 40.7509746], [-73.9952178, 40.7509768], [-73.9952178, 40.7509768], [-73.9952853, 40.7510054], [-73.9953635, 40.7510386], [-73.9953635, 40.7510386], [-73.9954397, 40.7510709], [-73.9954532, 40.7510766], [-73.9954532, 40.7510766], [-73.9954994, 40.7510959], [-73.9954994, 40.751096], [-73.9955906, 40.7511341], [-73.9955906, 40.7511341], [-73.9956308, 40.7511509], [-73.9956308, 40.7511509], [-73.9956308, 40.7511509], [-73.9956943, 40.7511781], [-73.9956943, 40.7511781], [-73.9957551, 40.7512043], [-73.9957551, 40.7512043], [-73.9957551, 40.7512043], [-73.9957808, 40.7512155], [-73.9958172, 40.7512312], [-73.9958173, 40.7512312], [-73.9958173, 40.7512312], [-73.9958173, 40.7512312], [-73.9958173, 40.7512312], [-73.9958598, 40.751249], [-73.9958598, 40.751249], [-73.9958599, 40.751249], [-73.995931, 40.7512792], [-73.995931, 40.7512792], [-73.9959311, 40.7512791], [-73.9959413, 40.7512636], [-73.9959413, 40.7512636], [-73.9959425, 40.7512617], [-73.9959426, 40.7512616], [-73.9959427, 40.7512614], [-73.9959428, 40.7512613], [-73.995943, 40.7512612], [-73.9959431, 40.7512611], [-73.9959433, 40.751261], [-73.9959435, 40.751261], [-73.9959436, 40.7512609], [-73.9959438, 40.7512609], [-73.995944, 40.7512608], [-73.9959442, 40.7512608], [-73.9959444, 40.7512608], [-73.9959446, 40.7512608], [-73.9959448, 40.7512608], [-73.995945, 40.7512609], [-73.9959452, 40.7512609], [-73.9959454, 40.751261], [-73.9959517, 40.7512637], [-73.9959517, 40.7512637], [-73.9959767, 40.7512743], [-73.9960151, 40.7512906], [-73.9960151, 40.7512906], [-73.9960315, 40.7512975], [-73.9960322, 40.7512978], [-73.9960322, 40.7512978], [-73.9960322, 40.7512978], [-73.9960322, 40.7512978], [-73.9960322, 40.7512978], [-73.9960322, 40.7512978], [-73.9960328, 40.7512978], [-73.9960328, 40.7512978], [-73.9960328, 40.7512978], [-73.9960329, 40.7512978], [-73.9960472, 40.7512946], [-73.9960473, 40.7512946]]]}},
{"type": "Feature", "properties": {"level": "platform", "type": "platform", "platform": "5", "source": "Moynihan Station EA, Figure 3-4, February 2010, PDF page 2"}, "geometry": {"type": "Polygon", "coordinates": [[[-73.9948732, 40.7509754], [-73.9948733, 40.7509754], [-73.9948934, 40.7509478], [-73.9948934, 40.7509477], [-73.9949086, 40.7509271], [-73.9949086, 40.7509271], [-73.9949086, 40.7509271], [-73.9948773, 40.7509135], [-73.9948772, 40.7509135], [-73.9948772, 40.7509135], [-73.9948771, 40.7509135], [-73.9947316, 40.7508508], [-73.9947315, 40.7508508], [-73.9946889, 40.7508327], [-73.9946888, 40.7508327], [-73.9946113, 40.7507996], [-73.9946113, 40.7507996], [-73.994521, 40.7507611], [-73.994521, 40.7507611], [-73.9944386, 40.7507261], [-73.9944385, 40.7507261], [-73.9944385, 40.7507261], [-73.994402, 40.7507756], [-73.9944019, 40.7507756], [-73.994402, 40.7507756], [-73.9945754, 40.7508491], [-73.9945754, 40.7508491], [-73.9946529, 40.7508822], [-73.9946529, 40.7508823], [-73.9946957, 40.7509002], [-73.9946957, 40.7509002], [-73.994842, 40.750962], [-73.994842, 40.750962], [-73.9948732, 40.7509754], [-73.9948732, 40.7509754]]]}},
{"type": "Feature", "properties": {"level": "platform", "type": "platform", "platform": "5", "source": "Moynihan Station EA, Figure 3-4, February 2010, PDF page 2"}, "geometry": {"type": "Polygon", "coordinates": [[[-73.9959541, 40.7514246], [-73.9959541, 40.7514245], [-73.9959588, 40.7514182], [-73.9959589, 40.7514181], [-73.9959589, 40.751418], [-73.995959, 40.751418], [-73.995959, 40.751418], [-73.995959, 40.7514179], [-73.9959581, 40.7514162], [-73.9959581, 40.7514161], [-73.9959542, 40.7514052], [-73.9959542, 40.7514052], [-73.9959542, 40.7514051], [-73.9959541, 40.7514051], [-73.9959539, 40.7514048], [-73.9959539, 40.7514048], [-73.9959539, 40.7514048], [-73.9959539, 40.7514048], [-73.9959539, 40.7514048], [-73.9959538, 40.7514047], [-73.9959239, 40.7513921], [-73.9959239, 40.7513921], [-73.9959097, 40.7513861], [-73.9958587, 40.7513644], [-73.9958587, 40.7513644], [-73.9958586, 40.7513644], [-73.9958585, 40.7513644], [-73.9958585, 40.7513644], [-73.9958556, 40.7513631], [-73.9958554, 40.751363], [-73.9958553, 40.7513629], [-73.9958551, 40.7513628], [-73.995855, 40.7513627], [-73.9958549, 40.7513626], [-73.9958548, 40.7513624], [-73.9958547, 40.7513623], [-73.9958546, 40.7513622], [-73.9958546, 40.751362], [-73.9958546, 40.7513618], [-73.9958546, 40.7513617], [-73.9958546, 40.7513615], [-73.9958546, 40.7513614], [-73.9958547, 40.7513612], [-73.9958548, 40.7513611], [-73.9958549, 40.7513609], [-73.9958679, 40.7513444], [-73.995868, 40.7513443], [-73.9958681, 40.7513441], [-73.9958683, 40.751344], [-73.9958684, 40.7513439], [-73.9958686, 40.7513439], [-73.9958688, 40.7513438], [-73.995869, 40.7513437], [-73.9958691, 40.7513437], [-73.9958693, 40.7513436], [-73.9958695, 40.7513436], [-73.9958697, 40.7513436], [-73.9958699, 40.7513436], [-73.9958701, 40.7513437], [-73.9958703, 40.7513437], [-73.9958705, 40.7513438], [-73.9958707, 40.7513438], [-73.9959162, 40.7513631], [-73.9959162, 40.7513631], [-73.9959162, 40.7513631], [-73.9959163, 40.7513631], [-73.9959683, 40.7513852], [-73.9959683, 40.7513852], [-73.9959683, 40.7513852], [-73.9959683, 40.7513852], [-73.9959683, 40.7513852], [-73.9959814, 40.7513829], [-73.9959815, 40.7513829], [-73.9959815, 40.7513828], [-73.9959825, 40.7513826], [-73.9959826, 40.7513826], [-73.9959854, 40.7513822], [-73.9959854, 40.7513822], [-73.9959854, 40.7513821], [-73.9959835, 40.7513813], [-73.9959835, 40.7513813], [-73.9959696, 40.7513754], [-73.9959695, 40.7513754], [-73.9959695, 40.7513754], [-73.9959695, 40.7513754], [-73.9959298, 40.7513586], [-73.9959298, 40.7513585], [-73.9959297, 40.7513585], [-73.995928, 40.7513578], [-73.995928, 40.7513578], [-73.995928, 40.7513578], [-73.995928, 40.7513578], [-73.9958959, 40.7513444], [-73.9958958, 40.7513444], [-73.9958691, 40.7513331], [-73.995869, 40.751333], [-73.995869, 40.751333], [-73.9958352, 40.7513189], [-73.9958351, 40.7513189], [-73.9958059, 40.7513063], [-73.9958059, 40.7513063], [-73.9958058, 40.7513062], [-73.9957757, 40.7512935], [-73.9957757, 40.7512935], [-73.9957558, 40.751285], [-73.9957557, 40.751285], [-73.9957556, 40.751285], [-73.995719, 40.7512695], [-73.9956554, 40.7512425], [-73.9956553, 40.7512425], [-73.9956553, 40.7512424], [-73.9956431, 40.7512373], [-73.9956112, 40.7512238], [-73.9956112, 40.7512237], [-73.9955956, 40.7512171], [-73.9955955, 40.7512171], [-73.9955634, 40.7512037], [-73.9955633, 40.7512037], [-73.9955632, 40.7512036], [-73.9955231, 40.7511866], [-73.995523, 40.7511866], [-73.9954423, 40.7511524], [-73.9954422, 40.7511523], [-73.9954422, 40.7511523], [-73.9953881, 40.7511296], [-73.9953881, 40.7511296], [-73.9953234, 40.7511022], [-73.9953234, 40.7511022], [-73.9953184, 40.7511001], [-73.9953183, 40.7511001], [-73.9953183, 40.7511], [-73.995261, 40.7510758], [-73.9952609, 40.7510757], [-73.9952609, 40.7510757], [-73.9951396, 40.751024], [-73.9951396, 40.751024], [-73.9951395, 40.751024], [-73.9950984, 40.7510066], [-73.9950983, 40.7510065], [-73.9950982, 40.7510065], [-73.9950423, 40.7509833], [-73.9950423, 40.7509833], [-73.9950423, 40.7509833], [-73.9950065, 40.7510317], [-73.9950065, 40.7510317], [-73.9950064, 40.7510318], [-73.9950064, 40.7510319], [-73.9950064, 40.7510319], [-73.9950628, 40.7510553], [-73.9950629, 40.7510554], [-73.9951042, 40.7510726], [-73.9951042, 40.7510726], [-73.9951043, 40.7510727], [-73.9952261, 40.7511236], [-73.9952262, 40.7511236], [-73.9952262, 40.7511237], [-73.9952837, 40.7511478], [-73.9952838, 40.7511478], [-73.995289, 40.75115], [-73.995289, 40.75115], [-73.9953541, 40.7511764], [-73.9953541, 40.7511764], [-73.9954088, 40.7511984], [-73.9954089, 40.7511984], [-73.9954906, 40.7512312], [-73.9954907, 40.7512312], [-73.9954907, 40.7512312], [-73.9954907, 40.7512312], [-73.9955316, 40.7512473], [-73.9955316, 40.7512474], [-73.9955317, 40.7512474], [-73.9955317, 40.7512474], [-73.9955641, 40.7512604], [-73.9955642, 40.7512604], [-73.9955799, 40.7512669], [-73.99558, 40.7512669], [-73.99558, 40.7512669], [-73.99558, 40.7512669], [-73.9956123, 40.7512796], [-73.9956123, 40.7512797], [-73.9956248, 40.7512847], [-73.9956248, 40.7512847], [-73.9956892, 40.7513106], [-73.9956893, 40.7513106], [-73.9956982, 40.7513144], [-73.9956982, 40.7513144], [-73.9957263, 40.7513256], [-73.9957263, 40.7513256], [-73.9957264, 40.7513256], [-73.9957459, 40.7513341], [-73.995746, 40.7513342], [-73.9957762, 40.7513472], [-73.9957763, 40.7513472], [-73.9957763, 40.7513472], [-73.9958054, 40.7513601], [-73.9958054, 40.7513601], [-73.9958388, 40.7513747], [-73.9958388, 40.7513747], [-73.9958389, 40.7513747], [-73.9958389, 40.7513748], [-73.9958653, 40.7513864], [-73.9958654, 40.7513865], [-73.9958654, 40.7513865], [-73.9958972, 40.7514004], [-73.9958972, 40.7514004], [-73.9959387, 40.751418], [-73.9959387, 40.751418], [-73.9959527, 40.7514239], [-73.9959541, 40.7514245], [-73.9959541, 40.7514246]]]}},
{"type": "Feature", "properties": {"level": "platform", "type": "platform", "platform": "5", "source": "Moynihan Station EA, Figure 3-4, February 2010, PDF page 2"}, "geometry": {"type": "Polygon", "coordinates": [[[-73.9968513, 40.7518248], [-73.9968513, 40.7518248], [-73.9968513, 40.7518248], [-73.9968513, 40.7518248], [-73.9968513, 40.7518248], [-73.9968446, 40.7518177], [-73.9968445, 40.7518176], [-73.9968445, 40.7518176], [-73.9968445, 40.7518176], [-73.9968445, 40.7518176], [-73.9968299, 40.7518083], [-73.9968299, 40.7518083], [-73.9968147, 40.7517985], [-73.9968147, 40.7517985], [-73.9968146, 40.7517985], [-73.9968102, 40.7517957], [-73.9968102, 40.7517956], [-73.9968101, 40.7517956], [-73.9968101, 40.7517956], [-73.9967871, 40.7517823], [-73.9967871, 40.7517823], [-73.9967655, 40.7517695], [-73.9967655, 40.7517695], [-73.9967654, 40.7517694], [-73.9967591, 40.7517659], [-73.9967591, 40.7517658], [-73.996759, 40.7517658], [-73.996759, 40.7517658], [-73.996759, 40.7517658], [-73.9967533, 40.7517624], [-73.9967533, 40.7517624], [-73.9967533, 40.7517624], [-73.9967243, 40.7517461], [-73.9967241, 40.7517459], [-73.9967239, 40.7517458], [-73.9967238, 40.7517457], [-73.9967237, 40.7517455], [-73.9967237, 40.7517455], [-73.9967236, 40.7517455], [-73.9967236, 40.7517455], [-73.9967236, 40.7517455], [-73.9967236, 40.7517455], [-73.9966897, 40.7517268], [-73.9966896, 40.7517268], [-73.9966854, 40.7517245], [-73.9966853, 40.7517244], [-73.9966853, 40.7517244], [-73.996646, 40.7517027], [-73.996646, 40.7517027], [-73.9966458, 40.7517027], [-73.9966436, 40.7517013], [-73.9966436, 40.7517013], [-73.9966436, 40.7517012], [-73.9966435, 40.7517012], [-73.9966169, 40.7516868], [-73.9966168, 40.7516868], [-73.9966047, 40.7516802], [-73.9966046, 40.7516802], [-73.9965746, 40.7516639], [-73.9965746, 40.7516638], [-73.9965545, 40.7516529], [-73.9965545, 40.7516529], [-73.9965334, 40.7516416], [-73.9965334, 40.7516416], [-73.9965333, 40.7516415], [-73.9965202, 40.7516346], [-73.9965202, 40.7516345], [-73.9964993, 40.7516231], [-73.9964993, 40.751623], [-73.9964993, 40.751623], [-73.9964915, 40.751619], [-73.9964915, 40.751619], [-73.9964914, 40.751619], [-73.9964598, 40.751602], [-73.9964597, 40.7516019], [-73.9964597, 40.7516019], [-73.9964454, 40.7515944], [-73.9964453, 40.7515944], [-73.9964202, 40.7515809], [-73.9964202, 40.7515809], [-73.9963913, 40.751566], [-73.9963913, 40.751566], [-73.9963912, 40.7515659], [-73.9963622, 40.751551], [-73.9963621, 40.751551], [-73.9963621, 40.751551], [-73.9963301, 40.7515352], [-73.9963301, 40.7515352], [-73.99633, 40.7515352], [-73.9963241, 40.7515322], [-73.9963241, 40.7515322], [-73.9963016, 40.7515215], [-73.9963016, 40.7515215], [-73.9962761, 40.7515092], [-73.9962761, 40.7515092], [-73.996276, 40.7515092], [-73.9962271, 40.7514868], [-73.9962271, 40.7514868], [-73.9962252, 40.751486], [-73.9962252, 40.751486], [-73.9961811, 40.7514663], [-73.9961811, 40.7514663], [-73.9961811, 40.7514663], [-73.9961734, 40.751463], [-73.9961733, 40.751463], [-73.9961484, 40.7514519], [-73.9961483, 40.7514519], [-73.9961099, 40.7514354], [-73.9961098, 40.7514354], [-73.996083, 40.7514238], [-73.996083, 40.7514238], [-73.996063, 40.7514153], [-73.996063, 40.7514153], [-73.9960495, 40.7514096], [-73.9960495, 40.7514095], [-73.9960494, 40.7514096], [-73.9960434, 40.7514177], [-73.9960434, 40.7514178], [-73.9960434, 40.7514178], [-73.9960183, 40.7514517], [-73.9960183, 40.7514518], [-73.9960183, 40.7514518], [-73.9960323, 40.7514577], [-73.9960323, 40.7514577], [-73.9960523, 40.7514662], [-73.9960523, 40.7514662], [-73.9960794, 40.7514774], [-73.9960794, 40.7514774], [-73.9960794, 40.7514774], [-73.996118, 40.7514938], [-73.996118, 40.7514938], [-73.9961434, 40.7515043], [-73.9961435, 40.7515043], [-73.9961436, 40.7515044], [-73.9961512, 40.7515076], [-73.9961512, 40.7515076], [-73.9961959, 40.7515263], [-73.996196, 40.7515264], [-73.996196, 40.7515264], [-73.9961979, 40.7515272], [-73.9961979, 40.7515272], [-73.9962479, 40.7515482], [-73.9962479, 40.7515482], [-73.996248, 40.7515482], [-73.9962742, 40.7515593], [-73.9962742, 40.7515593], [-73.9962973, 40.7515688], [-73.9962973, 40.7515688], [-73.9962973, 40.7515688], [-73.9963036, 40.7515715], [-73.9963036, 40.7515715], [-73.9963367, 40.7515863], [-73.996367, 40.7515996], [-73.996367, 40.7515996], [-73.9963969, 40.7516132], [-73.9963969, 40.7516132], [-73.9964231, 40.7516253], [-73.9964232, 40.7516253], [-73.9964376, 40.7516322], [-73.9964377, 40.7516322], [-73.9964377, 40.7516322], [-73.9964707, 40.7516476], [-73.9964707, 40.7516476], [-73.9964707, 40.7516476], [-73.9964786, 40.7516515], [-73.9964786, 40.7516515], [-73.9965005, 40.751662], [-73.9965006, 40.751662], [-73.9965137, 40.7516685], [-73.9965138, 40.7516685], [-73.9965138, 40.7516685], [-73.9965138, 40.7516686], [-73.9965355, 40.751679], [-73.9965356, 40.751679], [-73.996556, 40.7516893], [-73.9965561, 40.7516893], [-73.9965869, 40.7517046], [-73.9965869, 40.7517046], [-73.9965992, 40.751711], [-73.9965993, 40.751711], [-73.9966264, 40.7517249], [-73.9966264, 40.7517249], [-73.9966288, 40.7517262], [-73.9966289, 40.7517262], [-73.9966289, 40.7517262], [-73.9966686, 40.7517474], [-73.9966687, 40.7517474], [-73.9966687, 40.7517474], [-73.9966687, 40.7517474], [-73.9966687, 40.7517474], [-73.996673, 40.7517497], [-73.996673, 40.7517497], [-73.9967072, 40.7517681], [-73.9967073, 40.7517681], [-73.9967073, 40.7517681], [-73.9967077, 40.7517683], [-73.9967078, 40.7517683], [-73.9967376, 40.7517841], [-73.9967376, 40.7517841], [-73.9967434, 40.7517872], [-73.9967435, 40.7517873], [-73.99675, 40.7517908], [-73.9967501, 40.7517908], [-73.9967501, 40.7517908], [-73.9967723, 40.7518026], [-73.9967723, 40.7518026], [-73.9967724, 40.7518026], [-73.9967962, 40.7518149], [-73.9967962, 40.7518149], [-73.9967962, 40.7518149], [-73.9967962, 40.7518149], [-73.9968011, 40.7518172], [-73.9968011, 40.7518172], [-73.9968011, 40.7518172], [-73.9968175, 40.7518254], [-73.9968175, 40.7518254], [-73.9968176, 40.7518254], [-73.9968333, 40.7518328], [-73.9968333, 40.7518328], [-73.9968333, 40.7518328], [-73.9968333, 40.7518328], [-73.996834, 40.7518331], [-73.9968341, 40.7518331], [-73.9968341, 40.7518331], [-73.9968347, 40.7518322], [-73.9968347, 40.7518322], [-73.9968394, 40.7518259], [-73.9968395, 40.7518258], [-73.9968396, 40.7518257], [-73.9968398, 40.7518255], [-73.9968399, 40.7518254], [-73.9968401, 40.7518253], [-73.9968403, 40.7518253], [-73.9968404, 40.7518252], [-73.9968406, 40.7518252], [-73.9968408, 40.7518251], [-73.996841, 40.7518251], [-73.9968412, 40.7518251], [-73.9968414, 40.7518251], [-73.9968416, 40.7518251], [-73.9968418, 40.7518252], [-73.996842, 40.7518252], [-73.9968422, 40.7518253], [-73.9968464, 40.7518271], [-73.9968464, 40.7518271], [-73.9968488, 40.7518281], [-73.9968488, 40.7518281], [-73.9968489, 40.7518281], [-73.9968513, 40.7518248]]]}},
{"type": "Feature", "properties": {"level": "platform", "type": "platform", "platform": "6", "source": "Moynihan Station EA, Figure 3-4, February 2010, PDF page 2"}, "geometry": {"type": "Polygon", "coordinates": [[[-73.9948279, 40.7510368], [-73.9948279, 40.7510368], [-73.9948278, 40.7510368], [-73.9948278, 40.7510368], [-73.9947939, 40.7510224], [-73.9947939, 40.7510224], [-73.9947938, 40.7510225], [-73.9947918, 40.7510253], [-73.9947917, 40.7510254], [-73.9947915, 40.7510255], [-73.9947914, 40.7510256], [-73.9947912, 40.7510257], [-73.9947911, 40.7510258], [-73.9947909, 40.7510259], [-73.9947907, 40.751026], [-73.9947905, 40.751026], [-73.9947903, 40.751026], [-73.9947901, 40.7510261], [-73.9947899, 40.7510261], [-73.9947897, 40.751026], [-73.9947895, 40.751026], [-73.9947893, 40.751026], [-73.9947891, 40.7510259], [-73.994789, 40.7510259], [-73.9947458, 40.7510076], [-73.9947456, 40.7510075], [-73.9947454, 40.7510074], [-73.9947453, 40.7510073], [-73.9947452, 40.7510072], [-73.994745, 40.751007], [-73.9947449, 40.7510069], [-73.9947449, 40.7510068], [-73.9947448, 40.7510066], [-73.9947448, 40.7510065], [-73.9947447, 40.7510063], [-73.9947447, 40.7510062], [-73.9947447, 40.751006], [-73.9947448, 40.7510059], [-73.9947448, 40.7510057], [-73.9947449, 40.7510056], [-73.994745, 40.7510054], [-73.9947471, 40.7510026], [-73.9947471, 40.7510026], [-73.994747, 40.7510026], [-73.9946805, 40.7509744], [-73.9946805, 40.7509743], [-73.9946805, 40.7509743], [-73.9946745, 40.7509718], [-73.9946745, 40.7509718], [-73.9945949, 40.7509381], [-73.994532, 40.7509114], [-73.9945319, 40.7509114], [-73.9945319, 40.7509114], [-73.9945318, 40.7509114], [-73.9945317, 40.7509113], [-73.9945315, 40.7509113], [-73.9945313, 40.7509112], [-73.9945312, 40.7509111], [-73.9945306, 40.7509108], [-73.9945305, 40.7509108], [-73.9945305, 40.7509108], [-73.9945305, 40.7509108], [-73.9945305, 40.7509108], [-73.9945304, 40.7509107], [-73.9943991, 40.750855], [-73.994399, 40.750855], [-73.994399, 40.750855], [-73.9943566, 40.7508371], [-73.9943566, 40.750837], [-73.9943566, 40.750837], [-73.9943565, 40.7508371], [-73.9943471, 40.7508498], [-73.9943471, 40.7508498], [-73.9943439, 40.7508542], [-73.994343, 40.7508555], [-73.9943429, 40.7508555], [-73.9943429, 40.7508555], [-73.9943294, 40.7508738], [-73.9943294, 40.7508738], [-73.9943294, 40.7508738], [-73.994329, 40.7508743], [-73.9943261, 40.7508783], [-73.9943261, 40.7508783], [-73.9943261, 40.7508784], [-73.994457, 40.7509339], [-73.994457, 40.7509339], [-73.9946124, 40.751], [-73.9946125, 40.751], [-73.9946125, 40.751], [-73.9946125, 40.751], [-73.9946125, 40.751], [-73.9946488, 40.7510154], [-73.9946489, 40.7510154], [-73.9946489, 40.7510155], [-73.9947322, 40.7510505], [-73.9947322, 40.7510505], [-73.9947323, 40.7510506], [-73.9947732, 40.7510679], [-73.9947733, 40.7510679], [-73.9947733, 40.7510679], [-73.9947972, 40.7510783], [-73.9947972, 40.7510783], [-73.9947973, 40.7510783], [-73.9948025, 40.7510712], [-73.9948025, 40.7510712], [-73.9948025, 40.7510712], [-73.9948063, 40.7510661], [-73.9948063, 40.7510661], [-73.9948114, 40.7510591], [-73.9948133, 40.7510566], [-73.9948133, 40.7510566], [-73.9948149, 40.7510544], [-73.9948196, 40.751048], [-73.9948197, 40.751048], [-73.9948198, 40.7510478], [-73.9948198, 40.7510478], [-73.9948198, 40.7510478], [-73.994823, 40.7510434], [-73.9948279, 40.7510369], [-73.9948279, 40.7510368]]]}},
{"type": "Feature", "properties": {"level": "platform", "type": "platform", "platform": "6", "source": "Moynihan Station EA, Figure 3-4, February 2010, PDF page 2"}, "geometry": {"type": "Polygon", "coordinates": [[[-73.9958735, 40.7515337], [-73.9958735, 40.7515336], [-73.9958736, 40.7515335], [-73.9958736, 40.7515335], [-73.9958737, 40.7515335], [-73.9958736, 40.7515335], [-73.9958736, 40.7515334], [-73.9958729, 40.7515308], [-73.9958729, 40.7515308], [-73.9958728, 40.7515307], [-73.9958728, 40.7515307], [-73.9958727, 40.7515305], [-73.9958727, 40.7515305], [-73.9958702, 40.7515241], [-73.9958701, 40.7515241], [-73.99587, 40.7515236], [-73.9958699, 40.7515235], [-73.9958699, 40.7515235], [-73.9958692, 40.7515211], [-73.9958692, 40.7515211], [-73.9958692, 40.751521], [-73.9958692, 40.751521], [-73.9958687, 40.7515201], [-73.9958687, 40.7515201], [-73.9958686, 40.7515201], [-73.9958612, 40.7515169], [-73.9958612, 40.7515169], [-73.9958612, 40.7515169], [-73.9958383, 40.7515072], [-73.9958383, 40.7515072], [-73.9958383, 40.7515072], [-73.9958383, 40.7515072], [-73.9958383, 40.7515072], [-73.9957859, 40.751485], [-73.9957704, 40.7514784], [-73.9957702, 40.7514783], [-73.99577, 40.7514782], [-73.9957699, 40.7514781], [-73.9957698, 40.751478], [-73.9957696, 40.7514779], [-73.9957695, 40.7514778], [-73.9957695, 40.7514776], [-73.9957694, 40.7514775], [-73.9957694, 40.7514773], [-73.9957693, 40.7514772], [-73.9957693, 40.751477], [-73.9957693, 40.7514769], [-73.9957694, 40.7514767], [-73.9957694, 40.7514766], [-73.9957695, 40.7514764], [-73.9957696, 40.7514763], [-73.9957703, 40.7514753], [-73.9957703, 40.7514753], [-73.9957703, 40.7514753], [-73.9957729, 40.7514718], [-73.9957729, 40.7514718], [-73.9957737, 40.7514707], [-73.9957745, 40.7514696], [-73.9957745, 40.7514696], [-73.9957745, 40.7514696], [-73.9957778, 40.7514652], [-73.9957778, 40.7514652], [-73.9957796, 40.7514627], [-73.9957816, 40.75146], [-73.9957817, 40.7514599], [-73.9957817, 40.7514599], [-73.995782, 40.7514595], [-73.9957821, 40.7514593], [-73.9957822, 40.7514592], [-73.9957824, 40.7514591], [-73.9957825, 40.751459], [-73.9957827, 40.7514589], [-73.9957829, 40.7514588], [-73.9957831, 40.7514588], [-73.9957833, 40.7514587], [-73.9957835, 40.7514587], [-73.9957837, 40.7514587], [-73.9957839, 40.7514587], [-73.9957841, 40.7514587], [-73.9957843, 40.7514587], [-73.9957845, 40.7514587], [-73.9957846, 40.7514588], [-73.9957848, 40.7514589], [-73.9958758, 40.7514974], [-73.9958759, 40.7514975], [-73.9958759, 40.7514975], [-73.9958761, 40.7514975], [-73.9958764, 40.7514976], [-73.9958766, 40.7514976], [-73.9958768, 40.7514977], [-73.9958778, 40.7514983], [-73.9958779, 40.7514983], [-73.9958831, 40.7515005], [-73.9958831, 40.7515005], [-73.9958831, 40.7515005], [-73.9958831, 40.7515005], [-73.995886, 40.7515001], [-73.995886, 40.7515001], [-73.995886, 40.7515001], [-73.995886, 40.7515001], [-73.995886, 40.7515001], [-73.9958871, 40.7514997], [-73.9958873, 40.7514996], [-73.9958875, 40.7514996], [-73.9958909, 40.751499], [-73.9958909, 40.751499], [-73.9958909, 40.751499], [-73.995892, 40.7514988], [-73.995892, 40.7514988], [-73.9958957, 40.751498], [-73.9958957, 40.751498], [-73.9958958, 40.751498], [-73.9958965, 40.7514978], [-73.9958965, 40.7514978], [-73.9958965, 40.7514978], [-73.9958975, 40.7514975], [-73.9958977, 40.7514975], [-73.9958978, 40.7514974], [-73.995898, 40.7514974], [-73.9958982, 40.7514974], [-73.9958984, 40.7514974], [-73.9958984, 40.7514974], [-73.9958985, 40.7514974], [-73.9959008, 40.7514967], [-73.9959008, 40.7514967], [-73.9959008, 40.7514967], [-73.9959008, 40.7514967], [-73.9959008, 40.7514967], [-73.9959018, 40.7514953], [-73.9959019, 40.7514953], [-73.995902, 40.7514951], [-73.995902, 40.7514951], [-73.9959032, 40.7514935], [-73.9959032, 40.7514935], [-73.9959032, 40.7514934], [-73.9958806, 40.7514839], [-73.9958805, 40.7514838], [-73.9958591, 40.7514747], [-73.9958591, 40.7514747], [-73.9958415, 40.7514673], [-73.9958415, 40.7514673], [-73.995827, 40.7514612], [-73.995827, 40.7514611], [-73.995827, 40.7514611], [-73.995827, 40.7514611], [-73.9957614, 40.7514333], [-73.9957614, 40.7514333], [-73.9957257, 40.7514182], [-73.9956435, 40.7513833], [-73.9956143, 40.751371], [-73.9956143, 40.751371], [-73.9956142, 40.7513709], [-73.9955965, 40.7513634], [-73.9955964, 40.7513634], [-73.9955964, 40.7513634], [-73.9953895, 40.7512757], [-73.9953895, 40.7512757], [-73.9953496, 40.7512585], [-73.9953496, 40.7512585], [-73.9953035, 40.751239], [-73.9951897, 40.7511907], [-73.9951896, 40.7511907], [-73.9951896, 40.7511907], [-73.9951345, 40.7511673], [-73.9951344, 40.7511673], [-73.9951343, 40.7511672], [-73.9951341, 40.7511672], [-73.995134, 40.7511671], [-73.995134, 40.7511671], [-73.9951339, 40.7511671], [-73.9950446, 40.751129], [-73.9950446, 40.751129], [-73.9950241, 40.7511203], [-73.9950241, 40.7511203], [-73.9950005, 40.7511103], [-73.9950004, 40.7511102], [-73.9949609, 40.7510935], [-73.9949609, 40.7510935], [-73.9949609, 40.7510935], [-73.9949609, 40.7510935], [-73.9949598, 40.7510949], [-73.9949598, 40.7510949], [-73.9949597, 40.7510951], [-73.9949597, 40.7510951], [-73.9949597, 40.7510951], [-73.9949576, 40.7510979], [-73.9949576, 40.7510979], [-73.9949543, 40.7511024], [-73.9949528, 40.7511044], [-73.9949528, 40.7511044], [-73.9949494, 40.751109], [-73.9949478, 40.7511112], [-73.9949478, 40.7511112], [-73.9949478, 40.7511112], [-73.9949454, 40.7511144], [-73.9949454, 40.7511145], [-73.9949453, 40.7511145], [-73.9949425, 40.7511183], [-73.9949425, 40.7511183], [-73.9949425, 40.7511183], [-73.9949373, 40.7511254], [-73.9949372, 40.7511255], [-73.9949371, 40.7511256], [-73.9949371, 40.7511257], [-73.9949304, 40.7511347], [-73.9949304, 40.7511348], [-73.9949304, 40.7511348], [-73.9950551, 40.7511879], [-73.9950552, 40.7511879], [-73.9950552, 40.7511879], [-73.9950554, 40.751188], [-73.9950556, 40.751188], [-73.9950558, 40.7511881], [-73.995056, 40.7511882], [-73.9950567, 40.7511886], [-73.9950567, 40.7511886], [-73.9950568, 40.7511886], [-73.9950569, 40.7511887], [-73.9951187, 40.7512146], [-73.9951187, 40.7512146], [-73.9951188, 40.7512147], [-73.995196, 40.7512472], [-73.9951961, 40.7512472], [-73.9951961, 40.7512472], [-73.9951961, 40.7512472], [-73.9952023, 40.7512498], [-73.9952023, 40.7512498], [-73.995274, 40.7512802], [-73.995274, 40.7512802], [-73.9953521, 40.7513129], [-73.9953521, 40.7513129], [-73.9953521, 40.7513129], [-73.9953522, 40.7513129], [-73.995356, 40.7513145], [-73.995356, 40.7513145], [-73.9954172, 40.7513397], [-73.9954172, 40.7513397], [-73.9954172, 40.7513397], [-73.995448, 40.7513528], [-73.9954481, 40.7513528], [-73.9954481, 40.7513528], [-73.995552, 40.7513969], [-73.995552, 40.7513969], [-73.9956425, 40.7514355], [-73.9956426, 40.7514355], [-73.9956428, 40.7514356], [-73.995643, 40.7514357], [-73.995643, 40.7514357], [-73.9956431, 40.7514357], [-73.9956431, 40.7514357], [-73.9956984, 40.7514594], [-73.9956984, 40.7514594], [-73.9956985, 40.7514594], [-73.9957505, 40.7514815], [-73.9957932, 40.7514996], [-73.9957932, 40.7514996], [-73.9958137, 40.7515083], [-73.9958137, 40.7515083], [-73.9958586, 40.7515273], [-73.9958735, 40.7515336], [-73.9958735, 40.7515337], [-73.9958735, 40.7515337]]]}},
{"type": "Feature", "properties": {"level": "platform", "type": "platform", "platform": "6", "source": "Moynihan Station EA, Figure 3-4, February 2010, PDF page 2"}, "geometry": {"type": "Polygon", "coordinates": [[[-73.9967122, 40.7518715], [-73.9967123, 40.7518715], [-73.9967123, 40.7518715], [-73.9967134, 40.75187], [-73.9967156, 40.751867], [-73.9967156, 40.7518669], [-73.9967157, 40.7518669], [-73.9967157, 40.7518669], [-73.9967171, 40.7518645], [-73.9967172, 40.7518644], [-73.9967213, 40.7518588], [-73.9967214, 40.7518588], [-73.9967213, 40.7518588], [-73.9966622, 40.7518275], [-73.9966622, 40.7518274], [-73.9966621, 40.7518274], [-73.9966159, 40.7518043], [-73.9966159, 40.7518042], [-73.9965969, 40.7517945], [-73.9965969, 40.7517945], [-73.9965969, 40.7517945], [-73.9965969, 40.7517945], [-73.9965968, 40.7517945], [-73.9965598, 40.7517766], [-73.9965598, 40.7517766], [-73.9965598, 40.7517766], [-73.9965597, 40.7517766], [-73.9965597, 40.7517766], [-73.9965161, 40.7517564], [-73.9965161, 40.7517564], [-73.9964884, 40.7517437], [-73.9964884, 40.7517437], [-73.9964883, 40.7517437], [-73.9964513, 40.7517275], [-73.9964512, 40.7517275], [-73.9964082, 40.751709], [-73.9964082, 40.751709], [-73.9963914, 40.7517018], [-73.9963913, 40.7517018], [-73.9963912, 40.7517018], [-73.9963685, 40.7516924], [-73.9963685, 40.7516924], [-73.9963427, 40.7516819], [-73.9963427, 40.7516819], [-73.9963426, 40.7516819], [-73.9963303, 40.7516769], [-73.9963303, 40.7516769], [-73.9963302, 40.7516769], [-73.9963163, 40.751671], [-73.9963163, 40.751671], [-73.9962816, 40.7516563], [-73.9962815, 40.7516562], [-73.9962815, 40.7516562], [-73.9962609, 40.751647], [-73.9962608, 40.751647], [-73.9962608, 40.751647], [-73.9961995, 40.7516193], [-73.9961995, 40.7516193], [-73.9961995, 40.7516193], [-73.9961995, 40.7516193], [-73.996163, 40.7516036], [-73.996163, 40.7516036], [-73.996163, 40.7516036], [-73.9961302, 40.7515897], [-73.9961302, 40.7515897], [-73.9961301, 40.7515897], [-73.9960758, 40.7515666], [-73.9960757, 40.7515666], [-73.9960756, 40.7515665], [-73.9960617, 40.7515606], [-73.9960617, 40.7515606], [-73.9960296, 40.7515471], [-73.9960296, 40.751547], [-73.9959677, 40.7515208], [-73.9959675, 40.7515207], [-73.9959674, 40.7515207], [-73.9959674, 40.7515207], [-73.9959674, 40.7515207], [-73.9959667, 40.7515216], [-73.9959667, 40.7515216], [-73.995965, 40.7515239], [-73.9959647, 40.7515243], [-73.9959647, 40.7515243], [-73.9959627, 40.7515271], [-73.9959624, 40.7515274], [-73.9959624, 40.7515274], [-73.9959614, 40.7515287], [-73.9959612, 40.751529], [-73.9959612, 40.7515291], [-73.9959612, 40.7515291], [-73.9959602, 40.7515303], [-73.9959602, 40.7515303], [-73.9959602, 40.7515304], [-73.9959573, 40.7515344], [-73.9959573, 40.7515344], [-73.995956, 40.751536], [-73.9959539, 40.7515389], [-73.9959539, 40.7515389], [-73.9959537, 40.7515391], [-73.9959528, 40.7515403], [-73.9959528, 40.7515404], [-73.9959528, 40.7515404], [-73.9959505, 40.7515435], [-73.9959505, 40.7515435], [-73.9959505, 40.7515435], [-73.9959471, 40.7515481], [-73.9959471, 40.7515481], [-73.9959471, 40.7515481], [-73.9959459, 40.7515497], [-73.9959459, 40.7515497], [-73.9959459, 40.7515498], [-73.9959421, 40.7515548], [-73.9959421, 40.7515548], [-73.9959415, 40.7515557], [-73.9959397, 40.7515581], [-73.9959397, 40.7515581], [-73.9959397, 40.7515582], [-73.9959397, 40.7515582], [-73.9959396, 40.7515583], [-73.9959396, 40.7515583], [-73.9959377, 40.7515608], [-73.9959377, 40.7515609], [-73.9959377, 40.7515609], [-73.9959485, 40.7515655], [-73.9959485, 40.7515655], [-73.9959713, 40.7515749], [-73.9959714, 40.7515749], [-73.9960053, 40.7515893], [-73.9960054, 40.7515893], [-73.9960054, 40.7515893], [-73.9960809, 40.7516216], [-73.996081, 40.7516216], [-73.996081, 40.7516216], [-73.9961059, 40.7516324], [-73.9961059, 40.7516324], [-73.996125, 40.7516408], [-73.9961251, 40.7516408], [-73.9961251, 40.7516408], [-73.9961518, 40.7516517], [-73.9961519, 40.7516517], [-73.9961858, 40.7516653], [-73.9961858, 40.7516653], [-73.9962142, 40.7516767], [-73.9962142, 40.7516767], [-73.9962143, 40.7516767], [-73.9962194, 40.7516789], [-73.9962195, 40.7516789], [-73.9962195, 40.7516789], [-73.99625, 40.7516911], [-73.9962501, 40.7516911], [-73.99628, 40.7517036], [-73.9962801, 40.7517036], [-73.9962802, 40.7517037], [-73.9963133, 40.7517177], [-73.9963134, 40.7517178], [-73.9963322, 40.7517264], [-73.9963322, 40.7517264], [-73.9963323, 40.7517265], [-73.9963562, 40.7517371], [-73.9963563, 40.7517371], [-73.9963564, 40.7517372], [-73.9963564, 40.7517372], [-73.9963564, 40.7517372], [-73.9963564, 40.7517372], [-73.9963807, 40.751748], [-73.9963807, 40.751748], [-73.9963807, 40.751748], [-73.996423, 40.7517656], [-73.996423, 40.7517657], [-73.9964518, 40.7517776], [-73.9964519, 40.7517777], [-73.9964611, 40.7517813], [-73.9964612, 40.7517814], [-73.9964612, 40.7517814], [-73.9965094, 40.7518004], [-73.9965095, 40.7518004], [-73.9965095, 40.7518004], [-73.9965095, 40.7518004], [-73.9965095, 40.7518004], [-73.9965322, 40.7518091], [-73.9965323, 40.7518091], [-73.9965416, 40.7518126], [-73.9965417, 40.7518126], [-73.9965769, 40.7518256], [-73.996577, 40.7518257], [-73.9965771, 40.7518257], [-73.9965969, 40.7518329], [-73.996597, 40.7518329], [-73.996597, 40.7518329], [-73.996619, 40.7518408], [-73.9966466, 40.7518506], [-73.9966467, 40.7518506], [-73.9966467, 40.7518506], [-73.9966542, 40.7518531], [-73.9966542, 40.7518531], [-73.9966543, 40.7518532], [-73.9966721, 40.751859], [-73.9966721, 40.751859], [-73.9966721, 40.751859], [-73.9966787, 40.7518611], [-73.9966787, 40.7518611], [-73.9966788, 40.7518611], [-73.996686, 40.7518632], [-73.996686, 40.7518632], [-73.996686, 40.7518633], [-73.9966861, 40.7518633], [-73.9967008, 40.7518678], [-73.9967008, 40.7518678], [-73.9967008, 40.7518678], [-73.9967122, 40.7518715], [-73.9967122, 40.7518715]]]}},
{"type": "Feature", "properties": {"level": "platform", "type": "platform", "platform": "7", "source": "Moynihan Station EA, Figure 3-4, February 2010, PDF page 2"}, "geometry": {"type": "Polygon", "coordinates": [[[-73.9947516, 40.7511397], [-73.9947516, 40.7511396], [-73.9947516, 40.7511396], [-73.994752, 40.7511391], [-73.994752, 40.7511391], [-73.994752, 40.7511391], [-73.9946012, 40.7510749], [-73.9946012, 40.7510749], [-73.9945534, 40.7510546], [-73.9945534, 40.7510546], [-73.9943734, 40.7509786], [-73.9943734, 40.7509786], [-73.9943733, 40.7509785], [-73.9943733, 40.7509785], [-73.9943732, 40.7509785], [-73.9942995, 40.7509473], [-73.9942995, 40.7509473], [-73.9942995, 40.7509472], [-73.9942811, 40.7509392], [-73.9942811, 40.7509392], [-73.9942811, 40.7509392], [-73.9942806, 40.7509399], [-73.9942806, 40.7509399], [-73.9942785, 40.7509427], [-73.9942785, 40.7509427], [-73.9942784, 40.7509429], [-73.9942726, 40.7509507], [-73.9942726, 40.7509507], [-73.9942723, 40.750951], [-73.9942723, 40.7509511], [-73.9942691, 40.7509554], [-73.9942691, 40.7509555], [-73.9942675, 40.7509577], [-73.9942675, 40.7509577], [-73.9942671, 40.7509582], [-73.994264, 40.7509624], [-73.994264, 40.7509624], [-73.9942637, 40.7509628], [-73.9942634, 40.7509631], [-73.9942634, 40.7509631], [-73.9942634, 40.7509631], [-73.9942634, 40.7509632], [-73.9942634, 40.7509632], [-73.9942634, 40.7509632], [-73.9942634, 40.7509632], [-73.9942486, 40.7509832], [-73.9942486, 40.7509832], [-73.9942482, 40.7509838], [-73.9942449, 40.7509881], [-73.9942449, 40.7509882], [-73.9942445, 40.7509887], [-73.9942445, 40.7509887], [-73.9943, 40.7510122], [-73.9943, 40.7510122], [-73.9943703, 40.7510418], [-73.9943704, 40.7510418], [-73.9943704, 40.7510418], [-73.9943704, 40.7510419], [-73.9944742, 40.7510859], [-73.9944743, 40.7510859], [-73.9944891, 40.7510919], [-73.9944891, 40.7510919], [-73.9945445, 40.7511152], [-73.9945445, 40.7511152], [-73.9945446, 40.7511152], [-73.9945626, 40.7511228], [-73.9945626, 40.7511228], [-73.9946166, 40.7511453], [-73.9946166, 40.7511453], [-73.994627, 40.7511497], [-73.994627, 40.7511497], [-73.9946888, 40.7511754], [-73.9946888, 40.7511754], [-73.9947165, 40.7511871], [-73.9947165, 40.7511871], [-73.9947165, 40.7511871], [-73.9947173, 40.7511861], [-73.9947173, 40.7511861], [-73.9947187, 40.7511842], [-73.9947187, 40.7511842], [-73.9947187, 40.7511842], [-73.9947187, 40.7511842], [-73.994719, 40.7511839], [-73.994719, 40.7511839], [-73.99472, 40.7511824], [-73.99472, 40.7511824], [-73.9947202, 40.7511822], [-73.9947205, 40.7511817], [-73.9947205, 40.7511817], [-73.9947206, 40.7511816], [-73.9947206, 40.7511816], [-73.9947207, 40.7511815], [-73.9947207, 40.7511815], [-73.9947218, 40.75118], [-73.9947218, 40.75118], [-73.9947221, 40.7511797], [-73.9947223, 40.7511793], [-73.9947223, 40.7511793], [-73.9947243, 40.7511766], [-73.9947264, 40.7511738], [-73.9947264, 40.7511738], [-73.994727, 40.7511729], [-73.9947309, 40.7511677], [-73.9947309, 40.7511677], [-73.9947309, 40.7511677], [-73.9947309, 40.7511677], [-73.9947341, 40.7511634], [-73.9947341, 40.7511634], [-73.9947341, 40.7511634], [-73.9947341, 40.7511633], [-73.9947369, 40.7511595], [-73.9947369, 40.7511595], [-73.9947369, 40.7511595], [-73.9947369, 40.7511595], [-73.9947406, 40.7511546], [-73.9947406, 40.7511546], [-73.9947406, 40.7511546], [-73.9947406, 40.7511546], [-73.9947423, 40.7511522], [-73.9947423, 40.7511522], [-73.9947433, 40.751151], [-73.9947442, 40.7511497], [-73.9947442, 40.7511497], [-73.9947442, 40.7511497], [-73.9947442, 40.7511497], [-73.9947442, 40.7511497], [-73.9947442, 40.7511496], [-73.9947442, 40.7511496], [-73.9947474, 40.7511453], [-73.9947474, 40.7511453], [-73.9947475, 40.7511452], [-73.9947475, 40.7511452], [-73.9947475, 40.7511452], [-73.9947476, 40.7511451], [-73.994748, 40.7511446], [-73.9947482, 40.7511442], [-73.9947482, 40.7511442], [-73.9947482, 40.7511442], [-73.9947483, 40.7511442], [-73.9947483, 40.7511442], [-73.9947483, 40.7511441], [-73.9947483, 40.7511441], [-73.9947515, 40.7511398], [-73.9947515, 40.7511398], [-73.9947516, 40.7511397], [-73.9947516, 40.7511397], [-73.9947516, 40.7511397]]]}},
{"type": "Feature", "properties": {"level": "platform", "type": "platform", "platform": "7", "source": "Moynihan Station EA, Figure 3-4, February 2010, PDF page 2"}, "geometry": {"type": "Polygon", "coordinates": [[[-73.9958131, 40.7516154], [-73.9958131, 40.7516154], [-73.9958132, 40.7516154], [-73.9958132, 40.7516154], [-73.9958132, 40.7516153], [-73.9958132, 40.7516153], [-73.9958136, 40.7516148], [-73.9958136, 40.7516148], [-73.995814, 40.7516143], [-73.9958171, 40.7516101], [-73.9958171, 40.7516101], [-73.9958174, 40.7516097], [-73.9958177, 40.7516092], [-73.9958178, 40.7516091], [-73.9958179, 40.751609], [-73.9958179, 40.7516089], [-73.9958182, 40.7516086], [-73.9958182, 40.7516086], [-73.9958197, 40.7516066], [-73.9958213, 40.7516044], [-73.9958213, 40.7516044], [-73.9958217, 40.7516039], [-73.9958217, 40.7516038], [-73.9958218, 40.7516037], [-73.9958218, 40.7516037], [-73.9958218, 40.7516037], [-73.9958218, 40.7516036], [-73.9958227, 40.7516024], [-73.9958228, 40.7516024], [-73.9958227, 40.7516024], [-73.9957558, 40.751574], [-73.9957558, 40.751574], [-73.9957557, 40.7515739], [-73.9957557, 40.7515739], [-73.9957556, 40.7515739], [-73.995689, 40.7515469], [-73.995689, 40.7515469], [-73.9956889, 40.7515469], [-73.9956889, 40.7515468], [-73.9956642, 40.7515366], [-73.9956642, 40.7515366], [-73.9956641, 40.7515366], [-73.9956641, 40.7515366], [-73.995597, 40.7515091], [-73.9955969, 40.751509], [-73.9955969, 40.751509], [-73.9955969, 40.751509], [-73.9955877, 40.7515049], [-73.9955876, 40.7515048], [-73.9955875, 40.7515048], [-73.9955875, 40.7515048], [-73.9955173, 40.7514736], [-73.9955172, 40.7514736], [-73.9954733, 40.7514538], [-73.9954733, 40.7514538], [-73.9954732, 40.7514537], [-73.9954286, 40.7514338], [-73.9954285, 40.7514338], [-73.9954285, 40.7514338], [-73.9954285, 40.7514338], [-73.9953397, 40.7513937], [-73.9953397, 40.7513937], [-73.9953397, 40.7513937], [-73.9953396, 40.7513937], [-73.9952678, 40.7513616], [-73.9952678, 40.7513616], [-73.9952677, 40.7513616], [-73.9952677, 40.7513616], [-73.9952677, 40.7513615], [-73.9951833, 40.7513241], [-73.9951833, 40.7513241], [-73.9951832, 40.7513241], [-73.9951545, 40.7513116], [-73.9951545, 40.7513116], [-73.9950871, 40.7512824], [-73.9950871, 40.7512824], [-73.9950871, 40.7512823], [-73.9950482, 40.7512656], [-73.9950482, 40.7512656], [-73.9950481, 40.7512656], [-73.9949195, 40.7512101], [-73.9949194, 40.7512101], [-73.9948855, 40.7511957], [-73.9948854, 40.7511956], [-73.9948854, 40.7511957], [-73.994885, 40.7511962], [-73.994885, 40.7511962], [-73.9948845, 40.7511969], [-73.9948808, 40.7512018], [-73.9948808, 40.7512018], [-73.9948808, 40.7512019], [-73.9948808, 40.7512019], [-73.9948793, 40.7512039], [-73.9948793, 40.7512039], [-73.9948791, 40.7512042], [-73.9948773, 40.7512066], [-73.9948773, 40.7512066], [-73.9948769, 40.7512071], [-73.9948761, 40.7512082], [-73.9948761, 40.7512082], [-73.994876, 40.7512084], [-73.9948707, 40.7512156], [-73.9948707, 40.7512156], [-73.9948697, 40.7512168], [-73.994865, 40.7512232], [-73.994865, 40.7512232], [-73.9948641, 40.7512245], [-73.9948595, 40.7512307], [-73.9948595, 40.7512307], [-73.9948594, 40.7512309], [-73.9948594, 40.7512309], [-73.9948594, 40.7512309], [-73.9948593, 40.7512309], [-73.9948593, 40.7512309], [-73.9948578, 40.7512331], [-73.9948577, 40.7512331], [-73.9948577, 40.7512332], [-73.9948577, 40.7512332], [-73.9948576, 40.7512333], [-73.9948576, 40.7512333], [-73.9948569, 40.7512342], [-73.9948569, 40.7512342], [-73.994856, 40.7512354], [-73.9948559, 40.7512355], [-73.9948559, 40.7512355], [-73.9948556, 40.751236], [-73.9948556, 40.751236], [-73.9948544, 40.7512377], [-73.9948544, 40.7512377], [-73.9948542, 40.7512378], [-73.9948542, 40.7512379], [-73.9948527, 40.7512399], [-73.9948527, 40.7512399], [-73.9948526, 40.75124], [-73.9948511, 40.751242], [-73.9948511, 40.7512421], [-73.9948511, 40.7512421], [-73.9948511, 40.7512421], [-73.994851, 40.7512422], [-73.994851, 40.7512423], [-73.9948494, 40.7512444], [-73.9948494, 40.7512444], [-73.9948494, 40.7512444], [-73.9948494, 40.7512445], [-73.9948503, 40.7512448], [-73.9948504, 40.7512448], [-73.9948506, 40.7512449], [-73.9948508, 40.751245], [-73.9948509, 40.7512451], [-73.994851, 40.7512453], [-73.9948511, 40.7512454], [-73.9948511, 40.7512454], [-73.9948512, 40.7512454], [-73.9948512, 40.7512454], [-73.9948512, 40.7512454], [-73.9948668, 40.7512521], [-73.9948668, 40.7512521], [-73.9948753, 40.7512557], [-73.994937, 40.7512818], [-73.994937, 40.7512818], [-73.9949853, 40.7513023], [-73.9949853, 40.7513023], [-73.9950084, 40.7513121], [-73.9950084, 40.7513121], [-73.9950492, 40.7513294], [-73.9950492, 40.7513294], [-73.9950935, 40.7513479], [-73.9950935, 40.7513479], [-73.9950936, 40.751348], [-73.9950986, 40.7513503], [-73.9950987, 40.7513504], [-73.9951015, 40.7513514], [-73.9951017, 40.7513515], [-73.9951019, 40.7513516], [-73.995102, 40.7513517], [-73.9951022, 40.7513518], [-73.9951022, 40.7513518], [-73.9951023, 40.7513519], [-73.9951023, 40.7513519], [-73.9951097, 40.751355], [-73.9951098, 40.7513551], [-73.9951105, 40.7513553], [-73.9951107, 40.7513554], [-73.9951108, 40.7513555], [-73.9951109, 40.7513555], [-73.9951109, 40.7513555], [-73.9951109, 40.7513556], [-73.9951109, 40.7513556], [-73.995111, 40.7513556], [-73.995111, 40.7513556], [-73.9952434, 40.751412], [-73.9952435, 40.751412], [-73.9952436, 40.7514121], [-73.9952437, 40.7514121], [-73.995244, 40.7514122], [-73.9952442, 40.7514123], [-73.9952444, 40.7514124], [-73.9952444, 40.7514124], [-73.9952444, 40.7514124], [-73.9952444, 40.7514124], [-73.9952445, 40.7514124], [-73.9952445, 40.7514124], [-73.9952866, 40.7514303], [-73.9952866, 40.7514303], [-73.9953771, 40.7514689], [-73.9953772, 40.7514689], [-73.9953772, 40.7514689], [-73.9953933, 40.7514758], [-73.9953933, 40.7514758], [-73.9953987, 40.751478], [-73.9953987, 40.751478], [-73.9954631, 40.7515056], [-73.9954631, 40.7515056], [-73.9954632, 40.7515056], [-73.9955285, 40.7515333], [-73.9955285, 40.7515333], [-73.9955534, 40.7515439], [-73.9955534, 40.7515439], [-73.9955657, 40.7515491], [-73.995707, 40.751609], [-73.9957071, 40.751609], [-73.9957097, 40.75161], [-73.9957099, 40.7516101], [-73.9957101, 40.7516102], [-73.9957102, 40.7516103], [-73.9957104, 40.7516104], [-73.9957104, 40.7516104], [-73.9957104, 40.7516104], [-73.9957104, 40.7516104], [-73.9957104, 40.7516104], [-73.9957104, 40.7516104], [-73.9957104, 40.7516104], [-73.9957104, 40.7516104], [-73.9957105, 40.7516105], [-73.9957533, 40.7516286], [-73.9957534, 40.7516286], [-73.9957535, 40.7516287], [-73.9957535, 40.7516287], [-73.9957569, 40.7516299], [-73.9957571, 40.75163], [-73.9957572, 40.7516301], [-73.9957574, 40.7516302], [-73.9957575, 40.7516303], [-73.9957577, 40.7516305], [-73.9957577, 40.7516305], [-73.9957577, 40.7516305], [-73.995782, 40.7516408], [-73.995782, 40.7516408], [-73.995782, 40.7516408], [-73.9957815, 40.7516394], [-73.9957815, 40.7516393], [-73.9957815, 40.7516393], [-73.9957814, 40.7516392], [-73.9957814, 40.751639], [-73.9957812, 40.7516385], [-73.9957812, 40.7516385], [-73.9957812, 40.7516385], [-73.9957812, 40.7516385], [-73.9957812, 40.7516385], [-73.9957811, 40.7516385], [-73.9957811, 40.7516385], [-73.9957811, 40.7516385], [-73.9957501, 40.7516253], [-73.99575, 40.7516253], [-73.9957451, 40.7516235], [-73.995745, 40.7516234], [-73.9957448, 40.7516233], [-73.9957446, 40.7516232], [-73.9957445, 40.7516231], [-73.9957444, 40.751623], [-73.9957443, 40.7516229], [-73.9957443, 40.7516229], [-73.9957442, 40.7516228], [-73.995685, 40.7515977], [-73.9956849, 40.7515977], [-73.9956829, 40.7515969], [-73.9956827, 40.7515969], [-73.9956826, 40.7515968], [-73.9956824, 40.7515967], [-73.9956823, 40.7515966], [-73.9956821, 40.7515964], [-73.995682, 40.7515963], [-73.9956819, 40.7515962], [-73.9956819, 40.751596], [-73.9956818, 40.7515959], [-73.9956818, 40.7515957], [-73.9956818, 40.7515955], [-73.9956818, 40.7515954], [-73.9956818, 40.7515952], [-73.9956819, 40.7515951], [-73.995682, 40.7515949], [-73.995682, 40.7515948], [-73.9956828, 40.7515937], [-73.9956828, 40.7515937], [-73.9956828, 40.7515937], [-73.9956829, 40.7515937], [-73.9956829, 40.7515936], [-73.9956829, 40.7515936], [-73.9956834, 40.751593], [-73.9956834, 40.751593], [-73.995684, 40.7515921], [-73.9956841, 40.751592], [-73.9956841, 40.751592], [-73.9956842, 40.7515919], [-73.9956842, 40.7515918], [-73.9956878, 40.751587], [-73.9956878, 40.7515869], [-73.9956879, 40.7515868], [-73.995688, 40.7515868], [-73.995688, 40.7515868], [-73.995688, 40.7515867], [-73.9956884, 40.7515862], [-73.9956884, 40.7515862], [-73.9956884, 40.7515862], [-73.9956884, 40.7515862], [-73.9956884, 40.7515862], [-73.9956885, 40.751586], [-73.9956885, 40.751586], [-73.9956919, 40.7515815], [-73.9956919, 40.7515815], [-73.9956923, 40.7515809], [-73.9956944, 40.7515781], [-73.9956945, 40.7515779], [-73.9956946, 40.7515778], [-73.9956948, 40.7515777], [-73.9956949, 40.7515776], [-73.9956951, 40.7515775], [-73.9956953, 40.7515774], [-73.9956954, 40.7515774], [-73.9956956, 40.7515773], [-73.9956958, 40.7515773], [-73.995696, 40.7515773], [-73.9956962, 40.7515773], [-73.9956964, 40.7515773], [-73.9956966, 40.7515773], [-73.9956968, 40.7515774], [-73.995697, 40.7515774], [-73.9956972, 40.7515775], [-73.9957954, 40.7516191], [-73.9957955, 40.7516191], [-73.9957955, 40.7516191], [-73.9958011, 40.7516179], [-73.9958012, 40.7516179], [-73.9958055, 40.751617], [-73.9958056, 40.751617], [-73.9958057, 40.751617], [-73.9958058, 40.7516169], [-73.995806, 40.7516169], [-73.9958061, 40.7516169], [-73.9958061, 40.7516169], [-73.9958063, 40.7516168], [-73.9958065, 40.7516168], [-73.9958067, 40.7516168], [-73.9958069, 40.7516168], [-73.995807, 40.7516168], [-73.9958071, 40.7516168], [-73.9958072, 40.7516167], [-73.9958074, 40.7516166], [-73.9958076, 40.7516166], [-73.9958078, 40.7516165], [-73.9958086, 40.7516163], [-73.9958088, 40.7516163], [-73.9958107, 40.751616], [-73.9958108, 40.751616], [-73.9958108, 40.751616], [-73.9958115, 40.7516157], [-73.9958117, 40.7516157], [-73.9958119, 40.7516156], [-73.9958131, 40.7516154]]]}},
{"type": "Feature", "properties": {"level": "platform", "type": "platform", "platform": "7", "source": "Moynihan Station EA, Figure 3-4, February 2010, PDF page 2"}, "geometry": {"type": "Polygon", "coordinates": [[[-73.9967399, 40.7519751], [-73.9967399, 40.7519751], [-73.9967392, 40.7519748], [-73.996739, 40.7519748], [-73.9967388, 40.7519747], [-73.9967387, 40.7519746], [-73.9967387, 40.7519746], [-73.9967387, 40.7519746], [-73.9967387, 40.7519746], [-73.9967335, 40.7519724], [-73.9967334, 40.7519723], [-73.9967332, 40.7519722], [-73.9967331, 40.7519721], [-73.9967329, 40.751972], [-73.9967328, 40.7519719], [-73.9967327, 40.7519718], [-73.9967326, 40.7519716], [-73.9967326, 40.7519715], [-73.9967325, 40.7519713], [-73.9967325, 40.7519712], [-73.9967325, 40.751971], [-73.9967325, 40.7519709], [-73.9967325, 40.7519707], [-73.9967326, 40.7519706], [-73.9967326, 40.7519704], [-73.9967327, 40.7519703], [-73.9967352, 40.7519669], [-73.9967352, 40.7519669], [-73.9967353, 40.7519668], [-73.9967354, 40.7519667], [-73.9967354, 40.7519667], [-73.9967354, 40.7519666], [-73.9967355, 40.7519666], [-73.9967355, 40.7519665], [-73.9967356, 40.7519664], [-73.9967356, 40.7519664], [-73.9967356, 40.7519664], [-73.9967357, 40.7519663], [-73.9967358, 40.7519662], [-73.9967358, 40.7519662], [-73.9967359, 40.751966], [-73.9967359, 40.751966], [-73.9967359, 40.751966], [-73.9967359, 40.751966], [-73.9967359, 40.751966], [-73.996737, 40.7519645], [-73.996737, 40.7519645], [-73.9967381, 40.7519631], [-73.9967381, 40.7519631], [-73.9967387, 40.7519622], [-73.9967387, 40.7519622], [-73.9967399, 40.7519605], [-73.99674, 40.7519605], [-73.9967401, 40.7519604], [-73.9967401, 40.7519603], [-73.9967401, 40.7519603], [-73.9967401, 40.7519603], [-73.9967409, 40.7519593], [-73.9967409, 40.7519592], [-73.996741, 40.7519591], [-73.996741, 40.7519591], [-73.9967411, 40.751959], [-73.9967411, 40.751959], [-73.9967417, 40.7519581], [-73.9967417, 40.7519581], [-73.996742, 40.7519578], [-73.996742, 40.7519577], [-73.9967421, 40.7519576], [-73.9967421, 40.7519576], [-73.9967421, 40.7519576], [-73.9967421, 40.7519575], [-73.9967424, 40.7519573], [-73.9967424, 40.7519572], [-73.9967423, 40.7519572], [-73.9967043, 40.7519427], [-73.9967042, 40.7519427], [-73.9967041, 40.7519427], [-73.996704, 40.7519426], [-73.9966799, 40.7519343], [-73.9966798, 40.7519343], [-73.9966798, 40.7519343], [-73.9966713, 40.7519317], [-73.9966713, 40.7519317], [-73.9966713, 40.7519316], [-73.996645, 40.7519231], [-73.996645, 40.7519231], [-73.9966449, 40.7519231], [-73.9966449, 40.7519231], [-73.9966449, 40.7519231], [-73.9966143, 40.7519132], [-73.9966143, 40.7519132], [-73.9966143, 40.7519132], [-73.9966142, 40.7519132], [-73.9966142, 40.7519132], [-73.9965687, 40.7518982], [-73.9965687, 40.7518982], [-73.9965467, 40.7518911], [-73.9965467, 40.7518911], [-73.9965466, 40.751891], [-73.9965466, 40.751891], [-73.9965466, 40.751891], [-73.9965031, 40.7518764], [-73.9965031, 40.7518764], [-73.9965031, 40.7518764], [-73.9964261, 40.7518495], [-73.9964261, 40.7518495], [-73.9964261, 40.7518495], [-73.9964163, 40.7518461], [-73.9964162, 40.7518461], [-73.9964162, 40.7518461], [-73.996416, 40.7518461], [-73.9964158, 40.751846], [-73.9964156, 40.751846], [-73.9964154, 40.751846], [-73.9964153, 40.7518459], [-73.9963953, 40.7518384], [-73.9963953, 40.7518384], [-73.9963952, 40.7518384], [-73.9963539, 40.7518233], [-73.9963539, 40.7518232], [-73.9963539, 40.7518232], [-73.9963537, 40.7518232], [-73.9963535, 40.7518232], [-73.9963533, 40.7518231], [-73.9963532, 40.7518231], [-73.9963102, 40.7518069], [-73.99631, 40.7518068], [-73.9963099, 40.7518068], [-73.9963098, 40.7518067], [-73.9963098, 40.7518067], [-73.9963097, 40.7518067], [-73.9962746, 40.751793], [-73.9962746, 40.751793], [-73.9962701, 40.7517913], [-73.9962699, 40.7517912], [-73.9962698, 40.7517911], [-73.9962696, 40.751791], [-73.9962695, 40.7517909], [-73.9962694, 40.7517908], [-73.9962693, 40.7517907], [-73.9962693, 40.7517907], [-73.9962692, 40.7517907], [-73.9962614, 40.7517876], [-73.9962614, 40.7517876], [-73.9962614, 40.7517876], [-73.9962613, 40.7517876], [-73.9962019, 40.7517631], [-73.9962019, 40.7517631], [-73.9962019, 40.7517631], [-73.9962019, 40.7517631], [-73.9962018, 40.7517631], [-73.9961468, 40.7517405], [-73.9961468, 40.7517405], [-73.9961467, 40.7517404], [-73.9961467, 40.7517404], [-73.9961156, 40.7517277], [-73.9961156, 40.7517277], [-73.9961156, 40.7517277], [-73.9960764, 40.7517107], [-73.9960764, 40.7517106], [-73.9960763, 40.7517106], [-73.9960763, 40.7517106], [-73.9960763, 40.7517106], [-73.9960483, 40.7516985], [-73.9960483, 40.7516985], [-73.9960483, 40.7516985], [-73.9960241, 40.751688], [-73.996024, 40.751688], [-73.996024, 40.7516879], [-73.9959992, 40.7516774], [-73.9959992, 40.7516774], [-73.9959991, 40.7516774], [-73.9959991, 40.7516774], [-73.9959963, 40.7516763], [-73.9959961, 40.7516762], [-73.9959959, 40.7516762], [-73.9959958, 40.7516761], [-73.9959956, 40.7516759], [-73.9959956, 40.7516759], [-73.9959956, 40.7516759], [-73.9959956, 40.7516759], [-73.9959336, 40.7516494], [-73.9959335, 40.7516493], [-73.9959334, 40.7516493], [-73.9959334, 40.7516493], [-73.995887, 40.7516296], [-73.9958869, 40.7516296], [-73.9958869, 40.7516296], [-73.9958857, 40.7516312], [-73.9958857, 40.7516313], [-73.9958856, 40.7516314], [-73.9958855, 40.7516314], [-73.9958838, 40.7516338], [-73.9958838, 40.7516338], [-73.9958837, 40.7516339], [-73.9958837, 40.751634], [-73.9958833, 40.7516345], [-73.9958833, 40.7516345], [-73.995883, 40.7516349], [-73.9958824, 40.7516358], [-73.9958823, 40.7516358], [-73.9958823, 40.7516358], [-73.9958823, 40.7516359], [-73.9958822, 40.751636], [-73.9958822, 40.751636], [-73.9958814, 40.7516371], [-73.9958814, 40.7516371], [-73.9958813, 40.7516373], [-73.9958795, 40.7516396], [-73.9958795, 40.7516396], [-73.9958794, 40.7516397], [-73.9958794, 40.7516397], [-73.9958786, 40.7516409], [-73.9958785, 40.7516409], [-73.9958783, 40.7516413], [-73.9958775, 40.7516424], [-73.9958775, 40.7516424], [-73.9958771, 40.7516429], [-73.9958771, 40.7516429], [-73.995877, 40.751643], [-73.995877, 40.7516431], [-73.9958769, 40.7516431], [-73.9958769, 40.7516431], [-73.9958768, 40.7516433], [-73.9958767, 40.7516434], [-73.9958767, 40.7516435], [-73.9958766, 40.7516435], [-73.9958766, 40.7516436], [-73.9958765, 40.7516437], [-73.9958765, 40.7516437], [-73.9958765, 40.7516437], [-73.9958728, 40.7516487], [-73.9958728, 40.7516487], [-73.9958727, 40.7516488], [-73.9958727, 40.7516488], [-73.9958727, 40.7516488], [-73.9958722, 40.7516495], [-73.9958722, 40.7516495], [-73.9958722, 40.7516495], [-73.9958705, 40.7516518], [-73.9958705, 40.7516518], [-73.9958704, 40.7516519], [-73.9958704, 40.751652], [-73.9958687, 40.7516543], [-73.9958687, 40.7516543], [-73.9958684, 40.7516546], [-73.9958684, 40.7516546], [-73.9958684, 40.7516546], [-73.9958684, 40.7516546], [-73.9958683, 40.7516548], [-73.9958683, 40.7516548], [-73.9958676, 40.7516557], [-73.9958676, 40.7516557], [-73.9958664, 40.7516574], [-73.9958644, 40.7516601], [-73.9958644, 40.7516601], [-73.9958639, 40.7516608], [-73.9958638, 40.7516608], [-73.9958638, 40.7516609], [-73.9958638, 40.7516609], [-73.9958637, 40.751661], [-73.9958637, 40.751661], [-73.9958636, 40.7516612], [-73.9958629, 40.7516621], [-73.9958629, 40.7516621], [-73.9958614, 40.7516641], [-73.995861, 40.7516647], [-73.995861, 40.7516647], [-73.9958598, 40.7516663], [-73.9958598, 40.7516663], [-73.9958597, 40.7516665], [-73.9958596, 40.7516665], [-73.9958585, 40.7516681], [-73.9958584, 40.7516682], [-73.9958583, 40.7516683], [-73.9958583, 40.7516684], [-73.9958582, 40.7516685], [-73.9958582, 40.7516685], [-73.9958574, 40.7516696], [-73.9958571, 40.75167], [-73.9958571, 40.75167], [-73.9958556, 40.751672], [-73.9958556, 40.751672], [-73.9958555, 40.7516721], [-73.9958555, 40.7516722], [-73.9958555, 40.7516722], [-73.995861, 40.7516745], [-73.995861, 40.7516745], [-73.9959478, 40.7517104], [-73.9959479, 40.7517104], [-73.9959479, 40.7517104], [-73.9959479, 40.7517104], [-73.9959479, 40.7517104], [-73.9959863, 40.7517262], [-73.9959863, 40.7517262], [-73.9959863, 40.7517262], [-73.9959864, 40.7517262], [-73.9960049, 40.7517336], [-73.9960049, 40.7517336], [-73.9960061, 40.751734], [-73.9960062, 40.7517341], [-73.9960064, 40.7517342], [-73.9960065, 40.7517343], [-73.9960066, 40.7517343], [-73.9960066, 40.7517343], [-73.9960066, 40.7517343], [-73.9960066, 40.7517343], [-73.9960066, 40.7517343], [-73.9960667, 40.7517579], [-73.9960668, 40.7517579], [-73.9960669, 40.7517579], [-73.9960669, 40.751758], [-73.9960873, 40.7517661], [-73.9960873, 40.7517661], [-73.9961527, 40.7517903], [-73.9961527, 40.7517903], [-73.9961528, 40.7517903], [-73.9961925, 40.7518042], [-73.9961925, 40.7518043], [-73.9961974, 40.7518061], [-73.9961974, 40.7518061], [-73.9962103, 40.7518104], [-73.9962104, 40.7518104], [-73.9962104, 40.7518104], [-73.9962512, 40.7518246], [-73.9962512, 40.7518246], [-73.9962513, 40.7518246], [-73.9963132, 40.7518449], [-73.9963132, 40.7518449], [-73.9963262, 40.751849], [-73.9963263, 40.751849], [-73.9963264, 40.751849], [-73.9963264, 40.751849], [-73.9963804, 40.7518666], [-73.9963805, 40.7518667], [-73.9963805, 40.7518667], [-73.9963805, 40.7518667], [-73.9964125, 40.7518769], [-73.9964125, 40.7518769], [-73.9964125, 40.7518769], [-73.9964125, 40.7518769], [-73.9964125, 40.7518769], [-73.9964126, 40.7518769], [-73.9964128, 40.7518769], [-73.9964129, 40.7518769], [-73.9964131, 40.7518769], [-73.9964133, 40.7518769], [-73.9964135, 40.751877], [-73.9964137, 40.751877], [-73.9964163, 40.751878], [-73.9964163, 40.751878], [-73.9964164, 40.751878], [-73.9964528, 40.7518899], [-73.9964528, 40.7518899], [-73.9964529, 40.7518899], [-73.9964529, 40.7518899], [-73.9964529, 40.7518899], [-73.9964529, 40.7518899], [-73.9964531, 40.7518899], [-73.9964534, 40.7518899], [-73.9964536, 40.7518899], [-73.9964538, 40.7518899], [-73.996454, 40.75189], [-73.9964541, 40.7518901], [-73.9964558, 40.7518907], [-73.9964558, 40.7518907], [-73.9964558, 40.7518907], [-73.9965079, 40.7519075], [-73.996508, 40.7519075], [-73.996508, 40.7519075], [-73.9965653, 40.7519254], [-73.9965654, 40.7519254], [-73.9965654, 40.7519254], [-73.9965736, 40.7519279], [-73.9965736, 40.7519279], [-73.9965737, 40.7519279], [-73.9965737, 40.7519279], [-73.9965737, 40.7519279], [-73.9965737, 40.7519279], [-73.9965737, 40.7519279], [-73.9965737, 40.7519279], [-73.9965911, 40.7519334], [-73.9965911, 40.7519334], [-73.9965911, 40.7519334], [-73.9965912, 40.7519334], [-73.9966141, 40.75194], [-73.9966141, 40.75194], [-73.9966142, 40.7519401], [-73.9966294, 40.7519446], [-73.9966295, 40.7519446], [-73.9966295, 40.7519446], [-73.9966677, 40.7519558], [-73.9966677, 40.7519558], [-73.9966677, 40.7519558], [-73.9966706, 40.7519566], [-73.9966707, 40.7519566], [-73.9966798, 40.7519592], [-73.9966798, 40.7519592], [-73.9967222, 40.7519707], [-73.9967223, 40.7519708], [-73.9967224, 40.7519708], [-73.9967399, 40.7519751], [-73.9967399, 40.7519751]]]}},
{"type": "Feature", "properties": {"level": "platform", "type": "platform", "platform": "8", "source": "Moynihan Station EA, Figure 3-4, February 2010, PDF page 2"}, "geometry": {"type": "Polygon", "coordinates": [[[-73.9946422, 40.7512881], [-73.9946422, 40.7512881], [-73.9946437, 40.7512861], [-73.994644, 40.7512858], [-73.994644, 40.7512858], [-73.9946448, 40.7512847], [-73.9946462, 40.7512828], [-73.9946462, 40.7512828], [-73.9946467, 40.7512821], [-73.9946474, 40.7512812], [-73.9946474, 40.7512812], [-73.9946489, 40.7512792], [-73.9946524, 40.7512744], [-73.9946524, 40.7512744], [-73.9946525, 40.7512743], [-73.9946543, 40.7512719], [-73.9946543, 40.7512719], [-73.994656, 40.7512695], [-73.9946588, 40.7512657], [-73.9946588, 40.7512657], [-73.9946606, 40.7512633], [-73.9946661, 40.7512558], [-73.9946661, 40.7512558], [-73.9946661, 40.7512558], [-73.9946664, 40.7512554], [-73.9946695, 40.7512512], [-73.9946695, 40.7512512], [-73.9946698, 40.7512509], [-73.9946702, 40.7512503], [-73.9946702, 40.7512503], [-73.9946708, 40.7512494], [-73.9946709, 40.7512494], [-73.9946708, 40.7512494], [-73.9946405, 40.7512365], [-73.9946405, 40.7512365], [-73.9946405, 40.7512365], [-73.9946403, 40.7512365], [-73.9946401, 40.7512364], [-73.9946399, 40.7512364], [-73.9946397, 40.7512363], [-73.9946369, 40.751235], [-73.9946368, 40.751235], [-73.9946368, 40.751235], [-73.9946365, 40.7512355], [-73.9946364, 40.7512355], [-73.9946364, 40.7512355], [-73.9946363, 40.7512357], [-73.9946363, 40.7512357], [-73.9946343, 40.7512384], [-73.9946342, 40.7512385], [-73.9946341, 40.7512386], [-73.994634, 40.7512387], [-73.9946338, 40.7512388], [-73.9946337, 40.7512389], [-73.9946335, 40.751239], [-73.9946333, 40.7512391], [-73.9946331, 40.7512391], [-73.9946329, 40.7512391], [-73.9946327, 40.7512392], [-73.9946325, 40.7512392], [-73.9946323, 40.7512391], [-73.9946321, 40.7512391], [-73.9946319, 40.7512391], [-73.9946317, 40.751239], [-73.9946315, 40.751239], [-73.9946145, 40.7512317], [-73.9946145, 40.7512317], [-73.9946068, 40.7512285], [-73.9946068, 40.7512285], [-73.9945884, 40.7512207], [-73.9945882, 40.7512206], [-73.994588, 40.7512205], [-73.9945879, 40.7512204], [-73.9945877, 40.7512203], [-73.9945876, 40.7512201], [-73.9945875, 40.75122], [-73.9945874, 40.7512199], [-73.9945874, 40.7512197], [-73.9945873, 40.7512196], [-73.9945873, 40.7512194], [-73.9945873, 40.7512193], [-73.9945873, 40.7512191], [-73.9945873, 40.751219], [-73.9945874, 40.7512188], [-73.9945875, 40.7512187], [-73.9945876, 40.7512185], [-73.99459, 40.7512152], [-73.9945901, 40.7512151], [-73.99459, 40.7512151], [-73.9944425, 40.7511526], [-73.9944424, 40.7511526], [-73.9944424, 40.7511525], [-73.9943859, 40.7511286], [-73.9943858, 40.7511286], [-73.9943858, 40.7511285], [-73.9943858, 40.7511285], [-73.9943857, 40.7511285], [-73.9942435, 40.7510682], [-73.9942435, 40.7510682], [-73.9942435, 40.7510682], [-73.9942435, 40.7510682], [-73.9942434, 40.7510682], [-73.9942434, 40.7510682], [-73.9942434, 40.7510682], [-73.9942433, 40.7510681], [-73.9941997, 40.7510496], [-73.9941996, 40.7510496], [-73.9941996, 40.7510496], [-73.9941995, 40.7510496], [-73.9941986, 40.7510509], [-73.9941986, 40.7510509], [-73.9941983, 40.7510512], [-73.9941905, 40.7510618], [-73.9941905, 40.7510619], [-73.9941904, 40.751062], [-73.9941903, 40.751062], [-73.9941901, 40.7510624], [-73.9941901, 40.7510624], [-73.9941893, 40.7510635], [-73.9941873, 40.7510662], [-73.9941873, 40.7510662], [-73.9941871, 40.7510664], [-73.9941867, 40.7510669], [-73.9941867, 40.7510669], [-73.9941859, 40.751068], [-73.9941846, 40.7510699], [-73.9941846, 40.7510699], [-73.9941843, 40.7510702], [-73.9941817, 40.7510737], [-73.9941817, 40.7510737], [-73.9941807, 40.7510752], [-73.9941797, 40.7510764], [-73.9941797, 40.7510765], [-73.9941796, 40.7510766], [-73.9941795, 40.7510767], [-73.9941761, 40.7510814], [-73.994176, 40.7510814], [-73.9941759, 40.7510815], [-73.9941759, 40.7510816], [-73.9941739, 40.7510843], [-73.9941739, 40.7510843], [-73.9941734, 40.751085], [-73.9941731, 40.7510854], [-73.9941731, 40.7510854], [-73.9941731, 40.7510854], [-73.9941715, 40.7510876], [-73.9941715, 40.7510876], [-73.9941686, 40.7510914], [-73.9941686, 40.7510914], [-73.9941676, 40.7510928], [-73.9941676, 40.7510929], [-73.9941676, 40.7510929], [-73.9941673, 40.7510933], [-73.9941661, 40.7510949], [-73.9941661, 40.7510949], [-73.994166, 40.751095], [-73.994166, 40.751095], [-73.9941659, 40.7510951], [-73.9941659, 40.7510951], [-73.9941634, 40.7510985], [-73.9941634, 40.7510985], [-73.9941634, 40.7510986], [-73.9941633, 40.7510986], [-73.994163, 40.7510991], [-73.994163, 40.7510991], [-73.994163, 40.7510991], [-73.9942139, 40.7511207], [-73.9942139, 40.7511207], [-73.9943125, 40.7511625], [-73.9943125, 40.7511625], [-73.9943826, 40.7511922], [-73.9943826, 40.7511922], [-73.9943827, 40.7511922], [-73.9943827, 40.7511923], [-73.9943827, 40.7511923], [-73.9943827, 40.7511923], [-73.9943827, 40.7511923], [-73.9944465, 40.7512191], [-73.9944466, 40.7512191], [-73.9944723, 40.7512303], [-73.9944724, 40.7512303], [-73.9944724, 40.7512303], [-73.9944724, 40.7512303], [-73.9945665, 40.7512702], [-73.9945665, 40.7512702], [-73.9946342, 40.7512989], [-73.9946343, 40.7512989], [-73.9946343, 40.7512989], [-73.9946359, 40.7512968], [-73.9946359, 40.7512967], [-73.994636, 40.7512966], [-73.9946361, 40.7512965], [-73.994638, 40.7512938], [-73.9946381, 40.7512938], [-73.9946382, 40.7512936], [-73.9946382, 40.7512936], [-73.9946422, 40.7512881]]]}},
{"type": "Feature", "properties": {"level": "platform", "type": "platform", "platform": "8", "source": "Moynihan Station EA, Figure 3-4, February 2010, PDF page 2"}, "geometry": {"type": "Polygon", "coordinates": [[[-73.995742, 40.751704], [-73.995742, 40.751704], [-73.9956879, 40.7516808], [-73.9956878, 40.7516808], [-73.9954452, 40.7515779], [-73.9954452, 40.7515779], [-73.9953426, 40.7515354], [-73.9953425, 40.7515353], [-73.9953425, 40.7515353], [-73.9953424, 40.7515353], [-73.9953424, 40.7515353], [-73.9953423, 40.7515353], [-73.9953423, 40.7515353], [-73.9953423, 40.7515353], [-73.9953184, 40.7515254], [-73.9953184, 40.7515253], [-73.9952795, 40.7515091], [-73.9952794, 40.7515091], [-73.9952794, 40.7515091], [-73.9952794, 40.7515091], [-73.9952793, 40.7515091], [-73.9952792, 40.751509], [-73.995279, 40.7515089], [-73.995279, 40.7515089], [-73.9952782, 40.7515086], [-73.9952782, 40.7515086], [-73.9952621, 40.7515017], [-73.9952621, 40.7515017], [-73.9951861, 40.7514681], [-73.9951861, 40.7514681], [-73.9951859, 40.751468], [-73.9951859, 40.751468], [-73.9951179, 40.7514392], [-73.9951179, 40.7514392], [-73.9950297, 40.7514018], [-73.9950297, 40.7514018], [-73.9950297, 40.7514017], [-73.9950296, 40.7514017], [-73.9950296, 40.7514017], [-73.9950296, 40.7514017], [-73.9948842, 40.7513399], [-73.9948842, 40.7513398], [-73.9948841, 40.7513398], [-73.9948841, 40.7513398], [-73.9948841, 40.7513398], [-73.9948041, 40.7513059], [-73.9948041, 40.7513059], [-73.994804, 40.7513058], [-73.994804, 40.7513059], [-73.9948008, 40.7513102], [-73.9948008, 40.7513102], [-73.9948006, 40.7513104], [-73.9948006, 40.7513104], [-73.9948006, 40.7513104], [-73.9947923, 40.7513217], [-73.9947923, 40.7513217], [-73.9947922, 40.7513218], [-73.9947922, 40.7513218], [-73.9947889, 40.7513262], [-73.9947889, 40.7513263], [-73.9947888, 40.7513264], [-73.9947888, 40.7513264], [-73.9947846, 40.7513322], [-73.9947846, 40.7513322], [-73.9947831, 40.7513342], [-73.994783, 40.7513343], [-73.9947829, 40.7513344], [-73.9947828, 40.7513345], [-73.9947828, 40.7513346], [-73.9947808, 40.7513373], [-73.9947808, 40.7513373], [-73.9947798, 40.7513386], [-73.9947778, 40.7513413], [-73.9947778, 40.7513413], [-73.9947778, 40.7513413], [-73.9947771, 40.7513422], [-73.9947766, 40.7513429], [-73.9947766, 40.7513429], [-73.9947765, 40.751343], [-73.9947765, 40.751343], [-73.9947765, 40.751343], [-73.9947765, 40.7513431], [-73.9947755, 40.7513444], [-73.9947755, 40.7513444], [-73.9947756, 40.7513444], [-73.9947767, 40.7513449], [-73.9947767, 40.7513449], [-73.9948189, 40.7513628], [-73.9948189, 40.7513628], [-73.9948189, 40.7513628], [-73.994819, 40.7513628], [-73.9948191, 40.7513628], [-73.9948193, 40.7513628], [-73.9948195, 40.7513628], [-73.9948197, 40.7513629], [-73.9948199, 40.7513629], [-73.99482, 40.751363], [-73.9948202, 40.751363], [-73.9948233, 40.7513645], [-73.9948235, 40.7513646], [-73.9948237, 40.7513647], [-73.9948238, 40.7513648], [-73.9948239, 40.7513649], [-73.994824, 40.751365], [-73.9948241, 40.7513651], [-73.9948242, 40.7513653], [-73.9948243, 40.7513654], [-73.9948243, 40.7513656], [-73.9948243, 40.7513657], [-73.9948243, 40.7513659], [-73.9948243, 40.751366], [-73.9948243, 40.7513662], [-73.9948242, 40.7513663], [-73.9948242, 40.7513665], [-73.9948241, 40.7513666], [-73.9948241, 40.7513666], [-73.994824, 40.7513667], [-73.994824, 40.7513667], [-73.994824, 40.7513667], [-73.994824, 40.7513667], [-73.994824, 40.7513667], [-73.9948238, 40.7513669], [-73.9948227, 40.751368], [-73.9948227, 40.751368], [-73.9948227, 40.751368], [-73.9948227, 40.751368], [-73.9948226, 40.7513681], [-73.9948225, 40.7513682], [-73.9948206, 40.7513704], [-73.9948205, 40.7513705], [-73.9948205, 40.7513705], [-73.9948205, 40.7513705], [-73.9948204, 40.7513707], [-73.9948202, 40.7513709], [-73.9948161, 40.7513752], [-73.9948161, 40.7513753], [-73.9948161, 40.7513753], [-73.9948161, 40.7513753], [-73.9948161, 40.7513753], [-73.9948274, 40.7513805], [-73.9948274, 40.7513806], [-73.9950119, 40.751459], [-73.9950119, 40.751459], [-73.9950132, 40.7514595], [-73.9950132, 40.7514596], [-73.9950132, 40.7514596], [-73.9950134, 40.7514596], [-73.9950135, 40.7514597], [-73.9950137, 40.7514597], [-73.9950151, 40.7514604], [-73.9950151, 40.7514604], [-73.9950152, 40.7514604], [-73.9951082, 40.7514994], [-73.9951083, 40.7514994], [-73.995157, 40.75152], [-73.995157, 40.75152], [-73.9952036, 40.7515396], [-73.9952036, 40.7515396], [-73.9952037, 40.7515396], [-73.9952278, 40.7515493], [-73.9952278, 40.7515494], [-73.9952982, 40.7515775], [-73.9952982, 40.7515775], [-73.9953126, 40.7515834], [-73.9953126, 40.7515834], [-73.9953126, 40.7515834], [-73.9953915, 40.7516142], [-73.9953915, 40.7516142], [-73.9953986, 40.751617], [-73.9953987, 40.751617], [-73.9954784, 40.7516474], [-73.9954784, 40.7516474], [-73.9955638, 40.7516781], [-73.9955638, 40.7516781], [-73.9955944, 40.7516889], [-73.9955945, 40.751689], [-73.9956129, 40.7516956], [-73.995613, 40.7516956], [-73.995613, 40.7516956], [-73.9956421, 40.7517058], [-73.9956422, 40.7517058], [-73.9956588, 40.7517114], [-73.9956589, 40.7517115], [-73.9956589, 40.7517115], [-73.9957088, 40.7517283], [-73.9957089, 40.7517283], [-73.9957161, 40.7517309], [-73.9957161, 40.7517309], [-73.9957161, 40.7517309], [-73.9957183, 40.7517316], [-73.9957184, 40.7517317], [-73.9957184, 40.7517316], [-73.9957184, 40.7517316], [-73.9957163, 40.7517255], [-73.9957163, 40.7517255], [-73.9957163, 40.7517255], [-73.9956185, 40.751684], [-73.9956183, 40.7516839], [-73.9956182, 40.7516838], [-73.995618, 40.7516837], [-73.9956179, 40.7516836], [-73.9956178, 40.7516835], [-73.9956177, 40.7516834], [-73.9956176, 40.7516832], [-73.9956175, 40.7516831], [-73.9956175, 40.7516829], [-73.9956174, 40.7516828], [-73.9956174, 40.7516826], [-73.9956175, 40.7516825], [-73.9956175, 40.7516823], [-73.9956175, 40.7516822], [-73.9956176, 40.751682], [-73.9956177, 40.7516819], [-73.9956202, 40.7516785], [-73.9956202, 40.7516785], [-73.9956203, 40.7516783], [-73.9956204, 40.7516783], [-73.995621, 40.7516774], [-73.995621, 40.7516774], [-73.9956232, 40.7516745], [-73.9956237, 40.7516738], [-73.9956237, 40.7516738], [-73.9956249, 40.7516721], [-73.9956269, 40.7516694], [-73.995627, 40.7516693], [-73.9956271, 40.7516692], [-73.9956271, 40.7516692], [-73.9956271, 40.7516692], [-73.9956271, 40.7516691], [-73.9956271, 40.7516691], [-73.9956284, 40.7516674], [-73.9956284, 40.7516674], [-73.9956287, 40.751667], [-73.99563, 40.7516652], [-73.9956301, 40.7516651], [-73.9956302, 40.751665], [-73.9956304, 40.7516649], [-73.9956305, 40.7516648], [-73.9956307, 40.7516647], [-73.9956309, 40.7516646], [-73.995631, 40.7516646], [-73.9956312, 40.7516645], [-73.9956314, 40.7516645], [-73.9956316, 40.7516645], [-73.9956318, 40.7516644], [-73.995632, 40.7516645], [-73.9956322, 40.7516645], [-73.9956324, 40.7516645], [-73.9956326, 40.7516646], [-73.9956328, 40.7516646], [-73.995731, 40.7517063], [-73.9957311, 40.7517063], [-73.9957311, 40.7517063], [-73.9957311, 40.7517063], [-73.9957311, 40.7517063], [-73.9957311, 40.7517063], [-73.9957311, 40.7517063], [-73.9957333, 40.7517058], [-73.9957333, 40.7517058], [-73.9957377, 40.7517049], [-73.9957379, 40.7517049], [-73.9957396, 40.7517047], [-73.9957396, 40.7517046], [-73.9957396, 40.7517046], [-73.9957397, 40.7517046], [-73.995742, 40.751704], [-73.995742, 40.751704]]]}},
{"type": "Feature", "properties": {"level": "platform", "type": "platform", "platform": "9", "source": "Moynihan Station EA, Figure 3-4, February 2010, PDF page 2"}, "geometry": {"type": "Polygon", "coordinates": [[[-73.9945884, 40.7513606], [-73.9945884, 40.7513606], [-73.9945884, 40.7513606], [-73.9945028, 40.7513234], [-73.9944632, 40.7513063], [-73.9944632, 40.7513063], [-73.99437, 40.7512665], [-73.99437, 40.7512665], [-73.9943644, 40.7512642], [-73.9943644, 40.7512642], [-73.9942612, 40.7512204], [-73.9942611, 40.7512204], [-73.9941182, 40.7511598], [-73.9941181, 40.7511598], [-73.9941181, 40.7511598], [-73.9940846, 40.7512052], [-73.9940845, 40.7512053], [-73.9940845, 40.7512053], [-73.9940845, 40.7512053], [-73.9940816, 40.7512093], [-73.9940816, 40.7512093], [-73.9940816, 40.7512093], [-73.9942253, 40.7512698], [-73.9942254, 40.7512698], [-73.9942254, 40.7512698], [-73.9942256, 40.7512699], [-73.9942256, 40.7512699], [-73.9942256, 40.7512699], [-73.9942256, 40.7512699], [-73.9943288, 40.7513137], [-73.9943288, 40.7513137], [-73.9943341, 40.7513159], [-73.9944275, 40.7513555], [-73.9944275, 40.7513555], [-73.9944671, 40.7513725], [-73.9944672, 40.7513726], [-73.9945527, 40.7514088], [-73.9945528, 40.7514088], [-73.9945528, 40.7514088], [-73.994585, 40.7513652], [-73.994585, 40.7513652], [-73.9945883, 40.7513607], [-73.9945884, 40.7513606]]]}},
{"type": "Feature", "properties": {"level": "platform", "type": "platform", "platform": "9", "source": "Moynihan Station EA, Figure 3-4, February 2010, PDF page 2"}, "geometry": {"type": "Polygon", "coordinates": [[[-73.9950134, 40.7515943], [-73.9950135, 40.7515943], [-73.9950264, 40.7515763], [-73.9950264, 40.7515763], [-73.9950264, 40.7515763], [-73.9950264, 40.7515763], [-73.9950039, 40.7515653], [-73.9950038, 40.7515653], [-73.9949821, 40.7515546], [-73.994982, 40.7515546], [-73.9949819, 40.7515545], [-73.9949705, 40.7515488], [-73.9949705, 40.7515487], [-73.9949705, 40.7515487], [-73.9949284, 40.7515264], [-73.9949284, 40.7515263], [-73.9948956, 40.7515091], [-73.9948955, 40.751509], [-73.9948955, 40.751509], [-73.9948677, 40.7514941], [-73.9948677, 40.7514941], [-73.9948676, 40.7514941], [-73.9948676, 40.7514941], [-73.9948381, 40.7514785], [-73.994838, 40.7514784], [-73.994838, 40.7514784], [-73.9948324, 40.7514755], [-73.9948323, 40.7514755], [-73.9948323, 40.7514755], [-73.9948323, 40.7514755], [-73.99475, 40.7514348], [-73.9947499, 40.7514348], [-73.9947384, 40.751429], [-73.9947384, 40.751429], [-73.9947384, 40.751429], [-73.9947384, 40.751429], [-73.9947194, 40.75142], [-73.9947194, 40.75142], [-73.9947194, 40.75142], [-73.9947019, 40.7514437], [-73.9947018, 40.7514437], [-73.9947018, 40.7514437], [-73.9947019, 40.7514437], [-73.9947208, 40.7514517], [-73.9947209, 40.7514518], [-73.9947211, 40.7514519], [-73.9947213, 40.751452], [-73.9947214, 40.7514521], [-73.9947215, 40.7514523], [-73.9947216, 40.7514524], [-73.9947217, 40.7514525], [-73.9947218, 40.7514527], [-73.9947218, 40.7514528], [-73.9947218, 40.751453], [-73.9947218, 40.7514531], [-73.9947218, 40.7514533], [-73.9947218, 40.7514535], [-73.9947217, 40.7514536], [-73.9947217, 40.7514537], [-73.9947216, 40.7514539], [-73.9947094, 40.7514704], [-73.9947093, 40.7514704], [-73.9947094, 40.7514704], [-73.9947098, 40.7514706], [-73.9947099, 40.7514706], [-73.9948068, 40.7515117], [-73.9948068, 40.7515117], [-73.9948068, 40.7515118], [-73.9948461, 40.7515284], [-73.9948461, 40.7515284], [-73.9948461, 40.7515284], [-73.9948597, 40.7515342], [-73.9948599, 40.7515343], [-73.9948601, 40.7515344], [-73.9948602, 40.7515345], [-73.9948604, 40.7515346], [-73.9948605, 40.7515347], [-73.9948606, 40.7515348], [-73.9948607, 40.751535], [-73.9948607, 40.7515351], [-73.9948608, 40.7515353], [-73.9948608, 40.7515354], [-73.9948608, 40.7515356], [-73.9948608, 40.7515357], [-73.9948607, 40.7515359], [-73.9948607, 40.751536], [-73.9948606, 40.7515362], [-73.9948605, 40.7515363], [-73.9948598, 40.7515373], [-73.9948598, 40.7515373], [-73.9948598, 40.7515373], [-73.9948717, 40.7515421], [-73.9948717, 40.7515421], [-73.9948717, 40.7515421], [-73.9948718, 40.7515422], [-73.9949071, 40.7515559], [-73.9949071, 40.7515559], [-73.9949071, 40.7515559], [-73.9949072, 40.751556], [-73.9949072, 40.751556], [-73.9949526, 40.7515733], [-73.9949526, 40.7515733], [-73.9949527, 40.7515733], [-73.9949649, 40.751578], [-73.9949649, 40.7515781], [-73.994965, 40.7515781], [-73.9949888, 40.751586], [-73.9949889, 40.751586], [-73.9950134, 40.7515943], [-73.9950134, 40.7515943]]]}},
{"type": "Feature", "properties": {"level": "platform", "type": "platform", "platform": "diagonal", "source": "Moynihan Station EA, Figure 3-4, February 2010, PDF page 2"}, "geometry": {"type": "Polygon", "coordinates": [[[-73.9964099, 40.7512012], [-73.9964099, 40.7512012], [-73.9964099, 40.7512012], [-73.9964099, 40.7512012], [-73.9964099, 40.7512011], [-73.9964099, 40.7512011], [-73.9963536, 40.7511773], [-73.9963535, 40.7511772], [-73.9963535, 40.7511772], [-73.9963534, 40.7511772], [-73.9963507, 40.751176], [-73.9963505, 40.751176], [-73.9963504, 40.7511759], [-73.9963502, 40.7511758], [-73.9963501, 40.7511756], [-73.99635, 40.7511755], [-73.9963499, 40.7511754], [-73.9963498, 40.7511753], [-73.9963497, 40.7511751], [-73.9963497, 40.751175], [-73.9963497, 40.7511748], [-73.9963496, 40.7511746], [-73.9963497, 40.7511745], [-73.9963497, 40.7511743], [-73.9963497, 40.7511742], [-73.9963498, 40.7511741], [-73.9963499, 40.7511739], [-73.9963614, 40.7511583], [-73.9963614, 40.7511583], [-73.9963614, 40.7511583], [-73.9963615, 40.7511583], [-73.99637, 40.7511467], [-73.9963701, 40.7511465], [-73.9963703, 40.7511464], [-73.9963704, 40.7511463], [-73.9963706, 40.7511462], [-73.9963707, 40.7511461], [-73.9963709, 40.751146], [-73.9963711, 40.751146], [-73.9963713, 40.7511459], [-73.9963715, 40.7511459], [-73.9963717, 40.7511459], [-73.9963719, 40.7511459], [-73.9963721, 40.7511459], [-73.9963723, 40.7511459], [-73.9963725, 40.751146], [-73.9963727, 40.751146], [-73.9963728, 40.7511461], [-73.9963754, 40.7511472], [-73.9963754, 40.7511472], [-73.9963763, 40.7511476], [-73.9964026, 40.7511587], [-73.9964026, 40.7511587], [-73.9964026, 40.7511587], [-73.9963788, 40.7511443], [-73.9963788, 40.7511443], [-73.9963788, 40.7511443], [-73.9963512, 40.7511273], [-73.9963511, 40.7511273], [-73.9963511, 40.7511273], [-73.9963511, 40.7511273], [-73.9963511, 40.7511272], [-73.996351, 40.7511272], [-73.9963168, 40.7511065], [-73.9963168, 40.7511065], [-73.9963168, 40.7511065], [-73.9963168, 40.7511065], [-73.9963167, 40.7511064], [-73.9962579, 40.7510705], [-73.9962579, 40.7510705], [-73.9962578, 40.7510704], [-73.9962341, 40.7510558], [-73.9962341, 40.7510558], [-73.9961777, 40.7510216], [-73.9961777, 40.7510216], [-73.9961555, 40.7510084], [-73.9961555, 40.7510083], [-73.9961554, 40.7510083], [-73.9961276, 40.7509915], [-73.9961275, 40.7509915], [-73.9961275, 40.7509915], [-73.9961275, 40.7509914], [-73.9961274, 40.7509914], [-73.9961274, 40.7509914], [-73.9961229, 40.7509887], [-73.9961228, 40.7509887], [-73.9960868, 40.7509665], [-73.9960867, 40.7509665], [-73.9960867, 40.7509665], [-73.9960866, 40.7509664], [-73.9960866, 40.7509664], [-73.9960354, 40.7509351], [-73.9960354, 40.7509351], [-73.9960171, 40.750924], [-73.996017, 40.7509239], [-73.996017, 40.7509239], [-73.9959642, 40.7508917], [-73.9959642, 40.7508917], [-73.9959641, 40.7508917], [-73.9959378, 40.750876], [-73.9959378, 40.750876], [-73.9959377, 40.7508759], [-73.9959282, 40.7508702], [-73.9959282, 40.7508702], [-73.9959281, 40.7508701], [-73.995928, 40.7508701], [-73.995896, 40.7508508], [-73.9958959, 40.7508508], [-73.9958959, 40.7508508], [-73.9958689, 40.7508873], [-73.9958689, 40.7508873], [-73.9958487, 40.7509146], [-73.9958486, 40.7509148], [-73.9958485, 40.7509149], [-73.9958484, 40.750915], [-73.9958482, 40.7509151], [-73.995848, 40.7509152], [-73.9958479, 40.7509153], [-73.9958477, 40.7509153], [-73.9958475, 40.7509154], [-73.9958473, 40.7509154], [-73.9958471, 40.7509154], [-73.9958469, 40.7509154], [-73.9958467, 40.7509154], [-73.9958465, 40.7509154], [-73.9958463, 40.7509154], [-73.9958461, 40.7509153], [-73.9958459, 40.7509152], [-73.9958161, 40.7509026], [-73.9958161, 40.7509026], [-73.9957869, 40.75089], [-73.9957868, 40.7508899], [-73.9957866, 40.7508898], [-73.9957865, 40.7508897], [-73.9957863, 40.7508896], [-73.9957862, 40.7508895], [-73.9957861, 40.7508894], [-73.995786, 40.7508892], [-73.995786, 40.7508891], [-73.9957859, 40.7508889], [-73.9957859, 40.7508888], [-73.9957859, 40.7508886], [-73.9957859, 40.7508885], [-73.9957859, 40.7508883], [-73.995786, 40.7508882], [-73.9957861, 40.750888], [-73.9957862, 40.7508879], [-73.9958241, 40.7508369], [-73.9958241, 40.7508369], [-73.9958241, 40.7508369], [-73.9958232, 40.7508365], [-73.9958232, 40.7508365], [-73.9958231, 40.7508365], [-73.9958157, 40.7508333], [-73.9958157, 40.7508333], [-73.995807, 40.7508296], [-73.9957836, 40.7508197], [-73.9957836, 40.7508197], [-73.9957737, 40.7508155], [-73.9957207, 40.750793], [-73.9957207, 40.750793], [-73.9955892, 40.7507373], [-73.9954756, 40.7506892], [-73.9954756, 40.7506891], [-73.9954756, 40.7506891], [-73.9954756, 40.7506892], [-73.9954402, 40.750737], [-73.9954402, 40.750737], [-73.9954403, 40.750737], [-73.9955103, 40.7507862], [-73.9955103, 40.7507862], [-73.9955103, 40.7507862], [-73.9955104, 40.7507862], [-73.9955396, 40.7508014], [-73.9955396, 40.7508015], [-73.9957139, 40.7508934], [-73.995714, 40.7508934], [-73.9957258, 40.7509001], [-73.9957596, 40.750919], [-73.9957597, 40.750919], [-73.9957598, 40.7509191], [-73.9958494, 40.7509724], [-73.9958495, 40.7509724], [-73.9958589, 40.7509784], [-73.995859, 40.7509784], [-73.9958846, 40.750995], [-73.9958847, 40.750995], [-73.9958847, 40.7509951], [-73.9959367, 40.7510284], [-73.9959367, 40.7510284], [-73.9959544, 40.7510404], [-73.9959544, 40.7510404], [-73.9960039, 40.7510741], [-73.9960039, 40.7510742], [-73.9960389, 40.7510979], [-73.996039, 40.7510979], [-73.9960432, 40.7511006], [-73.9960432, 40.7511007], [-73.9960433, 40.7511007], [-73.9960708, 40.7511181], [-73.9960709, 40.7511181], [-73.9960709, 40.7511182], [-73.9960929, 40.7511316], [-73.9961465, 40.7511641], [-73.9961465, 40.7511641], [-73.9961465, 40.7511641], [-73.9961737, 40.7511273], [-73.9961738, 40.7511272], [-73.9961739, 40.751127], [-73.9961741, 40.7511269], [-73.9961742, 40.7511268], [-73.9961744, 40.7511267], [-73.9961746, 40.7511267], [-73.9961748, 40.7511266], [-73.996175, 40.7511266], [-73.9961752, 40.7511265], [-73.9961754, 40.7511265], [-73.9961756, 40.7511265], [-73.9961758, 40.7511265], [-73.996176, 40.7511265], [-73.9961762, 40.7511266], [-73.9961763, 40.7511266], [-73.9961765, 40.7511267], [-73.9962881, 40.751174], [-73.9962881, 40.751174], [-73.9962881, 40.751174], [-73.9963083, 40.7511826], [-73.9963083, 40.7511826], [-73.9963084, 40.7511826], [-73.9963237, 40.7511891], [-73.9963238, 40.7511891], [-73.9963238, 40.7511891], [-73.9963392, 40.7511957], [-73.9963392, 40.7511957], [-73.9963393, 40.7511957], [-73.9963734, 40.7512101], [-73.9963734, 40.7512102], [-73.9963735, 40.7512102], [-73.9963735, 40.7512102], [-73.9963735, 40.7512102], [-73.9963735, 40.7512102], [-73.9963736, 40.7512102], [-73.9963961, 40.7512198], [-73.9963961, 40.7512198], [-73.9963962, 40.7512198], [-73.9964099, 40.7512012]]]}},
{"type": "Feature", "properties": {"level": "platform", "type": "escalator", "platform": "8", "vce_name": "P8-S1", "source": "Moynihan Station EA, Figure 3-4, February 2010, PDF page 2"}, "geometry": {"type": "Polygon", "coordinates": [[[-73.9950578, 40.7514511], [-73.9950504, 40.7514612], [-73.99521, 40.7515288], [-73.9952174, 40.7515188], [-73.9950578, 40.7514511]]]}},
{"type": "Feature", "properties": {"level": "platform", "type": "escalator", "platform": "8", "vce_name": "P8-S2", "source": "Moynihan Station EA, Figure 3-4, February 2010, PDF page 2"}, "geometry": {"type": "Polygon", "coordinates": [[[-73.9948917, 40.7513784], [-73.9948817, 40.7513919], [-73.9950413, 40.7514596], [-73.9950513, 40.7514461], [-73.9948917, 40.7513784]]]}},
{"type": "Feature", "properties": {"level": "platform", "type": "escalator", "platform": "7", "vce_name": "P7-S2", "source": "Moynihan Station EA, Figure 3-4, February 2010, PDF page 2"}, "geometry": {"type": "Polygon", "coordinates": [[[-73.9951398, 40.7513418], [-73.9951324, 40.7513518], [-73.9952921, 40.7514195], [-73.9952995, 40.7514095], [-73.9951398, 40.7513418]]]}},
{"type": "Feature", "properties": {"level": "platform", "type": "escalator", "platform": "7", "vce_name": "P7-S3", "source": "Moynihan Station EA, Figure 3-4, February 2010, PDF page 2"}, "geometry": {"type": "Polygon", "coordinates": [[[-73.9949712, 40.7512725], [-73.9949662, 40.7512792], [-73.9951227, 40.7513456], [-73.9951277, 40.7513388], [-73.9949712, 40.7512725]]]}},
{"type": "Feature", "properties": {"level": "platform", "type": "escalator", "platform": "6", "vce_name": "P6-S2", "source": "Moynihan Station EA, Figure 3-4, February 2010, PDF page 2"}, "geometry": {"type": "Polygon", "coordinates": [[[-73.9952228, 40.7512294], [-73.9952155, 40.7512393], [-73.9953752, 40.751307], [-73.9953825, 40.7512971], [-73.9952228, 40.7512294]]]}},
{"type": "Feature", "properties": {"level": "platform", "type": "escalator", "platform": "6", "vce_name": "P6-S3", "source": "Moynihan Station EA, Figure 3-4, February 2010, PDF page 2"}, "geometry": {"type": "Polygon", "coordinates": [[[-73.9950554, 40.7511584], [-73.9950481, 40.7511683], [-73.9952078, 40.751236], [-73.9952151, 40.7512261], [-73.9950554, 40.7511584]]]}},
{"type": "Feature", "properties": {"level": "platform", "type": "escalator", "platform": "5", "vce_name": "P5-S2", "source": "Moynihan Station EA, Figure 3-4, February 2010, PDF page 2"}, "geometry": {"type": "Polygon", "coordinates": [[[-73.9953062, 40.7511165], [-73.995299, 40.7511263], [-73.9954586, 40.751194], [-73.9954659, 40.7511842], [-73.9953062, 40.7511165]]]}},
{"type": "Feature", "properties": {"level": "platform", "type": "escalator", "platform": "5", "vce_name": "P5-S3", "source": "Moynihan Station EA, Figure 3-4, February 2010, PDF page 2"}, "geometry": {"type": "Polygon", "coordinates": [[[-73.9951377, 40.7510471], [-73.9951327, 40.7510538], [-73.9952893, 40.7511202], [-73.9952942, 40.7511134], [-73.9951377, 40.7510471]]]}},
{"type": "Feature", "properties": {"level": "platform", "type": "escalator", "platform": "4", "vce_name": "P4-S1", "source": "Moynihan Station EA, Figure 3-4, February 2010, PDF page 2"}, "geometry": {"type": "Polygon", "coordinates": [[[-73.9953862, 40.7510083], [-73.9953812, 40.751015], [-73.9955377, 40.7510814], [-73.9955427, 40.7510746], [-73.9953862, 40.7510083]]]}},
{"type": "Feature", "properties": {"level": "platform", "type": "escalator", "platform": "4", "vce_name": "P4-S2", "source": "Moynihan Station EA, Figure 3-4, February 2010, PDF page 2"}, "geometry": {"type": "Polygon", "coordinates": [[[-73.9952213, 40.7509339], [-73.9952113, 40.7509475], [-73.995371, 40.7510151], [-73.9953809, 40.7510016], [-73.9952213, 40.7509339]]]}},
{"type": "Feature", "properties": {"level": "platform", "type": "escalator", "platform": "3", "vce_name": "P3-S1", "source": "Moynihan Station EA, Figure 3-4, February 2010, PDF page 2"}, "geometry": {"type": "Polygon", "coordinates": [[[-73.9952842, 40.7508496], [-73.9952792, 40.7508564], [-73.9954357, 40.7509228], [-73.9954407, 40.750916], [-73.9952842, 40.7508496]]]}},
{"type": "Feature", "properties": {"level": "platform", "type": "stair", "platform": "9", "vce_name": "P9-S2", "source": "Moynihan Station EA, Figure 3-4, February 2010, PDF page 2"}, "geometry": {"type": "Polygon", "coordinates": [[[-73.9944715, 40.7513413], [-73.9944601, 40.7513568], [-73.9945353, 40.7513887], [-73.9945468, 40.7513732], [-73.9944715, 40.7513413]]]}},
{"type": "Feature", "properties": {"level": "platform", "type": "stair", "platform": "9", "vce_name": "", "source": "Moynihan Station EA, Figure 3-4, February 2010, PDF page 2"}, "geometry": {"type": "Polygon", "coordinates": [[[-73.9947756, 40.7514549], [-73.9947651, 40.7514691], [-73.9948027, 40.7514851], [-73.9948132, 40.7514708], [-73.9947756, 40.7514549]]]}},
{"type": "Feature", "properties": {"level": "platform", "type": "stair", "platform": "10", "vce_name": "P10-S1", "source": "Moynihan Station EA, Figure 3-4, February 2010, PDF page 2"}, "geometry": {"type": "Polygon", "coordinates": [[[-73.9944086, 40.7514264], [-73.9943972, 40.751442], [-73.9944724, 40.7514739], [-73.9944839, 40.7514583], [-73.9944086, 40.7514264]]]}},
{"type": "Feature", "properties": {"level": "platform", "type": "stair", "platform": "11", "vce_name": "P11-S1", "source": "Moynihan Station EA, Figure 3-4, February 2010, PDF page 2"}, "geometry": {"type": "Polygon", "coordinates": [[[-73.9942939, 40.7515556], [-73.9942874, 40.7515644], [-73.994326, 40.7515808], [-73.9943325, 40.751572], [-73.9942939, 40.7515556]]]}},
{"type": "Feature", "properties": {"level": "platform", "type": "stair", "platform": "7", "vce_name": "P7-S1", "source": "Moynihan Station EA, Figure 3-4, February 2010, PDF page 2"}, "geometry": {"type": "Polygon", "coordinates": [[[-73.9958588, 40.7516531], [-73.9958526, 40.7516615], [-73.9959498, 40.7517027], [-73.995956, 40.7516943], [-73.9958588, 40.7516531]]]}},
{"type": "Feature", "properties": {"level": "platform", "type": "stair", "platform": "6", "vce_name": "P6-S1", "source": "Moynihan Station EA, Figure 3-4, February 2010, PDF page 2"}, "geometry": {"type": "Polygon", "coordinates": [[[-73.9959513, 40.7515278], [-73.9959451, 40.7515362], [-73.9960423, 40.7515775], [-73.9960485, 40.751569], [-73.9959513, 40.7515278]]]}},
{"type": "Feature", "properties": {"level": "platform", "type": "stair", "platform": "5", "vce_name": "P5-S1", "source": "Moynihan Station EA, Figure 3-4, February 2010, PDF page 2"}, "geometry": {"type": "Polygon", "coordinates": [[[-73.9960296, 40.7514218], [-73.9960235, 40.75143], [-73.9961208, 40.7514713], [-73.9961268, 40.751463], [-73.9960296, 40.7514218]]]}},
{"type": "Feature", "properties": {"level": "platform", "type": "stair", "platform": "", "vce_name": "", "source": "Moynihan Station EA, Figure 3-4, February 2010, PDF page 2"}, "geometry": {"type": "Polygon", "coordinates": [[[-73.9973524, 40.7517339], [-73.9973377, 40.7517538], [-73.9973555, 40.7517614], [-73.9973702, 40.7517415], [-73.9973524, 40.7517339]]]}},
{"type": "Feature", "properties": {"level": "platform", "type": "stair", "platform": "", "vce_name": "", "source": "Moynihan Station EA, Figure 3-4, February 2010, PDF page 2"}, "geometry": {"type": "Polygon", "coordinates": [[[-73.9972828, 40.7517282], [-73.9972815, 40.75173], [-73.997233, 40.7517095], [-73.9972248, 40.7517206], [-73.997314, 40.7517584], [-73.9973236, 40.7517455], [-73.9972828, 40.7517282]]]}},
{"type": "Feature", "properties": {"level": "platform", "type": "stair", "platform": "3", "vce_name": "P3-S3", "source": "Moynihan Station EA, Figure 3-4, February 2010, PDF page 2"}, "geometry": {"type": "Polygon", "coordinates": [[[-73.9950494, 40.7507365], [-73.9950609, 40.7507209], [-73.9949254, 40.7506635], [-73.9949139, 40.750679], [-73.9949718, 40.7507035], [-73.9949622, 40.7507165], [-73.9950032, 40.7507339], [-73.9950128, 40.7507209], [-73.9950494, 40.7507365]]]}},
{"type": "Feature", "properties": {"level": "platform", "type": "stair", "platform": "4", "vce_name": "", "source": "Moynihan Station EA, Figure 3-4, February 2010, PDF page 2"}, "geometry": {"type": "Polygon", "coordinates": [[[-73.9949275, 40.7508184], [-73.994916, 40.750834], [-73.9949628, 40.7508538], [-73.9949742, 40.7508383], [-73.9949275, 40.7508184]]]}},
{"type": "Feature", "properties": {"level": "platform", "type": "stair", "platform": "4", "vce_name": "P4-S3", "source": "Moynihan Station EA, Figure 3-4, February 2010, PDF page 2"}, "geometry": {"type": "Polygon", "coordinates": [[[-73.9948358, 40.7507796], [-73.9948243, 40.7507951], [-73.9948851, 40.7508209], [-73.9948966, 40.7508053], [-73.9948358, 40.7507796]]]}},
{"type": "Feature", "properties": {"level": "platform", "type": "stair", "platform": "5", "vce_name": "P5-S4", "source": "Moynihan Station EA, Figure 3-4, February 2010, PDF page 2"}, "geometry": {"type": "Polygon", "coordinates": [[[-73.9948865, 40.7509571], [-73.994898, 40.7509415], [-73.9947624, 40.7508841], [-73.9947509, 40.7508996], [-73.9948088, 40.7509241], [-73.9947992, 40.7509371], [-73.9948403, 40.7509545], [-73.9948498, 40.7509415], [-73.9948865, 40.7509571]]]}},
{"type": "Feature", "properties": {"level": "platform", "type": "stair", "platform": "6", "vce_name": "", "source": "Moynihan Station EA, Figure 3-4, February 2010, PDF page 2"}, "geometry": {"type": "Polygon", "coordinates": [[[-73.994771, 40.7510302], [-73.9947578, 40.7510482], [-73.9948045, 40.751068], [-73.9948178, 40.7510501], [-73.994771, 40.7510302]]]}},
{"type": "Feature", "properties": {"level": "platform", "type": "stair", "platform": "6", "vce_name": "P6-S4", "source": "Moynihan Station EA, Figure 3-4, February 2010, PDF page 2"}, "geometry": {"type": "Polygon", "coordinates": [[[-73.994668, 40.7509866], [-73.9946548, 40.7510045], [-73.9947269, 40.7510351], [-73.9947401, 40.7510172], [-73.994668, 40.7509866]]]}},
{"type": "Feature", "properties": {"level": "platform", "type": "stair", "platform": "7", "vce_name": "P7-S5", "source": "Moynihan Station EA, Figure 3-4, February 2010, PDF page 2"}, "geometry": {"type": "Polygon", "coordinates": [[[-73.9947291, 40.7511702], [-73.9947405, 40.7511546], [-73.994605, 40.7510972], [-73.9945935, 40.7511127], [-73.9946514, 40.7511372], [-73.9946418, 40.7511502], [-73.9946828, 40.7511676], [-73.9946924, 40.7511546], [-73.9947291, 40.7511702]]]}},
{"type": "Feature", "properties": {"level": "platform", "type": "stair", "platform": "8", "vce_name": "", "source": "Moynihan Station EA, Figure 3-4, February 2010, PDF page 2"}, "geometry": {"type": "Polygon", "coordinates": [[[-73.9946071, 40.7512521], [-73.9945956, 40.7512677], [-73.9946424, 40.7512875], [-73.9946539, 40.7512719], [-73.9946071, 40.7512521]]]}},
{"type": "Feature", "properties": {"level": "platform", "type": "stair", "platform": "8", "vce_name": "P8-S4", "source": "Moynihan Station EA, Figure 3-4, February 2010, PDF page 2"}, "geometry": {"type": "Polygon", "coordinates": [[[-73.9945154, 40.7512133], [-73.9945039, 40.7512288], [-73.9945647, 40.7512546], [-73.9945762, 40.751239], [-73.9945154, 40.7512133]]]}},
{"type": "Feature", "properties": {"level": "platform", "type": "escalator", "platform": "diagonal", "vce_name": "", "source": "Moynihan Station EA, Figure 3-4, February 2010, PDF page 2"}, "geometry": {"type": "Polygon", "coordinates": [[[-73.9959118, 40.7509926], [-73.9959024, 40.7510054], [-73.9960659, 40.7510747], [-73.9960753, 40.7510619], [-73.9959118, 40.7509926]]]}},
{"type": "Feature", "properties": {"level": "platform", "type": "escalator", "platform": "diagonal", "vce_name": "", "source": "Moynihan Station EA, Figure 3-4, February 2010, PDF page 2"}, "geometry": {"type": "Polygon", "coordinates": [[[-73.9959216, 40.7509841], [-73.9959149, 40.7509932], [-73.9960757, 40.7510614], [-73.9960825, 40.7510523], [-73.9959216, 40.7509841]]]}},
{"type": "Feature", "properties": {"level": "platform", "type": "escalator", "platform": "diagonal", "vce_name": "", "source": "Moynihan Station EA, Figure 3-4, February 2010, PDF page 2"}, "geometry": {"type": "Polygon", "coordinates": [[[-73.9959543, 40.750942], [-73.9959464, 40.7509526], [-73.9959727, 40.7509637], [-73.9959806, 40.7509531], [-73.9959543, 40.750942]]]}},
{"type": "Feature", "properties": {"level": "platform", "type": "escalator", "platform": "diagonal", "vce_name": "", "source": "Moynihan Station EA, Figure 3-4, February 2010, PDF page 2"}, "geometry": {"type": "Polygon", "coordinates": [[[-73.9955491, 40.7507299], [-73.9956058, 40.7507539], [-73.9956102, 40.7507479], [-73.9955535, 40.7507239], [-73.9955491, 40.7507299]]]}},
{"type": "Feature", "properties": {"level": "platform", "type": "column", "platform": "10", "source": "Moynihan Station EA, Figure 3-4, February 2010, PDF page 2"}, "geometry": {"type": "Polygon", "coordinates": [[[-73.9944347, 40.7514769], [-73.9944304, 40.751475], [-73.9944281, 40.7514781], [-73.9944324, 40.75148], [-73.9944347, 40.7514769]]]}},
{"type": "Feature", "properties": {"level": "platform", "type": "column", "platform": "10", "source": "Moynihan Station EA, Figure 3-4, February 2010, PDF page 2"}, "geometry": {"type": "Polygon", "coordinates": [[[-73.9944369, 40.7514739], [-73.9944289, 40.7514706], [-73.9944245, 40.7514766], [-73.9944324, 40.75148], [-73.9944369, 40.7514739]]]}},
{"type": "Feature", "properties": {"level": "platform", "type": "column", "platform": "10", "source": "Moynihan Station EA, Figure 3-4, February 2010, PDF page 2"}, "geometry": {"type": "Polygon", "coordinates": [[[-73.9944656, 40.751435], [-73.9944613, 40.7514332], [-73.994459, 40.7514363], [-73.9944633, 40.7514381], [-73.9944656, 40.751435]]]}},
{"type": "Feature", "properties": {"level": "platform", "type": "column", "platform": "9", "source": "Moynihan Station EA, Figure 3-4, February 2010, PDF page 2"}, "geometry": {"type": "Polygon", "coordinates": [[[-73.9945073, 40.7513786], [-73.994503, 40.7513767], [-73.9945006, 40.75138], [-73.9945049, 40.7513818], [-73.9945073, 40.7513786]]]}},
{"type": "Feature", "properties": {"level": "platform", "type": "column", "platform": "9", "source": "Moynihan Station EA, Figure 3-4, February 2010, PDF page 2"}, "geometry": {"type": "Polygon", "coordinates": [[[-73.9947706, 40.7514882], [-73.9947658, 40.7514862], [-73.9947631, 40.7514899], [-73.9947679, 40.7514919], [-73.9947706, 40.7514882]]]}},
{"type": "Feature", "properties": {"level": "platform", "type": "column", "platform": "9", "source": "Moynihan Station EA, Figure 3-4, February 2010, PDF page 2"}, "geometry": {"type": "Polygon", "coordinates": [[[-73.9948799, 40.7515259], [-73.9948736, 40.7515233], [-73.99487, 40.7515282], [-73.9948763, 40.7515309], [-73.9948799, 40.7515259]]]}},
{"type": "Feature", "properties": {"level": "platform", "type": "column", "platform": "9", "source": "Moynihan Station EA, Figure 3-4, February 2010, PDF page 2"}, "geometry": {"type": "Polygon", "coordinates": [[[-73.9947582, 40.7514741], [-73.9947517, 40.7514714], [-73.9947481, 40.7514763], [-73.9947546, 40.7514791], [-73.9947582, 40.7514741]]]}},
{"type": "Feature", "properties": {"level": "platform", "type": "column", "platform": "9", "source": "Moynihan Station EA, Figure 3-4, February 2010, PDF page 2"}, "geometry": {"type": "Polygon", "coordinates": [[[-73.9949478, 40.7515545], [-73.9949416, 40.7515518], [-73.994938, 40.7515566], [-73.9949443, 40.7515592], [-73.9949478, 40.7515545]]]}},
{"type": "Feature", "properties": {"level": "platform", "type": "column", "platform": "9", "source": "Moynihan Station EA, Figure 3-4, February 2010, PDF page 2"}, "geometry": {"type": "Polygon", "coordinates": [[[-73.9950153, 40.7515828], [-73.9950087, 40.7515801], [-73.9950051, 40.751585], [-73.9950116, 40.7515878], [-73.9950153, 40.7515828]]]}},
{"type": "Feature", "properties": {"level": "platform", "type": "column", "platform": "9", "source": "Moynihan Station EA, Figure 3-4, February 2010, PDF page 2"}, "geometry": {"type": "Polygon", "coordinates": [[[-73.9948201, 40.7515001], [-73.9948136, 40.7514973], [-73.99481, 40.7515023], [-73.9948165, 40.751505], [-73.9948201, 40.7515001]]]}},
{"type": "Feature", "properties": {"level": "platform", "type": "column", "platform": "9", "source": "Moynihan Station EA, Figure 3-4, February 2010, PDF page 2"}, "geometry": {"type": "Polygon", "coordinates": [[[-73.994777, 40.7514797], [-73.9947721, 40.7514776], [-73.9947696, 40.7514811], [-73.9947744, 40.7514831], [-73.994777, 40.7514797]]]}},
{"type": "Feature", "properties": {"level": "platform", "type": "column", "platform": "9", "source": "Moynihan Station EA, Figure 3-4, February 2010, PDF page 2"}, "geometry": {"type": "Polygon", "coordinates": [[[-73.9944396, 40.7513309], [-73.9944333, 40.7513282], [-73.9944298, 40.751333], [-73.9944361, 40.7513356], [-73.9944396, 40.7513309]]]}},
{"type": "Feature", "properties": {"level": "platform", "type": "column", "platform": "8", "source": "Moynihan Station EA, Figure 3-4, February 2010, PDF page 2"}, "geometry": {"type": "Polygon", "coordinates": [[[-73.9949525, 40.7514238], [-73.9949477, 40.7514217], [-73.9949452, 40.7514252], [-73.99495, 40.7514272], [-73.9949525, 40.7514238]]]}},
{"type": "Feature", "properties": {"level": "platform", "type": "column", "platform": "8", "source": "Moynihan Station EA, Figure 3-4, February 2010, PDF page 2"}, "geometry": {"type": "Polygon", "coordinates": [[[-73.9953619, 40.7515853], [-73.995357, 40.7515833], [-73.9953545, 40.7515867], [-73.9953593, 40.7515888], [-73.9953619, 40.7515853]]]}},
{"type": "Feature", "properties": {"level": "platform", "type": "column", "platform": "8", "source": "Moynihan Station EA, Figure 3-4, February 2010, PDF page 2"}, "geometry": {"type": "Polygon", "coordinates": [[[-73.9954234, 40.7516109], [-73.9954186, 40.7516089], [-73.9954159, 40.7516125], [-73.9954207, 40.7516146], [-73.9954234, 40.7516109]]]}},
{"type": "Feature", "properties": {"level": "platform", "type": "column", "platform": "8", "source": "Moynihan Station EA, Figure 3-4, February 2010, PDF page 2"}, "geometry": {"type": "Polygon", "coordinates": [[[-73.9955491, 40.7516589], [-73.9955443, 40.7516569], [-73.9955416, 40.7516605], [-73.9955464, 40.7516626], [-73.9955491, 40.7516589]]]}},
{"type": "Feature", "properties": {"level": "platform", "type": "column", "platform": "8", "source": "Moynihan Station EA, Figure 3-4, February 2010, PDF page 2"}, "geometry": {"type": "Polygon", "coordinates": [[[-73.9954876, 40.7516329], [-73.995483, 40.7516309], [-73.9954803, 40.7516346], [-73.9954849, 40.7516365], [-73.9954876, 40.7516329]]]}},
{"type": "Feature", "properties": {"level": "platform", "type": "column", "platform": "8", "source": "Moynihan Station EA, Figure 3-4, February 2010, PDF page 2"}, "geometry": {"type": "Polygon", "coordinates": [[[-73.9945212, 40.7512205], [-73.9945149, 40.7512178], [-73.9945114, 40.7512226], [-73.9945177, 40.7512252], [-73.9945212, 40.7512205]]]}},
{"type": "Feature", "properties": {"level": "platform", "type": "column", "platform": "8", "source": "Moynihan Station EA, Figure 3-4, February 2010, PDF page 2"}, "geometry": {"type": "Polygon", "coordinates": [[[-73.9949089, 40.7513791], [-73.9949026, 40.7513764], [-73.9948991, 40.7513812], [-73.9949054, 40.7513839], [-73.9949089, 40.7513791]]]}},
{"type": "Feature", "properties": {"level": "platform", "type": "column", "platform": "8", "source": "Moynihan Station EA, Figure 3-4, February 2010, PDF page 2"}, "geometry": {"type": "Polygon", "coordinates": [[[-73.9952387, 40.7515187], [-73.9952325, 40.751516], [-73.9952288, 40.751521], [-73.9952351, 40.7515236], [-73.9952387, 40.7515187]]]}},
{"type": "Feature", "properties": {"level": "platform", "type": "column", "platform": "8", "source": "Moynihan Station EA, Figure 3-4, February 2010, PDF page 2"}, "geometry": {"type": "Polygon", "coordinates": [[[-73.9949703, 40.7514049], [-73.9949638, 40.7514021], [-73.9949601, 40.7514071], [-73.9949666, 40.7514098], [-73.9949703, 40.7514049]]]}},
{"type": "Feature", "properties": {"level": "platform", "type": "column", "platform": "8", "source": "Moynihan Station EA, Figure 3-4, February 2010, PDF page 2"}, "geometry": {"type": "Polygon", "coordinates": [[[-73.9953056, 40.751547], [-73.9952993, 40.7515444], [-73.9952958, 40.7515491], [-73.9953021, 40.7515518], [-73.9953056, 40.751547]]]}},
{"type": "Feature", "properties": {"level": "platform", "type": "column", "platform": "8", "source": "Moynihan Station EA, Figure 3-4, February 2010, PDF page 2"}, "geometry": {"type": "Polygon", "coordinates": [[[-73.9956149, 40.7516698], [-73.9956084, 40.751667], [-73.9956048, 40.751672], [-73.9956113, 40.7516747], [-73.9956149, 40.7516698]]]}},
{"type": "Feature", "properties": {"level": "platform", "type": "column", "platform": "8", "source": "Moynihan Station EA, Figure 3-4, February 2010, PDF page 2"}, "geometry": {"type": "Polygon", "coordinates": [[[-73.9953776, 40.7515692], [-73.9953713, 40.7515665], [-73.9953678, 40.7515713], [-73.9953741, 40.7515739], [-73.9953776, 40.7515692]]]}},
{"type": "Feature", "properties": {"level": "platform", "type": "column", "platform": "8", "source": "Moynihan Station EA, Figure 3-4, February 2010, PDF page 2"}, "geometry": {"type": "Polygon", "coordinates": [[[-73.9955606, 40.7516434], [-73.9955558, 40.7516414], [-73.9955531, 40.751645], [-73.9955579, 40.7516471], [-73.9955606, 40.7516434]]]}},
{"type": "Feature", "properties": {"level": "platform", "type": "column", "platform": "8", "source": "Moynihan Station EA, Figure 3-4, February 2010, PDF page 2"}, "geometry": {"type": "Polygon", "coordinates": [[[-73.9954991, 40.7516173], [-73.9954945, 40.7516154], [-73.9954918, 40.751619], [-73.9954964, 40.751621], [-73.9954991, 40.7516173]]]}},
{"type": "Feature", "properties": {"level": "platform", "type": "column", "platform": "8", "source": "Moynihan Station EA, Figure 3-4, February 2010, PDF page 2"}, "geometry": {"type": "Polygon", "coordinates": [[[-73.9954375, 40.7515914], [-73.9954331, 40.7515896], [-73.9954307, 40.7515929], [-73.995435, 40.7515947], [-73.9954375, 40.7515914]]]}},
{"type": "Feature", "properties": {"level": "platform", "type": "column", "platform": "7", "source": "Moynihan Station EA, Figure 3-4, February 2010, PDF page 2"}, "geometry": {"type": "Polygon", "coordinates": [[[-73.995501, 40.7515058], [-73.9954962, 40.7515038], [-73.9954935, 40.7515074], [-73.9954983, 40.7515095], [-73.995501, 40.7515058]]]}},
{"type": "Feature", "properties": {"level": "platform", "type": "column", "platform": "7", "source": "Moynihan Station EA, Figure 3-4, February 2010, PDF page 2"}, "geometry": {"type": "Polygon", "coordinates": [[[-73.9954436, 40.7514733], [-73.99544, 40.7514718], [-73.9954378, 40.7514747], [-73.9954415, 40.7514763], [-73.9954436, 40.7514733]]]}},
{"type": "Feature", "properties": {"level": "platform", "type": "column", "platform": "7", "source": "Moynihan Station EA, Figure 3-4, February 2010, PDF page 2"}, "geometry": {"type": "Polygon", "coordinates": [[[-73.9950488, 40.751299], [-73.9950423, 40.7512962], [-73.9950385, 40.7513014], [-73.995045, 40.7513041], [-73.9950488, 40.751299]]]}},
{"type": "Feature", "properties": {"level": "platform", "type": "column", "platform": "7", "source": "Moynihan Station EA, Figure 3-4, February 2010, PDF page 2"}, "geometry": {"type": "Polygon", "coordinates": [[[-73.9960709, 40.751733], [-73.9960646, 40.7517304], [-73.9960612, 40.7517349], [-73.9960675, 40.7517376], [-73.9960709, 40.751733]]]}},
{"type": "Feature", "properties": {"level": "platform", "type": "column", "platform": "7", "source": "Moynihan Station EA, Figure 3-4, February 2010, PDF page 2"}, "geometry": {"type": "Polygon", "coordinates": [[[-73.9960217, 40.7517121], [-73.9960161, 40.7517098], [-73.9960129, 40.7517142], [-73.9960184, 40.7517165], [-73.9960217, 40.7517121]]]}},
{"type": "Feature", "properties": {"level": "platform", "type": "column", "platform": "7", "source": "Moynihan Station EA, Figure 3-4, February 2010, PDF page 2"}, "geometry": {"type": "Polygon", "coordinates": [[[-73.9949876, 40.751273], [-73.9949811, 40.7512703], [-73.9949774, 40.7512752], [-73.9949839, 40.751278], [-73.9949876, 40.751273]]]}},
{"type": "Feature", "properties": {"level": "platform", "type": "column", "platform": "7", "source": "Moynihan Station EA, Figure 3-4, February 2010, PDF page 2"}, "geometry": {"type": "Polygon", "coordinates": [[[-73.995967, 40.7516892], [-73.9959615, 40.7516869], [-73.9959584, 40.7516911], [-73.9959639, 40.7516934], [-73.995967, 40.7516892]]]}},
{"type": "Feature", "properties": {"level": "platform", "type": "column", "platform": "7", "source": "Moynihan Station EA, Figure 3-4, February 2010, PDF page 2"}, "geometry": {"type": "Polygon", "coordinates": [[[-73.9946027, 40.7511101], [-73.9945964, 40.7511074], [-73.9945929, 40.7511122], [-73.9945992, 40.7511149], [-73.9946027, 40.7511101]]]}},
{"type": "Feature", "properties": {"level": "platform", "type": "column", "platform": "7", "source": "Moynihan Station EA, Figure 3-4, February 2010, PDF page 2"}, "geometry": {"type": "Polygon", "coordinates": [[[-73.9949255, 40.7512472], [-73.9949195, 40.7512447], [-73.9949161, 40.7512492], [-73.9949222, 40.7512518], [-73.9949255, 40.7512472]]]}},
{"type": "Feature", "properties": {"level": "platform", "type": "column", "platform": "7", "source": "Moynihan Station EA, Figure 3-4, February 2010, PDF page 2"}, "geometry": {"type": "Polygon", "coordinates": [[[-73.9959026, 40.7516619], [-73.9958973, 40.7516597], [-73.9958943, 40.7516637], [-73.9958997, 40.7516659], [-73.9959026, 40.7516619]]]}},
{"type": "Feature", "properties": {"level": "platform", "type": "column", "platform": "7", "source": "Moynihan Station EA, Figure 3-4, February 2010, PDF page 2"}, "geometry": {"type": "Polygon", "coordinates": [[[-73.9958834, 40.7516533], [-73.9958781, 40.751651], [-73.9958749, 40.7516552], [-73.9958802, 40.7516575], [-73.9958834, 40.7516533]]]}},
{"type": "Feature", "properties": {"level": "platform", "type": "column", "platform": "7", "source": "Moynihan Station EA, Figure 3-4, February 2010, PDF page 2"}, "geometry": {"type": "Polygon", "coordinates": [[[-73.9961343, 40.7517577], [-73.9961264, 40.7517544], [-73.9961227, 40.7517593], [-73.9961307, 40.7517627], [-73.9961343, 40.7517577]]]}},
{"type": "Feature", "properties": {"level": "platform", "type": "column", "platform": "7", "source": "Moynihan Station EA, Figure 3-4, February 2010, PDF page 2"}, "geometry": {"type": "Polygon", "coordinates": [[[-73.9956331, 40.7515453], [-73.9956283, 40.7515432], [-73.9956256, 40.7515469], [-73.9956304, 40.7515489], [-73.9956331, 40.7515453]]]}},
{"type": "Feature", "properties": {"level": "platform", "type": "column", "platform": "7", "source": "Moynihan Station EA, Figure 3-4, February 2010, PDF page 2"}, "geometry": {"type": "Polygon", "coordinates": [[[-73.9961959, 40.7517807], [-73.9961887, 40.7517777], [-73.9961852, 40.7517824], [-73.9961924, 40.7517855], [-73.9961959, 40.7517807]]]}},
{"type": "Feature", "properties": {"level": "platform", "type": "column", "platform": "7", "source": "Moynihan Station EA, Figure 3-4, February 2010, PDF page 2"}, "geometry": {"type": "Polygon", "coordinates": [[[-73.9963261, 40.7518326], [-73.9963181, 40.7518292], [-73.9963145, 40.7518341], [-73.9963225, 40.7518375], [-73.9963261, 40.7518326]]]}},
{"type": "Feature", "properties": {"level": "platform", "type": "column", "platform": "7", "source": "Moynihan Station EA, Figure 3-4, February 2010, PDF page 2"}, "geometry": {"type": "Polygon", "coordinates": [[[-73.9962606, 40.7518055], [-73.996255, 40.7518032], [-73.9962521, 40.7518072], [-73.9962576, 40.7518095], [-73.9962606, 40.7518055]]]}},
{"type": "Feature", "properties": {"level": "platform", "type": "column", "platform": "7", "source": "Moynihan Station EA, Figure 3-4, February 2010, PDF page 2"}, "geometry": {"type": "Polygon", "coordinates": [[[-73.9955137, 40.7514886], [-73.9955089, 40.7514866], [-73.9955063, 40.7514901], [-73.9955111, 40.7514921], [-73.9955137, 40.7514886]]]}},
{"type": "Feature", "properties": {"level": "platform", "type": "column", "platform": "7", "source": "Moynihan Station EA, Figure 3-4, February 2010, PDF page 2"}, "geometry": {"type": "Polygon", "coordinates": [[[-73.9963918, 40.7518556], [-73.9963845, 40.7518525], [-73.9963806, 40.7518578], [-73.9963878, 40.7518609], [-73.9963918, 40.7518556]]]}},
{"type": "Feature", "properties": {"level": "platform", "type": "column", "platform": "7", "source": "Moynihan Station EA, Figure 3-4, February 2010, PDF page 2"}, "geometry": {"type": "Polygon", "coordinates": [[[-73.9964584, 40.7518781], [-73.9964522, 40.7518755], [-73.9964485, 40.7518804], [-73.9964548, 40.751883], [-73.9964584, 40.7518781]]]}},
{"type": "Feature", "properties": {"level": "platform", "type": "column", "platform": "7", "source": "Moynihan Station EA, Figure 3-4, February 2010, PDF page 2"}, "geometry": {"type": "Polygon", "coordinates": [[[-73.9965279, 40.7518999], [-73.9965194, 40.7518963], [-73.9965154, 40.7519018], [-73.9965238, 40.7519054], [-73.9965279, 40.7518999]]]}},
{"type": "Feature", "properties": {"level": "platform", "type": "column", "platform": "6", "source": "Moynihan Station EA, Figure 3-4, February 2010, PDF page 2"}, "geometry": {"type": "Polygon", "coordinates": [[[-73.9961492, 40.7516261], [-73.9961432, 40.7516235], [-73.9961397, 40.7516283], [-73.9961457, 40.7516308], [-73.9961492, 40.7516261]]]}},
{"type": "Feature", "properties": {"level": "platform", "type": "column", "platform": "6", "source": "Moynihan Station EA, Figure 3-4, February 2010, PDF page 2"}, "geometry": {"type": "Polygon", "coordinates": [[[-73.9965263, 40.7517862], [-73.9965208, 40.7517838], [-73.9965174, 40.7517884], [-73.996523, 40.7517908], [-73.9965263, 40.7517862]]]}},
{"type": "Feature", "properties": {"level": "platform", "type": "column", "platform": "6", "source": "Moynihan Station EA, Figure 3-4, February 2010, PDF page 2"}, "geometry": {"type": "Polygon", "coordinates": [[[-73.9963994, 40.7517321], [-73.9963931, 40.7517295], [-73.9963896, 40.7517342], [-73.9963959, 40.7517369], [-73.9963994, 40.7517321]]]}},
{"type": "Feature", "properties": {"level": "platform", "type": "column", "platform": "6", "source": "Moynihan Station EA, Figure 3-4, February 2010, PDF page 2"}, "geometry": {"type": "Polygon", "coordinates": [[[-73.9946813, 40.7510037], [-73.994675, 40.7510011], [-73.9946715, 40.7510058], [-73.9946778, 40.7510085], [-73.9946813, 40.7510037]]]}},
{"type": "Feature", "properties": {"level": "platform", "type": "column", "platform": "6", "source": "Moynihan Station EA, Figure 3-4, February 2010, PDF page 2"}, "geometry": {"type": "Polygon", "coordinates": [[[-73.9964628, 40.751759], [-73.9964563, 40.7517562], [-73.9964529, 40.7517608], [-73.9964594, 40.7517636], [-73.9964628, 40.751759]]]}},
{"type": "Feature", "properties": {"level": "platform", "type": "column", "platform": "6", "source": "Moynihan Station EA, Figure 3-4, February 2010, PDF page 2"}, "geometry": {"type": "Polygon", "coordinates": [[[-73.9961001, 40.7516055], [-73.9960946, 40.7516031], [-73.9960915, 40.7516074], [-73.996097, 40.7516097], [-73.9961001, 40.7516055]]]}},
{"type": "Feature", "properties": {"level": "platform", "type": "column", "platform": "6", "source": "Moynihan Station EA, Figure 3-4, February 2010, PDF page 2"}, "geometry": {"type": "Polygon", "coordinates": [[[-73.9960459, 40.7515825], [-73.9960406, 40.7515802], [-73.9960375, 40.7515844], [-73.9960428, 40.7515867], [-73.9960459, 40.7515825]]]}},
{"type": "Feature", "properties": {"level": "platform", "type": "column", "platform": "6", "source": "Moynihan Station EA, Figure 3-4, February 2010, PDF page 2"}, "geometry": {"type": "Polygon", "coordinates": [[[-73.9959813, 40.7515554], [-73.9959758, 40.751553], [-73.9959728, 40.751557], [-73.9959784, 40.7515594], [-73.9959813, 40.7515554]]]}},
{"type": "Feature", "properties": {"level": "platform", "type": "column", "platform": "5", "source": "Moynihan Station EA, Figure 3-4, February 2010, PDF page 2"}, "geometry": {"type": "Polygon", "coordinates": [[[-73.9968015, 40.7518095], [-73.9967974, 40.7518077], [-73.9967947, 40.7518114], [-73.9967988, 40.7518131], [-73.9968015, 40.7518095]]]}},
{"type": "Feature", "properties": {"level": "platform", "type": "column", "platform": "5", "source": "Moynihan Station EA, Figure 3-4, February 2010, PDF page 2"}, "geometry": {"type": "Polygon", "coordinates": [[[-73.9965963, 40.7516937], [-73.9965883, 40.7516903], [-73.9965843, 40.7516958], [-73.9965922, 40.7516992], [-73.9965963, 40.7516937]]]}},
{"type": "Feature", "properties": {"level": "platform", "type": "column", "platform": "5", "source": "Moynihan Station EA, Figure 3-4, February 2010, PDF page 2"}, "geometry": {"type": "Polygon", "coordinates": [[[-73.9965358, 40.7516623], [-73.9965272, 40.7516586], [-73.9965232, 40.7516639], [-73.9965319, 40.7516676], [-73.9965358, 40.7516623]]]}},
{"type": "Feature", "properties": {"level": "platform", "type": "column", "platform": "5", "source": "Moynihan Station EA, Figure 3-4, February 2010, PDF page 2"}, "geometry": {"type": "Polygon", "coordinates": [[[-73.9964741, 40.7516318], [-73.9964661, 40.7516284], [-73.9964626, 40.7516332], [-73.9964706, 40.7516366], [-73.9964741, 40.7516318]]]}},
{"type": "Feature", "properties": {"level": "platform", "type": "column", "platform": "5", "source": "Moynihan Station EA, Figure 3-4, February 2010, PDF page 2"}, "geometry": {"type": "Polygon", "coordinates": [[[-73.9964096, 40.7516042], [-73.9964031, 40.7516015], [-73.9963996, 40.7516062], [-73.9964061, 40.751609], [-73.9964096, 40.7516042]]]}},
{"type": "Feature", "properties": {"level": "platform", "type": "column", "platform": "5", "source": "Moynihan Station EA, Figure 3-4, February 2010, PDF page 2"}, "geometry": {"type": "Polygon", "coordinates": [[[-73.995662, 40.751288], [-73.9956571, 40.7512859], [-73.9956544, 40.7512896], [-73.9956592, 40.7512916], [-73.995662, 40.751288]]]}},
{"type": "Feature", "properties": {"level": "platform", "type": "column", "platform": "5", "source": "Moynihan Station EA, Figure 3-4, February 2010, PDF page 2"}, "geometry": {"type": "Polygon", "coordinates": [[[-73.9963484, 40.7515751], [-73.9963407, 40.7515719], [-73.9963372, 40.7515766], [-73.9963449, 40.7515799], [-73.9963484, 40.7515751]]]}},
{"type": "Feature", "properties": {"level": "platform", "type": "column", "platform": "5", "source": "Moynihan Station EA, Figure 3-4, February 2010, PDF page 2"}, "geometry": {"type": "Polygon", "coordinates": [[[-73.9962889, 40.7515473], [-73.9962819, 40.7515443], [-73.9962785, 40.7515489], [-73.9962855, 40.7515518], [-73.9962889, 40.7515473]]]}},
{"type": "Feature", "properties": {"level": "platform", "type": "column", "platform": "5", "source": "Moynihan Station EA, Figure 3-4, February 2010, PDF page 2"}, "geometry": {"type": "Polygon", "coordinates": [[[-73.9957878, 40.7513358], [-73.995783, 40.7513338], [-73.9957803, 40.7513374], [-73.9957851, 40.7513395], [-73.9957878, 40.7513358]]]}},
{"type": "Feature", "properties": {"level": "platform", "type": "column", "platform": "5", "source": "Moynihan Station EA, Figure 3-4, February 2010, PDF page 2"}, "geometry": {"type": "Polygon", "coordinates": [[[-73.9950831, 40.7510344], [-73.9950768, 40.7510317], [-73.9950732, 40.7510367], [-73.9950794, 40.7510393], [-73.9950831, 40.7510344]]]}},
{"type": "Feature", "properties": {"level": "platform", "type": "column", "platform": "5", "source": "Moynihan Station EA, Figure 3-4, February 2010, PDF page 2"}, "geometry": {"type": "Polygon", "coordinates": [[[-73.9951446, 40.7510605], [-73.9951383, 40.7510578], [-73.9951348, 40.7510626], [-73.9951411, 40.7510652], [-73.9951446, 40.7510605]]]}},
{"type": "Feature", "properties": {"level": "platform", "type": "column", "platform": "5", "source": "Moynihan Station EA, Figure 3-4, February 2010, PDF page 2"}, "geometry": {"type": "Polygon", "coordinates": [[[-73.9947599, 40.7508974], [-73.9947536, 40.7508947], [-73.9947501, 40.7508995], [-73.9947564, 40.7509021], [-73.9947599, 40.7508974]]]}},
{"type": "Feature", "properties": {"level": "platform", "type": "column", "platform": "5", "source": "Moynihan Station EA, Figure 3-4, February 2010, PDF page 2"}, "geometry": {"type": "Polygon", "coordinates": [[[-73.9952061, 40.7510865], [-73.9951996, 40.7510838], [-73.9951961, 40.7510885], [-73.9952026, 40.7510913], [-73.9952061, 40.7510865]]]}},
{"type": "Feature", "properties": {"level": "platform", "type": "column", "platform": "5", "source": "Moynihan Station EA, Figure 3-4, February 2010, PDF page 2"}, "geometry": {"type": "Polygon", "coordinates": [[[-73.9959407, 40.7513977], [-73.9959337, 40.7513948], [-73.9959302, 40.7513995], [-73.9959372, 40.7514025], [-73.9959407, 40.7513977]]]}},
{"type": "Feature", "properties": {"level": "platform", "type": "column", "platform": "5", "source": "Moynihan Station EA, Figure 3-4, February 2010, PDF page 2"}, "geometry": {"type": "Polygon", "coordinates": [[[-73.9959337, 40.7513948], [-73.9959267, 40.7513918], [-73.9959232, 40.7513966], [-73.9959302, 40.7513995], [-73.9959337, 40.7513948]]]}},
{"type": "Feature", "properties": {"level": "platform", "type": "column", "platform": "5", "source": "Moynihan Station EA, Figure 3-4, February 2010, PDF page 2"}, "geometry": {"type": "Polygon", "coordinates": [[[-73.9961801, 40.751499], [-73.9961719, 40.7514955], [-73.9961682, 40.7515005], [-73.9961764, 40.7515039], [-73.9961801, 40.751499]]]}},
{"type": "Feature", "properties": {"level": "platform", "type": "column", "platform": "5", "source": "Moynihan Station EA, Figure 3-4, February 2010, PDF page 2"}, "geometry": {"type": "Polygon", "coordinates": [[[-73.996229, 40.7515198], [-73.9962211, 40.7515164], [-73.9962176, 40.7515211], [-73.9962255, 40.7515245], [-73.996229, 40.7515198]]]}},
{"type": "Feature", "properties": {"level": "platform", "type": "column", "platform": "5", "source": "Moynihan Station EA, Figure 3-4, February 2010, PDF page 2"}, "geometry": {"type": "Polygon", "coordinates": [[[-73.9960407, 40.7514406], [-73.9960352, 40.7514383], [-73.9960321, 40.7514425], [-73.9960376, 40.7514448], [-73.9960407, 40.7514406]]]}},
{"type": "Feature", "properties": {"level": "platform", "type": "column", "platform": "5", "source": "Moynihan Station EA, Figure 3-4, February 2010, PDF page 2"}, "geometry": {"type": "Polygon", "coordinates": [[[-73.9960603, 40.7514485], [-73.9960545, 40.751446], [-73.9960511, 40.7514506], [-73.9960569, 40.751453], [-73.9960603, 40.7514485]]]}},
{"type": "Feature", "properties": {"level": "platform", "type": "column", "platform": "5", "source": "Moynihan Station EA, Figure 3-4, February 2010, PDF page 2"}, "geometry": {"type": "Polygon", "coordinates": [[[-73.9961247, 40.7514758], [-73.9961194, 40.7514735], [-73.9961163, 40.7514777], [-73.9961216, 40.75148], [-73.9961247, 40.7514758]]]}},
{"type": "Feature", "properties": {"level": "platform", "type": "column", "platform": "5", "source": "Moynihan Station EA, Figure 3-4, February 2010, PDF page 2"}, "geometry": {"type": "Polygon", "coordinates": [[[-73.9956087, 40.7512512], [-73.9956038, 40.7512492], [-73.9956011, 40.7512528], [-73.995606, 40.7512549], [-73.9956087, 40.7512512]]]}},
{"type": "Feature", "properties": {"level": "platform", "type": "column", "platform": "5", "source": "Moynihan Station EA, Figure 3-4, February 2010, PDF page 2"}, "geometry": {"type": "Polygon", "coordinates": [[[-73.9956748, 40.7512706], [-73.9956699, 40.7512686], [-73.9956674, 40.751272], [-73.9956722, 40.7512741], [-73.9956748, 40.7512706]]]}},
{"type": "Feature", "properties": {"level": "platform", "type": "column", "platform": "5", "source": "Moynihan Station EA, Figure 3-4, February 2010, PDF page 2"}, "geometry": {"type": "Polygon", "coordinates": [[[-73.9957994, 40.7513201], [-73.9957946, 40.7513181], [-73.9957919, 40.7513217], [-73.9957967, 40.7513238], [-73.9957994, 40.7513201]]]}},
{"type": "Feature", "properties": {"level": "platform", "type": "column", "platform": "4", "source": "Moynihan Station EA, Figure 3-4, February 2010, PDF page 2"}, "geometry": {"type": "Polygon", "coordinates": [[[-73.9957412, 40.7511807], [-73.9957364, 40.7511786], [-73.9957338, 40.7511821], [-73.9957386, 40.7511842], [-73.9957412, 40.7511807]]]}},
{"type": "Feature", "properties": {"level": "platform", "type": "column", "platform": "4", "source": "Moynihan Station EA, Figure 3-4, February 2010, PDF page 2"}, "geometry": {"type": "Polygon", "coordinates": [[[-73.9959217, 40.7512541], [-73.9959152, 40.7512513], [-73.9959115, 40.7512563], [-73.995918, 40.751259], [-73.9959217, 40.7512541]]]}},
{"type": "Feature", "properties": {"level": "platform", "type": "column", "platform": "4", "source": "Moynihan Station EA, Figure 3-4, February 2010, PDF page 2"}, "geometry": {"type": "Polygon", "coordinates": [[[-73.9952226, 40.7509544], [-73.9952164, 40.7509517], [-73.9952127, 40.7509566], [-73.995219, 40.7509593], [-73.9952226, 40.7509544]]]}},
{"type": "Feature", "properties": {"level": "platform", "type": "column", "platform": "4", "source": "Moynihan Station EA, Figure 3-4, February 2010, PDF page 2"}, "geometry": {"type": "Polygon", "coordinates": [[[-73.9951614, 40.7509284], [-73.9951549, 40.7509256], [-73.9951512, 40.7509306], [-73.9951577, 40.7509333], [-73.9951614, 40.7509284]]]}},
{"type": "Feature", "properties": {"level": "platform", "type": "column", "platform": "4", "source": "Moynihan Station EA, Figure 3-4, February 2010, PDF page 2"}, "geometry": {"type": "Polygon", "coordinates": [[[-73.9956191, 40.7511227], [-73.9956125, 40.7511199], [-73.995609, 40.7511247], [-73.9956155, 40.7511274], [-73.9956191, 40.7511227]]]}},
{"type": "Feature", "properties": {"level": "platform", "type": "column", "platform": "4", "source": "Moynihan Station EA, Figure 3-4, February 2010, PDF page 2"}, "geometry": {"type": "Polygon", "coordinates": [[[-73.9956865, 40.751151], [-73.9956802, 40.7511484], [-73.9956767, 40.7511531], [-73.995683, 40.7511558], [-73.9956865, 40.751151]]]}},
{"type": "Feature", "properties": {"level": "platform", "type": "column", "platform": "4", "source": "Moynihan Station EA, Figure 3-4, February 2010, PDF page 2"}, "geometry": {"type": "Polygon", "coordinates": [[[-73.995284, 40.7509802], [-73.9952775, 40.7509774], [-73.9952739, 40.7509823], [-73.9952804, 40.7509851], [-73.995284, 40.7509802]]]}},
{"type": "Feature", "properties": {"level": "platform", "type": "column", "platform": "4", "source": "Moynihan Station EA, Figure 3-4, February 2010, PDF page 2"}, "geometry": {"type": "Polygon", "coordinates": [[[-73.9955523, 40.7510939], [-73.995546, 40.7510912], [-73.9955423, 40.7510961], [-73.9955486, 40.7510988], [-73.9955523, 40.7510939]]]}},
{"type": "Feature", "properties": {"level": "platform", "type": "column", "platform": "4", "source": "Moynihan Station EA, Figure 3-4, February 2010, PDF page 2"}, "geometry": {"type": "Polygon", "coordinates": [[[-73.9953728, 40.7510183], [-73.995368, 40.7510162], [-73.9953653, 40.7510199], [-73.9953701, 40.7510219], [-73.9953728, 40.7510183]]]}},
{"type": "Feature", "properties": {"level": "platform", "type": "column", "platform": "4", "source": "Moynihan Station EA, Figure 3-4, February 2010, PDF page 2"}, "geometry": {"type": "Polygon", "coordinates": [[[-73.9948415, 40.7507868], [-73.9948353, 40.7507841], [-73.9948318, 40.7507889], [-73.994838, 40.7507916], [-73.9948415, 40.7507868]]]}},
{"type": "Feature", "properties": {"level": "platform", "type": "column", "platform": "4", "source": "Moynihan Station EA, Figure 3-4, February 2010, PDF page 2"}, "geometry": {"type": "Polygon", "coordinates": [[[-73.9957509, 40.7511675], [-73.9957461, 40.7511655], [-73.9957434, 40.7511691], [-73.9957482, 40.7511712], [-73.9957509, 40.7511675]]]}},
{"type": "Feature", "properties": {"level": "platform", "type": "column", "platform": "", "source": "Moynihan Station EA, Figure 3-4, February 2010, PDF page 2"}, "geometry": {"type": "Polygon", "coordinates": [[[-73.9970224, 40.7515683], [-73.9970161, 40.7515657], [-73.9970125, 40.7515706], [-73.9970187, 40.7515733], [-73.9970224, 40.7515683]]]}},
{"type": "Feature", "properties": {"level": "platform", "type": "column", "platform": "3", "source": "Moynihan Station EA, Figure 3-4, February 2010, PDF page 2"}, "geometry": {"type": "Polygon", "coordinates": [[[-73.9954363, 40.750895], [-73.9954284, 40.7508916], [-73.9954247, 40.7508965], [-73.9954327, 40.7508999], [-73.9954363, 40.750895]]]}},
{"type": "Feature", "properties": {"level": "platform", "type": "column", "platform": "3", "source": "Moynihan Station EA, Figure 3-4, February 2010, PDF page 2"}, "geometry": {"type": "Polygon", "coordinates": [[[-73.9955, 40.7509219], [-73.9954942, 40.7509195], [-73.9954911, 40.7509237], [-73.9954969, 40.7509262], [-73.9955, 40.7509219]]]}},
{"type": "Feature", "properties": {"level": "platform", "type": "column", "platform": "", "source": "Moynihan Station EA, Figure 3-4, February 2010, PDF page 2"}, "geometry": {"type": "Polygon", "coordinates": [[[-73.9969638, 40.7515353], [-73.996957, 40.7515325], [-73.9969535, 40.7515372], [-73.9969603, 40.7515401], [-73.9969638, 40.7515353]]]}},
{"type": "Feature", "properties": {"level": "platform", "type": "column", "platform": "3", "source": "Moynihan Station EA, Figure 3-4, February 2010, PDF page 2"}, "geometry": {"type": "Polygon", "coordinates": [[[-73.9953117, 40.7508347], [-73.9953037, 40.7508313], [-73.9953001, 40.7508362], [-73.995308, 40.7508396], [-73.9953117, 40.7508347]]]}},
{"type": "Feature", "properties": {"level": "platform", "type": "column", "platform": "3", "source": "Moynihan Station EA, Figure 3-4, February 2010, PDF page 2"}, "geometry": {"type": "Polygon", "coordinates": [[[-73.9952495, 40.7508083], [-73.9952432, 40.7508056], [-73.9952397, 40.7508104], [-73.995246, 40.7508131], [-73.9952495, 40.7508083]]]}},
{"type": "Feature", "properties": {"level": "platform", "type": "column", "platform": "3", "source": "Moynihan Station EA, Figure 3-4, February 2010, PDF page 2"}, "geometry": {"type": "Polygon", "coordinates": [[[-73.9953736, 40.7508607], [-73.9953656, 40.7508573], [-73.9953621, 40.7508621], [-73.9953701, 40.7508654], [-73.9953736, 40.7508607]]]}},
{"type": "Feature", "properties": {"level": "platform", "type": "column", "platform": "3", "source": "Moynihan Station EA, Figure 3-4, February 2010, PDF page 2"}, "geometry": {"type": "Polygon", "coordinates": [[[-73.9949311, 40.7506656], [-73.9949248, 40.750663], [-73.9949213, 40.7506677], [-73.9949275, 40.7506704], [-73.9949311, 40.7506656]]]}},
{"type": "Feature", "properties": {"level": "platform", "type": "column", "platform": "", "source": "Moynihan Station EA, Figure 3-4, February 2010, PDF page 2"}, "geometry": {"type": "Polygon", "coordinates": [[[-73.9969046, 40.7515018], [-73.9968978, 40.751499], [-73.9968943, 40.7515037], [-73.9969011, 40.7515066], [-73.9969046, 40.7515018]]]}},
{"type": "Feature", "properties": {"level": "platform", "type": "column", "platform": "", "source": "Moynihan Station EA, Figure 3-4, February 2010, PDF page 2"}, "geometry": {"type": "Polygon", "coordinates": [[[-73.9964725, 40.7513115], [-73.9964677, 40.7513094], [-73.996465, 40.7513131], [-73.9964699, 40.7513151], [-73.9964725, 40.7513115]]]}},
{"type": "Feature", "properties": {"level": "platform", "type": "column", "platform": "", "source": "Moynihan Station EA, Figure 3-4, February 2010, PDF page 2"}, "geometry": {"type": "Polygon", "coordinates": [[[-73.9968459, 40.7514685], [-73.9968384, 40.7514654], [-73.996835, 40.7514699], [-73.9968425, 40.7514731], [-73.9968459, 40.7514685]]]}},
{"type": "Feature", "properties": {"level": "platform", "type": "column", "platform": "", "source": "Moynihan Station EA, Figure 3-4, February 2010, PDF page 2"}, "geometry": {"type": "Polygon", "coordinates": [[[-73.9967865, 40.7514345], [-73.9967802, 40.7514318], [-73.9967766, 40.7514368], [-73.9967828, 40.7514394], [-73.9967865, 40.7514345]]]}},
{"type": "Feature", "properties": {"level": "platform", "type": "column", "platform": "", "source": "Moynihan Station EA, Figure 3-4, February 2010, PDF page 2"}, "geometry": {"type": "Polygon", "coordinates": [[[-73.9967273, 40.7514015], [-73.9967207, 40.7513987], [-73.9967174, 40.7514033], [-73.9967239, 40.751406], [-73.9967273, 40.7514015]]]}},
{"type": "Feature", "properties": {"level": "platform", "type": "column", "platform": "diagonal", "source": "Moynihan Station EA, Figure 3-4, February 2010, PDF page 2"}, "geometry": {"type": "Polygon", "coordinates": [[[-73.9961441, 40.7511216], [-73.9961375, 40.7511188], [-73.996134, 40.7511236], [-73.9961405, 40.7511263], [-73.9961441, 40.7511216]]]}},
{"type": "Feature", "properties": {"level": "platform", "type": "column", "platform": "diagonal", "source": "Moynihan Station EA, Figure 3-4, February 2010, PDF page 2"}, "geometry": {"type": "Polygon", "coordinates": [[[-73.9961375, 40.7511188], [-73.9961308, 40.7511159], [-73.9961273, 40.7511207], [-73.996134, 40.7511236], [-73.9961375, 40.7511188]]]}},
{"type": "Feature", "properties": {"level": "platform", "type": "column", "platform": "diagonal", "source": "Moynihan Station EA, Figure 3-4, February 2010, PDF page 2"}, "geometry": {"type": "Polygon", "coordinates": [[[-73.9960556, 40.7510737], [-73.9960493, 40.7510711], [-73.9960458, 40.7510758], [-73.996052, 40.7510785], [-73.9960556, 40.7510737]]]}},
{"type": "Feature", "properties": {"level": "platform", "type": "column", "platform": "diagonal", "source": "Moynihan Station EA, Figure 3-4, February 2010, PDF page 2"}, "geometry": {"type": "Polygon", "coordinates": [[[-73.9960055, 40.7510463], [-73.9959988, 40.7510434], [-73.9959951, 40.7510483], [-73.9960019, 40.7510512], [-73.9960055, 40.7510463]]]}},
{"type": "Feature", "properties": {"level": "platform", "type": "column", "platform": "diagonal", "source": "Moynihan Station EA, Figure 3-4, February 2010, PDF page 2"}, "geometry": {"type": "Polygon", "coordinates": [[[-73.9963927, 40.7512104], [-73.9963866, 40.7512078], [-73.9963833, 40.7512124], [-73.9963893, 40.751215], [-73.9963927, 40.7512104]]]}},
{"type": "Feature", "properties": {"level": "platform", "type": "column", "platform": "diagonal", "source": "Moynihan Station EA, Figure 3-4, February 2010, PDF page 2"}, "geometry": {"type": "Polygon", "coordinates": [[[-73.9959479, 40.7510154], [-73.9959414, 40.7510126], [-73.9959377, 40.7510175], [-73.9959443, 40.7510203], [-73.9959479, 40.7510154]]]}},
{"type": "Feature", "properties": {"level": "platform", "type": "column", "platform": "diagonal", "source": "Moynihan Station EA, Figure 3-4, February 2010, PDF page 2"}, "geometry": {"type": "Polygon", "coordinates": [[[-73.9958903, 40.750984], [-73.995884, 40.7509813], [-73.9958805, 40.7509861], [-73.9958868, 40.7509887], [-73.9958903, 40.750984]]]}},
{"type": "Feature", "properties": {"level": "platform", "type": "column", "platform": "diagonal", "source": "Moynihan Station EA, Figure 3-4, February 2010, PDF page 2"}, "geometry": {"type": "Polygon", "coordinates": [[[-73.9961187, 40.7510791], [-73.9961146, 40.7510774], [-73.9961122, 40.7510807], [-73.9961163, 40.7510824], [-73.9961187, 40.7510791]]]}},
{"type": "Feature", "properties": {"level": "platform", "type": "column", "platform": "diagonal", "source": "Moynihan Station EA, Figure 3-4, February 2010, PDF page 2"}, "geometry": {"type": "Polygon", "coordinates": [[[-73.995833, 40.7509527], [-73.9958264, 40.75095], [-73.9958228, 40.7509549], [-73.9958293, 40.7509576], [-73.995833, 40.7509527]]]}},
{"type": "Feature", "properties": {"level": "platform", "type": "column", "platform": "diagonal", "source": "Moynihan Station EA, Figure 3-4, February 2010, PDF page 2"}, "geometry": {"type": "Polygon", "coordinates": [[[-73.9957696, 40.7509189], [-73.9957631, 40.7509161], [-73.9957596, 40.7509209], [-73.9957661, 40.7509236], [-73.9957696, 40.7509189]]]}},
{"type": "Feature", "properties": {"level": "platform", "type": "column", "platform": "diagonal", "source": "Moynihan Station EA, Figure 3-4, February 2010, PDF page 2"}, "geometry": {"type": "Polygon", "coordinates": [[[-73.9957067, 40.7508848], [-73.9957004, 40.7508821], [-73.9956969, 40.7508869], [-73.9957032, 40.7508895], [-73.9957067, 40.7508848]]]}},
{"type": "Feature", "properties": {"level": "platform", "type": "column", "platform": "diagonal", "source": "Moynihan Station EA, Figure 3-4, February 2010, PDF page 2"}, "geometry": {"type": "Polygon", "coordinates": [[[-73.9961323, 40.7510607], [-73.9961282, 40.7510589], [-73.9961258, 40.7510622], [-73.9961299, 40.751064], [-73.9961323, 40.7510607]]]}},
{"type": "Feature", "properties": {"level": "platform", "type": "column", "platform": "diagonal", "source": "Moynihan Station EA, Figure 3-4, February 2010, PDF page 2"}, "geometry": {"type": "Polygon", "coordinates": [[[-73.9956438, 40.7508507], [-73.9956376, 40.750848], [-73.9956341, 40.7508528], [-73.9956403, 40.7508555], [-73.9956438, 40.7508507]]]}},
{"type": "Feature", "properties": {"level": "platform", "type": "column", "platform": "diagonal", "source": "Moynihan Station EA, Figure 3-4, February 2010, PDF page 2"}, "geometry": {"type": "Polygon", "coordinates": [[[-73.9955812, 40.7508167], [-73.9955747, 40.7508139], [-73.9955712, 40.7508187], [-73.9955777, 40.7508215], [-73.9955812, 40.7508167]]]}},
{"type": "Feature", "properties": {"level": "platform", "type": "column", "platform": "diagonal", "source": "Moynihan Station EA, Figure 3-4, February 2010, PDF page 2"}, "geometry": {"type": "Polygon", "coordinates": [[[-73.995981, 40.7509706], [-73.9959747, 40.7509679], [-73.9959712, 40.7509727], [-73.9959775, 40.7509753], [-73.995981, 40.7509706]]]}},
{"type": "Feature", "properties": {"level": "platform", "type": "column", "platform": "diagonal", "source": "Moynihan Station EA, Figure 3-4, February 2010, PDF page 2"}, "geometry": {"type": "Polygon", "coordinates": [[[-73.9961839, 40.7510561], [-73.9961773, 40.7510534], [-73.9961737, 40.7510583], [-73.9961802, 40.751061], [-73.9961839, 40.7510561]]]}},
{"type": "Feature", "properties": {"level": "platform", "type": "column", "platform": "diagonal", "source": "Moynihan Station EA, Figure 3-4, February 2010, PDF page 2"}, "geometry": {"type": "Polygon", "coordinates": [[[-73.9960956, 40.7510187], [-73.9960891, 40.7510159], [-73.9960854, 40.7510209], [-73.9960919, 40.7510236], [-73.9960956, 40.7510187]]]}},
{"type": "Feature", "properties": {"level": "platform", "type": "column", "platform": "diagonal", "source": "Moynihan Station EA, Figure 3-4, February 2010, PDF page 2"}, "geometry": {"type": "Polygon", "coordinates": [[[-73.9960426, 40.750996], [-73.9960364, 40.7509934], [-73.9960327, 40.7509983], [-73.996039, 40.7510009], [-73.9960426, 40.750996]]]}},
{"type": "Feature", "properties": {"level": "platform", "type": "column", "platform": "diagonal", "source": "Moynihan Station EA, Figure 3-4, February 2010, PDF page 2"}, "geometry": {"type": "Polygon", "coordinates": [[[-73.9961906, 40.751059], [-73.9961839, 40.7510561], [-73.9961803, 40.7510609], [-73.9961871, 40.7510637], [-73.9961906, 40.751059]]]}},
{"type": "Feature", "properties": {"level": "platform", "type": "column", "platform": "diagonal", "source": "Moynihan Station EA, Figure 3-4, February 2010, PDF page 2"}, "geometry": {"type": "Polygon", "coordinates": [[[-73.9959238, 40.7509391], [-73.9959175, 40.7509365], [-73.9959138, 40.7509414], [-73.9959201, 40.7509441], [-73.9959238, 40.7509391]]]}},
{"type": "Feature", "properties": {"level": "platform", "type": "column", "platform": "diagonal", "source": "Moynihan Station EA, Figure 3-4, February 2010, PDF page 2"}, "geometry": {"type": "Polygon", "coordinates": [[[-73.9958662, 40.7509078], [-73.9958599, 40.7509051], [-73.9958563, 40.75091], [-73.9958625, 40.7509127], [-73.9958662, 40.7509078]]]}},
{"type": "Feature", "properties": {"level": "platform", "type": "column", "platform": "diagonal", "source": "Moynihan Station EA, Figure 3-4, February 2010, PDF page 2"}, "geometry": {"type": "Polygon", "coordinates": [[[-73.9961795, 40.7510397], [-73.9961754, 40.7510379], [-73.996173, 40.7510412], [-73.9961771, 40.7510429], [-73.9961795, 40.7510397]]]}},
{"type": "Feature", "properties": {"level": "platform", "type": "column", "platform": "diagonal", "source": "Moynihan Station EA, Figure 3-4, February 2010, PDF page 2"}, "geometry": {"type": "Polygon", "coordinates": [[[-73.9961021, 40.7510039], [-73.996098, 40.7510022], [-73.9960957, 40.7510053], [-73.9960998, 40.751007], [-73.9961021, 40.7510039]]]}},
{"type": "Feature", "properties": {"level": "platform", "type": "column", "platform": "diagonal", "source": "Moynihan Station EA, Figure 3-4, February 2010, PDF page 2"}, "geometry": {"type": "Polygon", "coordinates": [[[-73.9960676, 40.7509893], [-73.9960635, 40.7509876], [-73.9960612, 40.7509907], [-73.9960653, 40.7509924], [-73.9960676, 40.7509893]]]}},
{"type": "Feature", "properties": {"level": "platform", "type": "column", "platform": "diagonal", "source": "Moynihan Station EA, Figure 3-4, February 2010, PDF page 2"}, "geometry": {"type": "Polygon", "coordinates": [[[-73.9957309, 40.7508353], [-73.9957247, 40.7508326], [-73.9957211, 40.7508374], [-73.9957274, 40.75084], [-73.9957309, 40.7508353]]]}},
{"type": "Feature", "properties": {"level": "platform", "type": "column", "platform": "diagonal", "source": "Moynihan Station EA, Figure 3-4, February 2010, PDF page 2"}, "geometry": {"type": "Polygon", "coordinates": [[[-73.995668, 40.7508012], [-73.9956618, 40.7507985], [-73.9956583, 40.7508033], [-73.9956645, 40.750806], [-73.995668, 40.7508012]]]}},
{"type": "Feature", "properties": {"level": "platform", "type": "column", "platform": "diagonal", "source": "Moynihan Station EA, Figure 3-4, February 2010, PDF page 2"}, "geometry": {"type": "Polygon", "coordinates": [[[-73.9959657, 40.7509291], [-73.9959616, 40.7509273], [-73.9959593, 40.7509304], [-73.9959634, 40.7509322], [-73.9959657, 40.7509291]]]}},
{"type": "Feature", "properties": {"level": "platform", "type": "column", "platform": "diagonal", "source": "Moynihan Station EA, Figure 3-4, February 2010, PDF page 2"}, "geometry": {"type": "Polygon", "coordinates": [[[-73.9958979, 40.7509003], [-73.9958938, 40.7508986], [-73.9958915, 40.7509017], [-73.9958956, 40.7509034], [-73.9958979, 40.7509003]]]}},
{"type": "Feature", "properties": {"level": "platform", "type": "column", "platform": "diagonal", "source": "Moynihan Station EA, Figure 3-4, February 2010, PDF page 2"}, "geometry": {"type": "Polygon", "coordinates": [[[-73.9957957, 40.750857], [-73.9957913, 40.7508551], [-73.995789, 40.7508582], [-73.9957934, 40.7508601], [-73.9957957, 40.750857]]]}},
{"type": "Feature", "properties": {"level": "platform", "type": "column", "platform": "diagonal", "source": "Moynihan Station EA, Figure 3-4, February 2010, PDF page 2"}, "geometry": {"type": "Polygon", "coordinates": [[[-73.9957121, 40.7508187], [-73.9957078, 40.7508169], [-73.9957055, 40.75082], [-73.9957098, 40.7508218], [-73.9957121, 40.7508187]]]}},
{"type": "Feature", "properties": {"level": "platform", "type": "column", "platform": "diagonal", "source": "Moynihan Station EA, Figure 3-4, February 2010, PDF page 2"}, "geometry": {"type": "Polygon", "coordinates": [[[-73.9956214, 40.7507757], [-73.9956153, 40.7507731], [-73.995612, 40.7507777], [-73.995618, 40.7507802], [-73.9956214, 40.7507757]]]}},
{"type": "Feature", "properties": {"level": "platform", "type": "column", "platform": "diagonal", "source": "Moynihan Station EA, Figure 3-4, February 2010, PDF page 2"}, "geometry": {"type": "Polygon", "coordinates": [[[-73.9956058, 40.7507671], [-73.9955988, 40.7507642], [-73.9955949, 40.7507695], [-73.9956019, 40.7507724], [-73.9956058, 40.7507671]]]}},
{"type": "Feature", "properties": {"level": "platform", "type": "column", "platform": "diagonal", "source": "Moynihan Station EA, Figure 3-4, February 2010, PDF page 2"}, "geometry": {"type": "Polygon", "coordinates": [[[-73.9955629, 40.7507441], [-73.9955566, 40.7507415], [-73.9955533, 40.7507461], [-73.9955595, 40.7507487], [-73.9955629, 40.7507441]]]}},
{"type": "Feature", "properties": {"level": "platform", "type": "column", "platform": "diagonal", "source": "Moynihan Station EA, Figure 3-4, February 2010, PDF page 2"}, "geometry": {"type": "Polygon", "coordinates": [[[-73.9955521, 40.7507374], [-73.9955451, 40.7507344], [-73.9955412, 40.7507397], [-73.9955482, 40.7507427], [-73.9955521, 40.7507374]]]}},
{"type": "Feature", "properties": {"level": "platform", "type": "column", "platform": "diagonal", "source": "Moynihan Station EA, Figure 3-4, February 2010, PDF page 2"}, "geometry": {"type": "Polygon", "coordinates": [[[-73.9954999, 40.7507098], [-73.9954937, 40.7507071], [-73.9954903, 40.7507117], [-73.9954966, 40.7507143], [-73.9954999, 40.7507098]]]}},
{"type": "Feature", "properties": {"level": "platform", "type": "column", "platform": "diagonal", "source": "Moynihan Station EA, Figure 3-4, February 2010, PDF page 2"}, "geometry": {"type": "Polygon", "coordinates": [[[-73.9954891, 40.7507035], [-73.9954821, 40.7507005], [-73.9954783, 40.7507056], [-73.9954853, 40.7507086], [-73.9954891, 40.7507035]]]}},
{"type": "Feature", "properties": {"level": "platform", "type": "elevator", "platform": "", "source": "Moynihan Station EA, Figure 3-4, February 2010, PDF page 2"}, "geometry": {"type": "Polygon", "coordinates": [[[-73.996746, 40.7514584], [-73.996699, 40.7514384], [-73.9966902, 40.7514503], [-73.9967372, 40.7514702], [-73.996746, 40.7514584]]]}},
{"type": "Feature", "properties": {"level": "platform", "type": "wall", "platform": "", "color": "#6e6e70", "source": "Moynihan Station EA, Figure 3-4, February 2010, PDF page 2"}, "geometry": {"type": "LineString", "coordinates": [[-73.997394, 40.7517688], [-73.9973975, 40.7517641]]}},
{"type": "Feature", "properties": {"level": "platform", "type": "wall", "platform": "", "color": "#6e6e70", "source": "Moynihan Station EA, Figure 3-4, February 2010, PDF page 2"}, "geometry": {"type": "LineString", "coordinates": [[-73.9973853, 40.7517807], [-73.9973888, 40.751776]]}},
{"type": "Feature", "properties": {"level": "platform", "type": "wall", "platform": "", "color": "#6e6e70", "source": "Moynihan Station EA, Figure 3-4, February 2010, PDF page 2"}, "geometry": {"type": "LineString", "coordinates": [[-73.9973763, 40.7517928], [-73.99738, 40.7517879]]}},
{"type": "Feature", "properties": {"level": "platform", "type": "wall", "platform": "", "color": "#6e6e70", "source": "Moynihan Station EA, Figure 3-4, February 2010, PDF page 2"}, "geometry": {"type": "LineString", "coordinates": [[-73.9973728, 40.7517718], [-73.9973798, 40.7517623]]}},
{"type": "Feature", "properties": {"level": "platform", "type": "wall", "platform": "", "color": "#6e6e70", "source": "Moynihan Station EA, Figure 3-4, February 2010, PDF page 2"}, "geometry": {"type": "LineString", "coordinates": [[-73.9973623, 40.7517861], [-73.9973693, 40.7517766]]}},
{"type": "Feature", "properties": {"level": "platform", "type": "wall", "platform": "", "color": "#6e6e70", "source": "Moynihan Station EA, Figure 3-4, February 2010, PDF page 2"}, "geometry": {"type": "LineString", "coordinates": [[-73.996785, 40.75143], [-73.9967847, 40.7514296], [-73.9967839, 40.7514293], [-73.9967833, 40.7514293], [-73.9967822, 40.7514295], [-73.9967817, 40.7514298]]}},
{"type": "Feature", "properties": {"level": "platform", "type": "wall", "platform": "diagonal", "color": "#6e6e70", "source": "Moynihan Station EA, Figure 3-4, February 2010, PDF page 2"}, "geometry": {"type": "LineString", "coordinates": [[-73.9963363, 40.7511191], [-73.9963235, 40.7511136]]}},
{"type": "Feature", "properties": {"level": "platform", "type": "wall", "platform": "diagonal", "color": "#6e6e70", "source": "Moynihan Station EA, Figure 3-4, February 2010, PDF page 2"}, "geometry": {"type": "LineString", "coordinates": [[-73.9963172, 40.751111], [-73.9963047, 40.7511057]]}},
{"type": "Feature", "properties": {"level": "platform", "type": "wall", "platform": "diagonal", "color": "#6e6e70", "source": "Moynihan Station EA, Figure 3-4, February 2010, PDF page 2"}, "geometry": {"type": "LineString", "coordinates": [[-73.9962984, 40.751103], [-73.9962856, 40.7510976]]}},
{"type": "Feature", "properties": {"level": "platform", "type": "wall", "platform": "diagonal", "color": "#6e6e70", "source": "Moynihan Station EA, Figure 3-4, February 2010, PDF page 2"}, "geometry": {"type": "LineString", "coordinates": [[-73.9962399, 40.7511535], [-73.9962446, 40.7511471], [-73.9962443, 40.7511471]]}},
{"type": "Feature", "properties": {"level": "platform", "type": "wall", "platform": "diagonal", "color": "#6e6e70", "source": "Moynihan Station EA, Figure 3-4, February 2010, PDF page 2"}, "geometry": {"type": "LineString", "coordinates": [[-73.9962311, 40.7511491], [-73.9962327, 40.7511478], [-73.9962344, 40.7511472], [-73.9962364, 40.7511466], [-73.9962386, 40.7511463], [-73.9962406, 40.7511462], [-73.9962428, 40.7511466], [-73.9962443, 40.7511471]]}},
{"type": "Feature", "properties": {"level": "platform", "type": "wall", "platform": "diagonal", "color": "#6e6e70", "source": "Moynihan Station EA, Figure 3-4, February 2010, PDF page 2"}, "geometry": {"type": "LineString", "coordinates": [[-73.9962443, 40.7511471], [-73.9962396, 40.7511534]]}},
{"type": "Feature", "properties": {"level": "platform", "type": "wall", "platform": "diagonal", "color": "#6e6e70", "source": "Moynihan Station EA, Figure 3-4, February 2010, PDF page 2"}, "geometry": {"type": "LineString", "coordinates": [[-73.9962794, 40.7510949], [-73.9962668, 40.7510896]]}},
{"type": "Feature", "properties": {"level": "platform", "type": "wall", "platform": "diagonal", "color": "#6e6e70", "source": "Moynihan Station EA, Figure 3-4, February 2010, PDF page 2"}, "geometry": {"type": "LineString", "coordinates": [[-73.9962306, 40.7511489], [-73.9962311, 40.7511476], [-73.9962313, 40.7511462], [-73.9962311, 40.7511449], [-73.9962306, 40.7511435], [-73.9962298, 40.7511422], [-73.9962288, 40.7511411], [-73.9962276, 40.7511402], [-73.9962262, 40.7511394]]}},
{"type": "Feature", "properties": {"level": "platform", "type": "wall", "platform": "diagonal", "color": "#6e6e70", "source": "Moynihan Station EA, Figure 3-4, February 2010, PDF page 2"}, "geometry": {"type": "LineString", "coordinates": [[-73.9962262, 40.7511394], [-73.9962215, 40.7511458]]}},
{"type": "Feature", "properties": {"level": "platform", "type": "wall", "platform": "diagonal", "color": "#6e6e70", "source": "Moynihan Station EA, Figure 3-4, February 2010, PDF page 2"}, "geometry": {"type": "LineString", "coordinates": [[-73.9962262, 40.7511394], [-73.9962258, 40.7511392], [-73.996221, 40.7511456]]}},
{"type": "Feature", "properties": {"level": "platform", "type": "wall", "platform": "diagonal", "color": "#6e6e70", "source": "Moynihan Station EA, Figure 3-4, February 2010, PDF page 2"}, "geometry": {"type": "LineString", "coordinates": [[-73.9962605, 40.751087], [-73.9962478, 40.7510815]]}},
{"type": "Feature", "properties": {"level": "platform", "type": "wall", "platform": "diagonal", "color": "#6e6e70", "source": "Moynihan Station EA, Figure 3-4, February 2010, PDF page 2"}, "geometry": {"type": "LineString", "coordinates": [[-73.9962415, 40.7510789], [-73.9962289, 40.7510736]]}},
{"type": "Feature", "properties": {"level": "platform", "type": "wall", "platform": "diagonal", "color": "#6e6e70", "source": "Moynihan Station EA, Figure 3-4, February 2010, PDF page 2"}, "geometry": {"type": "LineString", "coordinates": [[-73.9962227, 40.7510709], [-73.9962101, 40.7510656]]}},
{"type": "Feature", "properties": {"level": "platform", "type": "wall", "platform": "diagonal", "color": "#6e6e70", "source": "Moynihan Station EA, Figure 3-4, February 2010, PDF page 2"}, "geometry": {"type": "LineString", "coordinates": [[-73.9961842, 40.7510483], [-73.9961941, 40.7510525], [-73.9961906, 40.7510573], [-73.9962036, 40.7510628]]}},
{"type": "Feature", "properties": {"level": "platform", "type": "wall", "platform": "diagonal", "color": "#6e6e70", "source": "Moynihan Station EA, Figure 3-4, February 2010, PDF page 2"}, "geometry": {"type": "LineString", "coordinates": [[-73.9961777, 40.7510456], [-73.9961652, 40.7510403]]}},
{"type": "Feature", "properties": {"level": "platform", "type": "wall", "platform": "diagonal", "color": "#6e6e70", "source": "Moynihan Station EA, Figure 3-4, February 2010, PDF page 2"}, "geometry": {"type": "LineString", "coordinates": [[-73.9961589, 40.7510376], [-73.9961463, 40.7510323]]}},
{"type": "Feature", "properties": {"level": "platform", "type": "wall", "platform": "diagonal", "color": "#6e6e70", "source": "Moynihan Station EA, Figure 3-4, February 2010, PDF page 2"}, "geometry": {"type": "LineString", "coordinates": [[-73.9961401, 40.7510296], [-73.9961273, 40.7510242]]}},
{"type": "Feature", "properties": {"level": "platform", "type": "wall", "platform": "diagonal", "color": "#6e6e70", "source": "Moynihan Station EA, Figure 3-4, February 2010, PDF page 2"}, "geometry": {"type": "LineString", "coordinates": [[-73.996121, 40.7510216], [-73.9961085, 40.7510162]]}},
{"type": "Feature", "properties": {"level": "platform", "type": "wall", "platform": "diagonal", "color": "#6e6e70", "source": "Moynihan Station EA, Figure 3-4, February 2010, PDF page 2"}, "geometry": {"type": "LineString", "coordinates": [[-73.9961022, 40.7510136], [-73.9960894, 40.7510082]]}},
{"type": "Feature", "properties": {"level": "platform", "type": "wall", "platform": "diagonal", "color": "#6e6e70", "source": "Moynihan Station EA, Figure 3-4, February 2010, PDF page 2"}, "geometry": {"type": "LineString", "coordinates": [[-73.9960831, 40.7510055], [-73.9960706, 40.7510002]]}},
{"type": "Feature", "properties": {"level": "platform", "type": "wall", "platform": "diagonal", "color": "#6e6e70", "source": "Moynihan Station EA, Figure 3-4, February 2010, PDF page 2"}, "geometry": {"type": "LineString", "coordinates": [[-73.9960643, 40.7509975], [-73.9960518, 40.7509922]]}},
{"type": "Feature", "properties": {"level": "platform", "type": "wall", "platform": "diagonal", "color": "#6e6e70", "source": "Moynihan Station EA, Figure 3-4, February 2010, PDF page 2"}, "geometry": {"type": "LineString", "coordinates": [[-73.9960239, 40.7509854], [-73.9960326, 40.7509891], [-73.9960354, 40.7509853], [-73.9960453, 40.7509895]]}},
{"type": "Feature", "properties": {"level": "platform", "type": "wall", "platform": "diagonal", "color": "#6e6e70", "source": "Moynihan Station EA, Figure 3-4, February 2010, PDF page 2"}, "geometry": {"type": "LineString", "coordinates": [[-73.9960176, 40.7509828], [-73.9960051, 40.7509774]]}},
{"type": "Feature", "properties": {"level": "platform", "type": "wall", "platform": "diagonal", "color": "#6e6e70", "source": "Moynihan Station EA, Figure 3-4, February 2010, PDF page 2"}, "geometry": {"type": "LineString", "coordinates": [[-73.9959985, 40.7509747], [-73.995986, 40.7509694]]}},
{"type": "Feature", "properties": {"level": "platform", "type": "wall", "platform": "diagonal", "color": "#6e6e70", "source": "Moynihan Station EA, Figure 3-4, February 2010, PDF page 2"}, "geometry": {"type": "LineString", "coordinates": [[-73.9959797, 40.7509667], [-73.9959672, 40.7509614]]}},
{"type": "Feature", "properties": {"level": "platform", "type": "wall", "platform": "diagonal", "color": "#6e6e70", "source": "Moynihan Station EA, Figure 3-4, February 2010, PDF page 2"}, "geometry": {"type": "LineString", "coordinates": [[-73.9959839, 40.7509512], [-73.9959772, 40.7509551]]}},
{"type": "Feature", "properties": {"level": "platform", "type": "wall", "platform": "diagonal", "color": "#6e6e70", "source": "Moynihan Station EA, Figure 3-4, February 2010, PDF page 2"}, "geometry": {"type": "LineString", "coordinates": [[-73.9959419, 40.7509506], [-73.9959293, 40.7509453]]}},
{"type": "Feature", "properties": {"level": "platform", "type": "wall", "platform": "diagonal", "color": "#6e6e70", "source": "Moynihan Station EA, Figure 3-4, February 2010, PDF page 2"}, "geometry": {"type": "LineString", "coordinates": [[-73.995923, 40.7509427], [-73.9959103, 40.7509372]]}},
{"type": "Feature", "properties": {"level": "platform", "type": "wall", "platform": "diagonal", "color": "#6e6e70", "source": "Moynihan Station EA, Figure 3-4, February 2010, PDF page 2"}, "geometry": {"type": "LineString", "coordinates": [[-73.995904, 40.7509346], [-73.9958915, 40.7509293]]}},
{"type": "Feature", "properties": {"level": "platform", "type": "wall", "platform": "diagonal", "color": "#6e6e70", "source": "Moynihan Station EA, Figure 3-4, February 2010, PDF page 2"}, "geometry": {"type": "LineString", "coordinates": [[-73.9958852, 40.7509266], [-73.9958726, 40.7509213]]}},
{"type": "Feature", "properties": {"level": "platform", "type": "wall", "platform": "diagonal", "color": "#6e6e70", "source": "Moynihan Station EA, Figure 3-4, February 2010, PDF page 2"}, "geometry": {"type": "LineString", "coordinates": [[-73.9958661, 40.7509185], [-73.9958536, 40.7509132]]}},
{"type": "Feature", "properties": {"level": "platform", "type": "wall", "platform": "diagonal", "color": "#6e6e70", "source": "Moynihan Station EA, Figure 3-4, February 2010, PDF page 2"}, "geometry": {"type": "LineString", "coordinates": [[-73.9957779, 40.7508811], [-73.995788, 40.7508854]]}},
{"type": "Feature", "properties": {"level": "platform", "type": "wall", "platform": "diagonal", "color": "#6e6e70", "source": "Moynihan Station EA, Figure 3-4, February 2010, PDF page 2"}, "geometry": {"type": "LineString", "coordinates": [[-73.9957716, 40.7508784], [-73.995759, 40.7508731]]}},
{"type": "Feature", "properties": {"level": "platform", "type": "wall", "platform": "4", "color": "#6e6e70", "source": "Moynihan Station EA, Figure 3-4, February 2010, PDF page 2"}, "geometry": {"type": "LineString", "coordinates": [[-73.9955822, 40.7511039], [-73.9956016, 40.7511124], [-73.995602, 40.7511118], [-73.9955825, 40.7511036]]}},
{"type": "Feature", "properties": {"level": "platform", "type": "wall", "platform": "diagonal", "color": "#6e6e70", "source": "Moynihan Station EA, Figure 3-4, February 2010, PDF page 2"}, "geometry": {"type": "LineString", "coordinates": [[-73.9957528, 40.7508705], [-73.9957402, 40.7508652]]}},
{"type": "Feature", "properties": {"level": "platform", "type": "wall", "platform": "diagonal", "color": "#6e6e70", "source": "Moynihan Station EA, Figure 3-4, February 2010, PDF page 2"}, "geometry": {"type": "LineString", "coordinates": [[-73.9957337, 40.7508624], [-73.9957212, 40.7508571]]}},
{"type": "Feature", "properties": {"level": "platform", "type": "wall", "platform": "diagonal", "color": "#6e6e70", "source": "Moynihan Station EA, Figure 3-4, February 2010, PDF page 2"}, "geometry": {"type": "LineString", "coordinates": [[-73.9957149, 40.7508544], [-73.9957024, 40.7508491]]}},
{"type": "Feature", "properties": {"level": "platform", "type": "wall", "platform": "diagonal", "color": "#6e6e70", "source": "Moynihan Station EA, Figure 3-4, February 2010, PDF page 2"}, "geometry": {"type": "LineString", "coordinates": [[-73.9956961, 40.7508464], [-73.9956833, 40.750841]]}},
{"type": "Feature", "properties": {"level": "platform", "type": "wall", "platform": "diagonal", "color": "#6e6e70", "source": "Moynihan Station EA, Figure 3-4, February 2010, PDF page 2"}, "geometry": {"type": "LineString", "coordinates": [[-73.995677, 40.7508384], [-73.9956645, 40.7508331]]}},
{"type": "Feature", "properties": {"level": "platform", "type": "wall", "platform": "diagonal", "color": "#6e6e70", "source": "Moynihan Station EA, Figure 3-4, February 2010, PDF page 2"}, "geometry": {"type": "LineString", "coordinates": [[-73.9956582, 40.7508304], [-73.9956454, 40.750825]]}},
{"type": "Feature", "properties": {"level": "platform", "type": "wall", "platform": "diagonal", "color": "#6e6e70", "source": "Moynihan Station EA, Figure 3-4, February 2010, PDF page 2"}, "geometry": {"type": "LineString", "coordinates": [[-73.9956392, 40.7508223], [-73.9956266, 40.750817]]}},
{"type": "Feature", "properties": {"level": "platform", "type": "wall", "platform": "diagonal", "color": "#6e6e70", "source": "Moynihan Station EA, Figure 3-4, February 2010, PDF page 2"}, "geometry": {"type": "LineString", "coordinates": [[-73.9956203, 40.7508143], [-73.9956076, 40.7508089]]}},
{"type": "Feature", "properties": {"level": "platform", "type": "wall", "platform": "diagonal", "color": "#6e6e70", "source": "Moynihan Station EA, Figure 3-4, February 2010, PDF page 2"}, "geometry": {"type": "LineString", "coordinates": [[-73.9956013, 40.7508063], [-73.9955887, 40.7508009]]}},
{"type": "Feature", "properties": {"level": "platform", "type": "wall", "platform": "diagonal", "color": "#6e6e70", "source": "Moynihan Station EA, Figure 3-4, February 2010, PDF page 2"}, "geometry": {"type": "LineString", "coordinates": [[-73.9955825, 40.7507983], [-73.9955699, 40.750793]]}},
{"type": "Feature", "properties": {"level": "platform", "type": "wall", "platform": "diagonal", "color": "#6e6e70", "source": "Moynihan Station EA, Figure 3-4, February 2010, PDF page 2"}, "geometry": {"type": "LineString", "coordinates": [[-73.9955634, 40.7507902], [-73.9955509, 40.7507849]]}},
{"type": "Feature", "properties": {"level": "platform", "type": "wall", "platform": "diagonal", "color": "#6e6e70", "source": "Moynihan Station EA, Figure 3-4, February 2010, PDF page 2"}, "geometry": {"type": "LineString", "coordinates": [[-73.9955446, 40.7507822], [-73.9955321, 40.7507769]]}},
{"type": "Feature", "properties": {"level": "platform", "type": "wall", "platform": "diagonal", "color": "#6e6e70", "source": "Moynihan Station EA, Figure 3-4, February 2010, PDF page 2"}, "geometry": {"type": "LineString", "coordinates": [[-73.9955258, 40.7507743], [-73.995513, 40.7507688]]}},
{"type": "Feature", "properties": {"level": "platform", "type": "wall", "platform": "diagonal", "color": "#6e6e70", "source": "Moynihan Station EA, Figure 3-4, February 2010, PDF page 2"}, "geometry": {"type": "LineString", "coordinates": [[-73.9955067, 40.7507662], [-73.9954942, 40.7507609]]}},
{"type": "Feature", "properties": {"level": "platform", "type": "wall", "platform": "diagonal", "color": "#6e6e70", "source": "Moynihan Station EA, Figure 3-4, February 2010, PDF page 2"}, "geometry": {"type": "LineString", "coordinates": [[-73.9954879, 40.7507582], [-73.9954751, 40.7507528]]}},
{"type": "Feature", "properties": {"level": "platform", "type": "wall", "platform": "diagonal", "color": "#6e6e70", "source": "Moynihan Station EA, Figure 3-4, February 2010, PDF page 2"}, "geometry": {"type": "LineString", "coordinates": [[-73.9954689, 40.7507501], [-73.9954563, 40.7507448]]}},
{"type": "Feature", "properties": {"level": "platform", "type": "wall", "platform": "11", "color": "#6e6e70", "source": "Moynihan Station EA, Figure 3-4, February 2010, PDF page 2"}, "geometry": {"type": "LineString", "coordinates": [[-73.9943785, 40.7515855], [-73.9943848, 40.7515882]]}},
{"type": "Feature", "properties": {"level": "platform", "type": "wall", "platform": "11", "color": "#6e6e70", "source": "Moynihan Station EA, Figure 3-4, February 2010, PDF page 2"}, "geometry": {"type": "LineString", "coordinates": [[-73.994371, 40.7515975], [-73.9943666, 40.7515956], [-73.9943699, 40.7515908], [-73.9943773, 40.7515936]]}},
{"type": "Feature", "properties": {"level": "platform", "type": "wall", "platform": "11", "color": "#6e6e70", "source": "Moynihan Station EA, Figure 3-4, February 2010, PDF page 2"}, "geometry": {"type": "LineString", "coordinates": [[-73.9943628, 40.7515789], [-73.9943691, 40.7515815]]}},
{"type": "Feature", "properties": {"level": "platform", "type": "wall", "platform": "11", "color": "#6e6e70", "source": "Moynihan Station EA, Figure 3-4, February 2010, PDF page 2"}, "geometry": {"type": "LineString", "coordinates": [[-73.9943517, 40.7515741], [-73.9943519, 40.751574], [-73.994352, 40.7515733], [-73.9943515, 40.7515729], [-73.9943506, 40.7515727], [-73.99435, 40.7515732], [-73.9943499, 40.7515734]]}},
{"type": "Feature", "properties": {"level": "platform", "type": "wall", "platform": "11", "color": "#6e6e70", "source": "Moynihan Station EA, Figure 3-4, February 2010, PDF page 2"}, "geometry": {"type": "LineString", "coordinates": [[-73.9943386, 40.7515852], [-73.9943426, 40.7515861], [-73.9943467, 40.7515857], [-73.994344, 40.7515778]]}},
{"type": "Feature", "properties": {"level": "platform", "type": "wall", "platform": "11", "color": "#6e6e70", "source": "Moynihan Station EA, Figure 3-4, February 2010, PDF page 2"}, "geometry": {"type": "LineString", "coordinates": [[-73.9943313, 40.7515655], [-73.9943375, 40.7515681]]}},
{"type": "Feature", "properties": {"level": "platform", "type": "wall", "platform": "11", "color": "#6e6e70", "source": "Moynihan Station EA, Figure 3-4, February 2010, PDF page 2"}, "geometry": {"type": "LineString", "coordinates": [[-73.9943156, 40.7515588], [-73.9943218, 40.7515615]]}},
{"type": "Feature", "properties": {"level": "platform", "type": "wall", "platform": "11", "color": "#6e6e70", "source": "Moynihan Station EA, Figure 3-4, February 2010, PDF page 2"}, "geometry": {"type": "LineString", "coordinates": [[-73.9942996, 40.7515521], [-73.9943059, 40.7515548]]}},
{"type": "Feature", "properties": {"level": "platform", "type": "wall", "platform": "11", "color": "#6e6e70", "source": "Moynihan Station EA, Figure 3-4, February 2010, PDF page 2"}, "geometry": {"type": "LineString", "coordinates": [[-73.994284, 40.7515454], [-73.9942902, 40.7515481]]}},
{"type": "Feature", "properties": {"level": "platform", "type": "wall", "platform": "11", "color": "#6e6e70", "source": "Moynihan Station EA, Figure 3-4, February 2010, PDF page 2"}, "geometry": {"type": "LineString", "coordinates": [[-73.9942683, 40.7515388], [-73.9942746, 40.7515415]]}},
{"type": "Feature", "properties": {"level": "platform", "type": "wall", "platform": "9", "color": "#6e6e70", "source": "Moynihan Station EA, Figure 3-4, February 2010, PDF page 2"}, "geometry": {"type": "LineString", "coordinates": [[-73.9944256, 40.7513237], [-73.9944259, 40.7513241], [-73.9944268, 40.7513242], [-73.9944275, 40.7513233], [-73.9944269, 40.7513228], [-73.9944263, 40.7513228], [-73.9944256, 40.7513233]]}},
{"type": "Feature", "properties": {"level": "platform", "type": "wall", "platform": "11", "color": "#6e6e70", "source": "Moynihan Station EA, Figure 3-4, February 2010, PDF page 2"}, "geometry": {"type": "LineString", "coordinates": [[-73.9942586, 40.7515347], [-73.9942555, 40.7515334], [-73.9942573, 40.751531]]}},
{"type": "Feature", "properties": {"level": "platform", "type": "wall", "platform": "3", "color": "#6e6e70", "source": "Moynihan Station EA, Figure 3-4, February 2010, PDF page 2"}, "geometry": {"type": "LineString", "coordinates": [[-73.9949104, 40.7506468], [-73.9949069, 40.7506516]]}},
{"type": "Feature", "properties": {"level": "platform", "type": "wall", "platform": "3", "color": "#6e6e70", "source": "Moynihan Station EA, Figure 3-4, February 2010, PDF page 2"}, "geometry": {"type": "LineString", "coordinates": [[-73.9949015, 40.7506589], [-73.994898, 40.7506636]]}},
{"type": "Feature", "properties": {"level": "platform", "type": "wall", "platform": "3", "color": "#6e6e70", "source": "Moynihan Station EA, Figure 3-4, February 2010, PDF page 2"}, "geometry": {"type": "LineString", "coordinates": [[-73.9948928, 40.7506708], [-73.9948892, 40.7506755]]}},
{"type": "Feature", "properties": {"level": "platform", "type": "wall", "platform": "3", "color": "#6e6e70", "source": "Moynihan Station EA, Figure 3-4, February 2010, PDF page 2"}, "geometry": {"type": "LineString", "coordinates": [[-73.994884, 40.7506826], [-73.9948803, 40.7506876]]}},
{"type": "Feature", "properties": {"level": "platform", "type": "wall", "platform": "4", "color": "#6e6e70", "source": "Moynihan Station EA, Figure 3-4, February 2010, PDF page 2"}, "geometry": {"type": "LineString", "coordinates": [[-73.9948309, 40.7507545], [-73.9948274, 40.7507592]]}},
{"type": "Feature", "properties": {"level": "platform", "type": "wall", "platform": "4", "color": "#6e6e70", "source": "Moynihan Station EA, Figure 3-4, February 2010, PDF page 2"}, "geometry": {"type": "LineString", "coordinates": [[-73.9948221, 40.7507663], [-73.9948186, 40.7507711]]}},
{"type": "Feature", "properties": {"level": "platform", "type": "wall", "platform": "4", "color": "#6e6e70", "source": "Moynihan Station EA, Figure 3-4, February 2010, PDF page 2"}, "geometry": {"type": "LineString", "coordinates": [[-73.9948134, 40.7507782], [-73.9948097, 40.7507831]]}},
{"type": "Feature", "properties": {"level": "platform", "type": "wall", "platform": "4", "color": "#6e6e70", "source": "Moynihan Station EA, Figure 3-4, February 2010, PDF page 2"}, "geometry": {"type": "LineString", "coordinates": [[-73.9948045, 40.7507903], [-73.9948009, 40.750795]]}},
{"type": "Feature", "properties": {"level": "platform", "type": "wall", "platform": "5", "color": "#6e6e70", "source": "Moynihan Station EA, Figure 3-4, February 2010, PDF page 2"}, "geometry": {"type": "LineString", "coordinates": [[-73.9947515, 40.7508619], [-73.994748, 40.7508667]]}},
{"type": "Feature", "properties": {"level": "platform", "type": "wall", "platform": "5", "color": "#6e6e70", "source": "Moynihan Station EA, Figure 3-4, February 2010, PDF page 2"}, "geometry": {"type": "LineString", "coordinates": [[-73.9947428, 40.7508738], [-73.9947392, 40.7508786]]}},
{"type": "Feature", "properties": {"level": "platform", "type": "wall", "platform": "5", "color": "#6e6e70", "source": "Moynihan Station EA, Figure 3-4, February 2010, PDF page 2"}, "geometry": {"type": "LineString", "coordinates": [[-73.9947338, 40.7508859], [-73.9947303, 40.7508906]]}},
{"type": "Feature", "properties": {"level": "platform", "type": "wall", "platform": "5", "color": "#6e6e70", "source": "Moynihan Station EA, Figure 3-4, February 2010, PDF page 2"}, "geometry": {"type": "LineString", "coordinates": [[-73.9947251, 40.7508977], [-73.9947216, 40.7509025]]}},
{"type": "Feature", "properties": {"level": "platform", "type": "wall", "platform": "6", "color": "#6e6e70", "source": "Moynihan Station EA, Figure 3-4, February 2010, PDF page 2"}, "geometry": {"type": "LineString", "coordinates": [[-73.9946632, 40.7509814], [-73.9946597, 40.7509862]]}},
{"type": "Feature", "properties": {"level": "platform", "type": "wall", "platform": "6", "color": "#6e6e70", "source": "Moynihan Station EA, Figure 3-4, February 2010, PDF page 2"}, "geometry": {"type": "LineString", "coordinates": [[-73.9946545, 40.7509933], [-73.9946509, 40.7509981]]}},
{"type": "Feature", "properties": {"level": "platform", "type": "wall", "platform": "6", "color": "#6e6e70", "source": "Moynihan Station EA, Figure 3-4, February 2010, PDF page 2"}, "geometry": {"type": "LineString", "coordinates": [[-73.9946457, 40.7510052], [-73.994642, 40.7510101]]}},
{"type": "Feature", "properties": {"level": "platform", "type": "wall", "platform": "7", "color": "#6e6e70", "source": "Moynihan Station EA, Figure 3-4, February 2010, PDF page 2"}, "geometry": {"type": "LineString", "coordinates": [[-73.9945926, 40.751077], [-73.9945891, 40.7510818]]}},
{"type": "Feature", "properties": {"level": "platform", "type": "wall", "platform": "7", "color": "#6e6e70", "source": "Moynihan Station EA, Figure 3-4, February 2010, PDF page 2"}, "geometry": {"type": "LineString", "coordinates": [[-73.9945839, 40.7510889], [-73.9945803, 40.7510937]]}},
{"type": "Feature", "properties": {"level": "platform", "type": "wall", "platform": "7", "color": "#6e6e70", "source": "Moynihan Station EA, Figure 3-4, February 2010, PDF page 2"}, "geometry": {"type": "LineString", "coordinates": [[-73.9945751, 40.7511008], [-73.9945714, 40.7511057]]}},
{"type": "Feature", "properties": {"level": "platform", "type": "wall", "platform": "7", "color": "#6e6e70", "source": "Moynihan Station EA, Figure 3-4, February 2010, PDF page 2"}, "geometry": {"type": "LineString", "coordinates": [[-73.9945662, 40.7511129], [-73.9945627, 40.7511176]]}},
{"type": "Feature", "properties": {"level": "platform", "type": "wall", "platform": "8", "color": "#6e6e70", "source": "Moynihan Station EA, Figure 3-4, February 2010, PDF page 2"}, "geometry": {"type": "LineString", "coordinates": [[-73.9945132, 40.7511845], [-73.9945097, 40.7511892]]}},
{"type": "Feature", "properties": {"level": "platform", "type": "wall", "platform": "8", "color": "#6e6e70", "source": "Moynihan Station EA, Figure 3-4, February 2010, PDF page 2"}, "geometry": {"type": "LineString", "coordinates": [[-73.9945045, 40.7511964], [-73.9945008, 40.7512013]]}},
{"type": "Feature", "properties": {"level": "platform", "type": "wall", "platform": "8", "color": "#6e6e70", "source": "Moynihan Station EA, Figure 3-4, February 2010, PDF page 2"}, "geometry": {"type": "LineString", "coordinates": [[-73.9944956, 40.7512084], [-73.994492, 40.7512132]]}},
{"type": "Feature", "properties": {"level": "platform", "type": "wall", "platform": "8", "color": "#6e6e70", "source": "Moynihan Station EA, Figure 3-4, February 2010, PDF page 2"}, "geometry": {"type": "LineString", "coordinates": [[-73.9944868, 40.7512203], [-73.9944833, 40.7512251]]}},
{"type": "Feature", "properties": {"level": "platform", "type": "wall", "platform": "9", "color": "#6e6e70", "source": "Moynihan Station EA, Figure 3-4, February 2010, PDF page 2"}, "geometry": {"type": "LineString", "coordinates": [[-73.9944249, 40.751304], [-73.9944214, 40.7513088]]}},
{"type": "Feature", "properties": {"level": "platform", "type": "wall", "platform": "9", "color": "#6e6e70", "source": "Moynihan Station EA, Figure 3-4, February 2010, PDF page 2"}, "geometry": {"type": "LineString", "coordinates": [[-73.9944162, 40.7513159], [-73.9944127, 40.7513206]]}},
{"type": "Feature", "properties": {"level": "platform", "type": "wall", "platform": "9", "color": "#6e6e70", "source": "Moynihan Station EA, Figure 3-4, February 2010, PDF page 2"}, "geometry": {"type": "LineString", "coordinates": [[-73.9944073, 40.751328], [-73.9944038, 40.7513327]]}},
{"type": "Feature", "properties": {"level": "platform", "type": "wall", "platform": "10", "color": "#6e6e70", "source": "Moynihan Station EA, Figure 3-4, February 2010, PDF page 2"}, "geometry": {"type": "LineString", "coordinates": [[-73.994372, 40.7513757], [-73.9943685, 40.7513804]]}},
{"type": "Feature", "properties": {"level": "platform", "type": "wall", "platform": "10", "color": "#6e6e70", "source": "Moynihan Station EA, Figure 3-4, February 2010, PDF page 2"}, "geometry": {"type": "LineString", "coordinates": [[-73.9943632, 40.7513875], [-73.9943596, 40.7513925]]}},
{"type": "Feature", "properties": {"level": "platform", "type": "wall", "platform": "10", "color": "#6e6e70", "source": "Moynihan Station EA, Figure 3-4, February 2010, PDF page 2"}, "geometry": {"type": "LineString", "coordinates": [[-73.9943543, 40.7513996], [-73.9943508, 40.7514044]]}},
{"type": "Feature", "properties": {"level": "platform", "type": "wall", "platform": "10", "color": "#6e6e70", "source": "Moynihan Station EA, Figure 3-4, February 2010, PDF page 2"}, "geometry": {"type": "LineString", "coordinates": [[-73.9943456, 40.7514115], [-73.9943421, 40.7514162]]}},
{"type": "Feature", "properties": {"level": "platform", "type": "wall", "platform": "10", "color": "#6e6e70", "source": "Moynihan Station EA, Figure 3-4, February 2010, PDF page 2"}, "geometry": {"type": "LineString", "coordinates": [[-73.9943366, 40.7514235], [-73.9943331, 40.7514283]]}},
{"type": "Feature", "properties": {"level": "platform", "type": "wall", "platform": "10", "color": "#6e6e70", "source": "Moynihan Station EA, Figure 3-4, February 2010, PDF page 2"}, "geometry": {"type": "LineString", "coordinates": [[-73.9943279, 40.7514354], [-73.9943244, 40.7514402]]}},
{"type": "Feature", "properties": {"level": "platform", "type": "wall", "platform": "10", "color": "#6e6e70", "source": "Moynihan Station EA, Figure 3-4, February 2010, PDF page 2"}, "geometry": {"type": "LineString", "coordinates": [[-73.9943191, 40.7514473], [-73.9943156, 40.7514521]]}},
{"type": "Feature", "properties": {"level": "platform", "type": "wall", "platform": "11", "color": "#6e6e70", "source": "Moynihan Station EA, Figure 3-4, February 2010, PDF page 2"}, "geometry": {"type": "LineString", "coordinates": [[-73.9941912, 40.7515501], [-73.9941903, 40.7515492], [-73.9941891, 40.7515491], [-73.9941881, 40.7515497], [-73.9941879, 40.7515508], [-73.9941886, 40.7515516], [-73.99419, 40.7515517], [-73.9941907, 40.7515513]]}},
{"type": "Feature", "properties": {"level": "platform", "type": "wall", "platform": "3", "color": "#6e6e70", "source": "Moynihan Station EA, Figure 3-4, February 2010, PDF page 2"}, "geometry": {"type": "LineString", "coordinates": [[-73.9946198, 40.7505291], [-73.9946112, 40.7505257]]}},
{"type": "Feature", "properties": {"level": "platform", "type": "wall", "platform": "3", "color": "#6e6e70", "source": "Moynihan Station EA, Figure 3-4, February 2010, PDF page 2"}, "geometry": {"type": "LineString", "coordinates": [[-73.9946198, 40.7505291], [-73.994618, 40.750532], [-73.9946095, 40.7505286], [-73.9946112, 40.7505257]]}},
{"type": "Feature", "properties": {"level": "platform", "type": "enclosure", "platform": "", "color": "#6e6e70", "source": "Moynihan Station EA, Figure 3-4, February 2010, PDF page 2"}, "geometry": {"type": "Polygon", "coordinates": [[[-73.9968503, 40.7514668], [-73.9968502, 40.7514661], [-73.9968496, 40.7514656], [-73.9968488, 40.7514655], [-73.9968481, 40.7514659], [-73.996848, 40.7514666], [-73.9968486, 40.751467], [-73.9968494, 40.7514672], [-73.9968503, 40.7514668]]]}},
{"type": "Feature", "properties": {"level": "platform", "type": "enclosure", "platform": "6", "color": "#6e6e70", "source": "Moynihan Station EA, Figure 3-4, February 2010, PDF page 2"}, "geometry": {"type": "Polygon", "coordinates": [[[-73.9965805, 40.7518029], [-73.9965501, 40.75179], [-73.9965466, 40.7517948], [-73.9965769, 40.7518078], [-73.9965805, 40.7518029]]]}},
{"type": "Feature", "properties": {"level": "platform", "type": "enclosure", "platform": "7", "color": "#6e6e70", "source": "Moynihan Station EA, Figure 3-4, February 2010, PDF page 2"}, "geometry": {"type": "Polygon", "coordinates": [[[-73.9964991, 40.7518908], [-73.9965019, 40.7518857], [-73.9964696, 40.7518754], [-73.9964668, 40.7518805], [-73.9964991, 40.7518908]]]}},
{"type": "Feature", "properties": {"level": "platform", "type": "enclosure", "platform": "7", "color": "#6e6e70", "source": "Moynihan Station EA, Figure 3-4, February 2010, PDF page 2"}, "geometry": {"type": "Polygon", "coordinates": [[[-73.9964386, 40.7518719], [-73.9964417, 40.7518669], [-73.9964097, 40.7518558], [-73.9964069, 40.7518608], [-73.9964386, 40.7518719]]]}},
{"type": "Feature", "properties": {"level": "platform", "type": "enclosure", "platform": "7", "color": "#6e6e70", "source": "Moynihan Station EA, Figure 3-4, February 2010, PDF page 2"}, "geometry": {"type": "Polygon", "coordinates": [[[-73.9963506, 40.7518444], [-73.9963499, 40.7518441], [-73.9963494, 40.7518444], [-73.9963496, 40.7518449], [-73.9963502, 40.751845], [-73.9963506, 40.7518444]]]}},
{"type": "Feature", "properties": {"level": "platform", "type": "enclosure", "platform": "5", "color": "#6e6e70", "source": "Moynihan Station EA, Figure 3-4, February 2010, PDF page 2"}, "geometry": {"type": "Polygon", "coordinates": [[[-73.9964678, 40.7516224], [-73.9964467, 40.7516127], [-73.9964429, 40.7516174], [-73.996464, 40.751627], [-73.9964678, 40.7516224]]]}},
{"type": "Feature", "properties": {"level": "platform", "type": "enclosure", "platform": "5", "color": "#6e6e70", "source": "Moynihan Station EA, Figure 3-4, February 2010, PDF page 2"}, "geometry": {"type": "Polygon", "coordinates": [[[-73.9964455, 40.7516122], [-73.9964155, 40.7515983], [-73.9964118, 40.751603], [-73.9964417, 40.7516169], [-73.9964455, 40.7516122]]]}},
{"type": "Feature", "properties": {"level": "platform", "type": "enclosure", "platform": "7", "color": "#6e6e70", "source": "Moynihan Station EA, Figure 3-4, February 2010, PDF page 2"}, "geometry": {"type": "Polygon", "coordinates": [[[-73.9961822, 40.7517761], [-73.9961865, 40.7517698], [-73.9961753, 40.7517653], [-73.9961708, 40.7517718], [-73.9961822, 40.7517761]]]}},
{"type": "Feature", "properties": {"level": "platform", "type": "enclosure", "platform": "7", "color": "#6e6e70", "source": "Moynihan Station EA, Figure 3-4, February 2010, PDF page 2"}, "geometry": {"type": "Polygon", "coordinates": [[[-73.9955755, 40.7515237], [-73.995545, 40.7515106], [-73.9955415, 40.7515153], [-73.995572, 40.7515285], [-73.9955755, 40.7515237]]]}},
{"type": "Feature", "properties": {"level": "platform", "type": "enclosure", "platform": "9", "color": "#6e6e70", "source": "Moynihan Station EA, Figure 3-4, February 2010, PDF page 2"}, "geometry": {"type": "Polygon", "coordinates": [[[-73.9948627, 40.7515158], [-73.9948322, 40.7515026], [-73.9948287, 40.7515074], [-73.9948592, 40.7515205], [-73.9948627, 40.7515158]]]}},
{"type": "Feature", "properties": {"level": "platform", "type": "enclosure", "platform": "9", "color": "#6e6e70", "source": "Moynihan Station EA, Figure 3-4, February 2010, PDF page 2"}, "geometry": {"type": "Polygon", "coordinates": [[[-73.9948085, 40.7514884], [-73.9947973, 40.7514835], [-73.9947927, 40.7514897], [-73.9948036, 40.7514946], [-73.9948085, 40.7514884]]]}},
{"type": "Feature", "properties": {"level": "platform", "type": "enclosure", "platform": "10", "color": "#6e6e70", "source": "Moynihan Station EA, Figure 3-4, February 2010, PDF page 2"}, "geometry": {"type": "Polygon", "coordinates": [[[-73.9944613, 40.7514349], [-73.99445, 40.7514301], [-73.9944454, 40.7514363], [-73.9944565, 40.751441], [-73.9944613, 40.7514349]]]}},
{"type": "Feature", "properties": {"level": "platform", "type": "enclosure", "platform": "10", "color": "#6e6e70", "source": "Moynihan Station EA, Figure 3-4, February 2010, PDF page 2"}, "geometry": {"type": "Polygon", "coordinates": [[[-73.9944123, 40.7514794], [-73.9944123, 40.7514784], [-73.9944117, 40.7514777], [-73.9944104, 40.7514776], [-73.9944096, 40.7514782], [-73.9944093, 40.7514791], [-73.9944102, 40.7514797], [-73.9944113, 40.7514799], [-73.9944123, 40.7514794]]]}},
{"type": "Feature", "properties": {"level": "platform", "type": "enclosure", "platform": "10", "color": "#6e6e70", "source": "Moynihan Station EA, Figure 3-4, February 2010, PDF page 2"}, "geometry": {"type": "Polygon", "coordinates": [[[-73.994442, 40.7514315], [-73.9944419, 40.7514307], [-73.9944414, 40.75143], [-73.9944404, 40.7514301], [-73.9944398, 40.7514306], [-73.9944396, 40.7514312], [-73.9944401, 40.7514319], [-73.9944411, 40.7514318], [-73.994442, 40.7514315]]]}},
{"type": "Feature", "properties": {"level": "platform", "type": "enclosure", "platform": "9", "color": "#6e6e70", "source": "Moynihan Station EA, Figure 3-4, February 2010, PDF page 2"}, "geometry": {"type": "Polygon", "coordinates": [[[-73.9944094, 40.7513157], [-73.9944094, 40.7513152], [-73.9944091, 40.7513148], [-73.9944082, 40.7513147], [-73.9944077, 40.7513149], [-73.9944077, 40.7513154], [-73.9944082, 40.7513159], [-73.9944089, 40.7513159], [-73.9944094, 40.7513157]]]}},
{"type": "Feature", "properties": {"level": "platform", "type": "enclosure", "platform": "3", "color": "#6e6e70", "source": "Moynihan Station EA, Figure 3-4, February 2010, PDF page 2"}, "geometry": {"type": "Polygon", "coordinates": [[[-73.9948368, 40.750635], [-73.9948062, 40.750622], [-73.9948026, 40.7506268], [-73.9948333, 40.7506398], [-73.9948368, 40.750635]]]}},
{"type": "Feature", "properties": {"level": "concourse", "type": "concourse", "source": "Moynihan Station EA, Figure 3-4, February 2010, PDF page 2"}, "geometry": {"type": "Polygon", "coordinates": [[[-73.9950028, 40.7508163], [-73.9949978, 40.7508231], [-73.9949978, 40.7508231], [-73.9951693, 40.7508958], [-73.9950028, 40.7508163]]]}},
{"type": "Feature", "properties": {"level": "concourse", "type": "concourse", "source": "Moynihan Station EA, Figure 3-4, February 2010, PDF page 2"}, "geometry": {"type": "Polygon", "coordinates": [[[-73.9950028, 40.7508163], [-73.9951693, 40.7508958], [-73.9951734, 40.7508886], [-73.9951734, 40.7508886], [-73.9950028, 40.7508163]]]}},
{"type": "Feature", "properties": {"level": "concourse", "type": "concourse", "source": "Moynihan Station EA, Figure 3-4, February 2010, PDF page 2"}, "geometry": {"type": "Polygon", "coordinates": [[[-73.9949978, 40.7508231], [-73.9949884, 40.7508359], [-73.9949884, 40.7508359], [-73.9951617, 40.7509096], [-73.9949978, 40.7508231]]]}},
{"type": "Feature", "properties": {"level": "concourse", "type": "concourse", "source": "Moynihan Station EA, Figure 3-4, February 2010, PDF page 2"}, "geometry": {"type": "Polygon", "coordinates": [[[-73.9949978, 40.7508231], [-73.9951617, 40.7509096], [-73.9951692, 40.750896], [-73.9951692, 40.750896], [-73.9949978, 40.7508231]]]}},
{"type": "Feature", "properties": {"level": "concourse", "type": "concourse", "source": "Moynihan Station EA, Figure 3-4, February 2010, PDF page 2"}, "geometry": {"type": "Polygon", "coordinates": [[[-73.9946507, 40.7512929], [-73.9947873, 40.7514056], [-73.9948242, 40.7513665], [-73.9948242, 40.7513665], [-73.9946507, 40.7512929]]]}},
{"type": "Feature", "properties": {"level": "concourse", "type": "concourse", "source": "Moynihan Station EA, Figure 3-4, February 2010, PDF page 2"}, "geometry": {"type": "Polygon", "coordinates": [[[-73.9959127, 40.7513705], [-73.9959056, 40.75138], [-73.9959056, 40.75138], [-73.9961389, 40.7514789], [-73.9959127, 40.7513705]]]}},
{"type": "Feature", "properties": {"level": "concourse", "type": "concourse", "source": "Moynihan Station EA, Figure 3-4, February 2010, PDF page 2"}, "geometry": {"type": "Polygon", "coordinates": [[[-73.9959127, 40.7513705], [-73.9961389, 40.7514789], [-73.9961459, 40.7514694], [-73.9961459, 40.7514694], [-73.9959127, 40.7513705]]]}},
{"type": "Feature", "properties": {"level": "concourse", "type": "concourse", "source": "Moynihan Station EA, Figure 3-4, February 2010, PDF page 2"}, "geometry": {"type": "Polygon", "coordinates": [[[-73.9958911, 40.7515008], [-73.9958829, 40.7515026], [-73.9958829, 40.7515026], [-73.9960645, 40.7515796], [-73.9958911, 40.7515008]]]}},
{"type": "Feature", "properties": {"level": "concourse", "type": "concourse", "source": "Moynihan Station EA, Figure 3-4, February 2010, PDF page 2"}, "geometry": {"type": "Polygon", "coordinates": [[[-73.9958911, 40.7515008], [-73.9960645, 40.7515796], [-73.9960675, 40.7515756], [-73.9960675, 40.7515756], [-73.9958911, 40.7515008]]]}},
{"type": "Feature", "properties": {"level": "concourse", "type": "concourse", "source": "Moynihan Station EA, Figure 3-4, February 2010, PDF page 2"}, "geometry": {"type": "Polygon", "coordinates": [[[-73.9958312, 40.7514807], [-73.9958272, 40.7514862], [-73.9958272, 40.7514862], [-73.9960604, 40.7515851], [-73.9958312, 40.7514807]]]}},
{"type": "Feature", "properties": {"level": "concourse", "type": "concourse", "source": "Moynihan Station EA, Figure 3-4, February 2010, PDF page 2"}, "geometry": {"type": "Polygon", "coordinates": [[[-73.9958312, 40.7514807], [-73.9960604, 40.7515851], [-73.9960645, 40.7515796], [-73.9960645, 40.7515796], [-73.9958312, 40.7514807]]]}},
{"type": "Feature", "properties": {"level": "concourse", "type": "concourse", "source": "Moynihan Station EA, Figure 3-4, February 2010, PDF page 2"}, "geometry": {"type": "Polygon", "coordinates": [[[-73.9957413, 40.7516024], [-73.9957343, 40.7516119], [-73.9957343, 40.7516119], [-73.9959675, 40.7517108], [-73.9957413, 40.7516024]]]}},
{"type": "Feature", "properties": {"level": "concourse", "type": "concourse", "source": "Moynihan Station EA, Figure 3-4, February 2010, PDF page 2"}, "geometry": {"type": "Polygon", "coordinates": [[[-73.9957413, 40.7516024], [-73.9959675, 40.7517108], [-73.9959746, 40.7517013], [-73.9959746, 40.7517013], [-73.9957413, 40.7516024]]]}}
]}
